<?xml version="1.0" encoding="windows-1252" ?>
<GateDocument>
<!-- The document's features-->

<GateDocumentFeatures>
<Feature>
  <Name className="java.lang.String">entitySet</Name>
  <Value className="java.lang.String">==== FILE: /Z:/Corpus/ft-whitbread-10-aug-2001.html
</Value>
</Feature>
<Feature>
  <Name className="java.lang.String">gate.SourceURL</Name>
  <Value className="java.lang.String">file:/Z:/Corpus/ft-whitbread-10-aug-2001.html</Value>
</Feature>
<Feature>
  <Name className="java.lang.String">gate.NAME</Name>
  <Value className="java.lang.String">doc7</Value>
</Feature>
<Feature>
  <Name className="java.lang.String">MimeType</Name>
  <Value className="java.lang.String">text/html</Value>
</Feature>
</GateDocumentFeatures>
<!-- The document content area with serialized nodes -->

<TextWithNodes><Node id="0"/>Whitbread<Node id="9"/> is planning to spend more than <Node id="41"/>£500m<Node id="47"/> (<Node id="49"/>$712.8m<Node id="56"/>) on doubling the number of its <Node id="88"/>David Lloyd Leisure<Node id="107"/> health and fitness clubs to 100 over the <Node id="149"/>next five years<Node id="164"/>.<Node id="165"/>

<Node id="167"/>The accelerated investment reflects <Node id="203"/>Whitbread<Node id="212"/>&apos;s desire to become more focused on its leisure operations following the disposal of its 3,000-strong pub chain in <Node id="327"/>March<Node id="332"/>.<Node id="333"/>

<Node id="335"/>The expansion comes amid an investment boom in the health club market.<Node id="405"/>

<Node id="407"/>Revenues of <Node id="419"/>£1.68bn<Node id="427"/> are expected by the industry <Node id="457"/>this year<Node id="466"/> and that figure could increase to <Node id="501"/>£3.2bn<Node id="508"/> by <Node id="512"/>2006<Node id="516"/>.<Node id="517"/>

<Node id="519"/>Rival health club operators are racing to grab market share in what is still a relatively under-developed sector.<Node id="632"/>

<Node id="634"/>Stewart Miller<Node id="648"/>, managing director of <Node id="671"/>David Lloyd Leisure<Node id="690"/>, said the company&apos;s aim was to create the first household name in health and fitness.<Node id="776"/>

<Node id="778"/>He said: &quot;In a sector that is growing at about <Node id="825"/>25 per cent<Node id="836"/> a year, there is clear room for expansion.&quot;<Node id="880"/>

<Node id="882"/>Only <Node id="887"/>5 per cent<Node id="897"/> of the <Node id="905"/>UK<Node id="907"/> population are gym members. <Node id="936"/>Mintel<Node id="942"/>, the market research group, predicts the proportion will rise to <Node id="1008"/>8 per cent<Node id="1018"/> by <Node id="1022"/>2003<Node id="1026"/>.<Node id="1027"/>

<Node id="1029"/>On <Node id="1032"/>Wednesday<Node id="1041"/>, <Node id="1043"/>Virgin Active<Node id="1056"/>, said it had raised <Node id="1077"/>£100m<Node id="1083"/> to roll out 17 clubs in the <Node id="1112"/>UK<Node id="1114"/> by the <Node id="1122"/>end of next year<Node id="1138"/> and to fund an acquisition of 80 clubs in <Node id="1181"/>South Africa<Node id="1193"/>.<Node id="1194"/>

<Node id="1196"/>Meanwhile, operators such as <Node id="1225"/>Fitness First<Node id="1238"/>, the budget operator with more than 150 clubs in the <Node id="1292"/>UK<Node id="1294"/>, reckons it can expand to about 700 to 800 clubs in the <Node id="1351"/>next seven or eight years<Node id="1376"/>.<Node id="1377"/>

<Node id="1379"/>David Lloyd Leisure<Node id="1398"/>, positioned at the family end of the market, is in competition with clubs such as <Node id="1481"/>Esporta<Node id="1488"/> and <Node id="1493"/>Virgin Active<Node id="1506"/>, which are also trying to attract families.<Node id="1550"/>

<Node id="1552"/>David Lloyd Leisure<Node id="1571"/> plans to follow a slightly different path than in the past - mixing the trademark <Node id="1654"/>David Lloyd<Node id="1665"/> health and racquet clubs with smaller clubs designed for urban sites. This will allow it to set up in towns and cities across the <Node id="1796"/>UK<Node id="1798"/> where big sites for racquet clubs - which can need up to 120,000 sq ft - are not available.<Node id="1890"/>

<Node id="1892"/>Analysts say it would struggle to find enough greenfield sites for larger clubs to meet its ambitious growth targets.<Node id="2009"/>

<Node id="2011"/>Whitbread<Node id="2020"/>&apos;s five-year expansion plan would create 4,000 jobs. It plans to add at least eight clubs <Node id="2110"/>next year<Node id="2119"/>, including sites in <Node id="2140"/>Manchester<Node id="2150"/>, <Node id="2152"/>Fulham<Node id="2158"/>, <Node id="2160"/>Bromsgrove<Node id="2170"/>, <Node id="2172"/>Kingston-upon-Thames<Node id="2192"/>, <Node id="2194"/>Epsom<Node id="2199"/> and <Node id="2204"/>Cheam<Node id="2209"/>. Each club costs about <Node id="2233"/>£10m<Node id="2238"/> and employs about 80 people.<Node id="2267"/>

<Node id="2269"/>Whitbread<Node id="2278"/> said on <Node id="2287"/>Thursday<Node id="2295"/> it was on track to sell its <Node id="2324"/>Curzon<Node id="2330"/> club chain, which operates 12 clubs in central <Node id="2378"/>London<Node id="2384"/>, by the <Node id="2393"/>end of the summer<Node id="2410"/>.<Node id="2411"/>

<Node id="2413"/>It is understood that <Node id="2435"/>Joel Cadbury<Node id="2447"/> and <Node id="2452"/>Matthew Freud<Node id="2465"/>, who opened a club in <Node id="2488"/>London<Node id="2494"/> <Node id="2495"/>this year<Node id="2504"/>, are in talks to buy the <Node id="2530"/>Curzon<Node id="2536"/> chain after operators such as Fitness First and <Node id="2585"/>LA<Node id="2587"/> Fitness withdrew.<Node id="2605"/>
<Node id="2606"/></TextWithNodes>
<!-- The default annotation set -->

<AnnotationSet>
</AnnotationSet>
<!-- Named annotation set -->

<AnnotationSet Name="Key" >
<Annotation Id="15" Type="Location" StartNode="2585" EndNode="2587">
<Feature>
  <Name className="java.lang.String">rule1</Name>
  <Value className="java.lang.String">GazLocation</Value>
</Feature>
<Feature>
  <Name className="java.lang.String">rule2</Name>
  <Value className="java.lang.String">LocFinal</Value>
</Feature>
<Feature>
  <Name className="java.lang.String">locType</Name>
  <Value className="java.lang.String">city</Value>
</Feature>
</Annotation>
<Annotation Id="30" Type="Organization" StartNode="1552" EndNode="1571">
</Annotation>
<Annotation Id="43" Type="Money" StartNode="501" EndNode="508">
<Feature>
  <Name className="java.lang.String">rule</Name>
  <Value className="java.lang.String">MoneySymbolUnit</Value>
</Feature>
<Feature>
  <Name className="java.lang.String">kind</Name>
  <Value className="java.lang.String">number</Value>
</Feature>
</Annotation>
<Annotation Id="16" Type="Location" StartNode="2488" EndNode="2494">
<Feature>
  <Name className="java.lang.String">rule1</Name>
  <Value className="java.lang.String">GazLocation</Value>
</Feature>
<Feature>
  <Name className="java.lang.String">rule2</Name>
  <Value className="java.lang.String">LocFinal</Value>
</Feature>
<Feature>
  <Name className="java.lang.String">locType</Name>
  <Value className="java.lang.String">city</Value>
</Feature>
</Annotation>
<Annotation Id="31" Type="Date" StartNode="1032" EndNode="1041">
<Feature>
  <Name className="java.lang.String">rule1</Name>
  <Value className="java.lang.String">GazDate</Value>
</Feature>
<Feature>
  <Name className="java.lang.String">rule2</Name>
  <Value className="java.lang.String">DateOnlyFinal</Value>
</Feature>
<Feature>
  <Name className="java.lang.String">kind</Name>
  <Value className="java.lang.String">date</Value>
</Feature>
</Annotation>
<Annotation Id="48" Type="Date" StartNode="457" EndNode="466">
<Feature>
  <Name className="java.lang.String">kind</Name>
  <Value className="java.lang.String">date</Value>
</Feature>
</Annotation>
<Annotation Id="32" Type="Organization" StartNode="1654" EndNode="1665">
</Annotation>
<Annotation Id="34" Type="Location" StartNode="905" EndNode="907">
<Feature>
  <Name className="java.lang.String">rule1</Name>
  <Value className="java.lang.String">GazLocation</Value>
</Feature>
<Feature>
  <Name className="java.lang.String">rule2</Name>
  <Value className="java.lang.String">LocFinal</Value>
</Feature>
<Feature>
  <Name className="java.lang.String">locType</Name>
  <Value className="java.lang.String">country</Value>
</Feature>
</Annotation>
<Annotation Id="41" Type="Percent" StartNode="887" EndNode="897">
<Feature>
  <Name className="java.lang.String">rule</Name>
  <Value className="java.lang.String">PercentBasic</Value>
</Feature>
</Annotation>
<Annotation Id="1" Type="Organization" StartNode="2324" EndNode="2330">
</Annotation>
<Annotation Id="29" Type="Location" StartNode="1112" EndNode="1114">
<Feature>
  <Name className="java.lang.String">rule1</Name>
  <Value className="java.lang.String">GazLocation</Value>
</Feature>
<Feature>
  <Name className="java.lang.String">rule2</Name>
  <Value className="java.lang.String">LocFinal</Value>
</Feature>
<Feature>
  <Name className="java.lang.String">locType</Name>
  <Value className="java.lang.String">country</Value>
</Feature>
</Annotation>
<Annotation Id="14" Type="Organization" StartNode="0" EndNode="9">
</Annotation>
<Annotation Id="47" Type="Date" StartNode="149" EndNode="164">
<Feature>
  <Name className="java.lang.String">kind</Name>
  <Value className="java.lang.String">date</Value>
</Feature>
</Annotation>
<Annotation Id="18" Type="Person" StartNode="2435" EndNode="2447">
<Feature>
  <Name className="java.lang.String">rule</Name>
  <Value className="java.lang.String">PersonFinal</Value>
</Feature>
<Feature>
  <Name className="java.lang.String">gender</Name>
  <Value className="java.lang.String">male</Value>
</Feature>
<Feature>
  <Name className="java.lang.String">rule1</Name>
  <Value className="java.lang.String">PersonFull</Value>
</Feature>
</Annotation>
<Annotation Id="3" Type="Location" StartNode="2204" EndNode="2209">
</Annotation>
<Annotation Id="12" Type="Organization" StartNode="936" EndNode="942">
</Annotation>
<Annotation Id="27" Type="Location" StartNode="1181" EndNode="1193">
<Feature>
  <Name className="java.lang.String">rule1</Name>
  <Value className="java.lang.String">GazLocation</Value>
</Feature>
<Feature>
  <Name className="java.lang.String">rule2</Name>
  <Value className="java.lang.String">LocFinal</Value>
</Feature>
<Feature>
  <Name className="java.lang.String">locType</Name>
  <Value className="java.lang.String">country</Value>
</Feature>
</Annotation>
<Annotation Id="44" Type="Money" StartNode="419" EndNode="427">
<Feature>
  <Name className="java.lang.String">rule</Name>
  <Value className="java.lang.String">MoneySymbolUnit</Value>
</Feature>
<Feature>
  <Name className="java.lang.String">kind</Name>
  <Value className="java.lang.String">number</Value>
</Feature>
</Annotation>
<Annotation Id="17" Type="Person" StartNode="2452" EndNode="2465">
<Feature>
  <Name className="java.lang.String">rule</Name>
  <Value className="java.lang.String">PersonFinal</Value>
</Feature>
<Feature>
  <Name className="java.lang.String">gender</Name>
  <Value className="java.lang.String">male</Value>
</Feature>
<Feature>
  <Name className="java.lang.String">rule1</Name>
  <Value className="java.lang.String">PersonFull</Value>
</Feature>
</Annotation>
<Annotation Id="2" Type="Organization" StartNode="2269" EndNode="2278">
</Annotation>
<Annotation Id="13" Type="Organization" StartNode="203" EndNode="212">
</Annotation>
<Annotation Id="28" Type="Organization" StartNode="1379" EndNode="1398">
</Annotation>
<Annotation Id="38" Type="Money" StartNode="2233" EndNode="2238">
<Feature>
  <Name className="java.lang.String">rule</Name>
  <Value className="java.lang.String">MoneySymbolUnit</Value>
</Feature>
<Feature>
  <Name className="java.lang.String">kind</Name>
  <Value className="java.lang.String">number</Value>
</Feature>
</Annotation>
<Annotation Id="37" Type="Date" StartNode="327" EndNode="332">
<Feature>
  <Name className="java.lang.String">rule1</Name>
  <Value className="java.lang.String">GazDate</Value>
</Feature>
<Feature>
  <Name className="java.lang.String">rule2</Name>
  <Value className="java.lang.String">DateOnlyFinal</Value>
</Feature>
<Feature>
  <Name className="java.lang.String">kind</Name>
  <Value className="java.lang.String">date</Value>
</Feature>
</Annotation>
<Annotation Id="51" Type="Date" StartNode="2110" EndNode="2119">
<Feature>
  <Name className="java.lang.String">kind</Name>
  <Value className="java.lang.String">date</Value>
</Feature>
</Annotation>
<Annotation Id="8" Type="Organization" StartNode="2011" EndNode="2020">
</Annotation>
<Annotation Id="23" Type="Location" StartNode="1796" EndNode="1798">
<Feature>
  <Name className="java.lang.String">rule1</Name>
  <Value className="java.lang.String">GazLocation</Value>
</Feature>
<Feature>
  <Name className="java.lang.String">rule2</Name>
  <Value className="java.lang.String">LocFinal</Value>
</Feature>
<Feature>
  <Name className="java.lang.String">locType</Name>
  <Value className="java.lang.String">country</Value>
</Feature>
</Annotation>
<Annotation Id="40" Type="Percent" StartNode="1008" EndNode="1018">
<Feature>
  <Name className="java.lang.String">rule</Name>
  <Value className="java.lang.String">PercentBasic</Value>
</Feature>
</Annotation>
<Annotation Id="35" Type="Person" StartNode="634" EndNode="648">
<Feature>
  <Name className="java.lang.String">rule</Name>
  <Value className="java.lang.String">PersonFinal</Value>
</Feature>
<Feature>
  <Name className="java.lang.String">gender</Name>
  <Value className="java.lang.String">male</Value>
</Feature>
<Feature>
  <Name className="java.lang.String">rule1</Name>
  <Value className="java.lang.String">PersonFull</Value>
</Feature>
</Annotation>
<Annotation Id="7" Type="Location" StartNode="2152" EndNode="2158">
</Annotation>
<Annotation Id="49" Type="Date" StartNode="1122" EndNode="1138">
<Feature>
  <Name className="java.lang.String">kind</Name>
  <Value className="java.lang.String">date</Value>
</Feature>
</Annotation>
<Annotation Id="22" Type="Location" StartNode="2140" EndNode="2150">
<Feature>
  <Name className="java.lang.String">rule1</Name>
  <Value className="java.lang.String">GazLocation</Value>
</Feature>
<Feature>
  <Name className="java.lang.String">rule2</Name>
  <Value className="java.lang.String">LocFinal</Value>
</Feature>
<Feature>
  <Name className="java.lang.String">locType</Name>
  <Value className="java.lang.String">city</Value>
</Feature>
</Annotation>
<Annotation Id="53" Type="Date" StartNode="2495" EndNode="2504">
<Feature>
  <Name className="java.lang.String">kind</Name>
  <Value className="java.lang.String">date</Value>
</Feature>
</Annotation>
<Annotation Id="9" Type="Organization" StartNode="1493" EndNode="1506">
</Annotation>
<Annotation Id="21" Type="Date" StartNode="2287" EndNode="2295">
<Feature>
  <Name className="java.lang.String">rule1</Name>
  <Value className="java.lang.String">GazDate</Value>
</Feature>
<Feature>
  <Name className="java.lang.String">rule2</Name>
  <Value className="java.lang.String">DateOnlyFinal</Value>
</Feature>
<Feature>
  <Name className="java.lang.String">kind</Name>
  <Value className="java.lang.String">date</Value>
</Feature>
</Annotation>
<Annotation Id="33" Type="Date" StartNode="1022" EndNode="1026">
<Feature>
  <Name className="java.lang.String">rule1</Name>
  <Value className="java.lang.String">TempYear3</Value>
</Feature>
<Feature>
  <Name className="java.lang.String">rule2</Name>
  <Value className="java.lang.String">YearOnlyFinal</Value>
</Feature>
<Feature>
  <Name className="java.lang.String">kind</Name>
  <Value className="java.lang.String">date</Value>
</Feature>
</Annotation>
<Annotation Id="6" Type="Location" StartNode="2160" EndNode="2170">
</Annotation>
<Annotation Id="52" Type="Date" StartNode="2393" EndNode="2410">
<Feature>
  <Name className="java.lang.String">kind</Name>
  <Value className="java.lang.String">date</Value>
</Feature>
</Annotation>
<Annotation Id="24" Type="Organization" StartNode="88" EndNode="107">
</Annotation>
<Annotation Id="42" Type="Percent" StartNode="825" EndNode="836">
<Feature>
  <Name className="java.lang.String">rule</Name>
  <Value className="java.lang.String">PercentBasic</Value>
</Feature>
</Annotation>
<Annotation Id="4" Type="Location" StartNode="2194" EndNode="2199">
</Annotation>
<Annotation Id="19" Type="Organization" StartNode="1225" EndNode="1238">
</Annotation>
<Annotation Id="36" Type="Date" StartNode="512" EndNode="516">
<Feature>
  <Name className="java.lang.String">rule1</Name>
  <Value className="java.lang.String">TempYear3</Value>
</Feature>
<Feature>
  <Name className="java.lang.String">rule2</Name>
  <Value className="java.lang.String">YearOnlyFinal</Value>
</Feature>
<Feature>
  <Name className="java.lang.String">kind</Name>
  <Value className="java.lang.String">date</Value>
</Feature>
</Annotation>
<Annotation Id="26" Type="Organization" StartNode="671" EndNode="690">
</Annotation>
<Annotation Id="11" Type="Organization" StartNode="1043" EndNode="1056">
</Annotation>
<Annotation Id="50" Type="Date" StartNode="1351" EndNode="1376">
<Feature>
  <Name className="java.lang.String">kind</Name>
  <Value className="java.lang.String">date</Value>
</Feature>
</Annotation>
<Annotation Id="39" Type="Money" StartNode="1077" EndNode="1083">
<Feature>
  <Name className="java.lang.String">rule</Name>
  <Value className="java.lang.String">MoneySymbolUnit</Value>
</Feature>
<Feature>
  <Name className="java.lang.String">kind</Name>
  <Value className="java.lang.String">number</Value>
</Feature>
</Annotation>
<Annotation Id="45" Type="Money" StartNode="49" EndNode="56">
<Feature>
  <Name className="java.lang.String">rule</Name>
  <Value className="java.lang.String">MoneySymbolUnit</Value>
</Feature>
<Feature>
  <Name className="java.lang.String">kind</Name>
  <Value className="java.lang.String">number</Value>
</Feature>
</Annotation>
<Annotation Id="20" Type="Location" StartNode="2378" EndNode="2384">
<Feature>
  <Name className="java.lang.String">rule1</Name>
  <Value className="java.lang.String">GazLocation</Value>
</Feature>
<Feature>
  <Name className="java.lang.String">rule2</Name>
  <Value className="java.lang.String">LocFinal</Value>
</Feature>
<Feature>
  <Name className="java.lang.String">locType</Name>
  <Value className="java.lang.String">city</Value>
</Feature>
</Annotation>
<Annotation Id="46" Type="Money" StartNode="41" EndNode="47">
<Feature>
  <Name className="java.lang.String">rule</Name>
  <Value className="java.lang.String">MoneySymbolUnit</Value>
</Feature>
<Feature>
  <Name className="java.lang.String">kind</Name>
  <Value className="java.lang.String">number</Value>
</Feature>
</Annotation>
<Annotation Id="25" Type="Location" StartNode="1292" EndNode="1294">
<Feature>
  <Name className="java.lang.String">rule1</Name>
  <Value className="java.lang.String">GazLocation</Value>
</Feature>
<Feature>
  <Name className="java.lang.String">rule2</Name>
  <Value className="java.lang.String">LocFinal</Value>
</Feature>
<Feature>
  <Name className="java.lang.String">locType</Name>
  <Value className="java.lang.String">country</Value>
</Feature>
</Annotation>
<Annotation Id="10" Type="Organization" StartNode="1481" EndNode="1488">
</Annotation>
<Annotation Id="5" Type="Location" StartNode="2172" EndNode="2192">
</Annotation>
<Annotation Id="0" Type="Organization" StartNode="2530" EndNode="2536">
</Annotation>
</AnnotationSet>
<!-- Named annotation set -->

<AnnotationSet Name="Original markups" >
<Annotation Id="95" Type="p" StartNode="882" EndNode="1027">
</Annotation>
<Annotation Id="123" Type="TEXT" StartNode="0" EndNode="2606">
</Annotation>
<Annotation Id="86" Type="p" StartNode="0" EndNode="2606">
</Annotation>
<Annotation Id="96" Type="p" StartNode="1029" EndNode="1194">
</Annotation>
<Annotation Id="97" Type="p" StartNode="1196" EndNode="1377">
</Annotation>
<Annotation Id="100" Type="p" StartNode="1892" EndNode="2009">
</Annotation>
<Annotation Id="75" Type="tr" StartNode="0" EndNode="2606">
</Annotation>
<Annotation Id="103" Type="p" StartNode="2413" EndNode="2605">
</Annotation>
<Annotation Id="66" Type="body" StartNode="0" EndNode="2606">
<Feature>
  <Name className="java.lang.String">_implied_</Name>
  <Value className="java.lang.String">true</Value>
</Feature>
</Annotation>
<Annotation Id="98" Type="p" StartNode="1379" EndNode="1550">
</Annotation>
<Annotation Id="64" Type="html" StartNode="0" EndNode="2606">
<Feature>
  <Name className="java.lang.String">_implied_</Name>
  <Value className="java.lang.String">true</Value>
</Feature>
</Annotation>
<Annotation Id="102" Type="p" StartNode="2269" EndNode="2411">
</Annotation>
<Annotation Id="101" Type="p" StartNode="2011" EndNode="2267">
</Annotation>
<Annotation Id="94" Type="p" StartNode="778" EndNode="880">
</Annotation>
<Annotation Id="87" Type="font" StartNode="0" EndNode="2606">
<Feature>
  <Name className="java.lang.String">class</Name>
  <Value className="java.lang.String">allWide</Value>
</Feature>
</Annotation>
<Annotation Id="99" Type="p" StartNode="1552" EndNode="1890">
</Annotation>
<Annotation Id="93" Type="p" StartNode="634" EndNode="776">
</Annotation>
<Annotation Id="88" Type="p" StartNode="0" EndNode="165">
</Annotation>
<Annotation Id="90" Type="p" StartNode="335" EndNode="405">
</Annotation>
<Annotation Id="67" Type="table" StartNode="0" EndNode="2606">
<Feature>
  <Name className="java.lang.String">vlink</Name>
  <Value className="java.lang.String">#330033</Value>
</Feature>
<Feature>
  <Name className="java.lang.String">marginheight</Name>
  <Value className="java.lang.String">0</Value>
</Feature>
<Feature>
  <Name className="java.lang.String">width</Name>
  <Value className="java.lang.String">618</Value>
</Feature>
<Feature>
  <Name className="java.lang.String">cellpadding</Name>
  <Value className="java.lang.String">0</Value>
</Feature>
<Feature>
  <Name className="java.lang.String">topmargin</Name>
  <Value className="java.lang.String">0</Value>
</Feature>
<Feature>
  <Name className="java.lang.String">leftmargin</Name>
  <Value className="java.lang.String">0</Value>
</Feature>
<Feature>
  <Name className="java.lang.String">cellspacing</Name>
  <Value className="java.lang.String">0</Value>
</Feature>
<Feature>
  <Name className="java.lang.String">marginwidth</Name>
  <Value className="java.lang.String">0</Value>
</Feature>
<Feature>
  <Name className="java.lang.String">link</Name>
  <Value className="java.lang.String">#330033</Value>
</Feature>
<Feature>
  <Name className="java.lang.String">border</Name>
  <Value className="java.lang.String">0</Value>
</Feature>
<Feature>
  <Name className="java.lang.String">bgcolor</Name>
  <Value className="java.lang.String">white</Value>
</Feature>
<Feature>
  <Name className="java.lang.String">alink</Name>
  <Value className="java.lang.String">#996600</Value>
</Feature>
</Annotation>
<Annotation Id="91" Type="p" StartNode="407" EndNode="517">
</Annotation>
<Annotation Id="76" Type="td" StartNode="0" EndNode="2606">
<Feature>
  <Name className="java.lang.String">colspan</Name>
  <Value className="java.lang.String">2</Value>
</Feature>
</Annotation>
<Annotation Id="92" Type="p" StartNode="519" EndNode="632">
</Annotation>
<Annotation Id="89" Type="p" StartNode="167" EndNode="333">
</Annotation>
</AnnotationSet>
</GateDocument>