<?xml version="1.0" encoding="windows-1252" ?>
<GateDocument>
<!-- The document's features-->

<GateDocumentFeatures>
<Feature>
  <Name className="java.lang.String">entitySet</Name>
  <Value className="java.lang.String">==== FILE: /Z:/Corpus/gu-ryanair.html
</Value>
</Feature>
<Feature>
  <Name className="java.lang.String">gate.SourceURL</Name>
  <Value className="java.lang.String">file:/Z:/Corpus/gu-ryanair.html</Value>
</Feature>
<Feature>
  <Name className="java.lang.String">gate.NAME</Name>
  <Value className="java.lang.String">doc4</Value>
</Feature>
<Feature>
  <Name className="java.lang.String">MimeType</Name>
  <Value className="java.lang.String">text/html</Value>
</Feature>
</GateDocumentFeatures>
<!-- The document content area with serialized nodes -->

<TextWithNodes><Node id="0"/>Ryanair<Node id="7"/>, the Irish low-cost airline, posted sharply higher profits and passenger numbers <Node id="89"/>yesterday<Node id="98"/>, in defiance of the turbulence in the sector.
<Node id="145"/>Nevertheless, it revealed that it had cancelled options to buy five aircraft from <Node id="227"/>Boeing<Node id="233"/> and might cancel another 12 if the <Node id="269"/>US<Node id="271"/> plane maker fails to cut prices.<Node id="304"/>

<Node id="306"/>The announcement came less than 24 hours after news that <Node id="363"/>Ryanair<Node id="370"/> had taken out advertisements seeking to buy up to 50 second-hand Boeings. It came alongside news that <Node id="473"/>Boeing<Node id="479"/>&apos;s rival <Node id="488"/>Airbus Industrie<Node id="504"/> has cut back the number of planes it plans to deliver in <Node id="562"/>2003<Node id="566"/> from 450 to 400.<Node id="583"/>

<Node id="585"/>The prevailing gloom was added to by <Node id="622"/>Lufthansa<Node id="631"/>, which became the latest airline to announce that it was cutting capacity by closing some routes and using smaller aircraft on others.<Node id="766"/>

<Node id="768"/>Ryanair<Node id="775"/> presented a sharp contrast to much of the rest of the industry when it revealed that after tax profits were up <Node id="887"/>28%<Node id="890"/> to &amp;<Node id="895"/>euro23.2m<Node id="904"/> in the <Node id="912"/>three months to the end of June<Node id="943"/>. The number of passengers rose <Node id="975"/>42%<Node id="978"/> to 2.4m, with the rise in traffic largely due to the addition of 13 routes.<Node id="1054"/>

<Node id="1056"/>&quot;The business has never been better,&quot; chief executive <Node id="1110"/>Michael O&apos;Leary<Node id="1125"/> told <Node id="1131"/>CNBC<Node id="1135"/> television <Node id="1147"/>yesterday<Node id="1156"/>.<Node id="1157"/>

<Node id="1159"/>Finance director <Node id="1176"/>Howard Millar<Node id="1189"/> said <Node id="1195"/>Ryanair<Node id="1202"/> had plenty of scope to keep growing. &quot;There is enormous potential in <Node id="1272"/>Europe<Node id="1278"/>. In the <Node id="1287"/>US<Node id="1289"/>, low-cost carriers have <Node id="1314"/>20%<Node id="1317"/> of the market; in <Node id="1336"/>Europe<Node id="1342"/> [their share] is only <Node id="1365"/>3%<Node id="1367"/> or <Node id="1371"/>4%<Node id="1373"/>. We have only scratched the sur face. We plan to grow at <Node id="1431"/>25%<Node id="1434"/> a year for the <Node id="1450"/>next five years<Node id="1465"/>.&quot;<Node id="1467"/>

<Node id="1469"/>The airline would be adding new routes and would be establishing an additional base in continental <Node id="1568"/>Europe<Node id="1574"/>, he said, but declined to be drawn on the latter&apos;s location.<Node id="1635"/>

<Node id="1637"/>Mr Millar<Node id="1646"/> said <Node id="1652"/>Ryanair<Node id="1659"/> had cancelled the option on the aircraft because it was looking for a cheaper deal from <Node id="1748"/>Boeing<Node id="1754"/> to reflect what was happening in the market place.<Node id="1805"/>

<Node id="1807"/>Boeing<Node id="1813"/> 737s - the only aircraft <Node id="1839"/>Ryanair<Node id="1846"/> uses - could be bought second hand for <Node id="1886"/>$14m<Node id="1890"/> to <Node id="1894"/>$18m<Node id="1898"/>, and while <Node id="1910"/>Mr Millar<Node id="1919"/> refused to be drawn on how much more it would cost to buy new aircraft from <Node id="1996"/>Boeing<Node id="2002"/> he added: &quot;There&apos;s an awful lot of very good value out there.&quot;<Node id="2065"/>

<Node id="2067"/>Ryanair<Node id="2074"/> remained committed to taking delivery of the 13 <Node id="2123"/>Boeing<Node id="2129"/> aircraft it has on firm order, <Node id="2161"/>Mr Millar<Node id="2170"/> said.<Node id="2176"/>

<Node id="2178"/>&quot;I think the market is going to be happy with [the results],&quot; said <Node id="2245"/>NCB Stockbrokers<Node id="2261"/> analyst <Node id="2270"/>Shane Matthews<Node id="2284"/>. &quot;You might not see too many upgrades but certainly you are not looking at downgrades and that&apos;s what&apos;s important in the current market environment.&quot;<Node id="2434"/></TextWithNodes>
<!-- The default annotation set -->

<AnnotationSet>
</AnnotationSet>
<!-- Named annotation set -->

<AnnotationSet Name="Key" >
<Annotation Id="15" Type="Person" StartNode="2161" EndNode="2170">
<Feature>
  <Name className="java.lang.String">rule</Name>
  <Value className="java.lang.String">PersonFinal</Value>
</Feature>
<Feature>
  <Name className="java.lang.String">rule1</Name>
  <Value className="java.lang.String">PersonTitleGender</Value>
</Feature>
<Feature>
  <Name className="java.lang.String">gender</Name>
  <Value className="java.lang.String">male</Value>
</Feature>
</Annotation>
<Annotation Id="30" Type="Organization" StartNode="473" EndNode="479">
<Feature>
  <Name className="java.lang.String">rule1</Name>
  <Value className="java.lang.String">GazOrganization</Value>
</Feature>
<Feature>
  <Name className="java.lang.String">rule2</Name>
  <Value className="java.lang.String">OrgFinal</Value>
</Feature>
<Feature>
  <Name className="java.lang.String">orgType</Name>
  <Value className="java.lang.String">company</Value>
</Feature>
</Annotation>
<Annotation Id="8" Type="Location" StartNode="1568" EndNode="1574">
</Annotation>
<Annotation Id="40" Type="Percent" StartNode="887" EndNode="890">
<Feature>
  <Name className="java.lang.String">rule</Name>
  <Value className="java.lang.String">PercentBasic</Value>
</Feature>
</Annotation>
<Annotation Id="23" Type="Location" StartNode="1287" EndNode="1289">
<Feature>
  <Name className="java.lang.String">rule1</Name>
  <Value className="java.lang.String">GazLocation</Value>
</Feature>
<Feature>
  <Name className="java.lang.String">rule2</Name>
  <Value className="java.lang.String">LocFinal</Value>
</Feature>
<Feature>
  <Name className="java.lang.String">locType</Name>
  <Value className="java.lang.String">country</Value>
</Feature>
</Annotation>
<Annotation Id="31" Type="Location" StartNode="269" EndNode="271">
<Feature>
  <Name className="java.lang.String">rule1</Name>
  <Value className="java.lang.String">GazLocation</Value>
</Feature>
<Feature>
  <Name className="java.lang.String">rule2</Name>
  <Value className="java.lang.String">LocFinal</Value>
</Feature>
<Feature>
  <Name className="java.lang.String">locType</Name>
  <Value className="java.lang.String">country</Value>
</Feature>
</Annotation>
<Annotation Id="16" Type="Organization" StartNode="2123" EndNode="2129">
<Feature>
  <Name className="java.lang.String">rule1</Name>
  <Value className="java.lang.String">GazOrganization</Value>
</Feature>
<Feature>
  <Name className="java.lang.String">rule2</Name>
  <Value className="java.lang.String">OrgFinal</Value>
</Feature>
<Feature>
  <Name className="java.lang.String">orgType</Name>
  <Value className="java.lang.String">company</Value>
</Feature>
</Annotation>
<Annotation Id="35" Type="Percent" StartNode="1431" EndNode="1434">
<Feature>
  <Name className="java.lang.String">rule</Name>
  <Value className="java.lang.String">PercentBasic</Value>
</Feature>
</Annotation>
<Annotation Id="7" Type="Organization" StartNode="1652" EndNode="1659">
</Annotation>
<Annotation Id="22" Type="Location" StartNode="1336" EndNode="1342">
<Feature>
  <Name className="java.lang.String">rule1</Name>
  <Value className="java.lang.String">GazLocation</Value>
</Feature>
<Feature>
  <Name className="java.lang.String">rule2</Name>
  <Value className="java.lang.String">LocFinal</Value>
</Feature>
<Feature>
  <Name className="java.lang.String">locType</Name>
  <Value className="java.lang.String">region</Value>
</Feature>
</Annotation>
<Annotation Id="34" Type="Money" StartNode="1886" EndNode="1890">
<Feature>
  <Name className="java.lang.String">rule</Name>
  <Value className="java.lang.String">MoneySymbolUnit</Value>
</Feature>
<Feature>
  <Name className="java.lang.String">kind</Name>
  <Value className="java.lang.String">number</Value>
</Feature>
</Annotation>
<Annotation Id="32" Type="Organization" StartNode="227" EndNode="233">
<Feature>
  <Name className="java.lang.String">rule1</Name>
  <Value className="java.lang.String">GazOrganization</Value>
</Feature>
<Feature>
  <Name className="java.lang.String">rule2</Name>
  <Value className="java.lang.String">OrgFinal</Value>
</Feature>
<Feature>
  <Name className="java.lang.String">orgType</Name>
  <Value className="java.lang.String">company</Value>
</Feature>
</Annotation>
<Annotation Id="41" Type="Date" StartNode="912" EndNode="943">
<Feature>
  <Name className="java.lang.String">kind</Name>
  <Value className="java.lang.String">date</Value>
</Feature>
</Annotation>
<Annotation Id="9" Type="Organization" StartNode="1195" EndNode="1202">
</Annotation>
<Annotation Id="33" Type="Money" StartNode="1894" EndNode="1898">
<Feature>
  <Name className="java.lang.String">rule</Name>
  <Value className="java.lang.String">MoneySymbolUnit</Value>
</Feature>
<Feature>
  <Name className="java.lang.String">kind</Name>
  <Value className="java.lang.String">number</Value>
</Feature>
</Annotation>
<Annotation Id="21" Type="Person" StartNode="1637" EndNode="1646">
<Feature>
  <Name className="java.lang.String">rule</Name>
  <Value className="java.lang.String">PersonFinal</Value>
</Feature>
<Feature>
  <Name className="java.lang.String">rule1</Name>
  <Value className="java.lang.String">PersonTitleGender</Value>
</Feature>
<Feature>
  <Name className="java.lang.String">gender</Name>
  <Value className="java.lang.String">male</Value>
</Feature>
</Annotation>
<Annotation Id="6" Type="Organization" StartNode="1839" EndNode="1846">
</Annotation>
<Annotation Id="1" Type="Date" StartNode="1450" EndNode="1465">
<Feature>
  <Name className="java.lang.String">kind</Name>
  <Value className="java.lang.String">date</Value>
</Feature>
</Annotation>
<Annotation Id="29" Type="Organization" StartNode="488" EndNode="504">
<Feature>
  <Name className="java.lang.String">rule1</Name>
  <Value className="java.lang.String">GazOrganization</Value>
</Feature>
<Feature>
  <Name className="java.lang.String">rule2</Name>
  <Value className="java.lang.String">OrgFinal</Value>
</Feature>
<Feature>
  <Name className="java.lang.String">orgType</Name>
  <Value className="java.lang.String">company</Value>
</Feature>
</Annotation>
<Annotation Id="14" Type="Person" StartNode="2270" EndNode="2284">
<Feature>
  <Name className="java.lang.String">rule</Name>
  <Value className="java.lang.String">PersonFinal</Value>
</Feature>
<Feature>
  <Name className="java.lang.String">rule1</Name>
  <Value className="java.lang.String">PersonFull</Value>
</Feature>
<Feature>
  <Name className="java.lang.String">gender</Name>
  <Value className="java.lang.String">male</Value>
</Feature>
</Annotation>
<Annotation Id="24" Type="Location" StartNode="1272" EndNode="1278">
<Feature>
  <Name className="java.lang.String">rule1</Name>
  <Value className="java.lang.String">GazLocation</Value>
</Feature>
<Feature>
  <Name className="java.lang.String">rule2</Name>
  <Value className="java.lang.String">LocFinal</Value>
</Feature>
<Feature>
  <Name className="java.lang.String">locType</Name>
  <Value className="java.lang.String">region</Value>
</Feature>
</Annotation>
<Annotation Id="4" Type="Organization" StartNode="2245" EndNode="2261">
</Annotation>
<Annotation Id="36" Type="Percent" StartNode="1371" EndNode="1373">
<Feature>
  <Name className="java.lang.String">rule</Name>
  <Value className="java.lang.String">PercentBasic</Value>
</Feature>
</Annotation>
<Annotation Id="19" Type="Organization" StartNode="1807" EndNode="1813">
<Feature>
  <Name className="java.lang.String">rule1</Name>
  <Value className="java.lang.String">GazOrganization</Value>
</Feature>
<Feature>
  <Name className="java.lang.String">rule2</Name>
  <Value className="java.lang.String">OrgFinal</Value>
</Feature>
<Feature>
  <Name className="java.lang.String">orgType</Name>
  <Value className="java.lang.String">company</Value>
</Feature>
</Annotation>
<Annotation Id="26" Type="Organization" StartNode="1131" EndNode="1135">
<Feature>
  <Name className="java.lang.String">rule1</Name>
  <Value className="java.lang.String">GazOrganization</Value>
</Feature>
<Feature>
  <Name className="java.lang.String">rule2</Name>
  <Value className="java.lang.String">OrgFinal</Value>
</Feature>
<Feature>
  <Name className="java.lang.String">orgType</Name>
  <Value className="java.lang.String">company</Value>
</Feature>
</Annotation>
<Annotation Id="11" Type="Organization" StartNode="768" EndNode="775">
</Annotation>
<Annotation Id="18" Type="Person" StartNode="1910" EndNode="1919">
<Feature>
  <Name className="java.lang.String">rule</Name>
  <Value className="java.lang.String">PersonFinal</Value>
</Feature>
<Feature>
  <Name className="java.lang.String">rule1</Name>
  <Value className="java.lang.String">PersonTitleGender</Value>
</Feature>
<Feature>
  <Name className="java.lang.String">gender</Name>
  <Value className="java.lang.String">male</Value>
</Feature>
</Annotation>
<Annotation Id="3" Type="Date" StartNode="89" EndNode="98">
<Feature>
  <Name className="java.lang.String">kind</Name>
  <Value className="java.lang.String">date</Value>
</Feature>
</Annotation>
<Annotation Id="39" Type="Percent" StartNode="975" EndNode="978">
<Feature>
  <Name className="java.lang.String">rule</Name>
  <Value className="java.lang.String">PercentBasic</Value>
</Feature>
</Annotation>
<Annotation Id="12" Type="Organization" StartNode="363" EndNode="370">
</Annotation>
<Annotation Id="27" Type="Organization" StartNode="622" EndNode="631">
<Feature>
  <Name className="java.lang.String">rule1</Name>
  <Value className="java.lang.String">GazOrganization</Value>
</Feature>
<Feature>
  <Name className="java.lang.String">rule2</Name>
  <Value className="java.lang.String">OrgFinal</Value>
</Feature>
<Feature>
  <Name className="java.lang.String">orgType</Name>
  <Value className="java.lang.String">company</Value>
</Feature>
</Annotation>
<Annotation Id="17" Type="Organization" StartNode="1996" EndNode="2002">
<Feature>
  <Name className="java.lang.String">rule1</Name>
  <Value className="java.lang.String">GazOrganization</Value>
</Feature>
<Feature>
  <Name className="java.lang.String">rule2</Name>
  <Value className="java.lang.String">OrgFinal</Value>
</Feature>
<Feature>
  <Name className="java.lang.String">orgType</Name>
  <Value className="java.lang.String">company</Value>
</Feature>
</Annotation>
<Annotation Id="2" Type="Date" StartNode="1147" EndNode="1156">
<Feature>
  <Name className="java.lang.String">kind</Name>
  <Value className="java.lang.String">date</Value>
</Feature>
</Annotation>
<Annotation Id="13" Type="Organization" StartNode="0" EndNode="7">
</Annotation>
<Annotation Id="38" Type="Percent" StartNode="1314" EndNode="1317">
<Feature>
  <Name className="java.lang.String">rule</Name>
  <Value className="java.lang.String">PercentBasic</Value>
</Feature>
</Annotation>
<Annotation Id="28" Type="Date" StartNode="562" EndNode="566">
<Feature>
  <Name className="java.lang.String">rule1</Name>
  <Value className="java.lang.String">TempYear3</Value>
</Feature>
<Feature>
  <Name className="java.lang.String">rule2</Name>
  <Value className="java.lang.String">YearOnlyFinal</Value>
</Feature>
<Feature>
  <Name className="java.lang.String">kind</Name>
  <Value className="java.lang.String">date</Value>
</Feature>
</Annotation>
<Annotation Id="20" Type="Organization" StartNode="1748" EndNode="1754">
<Feature>
  <Name className="java.lang.String">rule1</Name>
  <Value className="java.lang.String">GazOrganization</Value>
</Feature>
<Feature>
  <Name className="java.lang.String">rule2</Name>
  <Value className="java.lang.String">OrgFinal</Value>
</Feature>
<Feature>
  <Name className="java.lang.String">orgType</Name>
  <Value className="java.lang.String">company</Value>
</Feature>
</Annotation>
<Annotation Id="37" Type="Percent" StartNode="1365" EndNode="1367">
<Feature>
  <Name className="java.lang.String">rule</Name>
  <Value className="java.lang.String">PercentBasic</Value>
</Feature>
</Annotation>
<Annotation Id="25" Type="Person" StartNode="1176" EndNode="1189">
<Feature>
  <Name className="java.lang.String">rule</Name>
  <Value className="java.lang.String">PersonFinal</Value>
</Feature>
<Feature>
  <Name className="java.lang.String">rule1</Name>
  <Value className="java.lang.String">PersonJobTitle</Value>
</Feature>
<Feature>
  <Name className="java.lang.String">gender</Name>
  <Value className="java.lang.String">null</Value>
</Feature>
</Annotation>
<Annotation Id="10" Type="Person" StartNode="1110" EndNode="1125">
</Annotation>
<Annotation Id="5" Type="Organization" StartNode="2067" EndNode="2074">
</Annotation>
<Annotation Id="0" Type="Money" StartNode="895" EndNode="904">
</Annotation>
</AnnotationSet>
<!-- Named annotation set -->

<AnnotationSet Name="Original markups" >
<Annotation Id="62" Type="font" StartNode="0" EndNode="2434">
<Feature>
  <Name className="java.lang.String">face</Name>
  <Value className="java.lang.String">Arial,Helvetica,sans-serif</Value>
</Feature>
<Feature>
  <Name className="java.lang.String">size</Name>
  <Value className="java.lang.String">3</Value>
</Feature>
</Annotation>
<Annotation Id="51" Type="p" StartNode="2067" EndNode="2176">
</Annotation>
<Annotation Id="43" Type="p" StartNode="306" EndNode="583">
</Annotation>
<Annotation Id="48" Type="p" StartNode="1469" EndNode="1635">
</Annotation>
<Annotation Id="49" Type="p" StartNode="1637" EndNode="1805">
</Annotation>
<Annotation Id="59" Type="body" StartNode="0" EndNode="2434">
<Feature>
  <Name className="java.lang.String">bgcolor</Name>
  <Value className="java.lang.String">#FFFFFF</Value>
</Feature>
</Annotation>
<Annotation Id="73" Type="p" StartNode="0" EndNode="2434">
</Annotation>
<Annotation Id="52" Type="p" StartNode="2178" EndNode="2434">
</Annotation>
<Annotation Id="42" Type="p" StartNode="145" EndNode="304">
</Annotation>
<Annotation Id="47" Type="p" StartNode="1159" EndNode="1467">
</Annotation>
<Annotation Id="75" Type="TEXT" StartNode="0" EndNode="2434">
</Annotation>
<Annotation Id="50" Type="p" StartNode="1807" EndNode="2065">
</Annotation>
<Annotation Id="44" Type="p" StartNode="585" EndNode="766">
</Annotation>
<Annotation Id="45" Type="p" StartNode="768" EndNode="1054">
</Annotation>
<Annotation Id="74" Type="font" StartNode="0" EndNode="2434">
<Feature>
  <Name className="java.lang.String">face</Name>
  <Value className="java.lang.String">Geneva,Arial,sans-serif</Value>
</Feature>
<Feature>
  <Name className="java.lang.String">size</Name>
  <Value className="java.lang.String">2</Value>
</Feature>
</Annotation>
<Annotation Id="46" Type="p" StartNode="1056" EndNode="1157">
</Annotation>
<Annotation Id="56" Type="html" StartNode="0" EndNode="2434">
</Annotation>
</AnnotationSet>
</GateDocument>