<?xml version="1.0" encoding="windows-1252" ?>
<GateDocument>
<!-- The document's features-->

<GateDocumentFeatures>
<Feature>
  <Name className="java.lang.String">entitySet</Name>
  <Value className="java.lang.String">==== FILE: /Z:/Corpus/in-reed-10-aug-2001.html
</Value>
</Feature>
<Feature>
  <Name className="java.lang.String">gate.SourceURL</Name>
  <Value className="java.lang.String">file:/Z:/Corpus/in-reed-10-aug-2001.html</Value>
</Feature>
<Feature>
  <Name className="java.lang.String">gate.NAME</Name>
  <Value className="java.lang.String">doc6</Value>
</Feature>
<Feature>
  <Name className="java.lang.String">MimeType</Name>
  <Value className="java.lang.String">text/html</Value>
</Feature>
</GateDocumentFeatures>
<!-- The document content area with serialized nodes -->

<TextWithNodes><Node id="0"/>Better than expected interim results <Node id="37"/>yesterday<Node id="46"/> from <Node id="52"/>Reed Elsevier<Node id="65"/>, the Anglo-Dutch publishing giant, reinforced the group&apos;s defensive merits and underlined the rapid turnaround engineered by <Node id="191"/>Crispin Davis<Node id="204"/> who took charge as chief executive <Node id="240"/>two years ago<Node id="253"/>.<Node id="254"/>

<Node id="256"/>Pre-tax profit for the <Node id="279"/>six months to June<Node id="297"/> before exceptional charges and amortisation climbed <Node id="350"/>17 per cent<Node id="361"/> to <Node id="365"/>£410m<Node id="371"/> from <Node id="377"/>last year<Node id="386"/>, a figure that beat analysts&apos; forecasts by around <Node id="437"/>£15m<Node id="442"/>. The outcome helped <Node id="463"/>Reed<Node id="467"/> stock rise <Node id="479"/>5.8 per cent<Node id="491"/> to <Node id="495"/>609p<Node id="499"/>, providing investors with some respite from the negative sentiment that has gripped the media sector.<Node id="601"/>

<Node id="603"/>Mr Davis<Node id="611"/> said: &quot;Overall I would view J<Node id="641"/>anuary to June<Node id="655"/> as a positive performance despite a much tougher environment. We feel confident that our growth targets both <Node id="765"/>this year<Node id="774"/> and next will be met.&quot;<Node id="797"/>

<Node id="799"/>Indeed, so firm was <Node id="819"/>Mr Davis<Node id="827"/>&apos;s optimism that he breezily predicted <Node id="866"/>current year<Node id="878"/> earnings  including an uplift from the <Node id="920"/>£3.1bn<Node id="927"/> acquisition of the <Node id="947"/>US<Node id="949"/> education, science and medical publisher <Node id="991"/>Harcourt<Node id="999"/>  would meet the double-digit percentage growth in earnings target set for <Node id="1076"/>2002<Node id="1080"/>. He also indicated that <Node id="1105"/>Reed Elsevier<Node id="1118"/>&apos;s existing businesses, which include legal, scientific and business-to-business publications, would achieve double-digit profits growth <Node id="1255"/>next year<Node id="1264"/>.<Node id="1265"/>

<Node id="1267"/>The reason for the group&apos;s re-found confidence is the management shake-up pursued by <Node id="1352"/>Mr Davis<Node id="1360"/>, the former chief executive of <Node id="1392"/>Aegis<Node id="1397"/>. Those changes seem to have healed the wounds that resulted from the years of heavy infighting that characterised <Node id="1512"/>Reed Elsevier<Node id="1525"/> since its creation in <Node id="1548"/>1992<Node id="1552"/>. <Node id="1554"/>Mr Davis<Node id="1562"/> said: &quot;I think <Node id="1578"/>today<Node id="1583"/> we have very good, in-depth management. In the organisation there is a sense of momentum. It is much more dynamic.&quot;<Node id="1699"/>

<Node id="1701"/>He also acknowledged the impact of a three-year, <Node id="1750"/>£750m<Node id="1756"/> investment programme to shift the group&apos;s publishing businesses to internet distribution. &quot;The investment is having an impact on driving growth,&quot; he said.<Node id="1911"/>

<Node id="1913"/>Analysts note that the key to <Node id="1943"/>Reed<Node id="1947"/>&apos;s outperformance of many media rivals lies in the composition of its business. Advertising sales, which are now experiencing a savage cyclical decline after several boom years, account for only <Node id="2142"/>15 per cent<Node id="2153"/> of group sales. Though advertising sales at the group&apos;s business-to-business titles, which include the bible of the entertainment industry <Node id="2293"/>Variety<Node id="2300"/> and <Node id="2305"/>Electronic News<Node id="2320"/> , have fallen, subscription revenue growth in its scientific journals has more than picked up the slack.<Node id="2425"/>

<Node id="2427"/>Cost cutting has also helped. Around <Node id="2464"/>£145m<Node id="2470"/> in reductions were made <Node id="2495"/>last year<Node id="2504"/> with that figure set to rise to <Node id="2537"/>£170m<Node id="2543"/> in <Node id="2547"/>2001<Node id="2551"/>  about <Node id="2561"/>5 per cent<Node id="2571"/> of the company&apos;s cost base. Much of those savings are coming from those inherent in electronic distribution using internet protocol technology for information production and distribution.<Node id="2759"/>

<Node id="2761"/>The impact of cheap internet-based technology to <Node id="2810"/>Reed Elsevier<Node id="2823"/>&apos;s future profit margins and earnings growth is expected to grow steadily. Scientific, medical and legal publishing, which comprised <Node id="2956"/>50 per cent<Node id="2967"/> of total <Node id="2977"/>first-half<Node id="2987"/> sales of <Node id="2997"/>£2.04bn<Node id="3005"/>, are already gaining more than half of revenue and earnings from electronic products.<Node id="3091"/>

<Node id="3093"/>With the completion of the <Node id="3120"/>Harcourt<Node id="3128"/> purchase <Node id="3138"/>last month<Node id="3148"/>, <Node id="3150"/>Reed<Node id="3154"/> has added educational publishing  giving the group a fourth leg in the steadily growing <Node id="3245"/>US<Node id="3247"/> education market. Though <Node id="3273"/>Harcourt<Node id="3281"/>&apos;s college textbook business was sold on to <Node id="3325"/>Thomson<Node id="3332"/>, <Node id="3334"/>Reed<Node id="3338"/> has retained the school textbook and testing operations, which <Node id="3402"/>Mr Davis<Node id="3410"/> said were performing well.<Node id="3437"/>

<Node id="3439"/>He conceded, however, that <Node id="3466"/>Harcourt<Node id="3474"/> was likely to be <Node id="3492"/>Reed<Node id="3496"/>&apos;s last big acquisition for some time. &quot;Primarily the focus is going to be on organic growth. We&apos;ve got strong brands. There will be [a] bolt on acquisitions to complement our four main businesses.&quot;<Node id="3694"/>

<Node id="3696"/>Harcourt<Node id="3704"/> trails <Node id="3712"/>Pearson<Node id="3719"/> and <Node id="3724"/>McGraw Hill<Node id="3735"/>, the respective leaders in the <Node id="3767"/>US<Node id="3769"/> primary education publishing sector, but <Node id="3811"/>Mr Davis<Node id="3819"/> said market share gains, perhaps at the expense of <Node id="3871"/>Houghton<Node id="3879"/>, the number three player, were occurring. &quot;We are gaining share in the <Node id="3951"/>US<Node id="3953"/> across the board. I wouldn&apos;t say we are taking business from any one competitor, though <Node id="4042"/>Houghton<Node id="4050"/> is clearly weak.&quot;<Node id="4068"/>

<Node id="4070"/>Leading the overall turnaround at <Node id="4104"/>Reed Elsevier<Node id="4117"/> is the rebound in form at <Node id="4144"/>Lexis/Nexis<Node id="4155"/>, the on-line legal and business information publisher. As various company divisions stumbled in <Node id="4252"/>the late 1990s<Node id="4266"/>, <Node id="4268"/>Lexis<Node id="4273"/> fell behind arch-rival <Node id="4297"/>Thomson West<Node id="4309"/>, which had carved out a lead in integrating content with distribution technology and developing an easier to use web-based interface.<Node id="4443"/>

<Node id="4445"/>As <Node id="4448"/>West<Node id="4452"/> gained market share, the <Node id="4478"/>Lexis<Node id="4483"/> contribution to <Node id="4500"/>Reed Elsevier<Node id="4513"/> eroded. In <Node id="4525"/>early 2000<Node id="4535"/>, when the scale of the problems at <Node id="4571"/>Lexis<Node id="4576"/> had become apparent to <Node id="4600"/>Mr Davis<Node id="4608"/>, he emphasised that a turnaround would take two or three years.<Node id="4672"/>

<Node id="4674"/>Lexis North America<Node id="4693"/> reported a <Node id="4705"/>7 per cent<Node id="4715"/> rise in <Node id="4724"/>first-half<Node id="4734"/> sales, while its smaller international arm gained <Node id="4785"/>10 per cent<Node id="4796"/>. With total divisional sales of <Node id="4829"/>£642m<Node id="4835"/>, up <Node id="4840"/>8 per cent<Node id="4850"/>, the unit accounts for almost one-third of group revenue.<Node id="4908"/>

<Node id="4910"/>&quot;We are seeing a large increase at <Node id="4945"/>Lexis<Node id="4950"/>. In the <Node id="4959"/>last couple of years<Node id="4979"/> we&apos;ve turned the situation around,&quot; he said, citing various inducements  including 24-hour help lines and cocktail parties  which have been used to court college legal students and the young lawyers who do much of the profession&apos;s research. Technical improvements and a new search engine have also helped.<Node id="5289"/>

<Node id="5291"/>Mr Davis<Node id="5299"/> said that an earlier six-to-one preference among legal students for <Node id="5368"/>Thomson West<Node id="5380"/> has now been turned around to a slight majority favouring <Node id="5439"/>Lexis<Node id="5444"/>. &quot;We put an enormous emphasis on our law school performance,&quot; he said, noting that law students once won to an on-line research system tend to stick with it during their subsequent careers.<Node id="5634"/>

<Node id="5636"/>Thomson<Node id="5643"/>, for its part, is launching a fightback, but <Node id="5689"/>Mr Davis<Node id="5697"/> is unbowed. &quot;Turning around law school preference was critical and it does have a significant impact on usage and revenue.&quot;<Node id="5821"/>

<Node id="5823"/>For <Node id="5827"/>Reed Elsevier<Node id="5840"/> as a whole, he adds: &quot;The four areas we are now in are big global, high margin businesses. If we execute quite well against our strategy we can deliver strong revenue and profit growth.&quot;<Node id="6027"/></TextWithNodes>
<!-- The default annotation set -->

<AnnotationSet>
</AnnotationSet>
<!-- Named annotation set -->

<AnnotationSet Name="Key" >
<Annotation Id="62" Type="Date" StartNode="377" EndNode="386">
<Feature>
  <Name className="java.lang.String">kind</Name>
  <Value className="java.lang.String">date</Value>
</Feature>
</Annotation>
<Annotation Id="15" Type="Person" StartNode="3402" EndNode="3410">
<Feature>
  <Name className="java.lang.String">rule</Name>
  <Value className="java.lang.String">PersonFinal</Value>
</Feature>
<Feature>
  <Name className="java.lang.String">gender</Name>
  <Value className="java.lang.String">male</Value>
</Feature>
<Feature>
  <Name className="java.lang.String">rule1</Name>
  <Value className="java.lang.String">PersonFirstTitle</Value>
</Feature>
</Annotation>
<Annotation Id="79" Type="Organization" StartNode="1105" EndNode="1118">
</Annotation>
<Annotation Id="30" Type="Date" StartNode="4724" EndNode="4734">
<Feature>
  <Name className="java.lang.String">kind</Name>
  <Value className="java.lang.String">date</Value>
</Feature>
</Annotation>
<Annotation Id="43" Type="Location" StartNode="947" EndNode="949">
<Feature>
  <Name className="java.lang.String">rule1</Name>
  <Value className="java.lang.String">GazLocation</Value>
</Feature>
<Feature>
  <Name className="java.lang.String">rule2</Name>
  <Value className="java.lang.String">LocFinal</Value>
</Feature>
<Feature>
  <Name className="java.lang.String">locType</Name>
  <Value className="java.lang.String">country</Value>
</Feature>
</Annotation>
<Annotation Id="16" Type="Organization" StartNode="1512" EndNode="1525">
</Annotation>
<Annotation Id="31" Type="Date" StartNode="279" EndNode="297">
<Feature>
  <Name className="java.lang.String">kind</Name>
  <Value className="java.lang.String">date</Value>
</Feature>
</Annotation>
<Annotation Id="48" Type="Organization" StartNode="5368" EndNode="5380">
</Annotation>
<Annotation Id="80" Type="Organization" StartNode="3334" EndNode="3338">
</Annotation>
<Annotation Id="59" Type="Organization" StartNode="4478" EndNode="4483">
</Annotation>
<Annotation Id="32" Type="Money" StartNode="495" EndNode="499">
<Feature>
  <Name className="java.lang.String">rule</Name>
  <Value className="java.lang.String">MoneyCurrencyUnit</Value>
</Feature>
<Feature>
  <Name className="java.lang.String">kind</Name>
  <Value className="java.lang.String">number</Value>
</Feature>
</Annotation>
<Annotation Id="34" Type="Date" StartNode="1076" EndNode="1080">
<Feature>
  <Name className="java.lang.String">rule1</Name>
  <Value className="java.lang.String">TempYear2</Value>
</Feature>
<Feature>
  <Name className="java.lang.String">rule2</Name>
  <Value className="java.lang.String">YearOnlyFinal</Value>
</Feature>
<Feature>
  <Name className="java.lang.String">kind</Name>
  <Value className="java.lang.String">date</Value>
</Feature>
</Annotation>
<Annotation Id="73" Type="Percent" StartNode="350" EndNode="361">
<Feature>
  <Name className="java.lang.String">rule</Name>
  <Value className="java.lang.String">PercentBasic</Value>
</Feature>
</Annotation>
<Annotation Id="41" Type="Money" StartNode="365" EndNode="371">
<Feature>
  <Name className="java.lang.String">rule</Name>
  <Value className="java.lang.String">MoneySymbolUnit</Value>
</Feature>
<Feature>
  <Name className="java.lang.String">kind</Name>
  <Value className="java.lang.String">number</Value>
</Feature>
</Annotation>
<Annotation Id="70" Type="Organization" StartNode="5636" EndNode="5643">
</Annotation>
<Annotation Id="60" Type="Date" StartNode="641" EndNode="655">
</Annotation>
<Annotation Id="61" Type="Date" StartNode="3138" EndNode="3148">
<Feature>
  <Name className="java.lang.String">kind</Name>
  <Value className="java.lang.String">date</Value>
</Feature>
</Annotation>
<Annotation Id="1" Type="Date" StartNode="240" EndNode="253">
<Feature>
  <Name className="java.lang.String">kind</Name>
  <Value className="java.lang.String">date</Value>
</Feature>
</Annotation>
<Annotation Id="29" Type="Organization" StartNode="4674" EndNode="4693">
</Annotation>
<Annotation Id="14" Type="Person" StartNode="819" EndNode="827">
<Feature>
  <Name className="java.lang.String">rule</Name>
  <Value className="java.lang.String">PersonFinal</Value>
</Feature>
<Feature>
  <Name className="java.lang.String">gender</Name>
  <Value className="java.lang.String">male</Value>
</Feature>
<Feature>
  <Name className="java.lang.String">rule1</Name>
  <Value className="java.lang.String">PersonFirstTitle</Value>
</Feature>
</Annotation>
<Annotation Id="83" Type="Organization" StartNode="5827" EndNode="5840">
</Annotation>
<Annotation Id="68" Type="Organization" StartNode="3696" EndNode="3704">
</Annotation>
<Annotation Id="47" Type="Organization" StartNode="4268" EndNode="4273">
</Annotation>
<Annotation Id="82" Type="Organization" StartNode="4571" EndNode="4576">
</Annotation>
<Annotation Id="75" Type="Percent" StartNode="4840" EndNode="4850">
<Feature>
  <Name className="java.lang.String">rule</Name>
  <Value className="java.lang.String">PercentBasic</Value>
</Feature>
</Annotation>
<Annotation Id="58" Type="Organization" StartNode="3712" EndNode="3719">
</Annotation>
<Annotation Id="63" Type="Percent" StartNode="479" EndNode="491">
<Feature>
  <Name className="java.lang.String">rule</Name>
  <Value className="java.lang.String">PercentBasic</Value>
</Feature>
</Annotation>
<Annotation Id="18" Type="Organization" StartNode="4104" EndNode="4117">
</Annotation>
<Annotation Id="3" Type="Percent" StartNode="4705" EndNode="4715">
<Feature>
  <Name className="java.lang.String">rule</Name>
  <Value className="java.lang.String">PercentBasic</Value>
</Feature>
</Annotation>
<Annotation Id="66" Type="Location" StartNode="3951" EndNode="3953">
<Feature>
  <Name className="java.lang.String">rule1</Name>
  <Value className="java.lang.String">GazLocation</Value>
</Feature>
<Feature>
  <Name className="java.lang.String">rule2</Name>
  <Value className="java.lang.String">LocFinal</Value>
</Feature>
<Feature>
  <Name className="java.lang.String">locType</Name>
  <Value className="java.lang.String">country</Value>
</Feature>
</Annotation>
<Annotation Id="81" Type="Organization" StartNode="4042" EndNode="4050">
</Annotation>
<Annotation Id="12" Type="Money" StartNode="437" EndNode="442">
<Feature>
  <Name className="java.lang.String">rule</Name>
  <Value className="java.lang.String">MoneySymbolUnit</Value>
</Feature>
<Feature>
  <Name className="java.lang.String">kind</Name>
  <Value className="java.lang.String">number</Value>
</Feature>
</Annotation>
<Annotation Id="27" Type="Organization" StartNode="991" EndNode="999">
</Annotation>
<Annotation Id="44" Type="Location" StartNode="3767" EndNode="3769">
<Feature>
  <Name className="java.lang.String">rule1</Name>
  <Value className="java.lang.String">GazLocation</Value>
</Feature>
<Feature>
  <Name className="java.lang.String">rule2</Name>
  <Value className="java.lang.String">LocFinal</Value>
</Feature>
<Feature>
  <Name className="java.lang.String">locType</Name>
  <Value className="java.lang.String">country</Value>
</Feature>
</Annotation>
<Annotation Id="64" Type="Percent" StartNode="2956" EndNode="2967">
<Feature>
  <Name className="java.lang.String">rule</Name>
  <Value className="java.lang.String">PercentBasic</Value>
</Feature>
</Annotation>
<Annotation Id="17" Type="Organization" StartNode="3273" EndNode="3281">
</Annotation>
<Annotation Id="2" Type="Money" StartNode="920" EndNode="927">
<Feature>
  <Name className="java.lang.String">rule</Name>
  <Value className="java.lang.String">MoneySymbolUnit</Value>
</Feature>
<Feature>
  <Name className="java.lang.String">kind</Name>
  <Value className="java.lang.String">number</Value>
</Feature>
</Annotation>
<Annotation Id="13" Type="Percent" StartNode="2561" EndNode="2571">
<Feature>
  <Name className="java.lang.String">rule</Name>
  <Value className="java.lang.String">PercentBasic</Value>
</Feature>
</Annotation>
<Annotation Id="77" Type="Date" StartNode="2547" EndNode="2551">
<Feature>
  <Name className="java.lang.String">rule1</Name>
  <Value className="java.lang.String">TempYear2</Value>
</Feature>
<Feature>
  <Name className="java.lang.String">rule2</Name>
  <Value className="java.lang.String">YearOnlyFinal</Value>
</Feature>
<Feature>
  <Name className="java.lang.String">kind</Name>
  <Value className="java.lang.String">date</Value>
</Feature>
</Annotation>
<Annotation Id="28" Type="Organization" StartNode="3871" EndNode="3879">
</Annotation>
<Annotation Id="38" Type="Organization" StartNode="4297" EndNode="4309">
</Annotation>
<Annotation Id="57" Type="Organization" StartNode="3150" EndNode="3154">
</Annotation>
<Annotation Id="37" Type="Organization" StartNode="3466" EndNode="3474">
</Annotation>
<Annotation Id="51" Type="Organization" StartNode="4144" EndNode="4155">
</Annotation>
<Annotation Id="8" Type="Organization" StartNode="3724" EndNode="3735">
</Annotation>
<Annotation Id="23" Type="Person" StartNode="191" EndNode="204">
<Feature>
  <Name className="java.lang.String">rule</Name>
  <Value className="java.lang.String">PersonFinal</Value>
</Feature>
<Feature>
  <Name className="java.lang.String">gender</Name>
  <Value className="java.lang.String">male</Value>
</Feature>
<Feature>
  <Name className="java.lang.String">rule1</Name>
  <Value className="java.lang.String">PersonFull</Value>
</Feature>
</Annotation>
<Annotation Id="40" Type="Date" StartNode="1255" EndNode="1264">
<Feature>
  <Name className="java.lang.String">kind</Name>
  <Value className="java.lang.String">date</Value>
</Feature>
</Annotation>
<Annotation Id="72" Type="Date" StartNode="866" EndNode="878">
<Feature>
  <Name className="java.lang.String">kind</Name>
  <Value className="java.lang.String">date</Value>
</Feature>
</Annotation>
<Annotation Id="35" Type="Person" StartNode="3811" EndNode="3819">
<Feature>
  <Name className="java.lang.String">rule</Name>
  <Value className="java.lang.String">PersonFinal</Value>
</Feature>
<Feature>
  <Name className="java.lang.String">gender</Name>
  <Value className="java.lang.String">male</Value>
</Feature>
<Feature>
  <Name className="java.lang.String">rule1</Name>
  <Value className="java.lang.String">PersonFirstTitle</Value>
</Feature>
</Annotation>
<Annotation Id="7" Type="Organization" StartNode="3325" EndNode="3332">
</Annotation>
<Annotation Id="71" Type="Date" StartNode="1578" EndNode="1583">
<Feature>
  <Name className="java.lang.String">kind</Name>
  <Value className="java.lang.String">date</Value>
</Feature>
</Annotation>
<Annotation Id="54" Type="Date" StartNode="1548" EndNode="1552">
<Feature>
  <Name className="java.lang.String">rule1</Name>
  <Value className="java.lang.String">TempYear2</Value>
</Feature>
<Feature>
  <Name className="java.lang.String">rule2</Name>
  <Value className="java.lang.String">YearOnlyFinal</Value>
</Feature>
<Feature>
  <Name className="java.lang.String">kind</Name>
  <Value className="java.lang.String">date</Value>
</Feature>
</Annotation>
<Annotation Id="49" Type="Date" StartNode="37" EndNode="46">
<Feature>
  <Name className="java.lang.String">kind</Name>
  <Value className="java.lang.String">date</Value>
</Feature>
</Annotation>
<Annotation Id="22" Type="Money" StartNode="4829" EndNode="4835">
<Feature>
  <Name className="java.lang.String">rule</Name>
  <Value className="java.lang.String">MoneySymbolUnit</Value>
</Feature>
<Feature>
  <Name className="java.lang.String">kind</Name>
  <Value className="java.lang.String">number</Value>
</Feature>
</Annotation>
<Annotation Id="53" Type="Percent" StartNode="4785" EndNode="4796">
<Feature>
  <Name className="java.lang.String">rule</Name>
  <Value className="java.lang.String">PercentBasic</Value>
</Feature>
</Annotation>
<Annotation Id="9" Type="Organization" StartNode="4500" EndNode="4513">
</Annotation>
<Annotation Id="65" Type="Person" StartNode="1352" EndNode="1360">
<Feature>
  <Name className="java.lang.String">rule</Name>
  <Value className="java.lang.String">PersonFinal</Value>
</Feature>
<Feature>
  <Name className="java.lang.String">gender</Name>
  <Value className="java.lang.String">male</Value>
</Feature>
<Feature>
  <Name className="java.lang.String">rule1</Name>
  <Value className="java.lang.String">PersonFirstTitle</Value>
</Feature>
</Annotation>
<Annotation Id="21" Type="Percent" StartNode="2142" EndNode="2153">
<Feature>
  <Name className="java.lang.String">rule</Name>
  <Value className="java.lang.String">PercentBasic</Value>
</Feature>
</Annotation>
<Annotation Id="33" Type="Money" StartNode="2997" EndNode="3005">
<Feature>
  <Name className="java.lang.String">rule</Name>
  <Value className="java.lang.String">MoneySymbolUnit</Value>
</Feature>
<Feature>
  <Name className="java.lang.String">kind</Name>
  <Value className="java.lang.String">number</Value>
</Feature>
</Annotation>
<Annotation Id="6" Type="Organization" StartNode="463" EndNode="467">
</Annotation>
<Annotation Id="78" Type="Person" StartNode="5291" EndNode="5299">
<Feature>
  <Name className="java.lang.String">rule</Name>
  <Value className="java.lang.String">PersonFinal</Value>
</Feature>
<Feature>
  <Name className="java.lang.String">gender</Name>
  <Value className="java.lang.String">male</Value>
</Feature>
<Feature>
  <Name className="java.lang.String">rule1</Name>
  <Value className="java.lang.String">PersonFirstTitle</Value>
</Feature>
</Annotation>
<Annotation Id="52" Type="Money" StartNode="1750" EndNode="1756">
<Feature>
  <Name className="java.lang.String">rule</Name>
  <Value className="java.lang.String">SymbolUnit</Value>
</Feature>
<Feature>
  <Name className="java.lang.String">kind</Name>
  <Value className="java.lang.String">number</Value>
</Feature>
</Annotation>
<Annotation Id="24" Type="Location" StartNode="3245" EndNode="3247">
<Feature>
  <Name className="java.lang.String">rule1</Name>
  <Value className="java.lang.String">GazLocation</Value>
</Feature>
<Feature>
  <Name className="java.lang.String">rule2</Name>
  <Value className="java.lang.String">LocFinal</Value>
</Feature>
<Feature>
  <Name className="java.lang.String">locType</Name>
  <Value className="java.lang.String">country</Value>
</Feature>
</Annotation>
<Annotation Id="42" Type="Money" StartNode="2537" EndNode="2543">
<Feature>
  <Name className="java.lang.String">rule</Name>
  <Value className="java.lang.String">MoneySymbolUnit</Value>
</Feature>
<Feature>
  <Name className="java.lang.String">kind</Name>
  <Value className="java.lang.String">number</Value>
</Feature>
</Annotation>
<Annotation Id="4" Type="Person" StartNode="1554" EndNode="1562">
<Feature>
  <Name className="java.lang.String">rule</Name>
  <Value className="java.lang.String">PersonFinal</Value>
</Feature>
<Feature>
  <Name className="java.lang.String">gender</Name>
  <Value className="java.lang.String">male</Value>
</Feature>
<Feature>
  <Name className="java.lang.String">rule1</Name>
  <Value className="java.lang.String">PersonFirstTitle</Value>
</Feature>
</Annotation>
<Annotation Id="19" Type="Organization" StartNode="4945" EndNode="4950">
</Annotation>
<Annotation Id="36" Type="Organization" StartNode="2810" EndNode="2823">
</Annotation>
<Annotation Id="55" Type="Date" StartNode="4252" EndNode="4266">
<Feature>
  <Name className="java.lang.String">rule1</Name>
  <Value className="java.lang.String">YearSpan1</Value>
</Feature>
<Feature>
  <Name className="java.lang.String">rule2</Name>
  <Value className="java.lang.String">DateOnlyFinal</Value>
</Feature>
<Feature>
  <Name className="java.lang.String">kind</Name>
  <Value className="java.lang.String">date</Value>
</Feature>
</Annotation>
<Annotation Id="26" Type="Organization" StartNode="1392" EndNode="1397">
</Annotation>
<Annotation Id="11" Type="Date" StartNode="765" EndNode="774">
<Feature>
  <Name className="java.lang.String">kind</Name>
  <Value className="java.lang.String">date</Value>
</Feature>
</Annotation>
<Annotation Id="67" Type="Organization" StartNode="3120" EndNode="3128">
</Annotation>
<Annotation Id="50" Type="Date" StartNode="2495" EndNode="2504">
<Feature>
  <Name className="java.lang.String">kind</Name>
  <Value className="java.lang.String">date</Value>
</Feature>
</Annotation>
<Annotation Id="76" Type="Person" StartNode="603" EndNode="611">
<Feature>
  <Name className="java.lang.String">rule</Name>
  <Value className="java.lang.String">PersonFinal</Value>
</Feature>
<Feature>
  <Name className="java.lang.String">gender</Name>
  <Value className="java.lang.String">male</Value>
</Feature>
<Feature>
  <Name className="java.lang.String">rule1</Name>
  <Value className="java.lang.String">PersonFirstTitle</Value>
</Feature>
</Annotation>
<Annotation Id="39" Type="Organization" StartNode="5439" EndNode="5444">
</Annotation>
<Annotation Id="45" Type="Organization" StartNode="1943" EndNode="1947">
</Annotation>
<Annotation Id="74" Type="Money" StartNode="2464" EndNode="2470">
<Feature>
  <Name className="java.lang.String">rule</Name>
  <Value className="java.lang.String">MoneySymbolUnit</Value>
</Feature>
<Feature>
  <Name className="java.lang.String">kind</Name>
  <Value className="java.lang.String">number</Value>
</Feature>
</Annotation>
<Annotation Id="20" Type="Date" StartNode="2977" EndNode="2987">
<Feature>
  <Name className="java.lang.String">kind</Name>
  <Value className="java.lang.String">date</Value>
</Feature>
</Annotation>
<Annotation Id="46" Type="Organization" StartNode="3492" EndNode="3496">
</Annotation>
<Annotation Id="25" Type="Person" StartNode="5689" EndNode="5697">
<Feature>
  <Name className="java.lang.String">rule</Name>
  <Value className="java.lang.String">PersonFinal</Value>
</Feature>
<Feature>
  <Name className="java.lang.String">gender</Name>
  <Value className="java.lang.String">male</Value>
</Feature>
<Feature>
  <Name className="java.lang.String">rule1</Name>
  <Value className="java.lang.String">PersonFirstTitle</Value>
</Feature>
</Annotation>
<Annotation Id="56" Type="Organization" StartNode="52" EndNode="65">
</Annotation>
<Annotation Id="10" Type="Date" StartNode="4525" EndNode="4535">
<Feature>
  <Name className="java.lang.String">kind</Name>
  <Value className="java.lang.String">date</Value>
</Feature>
</Annotation>
<Annotation Id="5" Type="Person" StartNode="4600" EndNode="4608">
<Feature>
  <Name className="java.lang.String">rule</Name>
  <Value className="java.lang.String">PersonFinal</Value>
</Feature>
<Feature>
  <Name className="java.lang.String">gender</Name>
  <Value className="java.lang.String">male</Value>
</Feature>
<Feature>
  <Name className="java.lang.String">rule1</Name>
  <Value className="java.lang.String">PersonFirstTitle</Value>
</Feature>
</Annotation>
<Annotation Id="69" Type="Organization" StartNode="4448" EndNode="4452">
</Annotation>
<Annotation Id="0" Type="Date" StartNode="4959" EndNode="4979">
<Feature>
  <Name className="java.lang.String">kind</Name>
  <Value className="java.lang.String">date</Value>
</Feature>
</Annotation>
</AnnotationSet>
<!-- Named annotation set -->

<AnnotationSet Name="Original markups" >
<Annotation Id="143" Type="p" StartNode="2761" EndNode="3091">
</Annotation>
<Annotation Id="112" Type="body" StartNode="0" EndNode="6027">
<Feature>
  <Name className="java.lang.String">bgcolor</Name>
  <Value className="java.lang.String">#ffffff</Value>
</Feature>
<Feature>
  <Name className="java.lang.String">text</Name>
  <Value className="java.lang.String">#000000</Value>
</Feature>
</Annotation>
<Annotation Id="144" Type="p" StartNode="2427" EndNode="2759">
</Annotation>
<Annotation Id="86" Type="p" StartNode="1267" EndNode="1699">
</Annotation>
<Annotation Id="85" Type="p" StartNode="1701" EndNode="1911">
</Annotation>
<Annotation Id="142" Type="p" StartNode="3093" EndNode="3437">
</Annotation>
<Annotation Id="146" Type="i" StartNode="2293" EndNode="2300">
</Annotation>
<Annotation Id="145" Type="i" StartNode="2305" EndNode="2320">
</Annotation>
<Annotation Id="140" Type="p" StartNode="3696" EndNode="4068">
</Annotation>
<Annotation Id="141" Type="p" StartNode="3439" EndNode="3694">
</Annotation>
<Annotation Id="84" Type="p" StartNode="1913" EndNode="2425">
</Annotation>
<Annotation Id="136" Type="p" StartNode="4910" EndNode="5289">
</Annotation>
<Annotation Id="87" Type="p" StartNode="799" EndNode="1265">
</Annotation>
<Annotation Id="135" Type="p" StartNode="5291" EndNode="5634">
</Annotation>
<Annotation Id="134" Type="p" StartNode="5636" EndNode="5821">
</Annotation>
<Annotation Id="137" Type="p" StartNode="4674" EndNode="4908">
</Annotation>
<Annotation Id="147" Type="TEXT" StartNode="0" EndNode="6027">
</Annotation>
<Annotation Id="115" Type="html" StartNode="0" EndNode="6027">
</Annotation>
<Annotation Id="88" Type="p" StartNode="603" EndNode="797">
</Annotation>
<Annotation Id="90" Type="p" StartNode="0" EndNode="254">
</Annotation>
<Annotation Id="139" Type="p" StartNode="4070" EndNode="4443">
</Annotation>
<Annotation Id="133" Type="p" StartNode="5823" EndNode="6027">
</Annotation>
<Annotation Id="89" Type="p" StartNode="256" EndNode="601">
</Annotation>
<Annotation Id="138" Type="p" StartNode="4445" EndNode="4672">
</Annotation>
</AnnotationSet>
</GateDocument>