<?xml version="1.0"?>  
<ML-CONFIG>  
  <VERBOSITY level="1"/>
  <SURROUND value="true"/>  
  <PARAMETER name="thresholdProbabilityEntity" value="0.2"/>  
  <PARAMETER name="thresholdProbabilityBoundary" value="0.4"/>  

  <multiClassification2Binary method="one-vs-others"/>  

  <EVALUATION method="kfold" 
	      runs="4"/>  

  <ENGINE nickname="SVM" implementationName="SVMLibSvmJava"  
	  options=" -c 0.7 -t 0 -m 100 -tau 0.4  "/>  

  <DATASET>

    <INSTANCE-TYPE>Token</INSTANCE-TYPE>  

    <ATTRIBUTELIST>  
      <NAME>POS</NAME>  
      <SEMTYPE>NOMINAL</SEMTYPE>  
      <TYPE>Token</TYPE>  
      <FEATURE>category</FEATURE>  
      <RANGE from="-2" to="2"/>  
    </ATTRIBUTELIST>  

    <ATTRIBUTELIST>  
      <NAME>TokenOrth</NAME>  
      <SEMTYPE>NOMINAL</SEMTYPE>  
      <TYPE>Token</TYPE>  
      <FEATURE>orth</FEATURE>  
      <RANGE from="-2" to="2"/>  
    </ATTRIBUTELIST>  

    <ATTRIBUTELIST>  
      <NAME>TokenKind</NAME>  
      <SEMTYPE>NOMINAL</SEMTYPE>  
      <TYPE>Token</TYPE>  
      <FEATURE>kind</FEATURE>  
      <RANGE from="-4" to="4"/>  
    </ATTRIBUTELIST> 

    <ATTRIBUTE>  
      <NAME>Lookup</NAME>  
      <SEMTYPE>NOMINAL</SEMTYPE>  
      <TYPE>Lookup</TYPE>  
      <FEATURE>majorType</FEATURE>  
      <POSITION>0</POSITION>
    </ATTRIBUTE> 

    <ATTRIBUTELIST>  
      <NAME>String</NAME>  
      <SEMTYPE>NOMINAL</SEMTYPE>  
      <TYPE>Token</TYPE>  
      <FEATURE>string</FEATURE> 
      <RANGE from="-1" to="1"/>  
    </ATTRIBUTELIST>  

    <ATTRIBUTELIST>  
      <NAME>Sentiment</NAME>  
      <SEMTYPE>NOMINAL</SEMTYPE>  
      <TYPE>Sentiment</TYPE>  
      <FEATURE>string</FEATURE> 
      <RANGE from="-1" to="1"/>  
    </ATTRIBUTELIST> 

    <ATTRIBUTELIST>  
      <NAME>Affect</NAME>  
      <SEMTYPE>NOMINAL</SEMTYPE>  
      <TYPE>Affect</TYPE>  
      <FEATURE>string</FEATURE> 
      <RANGE from="-1" to="1"/>  
    </ATTRIBUTELIST>  

    <ATTRIBUTE>
      <NAME>Class</NAME>
      <SEMTYPE>NOMINAL</SEMTYPE>
      <TYPE>Mention</TYPE>
      <FEATURE>type</FEATURE>
      <POSITION>0</POSITION>
      <CLASS/>
    </ATTRIBUTE>

  </DATASET>  
</ML-CONFIG> 
