{"in_reply_to_status_id_str":null,"in_reply_to_status_id":null,"coordinates":{"coordinates":[-44.2489952,-2.5273544],"type":"Point"},"truncated":false,"in_reply_to_user_id_str":null,"created_at":"Tue Oct 01 03:15:19 +0000 2013","source":"<a href=\"http://twitter.com/download/android\" rel=\"nofollow\">Twitter for Android<\/a>","retweet_count":0,"retweeted":false,"geo":{"coordinates":[-2.5273544,-44.2489952],"type":"Point"},"filter_level":"medium","in_reply_to_screen_name":null,"entities":{"urls":[],"hashtags":[{"indices":[127,138],"text":"CaioBolado"}],"user_mentions":[{"indices":[37,42],"screen_name":"itau","id_str":"179398386","name":"Itaú","id":179398386},{"indices":[50,62],"screen_name":"AloBradesco","id_str":"78317870","name":"Alô Bradesco","id":78317870}],"symbols":[]},"id_str":"384879170771484673","in_reply_to_user_id":null,"favorite_count":0,"contributors":null,"text":"Eu n fui convidado p camarote nem do @itau nem do @AloBradesco, então deixe eu pagar meus boletos dos abadas em paz. Obrigado. #CaioBolado","id":384879170771484673,"place":{"country_code":"BR","country":"Brasil","full_name":"São Luís, Maranhão","bounding_box":{"coordinates":[[[-44.441517,-2.800361],[-44.441517,-2.45821],[-44.163584,-2.45821],[-44.163584,-2.800361]]],"type":"Polygon"},"place_type":"city","name":"São Luís","attributes":{},"id":"23299615a880d29d","url":"https://api.twitter.com/1.1/geo/id/23299615a880d29d.json"},"lang":"pt","user":{"utc_offset":-10800,"friends_count":623,"profile_image_url_https":"https://si0.twimg.com/profile_images/2244186139/8283ef94844511e1b10e123138105d6b_6_normal.jpg","profile_background_image_url":"http://a0.twimg.com/profile_background_images/861255326/bbffe66e09e376e788957041086099fa.jpeg","listed_count":2,"default_profile_image":false,"favourites_count":16,"description":":)","created_at":"Tue Dec 28 17:12:43 +0000 2010","is_translator":false,"profile_background_image_url_https":"https://si0.twimg.com/profile_background_images/861255326/bbffe66e09e376e788957041086099fa.jpeg","protected":false,"screen_name":"CaioCosta_L","id_str":"231484896","profile_link_color":"038543","geo_enabled":true,"id":231484896,"profile_background_color":"ACDED6","lang":"pt","profile_sidebar_border_color":"FFFFFF","profile_text_color":"333333","verified":false,"profile_image_url":"http://a0.twimg.com/profile_images/2244186139/8283ef94844511e1b10e123138105d6b_6_normal.jpg","time_zone":"Santiago","url":null,"contributors_enabled":false,"profile_banner_url":"https://pbs.twimg.com/profile_banners/231484896/1354846177","profile_background_tile":true,"follow_request_sent":null,"statuses_count":11428,"profile_use_background_image":true,"followers_count":380,"following":null,"default_profile":false,"name":"Caio Costa","profile_sidebar_fill_color":"F6F6F6","location":"","notifications":null},"favorited":false}