{"in_reply_to_status_id_str":null,"in_reply_to_status_id":null,"coordinates":null,"truncated":false,"in_reply_to_user_id_str":null,"created_at":"Tue Oct 01 03:59:42 +0000 2013","source":"<a href=\"http://www.tweetdeck.com\" rel=\"nofollow\">TweetDeck<\/a>","retweet_count":0,"retweeted":false,"geo":null,"filter_level":"medium","in_reply_to_screen_name":null,"entities":{"urls":[],"hashtags":[],"user_mentions":[{"indices":[13,25],"screen_name":"AloBradesco","id_str":"78317870","name":"Alô Bradesco","id":78317870},{"indices":[59,64],"screen_name":"itau","id_str":"179398386","name":"Itaú","id":179398386}],"symbols":[]},"id_str":"384890337422217216","in_reply_to_user_id":null,"favorite_count":0,"contributors":null,"text":"Pelo visto o @AloBradesco está copiando a mesma burrice do @itau obrigado todo mundo a passar na porta giratória para sacar dinheiro.","id":384890337422217216,"place":null,"lang":"pt","user":{"utc_offset":-10800,"friends_count":151,"profile_image_url_https":"https://si0.twimg.com/profile_images/2322676129/aifvpw6a5w5qelmkhszw_normal.jpeg","profile_background_image_url":"http://a0.twimg.com/profile_background_images/302491593/x0306116e7a783cc6e30111b0e2387d3.jpg","listed_count":6,"default_profile_image":false,"favourites_count":8,"description":"http://www.gamefm.com.br\r\nhttp://www.tecnoetc.com.br\r\nhttp://www.ovomaltino.com.br\r\nhttp://www.soundsofalgol.com","created_at":"Tue Feb 16 00:53:10 +0000 2010","is_translator":false,"profile_background_image_url_https":"https://si0.twimg.com/profile_background_images/302491593/x0306116e7a783cc6e30111b0e2387d3.jpg","protected":false,"screen_name":"KamatsuKyoto","id_str":"114603632","profile_link_color":"0D88A4","geo_enabled":true,"id":114603632,"profile_background_color":"010201","lang":"en","profile_sidebar_border_color":"ABCC78","profile_text_color":"27825C","verified":false,"profile_image_url":"http://a0.twimg.com/profile_images/2322676129/aifvpw6a5w5qelmkhszw_normal.jpeg","time_zone":"Brasilia","url":"http://www.sixheads.com.br","contributors_enabled":false,"profile_background_tile":false,"follow_request_sent":null,"statuses_count":31454,"profile_use_background_image":true,"followers_count":256,"following":null,"default_profile":false,"name":"Alan Motta Cardoso","profile_sidebar_fill_color":"1F394D","location":"Rio de Janeiro - RJ","notifications":null},"favorited":false}