{"in_reply_to_status_id_str":"385074406827253760","in_reply_to_status_id":385074406827253760,"coordinates":null,"truncated":false,"in_reply_to_user_id_str":"29008965","created_at":"Tue Oct 01 16:21:31 +0000 2013","source":"<a href=\"http://www.scup.com.br\" rel=\"nofollow\">Scup<\/a>","retweet_count":0,"retweeted":false,"geo":null,"filter_level":"medium","in_reply_to_screen_name":"rickhenrique","entities":{"urls":[],"hashtags":[],"user_mentions":[{"indices":[0,13],"screen_name":"rickhenrique","id_str":"29008965","name":"ʀɪᴄᴋʜᴇɴʀɪǫᴜᴇ","id":29008965}],"symbols":[]},"id_str":"385077024379109376","in_reply_to_user_id":29008965,"favorite_count":0,"contributors":null,"text":"@rickhenrique Oi! O que aconteceu? Podemos te ajudar?","id":385077024379109376,"place":null,"lang":"pt","user":{"utc_offset":-10800,"friends_count":16200,"profile_image_url_https":"https://si0.twimg.com/profile_images/1465923306/avatar_alobradesco_normal.png","profile_background_image_url":"http://a0.twimg.com/profile_background_images/378800000082154111/242b5dc081af24d865e6d65e3d27b24b.jpeg","listed_count":231,"default_profile_image":false,"favourites_count":55,"description":"Trabalhamos dia e noite para atender você, onde estiver e quando precisar. Use esse canal para interagir conosco e conte com a presença do Bradesco.","created_at":"Tue Sep 29 14:06:14 +0000 2009","is_translator":false,"profile_background_image_url_https":"https://si0.twimg.com/profile_background_images/378800000082154111/242b5dc081af24d865e6d65e3d27b24b.jpeg","protected":false,"screen_name":"AloBradesco","id_str":"78317870","profile_link_color":"757036","geo_enabled":false,"id":78317870,"profile_background_color":"A80F0F","lang":"pt","profile_sidebar_border_color":"FFFFFF","profile_text_color":"333333","verified":false,"profile_image_url":"http://a0.twimg.com/profile_images/1465923306/avatar_alobradesco_normal.png","time_zone":"Brasilia","url":"http://www.bradesco.com.br","contributors_enabled":false,"profile_banner_url":"https://pbs.twimg.com/profile_banners/78317870/1379846488","profile_background_tile":false,"follow_request_sent":null,"statuses_count":145292,"profile_use_background_image":true,"followers_count":20715,"following":null,"default_profile":false,"name":"Alô Bradesco","profile_sidebar_fill_color":"DDEEF6","location":"Brasil","notifications":null},"favorited":false}