{"in_reply_to_status_id_str":null,"in_reply_to_status_id":null,"coordinates":null,"truncated":false,"in_reply_to_user_id_str":null,"created_at":"Tue Oct 01 13:05:18 +0000 2013","source":"web","retweet_count":0,"retweeted":false,"geo":null,"filter_level":"medium","in_reply_to_screen_name":null,"entities":{"urls":[],"hashtags":[],"user_mentions":[{"indices":[14,23],"screen_name":"Bradesco","id_str":"79184083","name":"Banco Bradesco","id":79184083}],"symbols":[]},"id_str":"385027645538177025","in_reply_to_user_id":null,"favorite_count":0,"contributors":null,"text":"Meu cartão do @Bradesco não chega nunca!","id":385027645538177025,"place":null,"lang":"pt","user":{"utc_offset":-10800,"friends_count":288,"profile_image_url_https":"https://si0.twimg.com/profile_images/2631006861/71896f5ac20cc9307bc35e72ff8438de_normal.png","profile_background_image_url":"http://a0.twimg.com/profile_background_images/111603880/page.jpg","listed_count":1,"default_profile_image":false,"favourites_count":7,"description":"Simples de coração ♫ Engenheiros do Hawaii/ MJ RCC","created_at":"Sun Aug 02 18:22:49 +0000 2009","is_translator":false,"profile_background_image_url_https":"https://si0.twimg.com/profile_background_images/111603880/page.jpg","protected":false,"screen_name":"vimazzini","id_str":"62316882","profile_link_color":"FF0900","geo_enabled":false,"id":62316882,"profile_background_color":"050505","lang":"en","profile_sidebar_border_color":"F5F2F5","profile_text_color":"080000","verified":false,"profile_image_url":"http://a0.twimg.com/profile_images/2631006861/71896f5ac20cc9307bc35e72ff8438de_normal.png","time_zone":"Santiago","url":"http://www.facebook.com/profile.php?id=100002793028025","contributors_enabled":false,"profile_background_tile":true,"follow_request_sent":null,"statuses_count":13259,"profile_use_background_image":true,"followers_count":327,"following":null,"default_profile":false,"name":"Vinicius Mazzini","profile_sidebar_fill_color":"030303","location":"Brasil","notifications":null},"favorited":false}