{"in_reply_to_status_id_str":"385078656311504897","in_reply_to_status_id":385078656311504897,"coordinates":{"coordinates":[-46.54648067,-23.6669032],"type":"Point"},"truncated":false,"in_reply_to_user_id_str":"78317870","created_at":"Tue Oct 01 16:29:55 +0000 2013","source":"<a href=\"http://twitter.com/download/iphone\" rel=\"nofollow\">Twitter for iPhone<\/a>","retweet_count":0,"retweeted":false,"geo":{"coordinates":[-23.6669032,-46.54648067],"type":"Point"},"filter_level":"medium","in_reply_to_screen_name":"AloBradesco","entities":{"urls":[],"hashtags":[],"user_mentions":[{"indices":[0,12],"screen_name":"AloBradesco","id_str":"78317870","name":"Alô Bradesco","id":78317870}],"symbols":[]},"id_str":"385079135800164352","in_reply_to_user_id":78317870,"favorite_count":0,"contributors":null,"text":"@AloBradesco Por favor !! Aguardo contato !!","id":385079135800164352,"place":{"country_code":"BR","country":"Brasil","full_name":"Santo André, São Paulo","bounding_box":{"coordinates":[[[-46.567276,-23.815924],[-46.567276,-23.605615],[-46.278106,-23.605615],[-46.278106,-23.815924]]],"type":"Polygon"},"place_type":"city","name":"Santo André","attributes":{},"id":"35e1542602b65f19","url":"https://api.twitter.com/1.1/geo/id/35e1542602b65f19.json"},"lang":"es","user":{"utc_offset":-10800,"friends_count":332,"profile_image_url_https":"https://si0.twimg.com/profile_images/3761352326/853446ee74be83e8eb8e62a13697b86a_normal.jpeg","profile_background_image_url":"http://a0.twimg.com/profile_background_images/31718157/Pagina-twitter2.jpg","listed_count":6,"default_profile_image":false,"favourites_count":11,"description":"Design e DJ","created_at":"Mon Jul 27 17:56:34 +0000 2009","is_translator":false,"profile_background_image_url_https":"https://si0.twimg.com/profile_background_images/31718157/Pagina-twitter2.jpg","protected":false,"screen_name":"djvanderdias","id_str":"60662568","profile_link_color":"0084B4","geo_enabled":true,"id":60662568,"profile_background_color":"9AE4E8","lang":"pt","profile_sidebar_border_color":"BDDCAD","profile_text_color":"333333","verified":false,"profile_image_url":"http://a0.twimg.com/profile_images/3761352326/853446ee74be83e8eb8e62a13697b86a_normal.jpeg","time_zone":"Santiago","url":"http://www.creativi.com.br","contributors_enabled":false,"profile_banner_url":"https://pbs.twimg.com/profile_banners/60662568/1379657637","profile_background_tile":true,"follow_request_sent":null,"statuses_count":20119,"profile_use_background_image":true,"followers_count":424,"following":null,"default_profile":false,"name":"Vander Dias","profile_sidebar_fill_color":"DDFFCC","location":"São Paulo ","notifications":null},"favorited":false}