{"in_reply_to_status_id_str":null,"in_reply_to_status_id":null,"coordinates":null,"truncated":false,"in_reply_to_user_id_str":null,"created_at":"Tue Oct 01 16:53:05 +0000 2013","source":"web","retweet_count":0,"retweeted":false,"geo":null,"filter_level":"medium","in_reply_to_screen_name":null,"entities":{"urls":[],"hashtags":[],"user_mentions":[{"indices":[109,121],"screen_name":"AloBradesco","id_str":"78317870","name":"Alô Bradesco","id":78317870}],"symbols":[]},"id_str":"385084968281468928","in_reply_to_user_id":null,"favorite_count":0,"contributors":null,"text":"Saquei dinheiro num terminal do Bradesco no aeroporto de Curitiba. Agora vi que a nota está sem um pedaço :( @AloBradesco , o que fazer?","id":385084968281468928,"place":null,"lang":"pt","user":{"utc_offset":-10800,"friends_count":177,"profile_image_url_https":"https://si0.twimg.com/profile_images/1449849191/mer_l_jul_c_normal.jpg","profile_background_image_url":"http://a0.twimg.com/profile_background_images/4097033/botes4.jpg","listed_count":11,"default_profile_image":false,"favourites_count":21,"description":null,"created_at":"Fri Feb 22 13:16:36 +0000 2008","is_translator":false,"profile_background_image_url_https":"https://si0.twimg.com/profile_background_images/4097033/botes4.jpg","protected":false,"screen_name":"merel","id_str":"13817422","profile_link_color":"0A8063","geo_enabled":false,"id":13817422,"profile_background_color":"FFFFFF","lang":"en","profile_sidebar_border_color":"FFFFFF","profile_text_color":"000000","verified":false,"profile_image_url":"http://a0.twimg.com/profile_images/1449849191/mer_l_jul_c_normal.jpg","time_zone":"Brasilia","url":null,"contributors_enabled":false,"profile_background_tile":false,"follow_request_sent":null,"statuses_count":11049,"profile_use_background_image":true,"followers_count":262,"following":null,"default_profile":false,"name":"merél","profile_sidebar_fill_color":"E7F5F0","location":"Rio de Janeiro","notifications":null},"favorited":false}