{"in_reply_to_status_id_str":null,"in_reply_to_status_id":null,"coordinates":null,"truncated":false,"in_reply_to_user_id_str":"125350958","created_at":"Tue Oct 01 15:54:13 +0000 2013","source":"<a href=\"http://itunes.apple.com/us/app/twitter/id409789998?mt=12\" rel=\"nofollow\">Twitter for Mac<\/a>","retweet_count":0,"retweeted":false,"geo":null,"filter_level":"medium","in_reply_to_screen_name":null,"entities":{"urls":[],"hashtags":[],"user_mentions":[{"indices":[0,12],"screen_name":"itau30horas","id_str":"125350958","name":"Itaú 30 horas","id":125350958},{"indices":[13,25],"screen_name":"AloBradesco","id_str":"78317870","name":"Alô Bradesco","id":78317870}],"symbols":[]},"id_str":"385070152318205952","in_reply_to_user_id":125350958,"favorite_count":0,"contributors":null,"text":"@itau30horas @AloBradesco Sabem me informar se os bancos ainda estão de greve?","id":385070152318205952,"place":null,"lang":"pt","user":{"utc_offset":-10800,"friends_count":77,"profile_image_url_https":"https://si0.twimg.com/profile_images/378800000031938806/a4dc788114e0488e701ec7bfc8915f5b_normal.jpeg","profile_background_image_url":"http://a0.twimg.com/profile_background_images/432113463/twitter.jpg","listed_count":0,"default_profile_image":false,"favourites_count":2,"description":"Parece piada, mas é só a minha vida","created_at":"Sat Dec 04 22:26:51 +0000 2010","is_translator":false,"profile_background_image_url_https":"https://si0.twimg.com/profile_background_images/432113463/twitter.jpg","protected":false,"screen_name":"tsabaia","id_str":"222939142","profile_link_color":"009999","geo_enabled":true,"id":222939142,"profile_background_color":"131516","lang":"pt","profile_sidebar_border_color":"EEEEEE","profile_text_color":"333333","verified":false,"profile_image_url":"http://a0.twimg.com/profile_images/378800000031938806/a4dc788114e0488e701ec7bfc8915f5b_normal.jpeg","time_zone":"Brasilia","url":"http://thiagosabaia.net","contributors_enabled":false,"profile_banner_url":"https://pbs.twimg.com/profile_banners/222939142/1369100406","profile_background_tile":false,"follow_request_sent":null,"statuses_count":40057,"profile_use_background_image":true,"followers_count":515,"following":null,"default_profile":false,"name":"Thiago Sabaia","profile_sidebar_fill_color":"EFEFEF","location":"Rio de Janeiro","notifications":null},"favorited":false}