{"in_reply_to_status_id_str":null,"in_reply_to_status_id":null,"possibly_sensitive":false,"coordinates":null,"truncated":false,"in_reply_to_user_id_str":null,"created_at":"Tue Oct 01 22:24:09 +0000 2013","source":"<a href=\"http://instagram.com\" rel=\"nofollow\">Instagram<\/a>","retweet_count":0,"retweeted":false,"geo":null,"filter_level":"medium","in_reply_to_screen_name":null,"entities":{"urls":[{"display_url":"instagram.com/p/e8QHUUxezJ/","indices":[60,82],"expanded_url":"http://instagram.com/p/e8QHUUxezJ/","url":"http://t.co/4s8MsH0ZST"}],"hashtags":[{"indices":[42,51],"text":"bradesco"}],"user_mentions":[],"symbols":[]},"id_str":"385168284955738112","in_reply_to_user_id":null,"favorite_count":0,"contributors":null,"text":"Bradesco é presença!!! Lado a lado!!!! 👔👞 #bradesco @ Barão http://t.co/4s8MsH0ZST","id":385168284955738112,"place":null,"lang":"pt","user":{"utc_offset":null,"friends_count":184,"profile_image_url_https":"https://si0.twimg.com/profile_images/378800000395293506/299a0a8cbe2882acfa7d099160652c6c_normal.jpeg","profile_background_image_url":"http://abs.twimg.com/images/themes/theme1/bg.png","listed_count":0,"default_profile_image":false,"favourites_count":2,"description":null,"created_at":"Mon Apr 22 01:22:10 +0000 2013","is_translator":false,"profile_background_image_url_https":"https://abs.twimg.com/images/themes/theme1/bg.png","protected":false,"screen_name":"CamargoRodrig","id_str":"1370973481","profile_link_color":"0084B4","geo_enabled":false,"id":1370973481,"profile_background_color":"C0DEED","lang":"pt","profile_sidebar_border_color":"C0DEED","profile_text_color":"333333","verified":false,"profile_image_url":"http://a0.twimg.com/profile_images/378800000395293506/299a0a8cbe2882acfa7d099160652c6c_normal.jpeg","time_zone":null,"url":null,"contributors_enabled":false,"profile_banner_url":"https://pbs.twimg.com/profile_banners/1370973481/1366594212","profile_background_tile":false,"follow_request_sent":null,"statuses_count":439,"profile_use_background_image":true,"followers_count":59,"following":null,"default_profile":true,"name":"Rodrigo Camargo","profile_sidebar_fill_color":"DDEEF6","location":"","notifications":null},"favorited":false}