{"in_reply_to_status_id_str":null,"in_reply_to_status_id":null,"coordinates":null,"truncated":false,"in_reply_to_user_id_str":null,"created_at":"Tue Oct 01 19:45:46 +0000 2013","source":"<a href=\"http://www.tweetdeck.com\" rel=\"nofollow\">TweetDeck<\/a>","retweet_count":0,"retweeted":false,"geo":null,"filter_level":"medium","in_reply_to_screen_name":null,"entities":{"urls":[],"hashtags":[{"indices":[79,91],"text":"socialmedia"}],"user_mentions":[{"indices":[59,71],"screen_name":"AloBradesco","id_str":"78317870","name":"Alô Bradesco","id":78317870}],"symbols":[]},"id_str":"385128426652590080","in_reply_to_user_id":null,"favorite_count":0,"contributors":null,"text":"Prêmio de melhor atendimento virtual, mais uma vez, para o @alobradesco. &lt;3 #socialmedia","id":385128426652590080,"place":null,"lang":"pt","user":{"utc_offset":-10800,"friends_count":440,"profile_image_url_https":"https://si0.twimg.com/profile_images/2638648747/d81d6a9e839d79e73c379f528ba1b1d7_normal.jpeg","profile_background_image_url":"http://a0.twimg.com/profile_background_images/117815957/bolhas.JPG","listed_count":30,"default_profile_image":false,"favourites_count":47,"description":"Brasiliense, são-paulina, jornalista internética, palpiteira. Queria ser artista de circo.","created_at":"Sun Jun 07 02:15:38 +0000 2009","is_translator":false,"profile_background_image_url_https":"https://si0.twimg.com/profile_background_images/117815957/bolhas.JPG","protected":false,"screen_name":"cintyafeitosa","id_str":"45264111","profile_link_color":"804142","geo_enabled":true,"id":45264111,"profile_background_color":"1753A1","lang":"en","profile_sidebar_border_color":"7367A1","profile_text_color":"333333","verified":false,"profile_image_url":"http://a0.twimg.com/profile_images/2638648747/d81d6a9e839d79e73c379f528ba1b1d7_normal.jpeg","time_zone":"Brasilia","url":"http://cintyafeitosa.wordpress.com/","contributors_enabled":false,"profile_banner_url":"https://pbs.twimg.com/profile_banners/45264111/1348879775","profile_background_tile":true,"follow_request_sent":null,"statuses_count":5535,"profile_use_background_image":true,"followers_count":477,"following":null,"default_profile":false,"name":"Cíntya Feitosa","profile_sidebar_fill_color":"8982A6","location":"Brasília","notifications":null},"favorited":false}