{"in_reply_to_status_id_str":null,"in_reply_to_status_id":null,"coordinates":null,"truncated":false,"in_reply_to_user_id_str":null,"created_at":"Wed Oct 02 03:17:09 +0000 2013","source":"web","retweet_count":0,"retweeted":false,"geo":null,"filter_level":"medium","in_reply_to_screen_name":null,"entities":{"urls":[],"hashtags":[{"indices":[47,56],"text":"Bradesco"}],"user_mentions":[],"symbols":[]},"id_str":"385242021046149120","in_reply_to_user_id":null,"favorite_count":0,"contributors":null,"text":"Não me manda uma meia  calabresa meio musarela #Bradesco","id":385242021046149120,"place":null,"lang":"pt","user":{"utc_offset":null,"friends_count":206,"profile_image_url_https":"https://si0.twimg.com/profile_images/378800000520345142/45586ca638a3d05b45df287ff68bb0f2_normal.png","profile_background_image_url":"http://a0.twimg.com/profile_background_images/378800000086124201/e852670b16b56a32e61918c90aa20521.jpeg","listed_count":0,"default_profile_image":false,"favourites_count":6,"description":"Holland Roden , Dylan Obrien , Druida , Carvalho , Beacon Hills High Teen Wolf ,  Justin Bieber , Paramore , Hayley , Series , Filmes , Animes , Comida , HP","created_at":"Sat Sep 28 17:44:59 +0000 2013","is_translator":false,"profile_background_image_url_https":"https://si0.twimg.com/profile_background_images/378800000086124201/e852670b16b56a32e61918c90aa20521.jpeg","protected":false,"screen_name":"HollandDiva","id_str":"1914836954","profile_link_color":"0084B4","geo_enabled":false,"id":1914836954,"profile_background_color":"C0DEED","lang":"pt","profile_sidebar_border_color":"FFFFFF","profile_text_color":"333333","verified":false,"profile_image_url":"http://a0.twimg.com/profile_images/378800000520345142/45586ca638a3d05b45df287ff68bb0f2_normal.png","time_zone":null,"url":"http://disturbio.tumblr.com","contributors_enabled":false,"profile_banner_url":"https://pbs.twimg.com/profile_banners/1914836954/1380392081","profile_background_tile":true,"follow_request_sent":null,"statuses_count":97,"profile_use_background_image":true,"followers_count":194,"following":null,"default_profile":false,"name":"Holland Diva","profile_sidebar_fill_color":"DDEEF6","location":"","notifications":null},"favorited":false}