{"in_reply_to_status_id_str":"385224885615988736","in_reply_to_status_id":385224885615988736,"coordinates":null,"truncated":false,"in_reply_to_user_id_str":"78317870","created_at":"Wed Oct 02 02:24:12 +0000 2013","source":"<a href=\"http://twitter.com/download/iphone\" rel=\"nofollow\">Twitter for iPhone<\/a>","retweet_count":0,"retweeted":false,"geo":null,"filter_level":"medium","in_reply_to_screen_name":"AloBradesco","entities":{"urls":[],"hashtags":[],"user_mentions":[{"indices":[0,12],"screen_name":"AloBradesco","id_str":"78317870","name":"Alô Bradesco","id":78317870}],"symbols":[]},"id_str":"385228694933237760","in_reply_to_user_id":78317870,"favorite_count":0,"contributors":null,"text":"@AloBradesco muito obrigado!","id":385228694933237760,"place":null,"lang":"pt","user":{"utc_offset":-10800,"friends_count":111,"profile_image_url_https":"https://si0.twimg.com/profile_images/2642343946/25c102bfb9a23dc8023338e857212131_normal.jpeg","profile_background_image_url":"http://abs.twimg.com/images/themes/theme14/bg.gif","listed_count":90,"default_profile_image":false,"favourites_count":54,"description":"Get ready for action...","created_at":"Sun Mar 29 14:35:16 +0000 2009","is_translator":false,"profile_background_image_url_https":"https://abs.twimg.com/images/themes/theme14/bg.gif","protected":false,"screen_name":"brunobld","id_str":"27433634","profile_link_color":"5E6B7A","geo_enabled":true,"id":27433634,"profile_background_color":"131516","lang":"en","profile_sidebar_border_color":"000000","profile_text_color":"CCCCCC","verified":false,"profile_image_url":"http://a0.twimg.com/profile_images/2642343946/25c102bfb9a23dc8023338e857212131_normal.jpeg","time_zone":"Brasilia","url":"http://www.action182.com","contributors_enabled":false,"profile_banner_url":"https://pbs.twimg.com/profile_banners/27433634/1380091458","profile_background_tile":false,"follow_request_sent":null,"statuses_count":70629,"profile_use_background_image":true,"followers_count":3710,"following":null,"default_profile":false,"name":"Bruno Clozel","profile_sidebar_fill_color":"000000","location":"Worldwide","notifications":null},"favorited":false}