{"in_reply_to_status_id_str":null,"in_reply_to_status_id":null,"possibly_sensitive":false,"coordinates":null,"truncated":false,"in_reply_to_user_id_str":null,"created_at":"Wed Oct 02 01:35:40 +0000 2013","source":"<a href=\"http://twitter.com/tweetbutton\" rel=\"nofollow\">Tweet Button<\/a>","retweet_count":0,"retweeted":false,"geo":null,"filter_level":"medium","in_reply_to_screen_name":null,"entities":{"urls":[{"display_url":"reclameaqui.com.br/6583595/brades\u2026","indices":[59,81],"expanded_url":"http://www.reclameaqui.com.br/6583595/bradesco-visa-mastercard-e-elo/negligencia-calunia-falta-de-comprometimento-pessimo-atendi/","url":"http://t.co/ZgrJFzJrdf"}],"hashtags":[{"indices":[0,12],"text":"ReclameAqui"},{"indices":[18,27],"text":"Bradesco"},{"indices":[82,94],"text":"alobradesco"},{"indices":[95,110],"text":"bancocentralbr"},{"indices":[111,126],"text":"r_bandeirantes"},{"indices":[127,143],"text":"celso_russomano"}],"user_mentions":[],"symbols":[]},"id_str":"385216478649147393","in_reply_to_user_id":null,"favorite_count":0,"contributors":null,"text":"#ReclameAqui &gt; #Bradesco Mastercard NEGLIGENCIA,CALUNIA http://t.co/ZgrJFzJrdf #alobradesco #bancocentralbr #r_bandeirantes #celso_russomano","id":385216478649147393,"place":null,"lang":"pt","user":{"utc_offset":-10800,"friends_count":28,"profile_image_url_https":"https://si0.twimg.com/profile_images/378800000516212589/f53d5c04b1178d69eca6fbb660b1b19b_normal.jpeg","profile_background_image_url":"http://a0.twimg.com/profile_background_images/751485394/6e67629b314d6c003705b94afd57f2fd.jpeg","listed_count":0,"default_profile_image":false,"favourites_count":0,"description":"Esse cara....sono io =)","created_at":"Sun Dec 30 21:51:02 +0000 2012","is_translator":false,"profile_background_image_url_https":"https://si0.twimg.com/profile_background_images/751485394/6e67629b314d6c003705b94afd57f2fd.jpeg","protected":false,"screen_name":"luciogirotto","id_str":"1048879812","profile_link_color":"575E61","geo_enabled":false,"id":1048879812,"profile_background_color":"181C1F","lang":"pt","profile_sidebar_border_color":"454B52","profile_text_color":"CB9934","verified":false,"profile_image_url":"http://a0.twimg.com/profile_images/378800000516212589/f53d5c04b1178d69eca6fbb660b1b19b_normal.jpeg","time_zone":"Brasilia","url":null,"contributors_enabled":false,"profile_banner_url":"https://pbs.twimg.com/profile_banners/1048879812/1380316686","profile_background_tile":false,"follow_request_sent":null,"statuses_count":28,"profile_use_background_image":true,"followers_count":7,"following":null,"default_profile":false,"name":"Lucio","profile_sidebar_fill_color":"0E1621","location":"Sao Paulo","notifications":null},"favorited":false}