{"in_reply_to_status_id_str":"385393273994756096","in_reply_to_status_id":385393273994756096,"coordinates":null,"truncated":false,"in_reply_to_user_id_str":"78317870","created_at":"Wed Oct 02 13:28:06 +0000 2013","source":"web","retweet_count":0,"retweeted":false,"geo":null,"filter_level":"medium","in_reply_to_screen_name":"AloBradesco","entities":{"urls":[],"hashtags":[],"user_mentions":[{"indices":[0,12],"screen_name":"AloBradesco","id_str":"78317870","name":"Alô Bradesco","id":78317870}],"symbols":[]},"id_str":"385395771220037634","in_reply_to_user_id":78317870,"favorite_count":0,"contributors":null,"text":"@AloBradesco Compreendo, pra mim ficaria mais fácil em qualquer uma da avenida paulista.","id":385395771220037634,"place":null,"lang":"pt","user":{"utc_offset":-10800,"friends_count":157,"profile_image_url_https":"https://si0.twimg.com/profile_images/3687383279/65788d1100ec3948c55b4fe42d772836_normal.jpeg","profile_background_image_url":"http://a0.twimg.com/profile_background_images/159387811/pimenta-.jpg","listed_count":3,"default_profile_image":false,"favourites_count":47,"description":"Evite acidentes, faça TUDO de propósito!","created_at":"Tue Sep 22 04:20:27 +0000 2009","is_translator":false,"profile_background_image_url_https":"https://si0.twimg.com/profile_background_images/159387811/pimenta-.jpg","protected":false,"screen_name":"gkotsubo","id_str":"76248427","profile_link_color":"FF0000","geo_enabled":true,"id":76248427,"profile_background_color":"5E545E","lang":"pt","profile_sidebar_border_color":"A4A5A6","profile_text_color":"756E75","verified":false,"profile_image_url":"http://a0.twimg.com/profile_images/3687383279/65788d1100ec3948c55b4fe42d772836_normal.jpeg","time_zone":"Brasilia","url":"http://www.facebook.com/glauco.kotsubo","contributors_enabled":false,"profile_banner_url":"https://pbs.twimg.com/profile_banners/76248427/1349195304","profile_background_tile":true,"follow_request_sent":null,"statuses_count":9613,"profile_use_background_image":true,"followers_count":591,"following":null,"default_profile":false,"name":"Glauco Kotsubo ","profile_sidebar_fill_color":"0A0A0A","location":"","notifications":null},"favorited":false}