{"in_reply_to_status_id_str":null,"in_reply_to_status_id":null,"coordinates":null,"truncated":false,"in_reply_to_user_id_str":"78317870","created_at":"Wed Oct 02 11:41:55 +0000 2013","source":"web","retweet_count":0,"retweeted":false,"geo":null,"filter_level":"medium","in_reply_to_screen_name":"AloBradesco","entities":{"urls":[],"hashtags":[],"user_mentions":[{"indices":[0,12],"screen_name":"AloBradesco","id_str":"78317870","name":"Alô Bradesco","id":78317870}],"symbols":[]},"id_str":"385369049581879296","in_reply_to_user_id":78317870,"favorite_count":0,"contributors":null,"text":"@AloBradesco Ligaram me oferecendo um cartão internacional e no momento não podia atender,estou esperando o novo contato","id":385369049581879296,"place":null,"lang":"pt","user":{"utc_offset":-10800,"friends_count":613,"profile_image_url_https":"https://si0.twimg.com/profile_images/3490284981/7c50309386d5040b930a74882f49ef0e_normal.jpeg","profile_background_image_url":"http://a0.twimg.com/profile_background_images/119859091/The_Godfather__1972__Marlon_Brando__Al_Pacino__James_Caan__1_.jpg","listed_count":2,"default_profile_image":false,"favourites_count":7,"description":"Formado em História e Tecnólogo Gerencial,Colecionador de DVDs,adoro Cinema,T.V.,Futebol ,uma das coisas que meu Pai me deixou, é de ser um Grande Palmeirense.","created_at":"Fri Jun 26 18:48:52 +0000 2009","is_translator":false,"profile_background_image_url_https":"https://si0.twimg.com/profile_background_images/119859091/The_Godfather__1972__Marlon_Brando__Al_Pacino__James_Caan__1_.jpg","protected":false,"screen_name":"RafaFonta","id_str":"51175264","profile_link_color":"F05D0E","geo_enabled":true,"id":51175264,"profile_background_color":"0AFFEB","lang":"pt","profile_sidebar_border_color":"FFFFFF","profile_text_color":"333333","verified":false,"profile_image_url":"http://a0.twimg.com/profile_images/3490284981/7c50309386d5040b930a74882f49ef0e_normal.jpeg","time_zone":"Brasilia","url":"http://fontacollection.tumblr.com/","contributors_enabled":false,"profile_banner_url":"https://pbs.twimg.com/profile_banners/51175264/1377365715","profile_background_tile":true,"follow_request_sent":null,"statuses_count":11396,"profile_use_background_image":true,"followers_count":662,"following":null,"default_profile":false,"name":"Rafael Fontanetti","profile_sidebar_fill_color":"050404","location":"Brasil - Ribeirão Preto-SP","notifications":null},"favorited":false}