{"in_reply_to_status_id_str":null,"in_reply_to_status_id":null,"coordinates":null,"truncated":false,"in_reply_to_user_id_str":"95898299","created_at":"Wed Oct 02 14:41:12 +0000 2013","source":"<a href=\"http://twitter.com/download/android\" rel=\"nofollow\">Twitter for Android<\/a>","retweet_count":0,"retweeted":false,"geo":null,"filter_level":"medium","in_reply_to_screen_name":"MaisBB","entities":{"urls":[],"hashtags":[],"user_mentions":[{"indices":[0,7],"screen_name":"MaisBB","id_str":"95898299","name":"Mais Banco do Brasil","id":95898299},{"indices":[82,91],"screen_name":"Bradesco","id_str":"79184083","name":"Banco Bradesco","id":79184083}],"symbols":[]},"id_str":"385414167857233920","in_reply_to_user_id":95898299,"favorite_count":0,"contributors":null,"text":"@MaisBB não consigo tirar minhas duvidas no telefone. Sou un usuário recente. No  @Bradesco resolvo tudo por telefone.","id":385414167857233920,"place":null,"lang":"pt","user":{"utc_offset":-10800,"friends_count":190,"profile_image_url_https":"https://si0.twimg.com/profile_images/2740774224/a6a9cb10224f1edacecf2182bb0d0e78_normal.jpeg","profile_background_image_url":"http://abs.twimg.com/images/themes/theme13/bg.gif","listed_count":0,"default_profile_image":false,"favourites_count":5,"description":null,"created_at":"Wed Jul 04 18:53:34 +0000 2012","is_translator":false,"profile_background_image_url_https":"https://abs.twimg.com/images/themes/theme13/bg.gif","protected":false,"screen_name":"laurolll","id_str":"626691701","profile_link_color":"93A644","geo_enabled":false,"id":626691701,"profile_background_color":"B2DFDA","lang":"pt","profile_sidebar_border_color":"EEEEEE","profile_text_color":"333333","verified":false,"profile_image_url":"http://a0.twimg.com/profile_images/2740774224/a6a9cb10224f1edacecf2182bb0d0e78_normal.jpeg","time_zone":"Brasilia","url":null,"contributors_enabled":false,"profile_banner_url":"https://pbs.twimg.com/profile_banners/626691701/1363440534","profile_background_tile":false,"follow_request_sent":null,"statuses_count":71,"profile_use_background_image":true,"followers_count":33,"following":null,"default_profile":false,"name":"Lauro Linhares","profile_sidebar_fill_color":"FFFFFF","location":"","notifications":null},"favorited":false}