{"in_reply_to_status_id_str":"385406667589828609","in_reply_to_status_id":385406667589828609,"coordinates":null,"truncated":false,"in_reply_to_user_id_str":"206728461","created_at":"Wed Oct 02 14:12:32 +0000 2013","source":"web","retweet_count":0,"retweeted":false,"geo":null,"filter_level":"medium","in_reply_to_screen_name":"Danweidy","entities":{"urls":[],"hashtags":[],"user_mentions":[{"indices":[46,59],"screen_name":"santander_br","id_str":"48700857","name":"Santander Brasil","id":48700857},{"indices":[62,71],"screen_name":"Bradesco","id_str":"79184083","name":"Banco Bradesco","id":79184083}],"symbols":[]},"id_str":"385406951737155586","in_reply_to_user_id":206728461,"favorite_count":0,"contributors":null,"text":"Acho uma falta de respeito de ambos os bancos @santander_br e @Bradesco você querer PAGAR uma conta mas o boleto não chegar.","id":385406951737155586,"place":null,"lang":"pt","user":{"utc_offset":-10800,"friends_count":63,"profile_image_url_https":"https://si0.twimg.com/profile_images/3562830321/7756a7aa70304f6f8f32b9856442576c_normal.jpeg","profile_background_image_url":"http://a0.twimg.com/profile_background_images/851288217/1bacae17953d5b43f77f2a04100c8ae7.jpeg","listed_count":1,"default_profile_image":false,"favourites_count":2,"description":null,"created_at":"Sat Oct 23 15:49:27 +0000 2010","is_translator":false,"profile_background_image_url_https":"https://si0.twimg.com/profile_background_images/851288217/1bacae17953d5b43f77f2a04100c8ae7.jpeg","protected":false,"screen_name":"Danweidy","id_str":"206728461","profile_link_color":"2FC1D4","geo_enabled":true,"id":206728461,"profile_background_color":"ACDED6","lang":"pt","profile_sidebar_border_color":"FFFFFF","profile_text_color":"1A2278","verified":false,"profile_image_url":"http://a0.twimg.com/profile_images/3562830321/7756a7aa70304f6f8f32b9856442576c_normal.jpeg","time_zone":"Brasilia","url":"http://meadiciona.com/danweidy","contributors_enabled":false,"profile_banner_url":"https://pbs.twimg.com/profile_banners/206728461/1366811761","profile_background_tile":true,"follow_request_sent":null,"statuses_count":7006,"profile_use_background_image":true,"followers_count":52,"following":null,"default_profile":false,"name":"× Dan Weidy ϟ ","profile_sidebar_fill_color":"DFEBF0","location":"Campinas - SP","notifications":null},"favorited":false}