{"in_reply_to_status_id_str":null,"in_reply_to_status_id":null,"coordinates":null,"truncated":false,"in_reply_to_user_id_str":"79184083","created_at":"Wed Oct 02 14:57:44 +0000 2013","source":"<a href=\"http://www.twitter.com\" rel=\"nofollow\">Twitter for Windows Phone<\/a>","retweet_count":0,"retweeted":false,"geo":null,"filter_level":"medium","in_reply_to_screen_name":"Bradesco","entities":{"urls":[],"hashtags":[],"user_mentions":[{"indices":[0,9],"screen_name":"Bradesco","id_str":"79184083","name":"Banco Bradesco","id":79184083}],"symbols":[]},"id_str":"385418325096144896","in_reply_to_user_id":79184083,"favorite_count":0,"contributors":null,"text":"@Bradesco estou com celular novo e não consigo recadastrar a chave de,segurança no celular pois não tem opção no fone fácil","id":385418325096144896,"place":null,"lang":"pt","user":{"utc_offset":-10800,"friends_count":44,"profile_image_url_https":"https://si0.twimg.com/profile_images/817666856/foto_normal.jpg","profile_background_image_url":"http://abs.twimg.com/images/themes/theme1/bg.png","listed_count":1,"default_profile_image":false,"favourites_count":0,"description":"Deus é bom demais !!!!","created_at":"Tue Nov 03 16:24:30 +0000 2009","is_translator":false,"profile_background_image_url_https":"https://abs.twimg.com/images/themes/theme1/bg.png","protected":false,"screen_name":"lambomfim","id_str":"87225336","profile_link_color":"0084B4","geo_enabled":false,"id":87225336,"profile_background_color":"C0DEED","lang":"en","profile_sidebar_border_color":"C0DEED","profile_text_color":"333333","verified":false,"profile_image_url":"http://a0.twimg.com/profile_images/817666856/foto_normal.jpg","time_zone":"Brasilia","url":null,"contributors_enabled":false,"profile_background_tile":false,"follow_request_sent":null,"statuses_count":371,"profile_use_background_image":true,"followers_count":22,"following":null,"default_profile":true,"name":"Luis Bomfim","profile_sidebar_fill_color":"DDEEF6","location":"","notifications":null},"favorited":false}