{"in_reply_to_status_id_str":null,"in_reply_to_status_id":null,"coordinates":null,"truncated":false,"in_reply_to_user_id_str":null,"created_at":"Wed Oct 02 14:36:09 +0000 2013","source":"web","retweet_count":0,"retweeted":false,"geo":null,"filter_level":"medium","in_reply_to_screen_name":null,"entities":{"urls":[],"hashtags":[],"user_mentions":[{"indices":[38,47],"screen_name":"Bradesco","id_str":"79184083","name":"Banco Bradesco","id":79184083}],"symbols":[]},"id_str":"385412896529723393","in_reply_to_user_id":null,"favorite_count":0,"contributors":null,"text":"To cansado! o pior banco do mundo é o @Bradesco ! Nunca conseguem resolver nada!","id":385412896529723393,"place":null,"lang":"pt","user":{"utc_offset":-10800,"friends_count":528,"profile_image_url_https":"https://si0.twimg.com/profile_images/2293850031/iatrbzhmfmfutgf7hysq_normal.jpeg","profile_background_image_url":"http://a0.twimg.com/profile_background_images/378800000071653237/b2d5d3b936ba0a7e5041c55d6c102305.jpeg","listed_count":0,"default_profile_image":false,"favourites_count":2,"description":"Triste época! É mais fácil desintegrar um átomo do que um preconceito.","created_at":"Mon Jul 11 17:35:50 +0000 2011","is_translator":false,"profile_background_image_url_https":"https://si0.twimg.com/profile_background_images/378800000071653237/b2d5d3b936ba0a7e5041c55d6c102305.jpeg","protected":false,"screen_name":"KevinLaRocca","id_str":"333524515","profile_link_color":"009999","geo_enabled":true,"id":333524515,"profile_background_color":"131516","lang":"pt","profile_sidebar_border_color":"FFFFFF","profile_text_color":"333333","verified":false,"profile_image_url":"http://a0.twimg.com/profile_images/2293850031/iatrbzhmfmfutgf7hysq_normal.jpeg","time_zone":"Santiago","url":null,"contributors_enabled":false,"profile_background_tile":true,"follow_request_sent":null,"statuses_count":1019,"profile_use_background_image":true,"followers_count":121,"following":null,"default_profile":false,"name":"Kevin Silva","profile_sidebar_fill_color":"DDEEF6","location":"São Paulo","notifications":null},"favorited":false}