{"in_reply_to_status_id_str":null,"in_reply_to_status_id":null,"coordinates":null,"truncated":false,"in_reply_to_user_id_str":null,"created_at":"Wed Oct 02 18:51:46 +0000 2013","source":"<a href=\"http://twitter.com/download/android\" rel=\"nofollow\">Twitter for Android<\/a>","retweet_count":0,"retweeted":false,"geo":null,"filter_level":"medium","in_reply_to_screen_name":null,"entities":{"urls":[],"hashtags":[{"indices":[64,73],"text":"Bradesco"}],"user_mentions":[],"symbols":[]},"id_str":"385477222544736256","in_reply_to_user_id":null,"favorite_count":0,"contributors":null,"text":"Graças a Deus deu tudo certo, amanhã começo no meu Novo Emprego #Bradesco =D","id":385477222544736256,"place":null,"lang":"pt","user":{"utc_offset":-7200,"friends_count":2000,"profile_image_url_https":"https://si0.twimg.com/profile_images/378800000449966215/4cb764a9349ab10545d4b9d5018ee450_normal.jpeg","profile_background_image_url":"http://a0.twimg.com/profile_background_images/378800000066802808/47975a516c8d391e1b615919dc5ec066.jpeg","listed_count":8,"default_profile_image":false,"favourites_count":7,"description":"Nossas dúvidas são traidoras e nos fazem perder o que, com frequência, poderíamos ganhar, por simples medo de arriscar.","created_at":"Mon Dec 13 16:57:57 +0000 2010","is_translator":false,"profile_background_image_url_https":"https://si0.twimg.com/profile_background_images/378800000066802808/47975a516c8d391e1b615919dc5ec066.jpeg","protected":false,"screen_name":"fannygalvao","id_str":"226225147","profile_link_color":"B40B43","geo_enabled":true,"id":226225147,"profile_background_color":"FF6699","lang":"en","profile_sidebar_border_color":"FFFFFF","profile_text_color":"362720","verified":false,"profile_image_url":"http://a0.twimg.com/profile_images/378800000449966215/4cb764a9349ab10545d4b9d5018ee450_normal.jpeg","time_zone":"Greenland","url":null,"contributors_enabled":false,"profile_banner_url":"https://pbs.twimg.com/profile_banners/226225147/1380425921","profile_background_tile":true,"follow_request_sent":null,"statuses_count":7262,"profile_use_background_image":true,"followers_count":399,"following":null,"default_profile":false,"name":"Stephanny Galvão  ","profile_sidebar_fill_color":"E5507E","location":"São Paulo,SP","notifications":null},"favorited":false}