{"in_reply_to_status_id_str":null,"in_reply_to_status_id":null,"coordinates":null,"truncated":false,"in_reply_to_user_id_str":null,"created_at":"Wed Oct 02 19:11:16 +0000 2013","source":"web","retweet_count":0,"retweeted":false,"geo":null,"filter_level":"medium","in_reply_to_screen_name":null,"entities":{"urls":[],"hashtags":[],"user_mentions":[{"indices":[53,65],"screen_name":"AloBradesco","id_str":"78317870","name":"Alô Bradesco","id":78317870},{"indices":[68,81],"screen_name":"santander_br","id_str":"48700857","name":"Santander Brasil","id":48700857}],"symbols":[]},"id_str":"385482129540280320","in_reply_to_user_id":null,"favorite_count":0,"contributors":null,"text":"estou com duvida abrir uma conta universitária entre @AloBradesco e @santander_br quais são os benefícios de vcs?","id":385482129540280320,"place":null,"lang":"pt","user":{"utc_offset":-7200,"friends_count":769,"profile_image_url_https":"https://si0.twimg.com/profile_images/378800000311372174/d8b361940464ece4dc23ee52f23fe415_normal.png","profile_background_image_url":"http://a0.twimg.com/profile_background_images/186864957/_titialoira.jpg","listed_count":0,"default_profile_image":false,"favourites_count":1,"description":"Sou um loooosho e glamour em pessoa! AH, não posso esquecer que adoro arrotar! contatos profissionais: \r\ntitialoiracover@gmail.com","created_at":"Thu Dec 30 05:12:27 +0000 2010","is_translator":false,"profile_background_image_url_https":"https://si0.twimg.com/profile_background_images/186864957/_titialoira.jpg","protected":false,"screen_name":"loiracover","id_str":"232070122","profile_link_color":"B027A5","geo_enabled":false,"id":232070122,"profile_background_color":"C0DEED","lang":"pt","profile_sidebar_border_color":"C0DEED","profile_text_color":"FA00FA","verified":false,"profile_image_url":"http://a0.twimg.com/profile_images/378800000311372174/d8b361940464ece4dc23ee52f23fe415_normal.png","time_zone":"Greenland","url":"http://titialoira.blogspot.com/","contributors_enabled":false,"profile_background_tile":true,"follow_request_sent":null,"statuses_count":1895,"profile_use_background_image":true,"followers_count":288,"following":null,"default_profile":false,"name":"Titialoiracover","profile_sidebar_fill_color":"DDEEF6","location":"Ilha de Caras - ES","notifications":null},"favorited":false}