{"in_reply_to_status_id_str":null,"in_reply_to_status_id":null,"coordinates":null,"truncated":false,"in_reply_to_user_id_str":null,"created_at":"Wed Oct 02 16:04:25 +0000 2013","source":"<a href=\"http://www.facebook.com/twitter\" rel=\"nofollow\">Facebook<\/a>","retweet_count":0,"retweeted":false,"geo":null,"filter_level":"medium","in_reply_to_screen_name":null,"entities":{"urls":[],"hashtags":[{"indices":[36,45],"text":"Bradesco"},{"indices":[46,55],"text":"Watshapp"},{"indices":[56,63],"text":"Biblia"}],"user_mentions":[],"symbols":[]},"id_str":"385435107135205376","in_reply_to_user_id":null,"favorite_count":0,"contributors":null,"text":"Agora so baixar os aplicativos....\n\n#Bradesco\n#Watshapp\n#Biblia \n\nBora trampa !","id":385435107135205376,"place":null,"lang":"pt","user":{"utc_offset":-10800,"friends_count":236,"profile_image_url_https":"https://si0.twimg.com/profile_images/2160890711/PQAAAIDEqZFXMk7IPpMAnyU0lE5veevQY2SRFQfKogjCnCYOYpUqOGSYDkTc38jVM0v_kzEJ1NFtH4wXRiY2PcrTO7UAm1T1UAmQpMTZVNFWQYWzmguICjP_FQJR_normal.jpg","profile_background_image_url":"http://a0.twimg.com/profile_background_images/29253378/vectra_gt_remix.jpg","listed_count":0,"default_profile_image":false,"favourites_count":4,"description":"Jefferson Santos  PRODUTOR DE EVENTOS","created_at":"Thu Aug 13 22:49:23 +0000 2009","is_translator":false,"profile_background_image_url_https":"https://si0.twimg.com/profile_background_images/29253378/vectra_gt_remix.jpg","protected":false,"screen_name":"jeheventos","id_str":"65491564","profile_link_color":"0084B4","geo_enabled":false,"id":65491564,"profile_background_color":"9AE4E8","lang":"es","profile_sidebar_border_color":"BDDCAD","profile_text_color":"333333","verified":false,"profile_image_url":"http://a0.twimg.com/profile_images/2160890711/PQAAAIDEqZFXMk7IPpMAnyU0lE5veevQY2SRFQfKogjCnCYOYpUqOGSYDkTc38jVM0v_kzEJ1NFtH4wXRiY2PcrTO7UAm1T1UAmQpMTZVNFWQYWzmguICjP_FQJR_normal.jpg","time_zone":"Brasilia","url":null,"contributors_enabled":false,"profile_background_tile":true,"follow_request_sent":null,"statuses_count":2504,"profile_use_background_image":true,"followers_count":49,"following":null,"default_profile":false,"name":"Jéh Eventos","profile_sidebar_fill_color":"DDFFCC","location":"","notifications":null},"favorited":false}