{"in_reply_to_status_id_str":null,"in_reply_to_status_id":null,"coordinates":null,"truncated":false,"in_reply_to_user_id_str":null,"created_at":"Wed Oct 02 19:11:53 +0000 2013","source":"web","retweet_count":0,"retweeted":false,"geo":null,"filter_level":"medium","in_reply_to_screen_name":null,"entities":{"urls":[],"hashtags":[],"user_mentions":[{"indices":[45,54],"screen_name":"Bradesco","id_str":"79184083","name":"Banco Bradesco","id":79184083}],"symbols":[]},"id_str":"385482284352012288","in_reply_to_user_id":null,"favorite_count":0,"contributors":null,"text":"Sempre tive uma curiosidade. A de saber se o @Bradesco não tem vergonha de fazer um sistema safado como esse de acesso à cartão de crédito.","id":385482284352012288,"place":null,"lang":"pt","user":{"utc_offset":-10800,"friends_count":284,"profile_image_url_https":"https://si0.twimg.com/profile_images/3355237236/e03657707727d13524494f0e970c6334_normal.jpeg","profile_background_image_url":"http://abs.twimg.com/images/themes/theme14/bg.gif","listed_count":3,"default_profile_image":false,"favourites_count":6,"description":"Alguém que brinca com as palavras.","created_at":"Tue Oct 19 19:57:03 +0000 2010","is_translator":false,"profile_background_image_url_https":"https://abs.twimg.com/images/themes/theme14/bg.gif","protected":false,"screen_name":"pedrovitorlr","id_str":"204933273","profile_link_color":"009999","geo_enabled":true,"id":204933273,"profile_background_color":"131516","lang":"en","profile_sidebar_border_color":"EEEEEE","profile_text_color":"333333","verified":false,"profile_image_url":"http://a0.twimg.com/profile_images/3355237236/e03657707727d13524494f0e970c6334_normal.jpeg","time_zone":"Brasilia","url":null,"contributors_enabled":false,"profile_banner_url":"https://pbs.twimg.com/profile_banners/204933273/1362149686","profile_background_tile":true,"follow_request_sent":null,"statuses_count":8211,"profile_use_background_image":true,"followers_count":300,"following":null,"default_profile":false,"name":"Pedro Vítor","profile_sidebar_fill_color":"EFEFEF","location":"Mossoró/Natal, RN","notifications":null},"favorited":false}