{"in_reply_to_status_id_str":null,"in_reply_to_status_id":null,"coordinates":null,"truncated":false,"in_reply_to_user_id_str":null,"created_at":"Wed Oct 02 20:11:11 +0000 2013","source":"<a href=\"http://twitter.com/download/android\" rel=\"nofollow\">Twitter for Android<\/a>","retweet_count":0,"retweeted":false,"geo":null,"filter_level":"medium","in_reply_to_screen_name":null,"entities":{"urls":[],"hashtags":[],"user_mentions":[{"indices":[122,131],"screen_name":"Bradesco","id_str":"79184083","name":"Banco Bradesco","id":79184083}],"symbols":[]},"id_str":"385497208701075456","in_reply_to_user_id":null,"favorite_count":0,"contributors":null,"text":"Esqueci o cartão em casa a caminho da rodoviária,acabei d descobrir que da pra sacar dinheiro s/ o cartão, amando muito o @bradesco agora :)","id":385497208701075456,"place":null,"lang":"pt","user":{"utc_offset":-7200,"friends_count":212,"profile_image_url_https":"https://si0.twimg.com/profile_images/1356911881/bla_normal.jpg","profile_background_image_url":"http://a0.twimg.com/profile_background_images/378800000056924215/e5904cbc9174b8f4ad28e6cc88251f96.jpeg","listed_count":12,"default_profile_image":false,"favourites_count":86,"description":"Historiadora, palmeirense desde sempre, estudante de gestão esportiva, wrestling fan, sagitariana e por aí vai","created_at":"Sun May 10 17:26:42 +0000 2009","is_translator":false,"profile_background_image_url_https":"https://si0.twimg.com/profile_background_images/378800000056924215/e5904cbc9174b8f4ad28e6cc88251f96.jpeg","protected":false,"screen_name":"_tictac","id_str":"39080235","profile_link_color":"FF1B03","geo_enabled":true,"id":39080235,"profile_background_color":"FCEBDA","lang":"en","profile_sidebar_border_color":"FFFFFF","profile_text_color":"FAD2A6","verified":false,"profile_image_url":"http://a0.twimg.com/profile_images/1356911881/bla_normal.jpg","time_zone":"Greenland","url":null,"contributors_enabled":false,"profile_banner_url":"https://pbs.twimg.com/profile_banners/39080235/1361677413","profile_background_tile":true,"follow_request_sent":null,"statuses_count":9416,"profile_use_background_image":true,"followers_count":256,"following":null,"default_profile":false,"name":"Mariana de Oliveira","profile_sidebar_fill_color":"E0B612","location":"São Paulo - Brasil","notifications":null},"favorited":false}