{"in_reply_to_status_id_str":"385442340917481473","in_reply_to_status_id":385442340917481473,"coordinates":null,"truncated":false,"in_reply_to_user_id_str":"78317870","created_at":"Wed Oct 02 16:38:54 +0000 2013","source":"web","retweet_count":0,"retweeted":false,"geo":null,"filter_level":"medium","in_reply_to_screen_name":"AloBradesco","entities":{"urls":[],"hashtags":[],"user_mentions":[{"indices":[12,24],"screen_name":"AloBradesco","id_str":"78317870","name":"Alô Bradesco","id":78317870}],"symbols":[]},"id_str":"385443787327029248","in_reply_to_user_id":78317870,"favorite_count":0,"contributors":null,"text":"Obrigado :) @AloBradesco","id":385443787327029248,"place":null,"lang":"pt","user":{"utc_offset":-10800,"friends_count":70856,"profile_image_url_https":"https://si0.twimg.com/profile_images/378800000098435028/9c6f470b1e013e8bf1d04abbff3a5e80_normal.jpeg","profile_background_image_url":"http://a0.twimg.com/profile_background_images/378800000073825846/5ce43d94cd20b36361d570287e1848fe.jpeg","listed_count":385,"default_profile_image":false,"favourites_count":354,"description":"Brazilian man,20 years old, \u200b\u200ba student of economics and finance at the UADE Buenos Aires and the guy who thinks that all is not enough,.","created_at":"Fri Jul 24 22:54:38 +0000 2009","is_translator":false,"profile_background_image_url_https":"https://si0.twimg.com/profile_background_images/378800000073825846/5ce43d94cd20b36361d570287e1848fe.jpeg","protected":false,"screen_name":"candidobarros","id_str":"59911648","profile_link_color":"2FC2EF","geo_enabled":true,"id":59911648,"profile_background_color":"0D1402","lang":"en","profile_sidebar_border_color":"FFFFFF","profile_text_color":"666666","verified":false,"profile_image_url":"http://a0.twimg.com/profile_images/378800000098435028/9c6f470b1e013e8bf1d04abbff3a5e80_normal.jpeg","time_zone":"Buenos Aires","url":"https://www.facebook.com/candidobarros","contributors_enabled":false,"profile_banner_url":"https://pbs.twimg.com/profile_banners/59911648/1379123865","profile_background_tile":false,"follow_request_sent":null,"statuses_count":45488,"profile_use_background_image":true,"followers_count":75675,"following":null,"default_profile":false,"name":"Flávio Candido","profile_sidebar_fill_color":"252429","location":"Buenos Aires - Argentina","notifications":null},"favorited":false}