{"in_reply_to_status_id_str":null,"in_reply_to_status_id":null,"coordinates":null,"truncated":false,"in_reply_to_user_id_str":null,"created_at":"Wed Oct 02 18:29:45 +0000 2013","source":"web","retweet_count":0,"retweeted":false,"geo":null,"filter_level":"medium","in_reply_to_screen_name":null,"entities":{"urls":[],"hashtags":[],"user_mentions":[{"indices":[15,24],"screen_name":"Bradesco","id_str":"79184083","name":"Banco Bradesco","id":79184083}],"symbols":[]},"id_str":"385471681331867648","in_reply_to_user_id":null,"favorite_count":0,"contributors":null,"text":"Meu gerente do @Bradesco é só mais um mesmo. Prometeu me ligar e até agora nada! :(","id":385471681331867648,"place":null,"lang":"pt","user":{"utc_offset":-10800,"friends_count":281,"profile_image_url_https":"https://si0.twimg.com/profile_images/710648471/ATgAAABEhDXeTblWDw_g58QyTO2iJHgjqKjl9gTY2CgYsKLW5IMJnPOQ_8SVKUtCfn_X7N4cFhyDpZ-FgXjW09eQUA99AJtU9VCBZVRbnFC0noAcLoopOutkT9RHVA_normal.jpg","profile_background_image_url":"http://a0.twimg.com/profile_background_images/50724034/ter.jpg","listed_count":12,"default_profile_image":false,"favourites_count":118,"description":"i call the shots. a speed demon on the run.","created_at":"Wed Oct 01 03:53:46 +0000 2008","is_translator":false,"profile_background_image_url_https":"https://si0.twimg.com/profile_background_images/50724034/ter.jpg","protected":false,"screen_name":"milla_posh","id_str":"16539874","profile_link_color":"FF0000","geo_enabled":false,"id":16539874,"profile_background_color":"BADFCD","lang":"en","profile_sidebar_border_color":"F2E195","profile_text_color":"0C3E53","verified":false,"profile_image_url":"http://a0.twimg.com/profile_images/710648471/ATgAAABEhDXeTblWDw_g58QyTO2iJHgjqKjl9gTY2CgYsKLW5IMJnPOQ_8SVKUtCfn_X7N4cFhyDpZ-FgXjW09eQUA99AJtU9VCBZVRbnFC0noAcLoopOutkT9RHVA_normal.jpg","time_zone":"Santiago","url":null,"contributors_enabled":false,"profile_background_tile":true,"follow_request_sent":null,"statuses_count":14016,"profile_use_background_image":true,"followers_count":238,"following":null,"default_profile":false,"name":"milla_posh","profile_sidebar_fill_color":"FFF7CC","location":"","notifications":null},"favorited":false}