{"in_reply_to_status_id_str":null,"in_reply_to_status_id":null,"possibly_sensitive":false,"coordinates":null,"truncated":false,"in_reply_to_user_id_str":null,"created_at":"Wed Oct 02 14:11:58 +0000 2013","source":"<a href=\"http://twitter.com/download/android\" rel=\"nofollow\">Twitter for Android<\/a>","retweet_count":0,"retweeted":false,"geo":null,"filter_level":"medium","in_reply_to_screen_name":null,"entities":{"urls":[{"display_url":"reclameaqui.com.br/6620114/brades\u2026","indices":[113,135],"expanded_url":"http://www.reclameaqui.com.br/6620114/bradesco-visa-mastercard-e-elo/terceira-reclamacao-seguida-devido-fechamento-sem-solucao-po/","url":"http://t.co/v9SgaBB27A"}],"hashtags":[{"indices":[36,45],"text":"bradesco"},{"indices":[46,58],"text":"alobradesco"},{"indices":[59,74],"text":"bancocentralbr"},{"indices":[75,84],"text":"BandNews"},{"indices":[85,99],"text":"datenaoficial"},{"indices":[100,112],"text":"ReclameAQUI"}],"user_mentions":[{"indices":[1,14],"screen_name":"luciogirotto","id_str":"1048879812","name":"Lucio","id":1048879812}],"symbols":[]},"id_str":"385406808011337728","in_reply_to_user_id":null,"favorite_count":0,"contributors":null,"text":"\"@luciogirotto: TERCEIRA RECLAMAÇAO #bradesco #alobradesco #bancocentralbr #BandNews #datenaoficial #ReclameAQUI http://t.co/v9SgaBB27A\"","id":385406808011337728,"place":null,"lang":"pt","user":{"utc_offset":-10800,"friends_count":31,"profile_image_url_https":"https://si0.twimg.com/profile_images/378800000536101374/91e18475e301d9cb8eccc85d2e402871_normal.png","profile_background_image_url":"http://a0.twimg.com/profile_background_images/751485394/6e67629b314d6c003705b94afd57f2fd.jpeg","listed_count":0,"default_profile_image":false,"favourites_count":0,"description":"Esse cara....sono io =)","created_at":"Sun Dec 30 21:51:02 +0000 2012","is_translator":false,"profile_background_image_url_https":"https://si0.twimg.com/profile_background_images/751485394/6e67629b314d6c003705b94afd57f2fd.jpeg","protected":false,"screen_name":"luciogirotto","id_str":"1048879812","profile_link_color":"575E61","geo_enabled":false,"id":1048879812,"profile_background_color":"181C1F","lang":"pt","profile_sidebar_border_color":"454B52","profile_text_color":"CB9934","verified":false,"profile_image_url":"http://a0.twimg.com/profile_images/378800000536101374/91e18475e301d9cb8eccc85d2e402871_normal.png","time_zone":"Brasilia","url":null,"contributors_enabled":false,"profile_banner_url":"https://pbs.twimg.com/profile_banners/1048879812/1380316686","profile_background_tile":false,"follow_request_sent":null,"statuses_count":38,"profile_use_background_image":true,"followers_count":10,"following":null,"default_profile":false,"name":"Lucio","profile_sidebar_fill_color":"0E1621","location":"Sao Paulo","notifications":null},"favorited":false}