{"in_reply_to_status_id_str":null,"in_reply_to_status_id":null,"coordinates":null,"truncated":false,"in_reply_to_user_id_str":"83723557","created_at":"Wed Oct 02 17:30:54 +0000 2013","source":"<a href=\"http://www.twitter.com\" rel=\"nofollow\">Twitter for Windows Phone<\/a>","retweet_count":0,"retweeted":false,"geo":null,"filter_level":"medium","in_reply_to_screen_name":"BancodoBrasil","entities":{"urls":[],"hashtags":[],"user_mentions":[{"indices":[0,14],"screen_name":"BancodoBrasil","id_str":"83723557","name":"Banco do Brasil","id":83723557},{"indices":[15,20],"screen_name":"itau","id_str":"179398386","name":"Itaú","id":179398386},{"indices":[21,30],"screen_name":"Bradesco","id_str":"79184083","name":"Banco Bradesco","id":79184083},{"indices":[31,43],"screen_name":"ImprensaBNB","id_str":"217120621","name":"Banco do Nordeste","id":217120621},{"indices":[44,57],"screen_name":"santander_br","id_str":"48700857","name":"Santander Brasil","id":48700857}],"symbols":[]},"id_str":"385456873673338880","in_reply_to_user_id":83723557,"favorite_count":0,"contributors":null,"text":"@BancodoBrasil @itau @Bradesco @ImprensaBNB @santander_br Quando vocês resolverão a greve?","id":385456873673338880,"place":null,"lang":"pt","user":{"utc_offset":-10800,"friends_count":123,"profile_image_url_https":"https://si0.twimg.com/profile_images/280296823/05.KID_STALONNE_normal.jpg","profile_background_image_url":"http://a0.twimg.com/profile_background_images/378800000084211359/842fa4b843d8cf01f497c9c47cbf46ca.jpeg","listed_count":0,"default_profile_image":false,"favourites_count":0,"description":"Apenas um cara que tenta viver a vida sem maiores complicações ou papas na língua.","created_at":"Wed Jun 24 15:52:27 +0000 2009","is_translator":false,"profile_background_image_url_https":"https://si0.twimg.com/profile_background_images/378800000084211359/842fa4b843d8cf01f497c9c47cbf46ca.jpeg","protected":false,"screen_name":"maisembaixo","id_str":"50342470","profile_link_color":"0084B4","geo_enabled":false,"id":50342470,"profile_background_color":"000000","lang":"en","profile_sidebar_border_color":"FFFFFF","profile_text_color":"333333","verified":false,"profile_image_url":"http://a0.twimg.com/profile_images/280296823/05.KID_STALONNE_normal.jpg","time_zone":"Brasilia","url":null,"contributors_enabled":false,"profile_background_tile":false,"follow_request_sent":null,"statuses_count":166,"profile_use_background_image":true,"followers_count":59,"following":null,"default_profile":false,"name":"Mais Embaixo","profile_sidebar_fill_color":"DDEEF6","location":"Uma capital nordestina, Brazil","notifications":null},"favorited":false}