{"in_reply_to_status_id_str":null,"in_reply_to_status_id":null,"coordinates":null,"truncated":false,"in_reply_to_user_id_str":"79184083","created_at":"Wed Oct 02 17:07:48 +0000 2013","source":"<a href=\"http://twitter.com/download/android\" rel=\"nofollow\">Twitter for Android<\/a>","retweet_count":0,"retweeted":false,"geo":null,"filter_level":"medium","in_reply_to_screen_name":"Bradesco","entities":{"urls":[],"hashtags":[],"user_mentions":[{"indices":[0,9],"screen_name":"Bradesco","id_str":"79184083","name":"Banco Bradesco","id":79184083}],"symbols":[]},"id_str":"385451058249859074","in_reply_to_user_id":79184083,"favorite_count":0,"contributors":null,"text":"@Bradesco Como faço para cancelar um seguro que foi inserido em minha conta?","id":385451058249859074,"place":null,"lang":"pt","user":{"utc_offset":-10800,"friends_count":176,"profile_image_url_https":"https://si0.twimg.com/profile_images/3476473154/1e777e2d556cd07211fcdb52722cbe2b_normal.jpeg","profile_background_image_url":"http://a0.twimg.com/profile_background_images/195203759/Morning_dream_by_punkdesign.jpg","listed_count":14,"default_profile_image":false,"favourites_count":38,"description":"Sou Alessandra demais para querer ser outra coisa.","created_at":"Fri Jun 19 21:42:10 +0000 2009","is_translator":false,"profile_background_image_url_https":"https://si0.twimg.com/profile_background_images/195203759/Morning_dream_by_punkdesign.jpg","protected":false,"screen_name":"atn_nascimento","id_str":"48838903","profile_link_color":"4B6BAB","geo_enabled":true,"id":48838903,"profile_background_color":"F0EDF0","lang":"en","profile_sidebar_border_color":"7A767A","profile_text_color":"827682","verified":false,"profile_image_url":"http://a0.twimg.com/profile_images/3476473154/1e777e2d556cd07211fcdb52722cbe2b_normal.jpeg","time_zone":"Brasilia","url":"http://ideiasdefabrica.blogspot.com","contributors_enabled":false,"profile_background_tile":true,"follow_request_sent":null,"statuses_count":9484,"profile_use_background_image":true,"followers_count":278,"following":null,"default_profile":false,"name":"Alessandra Teixeira ","profile_sidebar_fill_color":"F0EDBD","location":"São Paulo","notifications":null},"favorited":false}