{"in_reply_to_status_id_str":null,"in_reply_to_status_id":null,"coordinates":{"coordinates":[-54.71573035,-2.45171265],"type":"Point"},"truncated":false,"in_reply_to_user_id_str":"79184083","created_at":"Wed Oct 02 15:38:08 +0000 2013","source":"<a href=\"http://twitter.com/download/iphone\" rel=\"nofollow\">Twitter for iPhone<\/a>","retweet_count":0,"retweeted":false,"geo":{"coordinates":[-2.45171265,-54.71573035],"type":"Point"},"filter_level":"medium","in_reply_to_screen_name":"Bradesco","entities":{"urls":[],"hashtags":[],"user_mentions":[{"indices":[0,9],"screen_name":"Bradesco","id_str":"79184083","name":"Banco Bradesco","id":79184083},{"indices":[10,22],"screen_name":"AloBradesco","id_str":"78317870","name":"Alô Bradesco","id":78317870}],"symbols":[]},"id_str":"385428494945370112","in_reply_to_user_id":79184083,"favorite_count":0,"contributors":null,"text":"@Bradesco @AloBradesco estou tentando liberar acesso do iphone para transferências e gerentes nao podem acessar o banco pela greve e","id":385428494945370112,"place":{"country_code":"BR","country":"Brasil","full_name":"Santarém, Pará","bounding_box":{"coordinates":[[[-56.344569,-3.948104],[-56.344569,-2.071505],[-54.045196,-2.071505],[-54.045196,-3.948104]]],"type":"Polygon"},"place_type":"city","name":"Santarém","attributes":{},"id":"457a29e55be83491","url":"https://api.twitter.com/1.1/geo/id/457a29e55be83491.json"},"lang":"pt","user":{"utc_offset":null,"friends_count":76,"profile_image_url_https":"https://si0.twimg.com/profile_images/1251254549/image_normal.jpg","profile_background_image_url":"http://abs.twimg.com/images/themes/theme1/bg.png","listed_count":0,"default_profile_image":false,"favourites_count":7,"description":null,"created_at":"Tue Jun 22 12:28:27 +0000 2010","is_translator":false,"profile_background_image_url_https":"https://abs.twimg.com/images/themes/theme1/bg.png","protected":false,"screen_name":"eros_ferreira","id_str":"158354698","profile_link_color":"0084B4","geo_enabled":true,"id":158354698,"profile_background_color":"C0DEED","lang":"en","profile_sidebar_border_color":"C0DEED","profile_text_color":"333333","verified":false,"profile_image_url":"http://a0.twimg.com/profile_images/1251254549/image_normal.jpg","time_zone":null,"url":null,"contributors_enabled":false,"profile_background_tile":false,"follow_request_sent":null,"statuses_count":903,"profile_use_background_image":true,"followers_count":73,"following":null,"default_profile":true,"name":"eros ferreira","profile_sidebar_fill_color":"DDEEF6","location":"Santarém","notifications":null},"favorited":false}