{"in_reply_to_status_id_str":null,"in_reply_to_status_id":null,"coordinates":{"coordinates":[-49.21928711,-16.83277905],"type":"Point"},"truncated":false,"in_reply_to_user_id_str":"79184083","created_at":"Wed Oct 02 23:06:58 +0000 2013","source":"<a href=\"http://twitter.com/download/iphone\" rel=\"nofollow\">Twitter for iPhone<\/a>","retweet_count":0,"retweeted":false,"geo":{"coordinates":[-16.83277905,-49.21928711],"type":"Point"},"filter_level":"medium","in_reply_to_screen_name":"Bradesco","entities":{"urls":[],"hashtags":[],"user_mentions":[{"indices":[0,9],"screen_name":"Bradesco","id_str":"79184083","name":"Banco Bradesco","id":79184083},{"indices":[10,22],"screen_name":"AloBradesco","id_str":"78317870","name":"Alô Bradesco","id":78317870}],"symbols":[]},"id_str":"385541448483225600","in_reply_to_user_id":79184083,"favorite_count":0,"contributors":null,"text":"@Bradesco @AloBradesco quero agradecer pelo pronto atendimento, diferente do fone fácil. Atendimento virtual e contatos perfeitos. Parabéns","id":385541448483225600,"place":{"country_code":"BR","country":"Brasil","full_name":"Aparecida de Goiânia, Goiás","bounding_box":{"coordinates":[[[-49.3857507,-16.8923239],[-49.3857507,-16.7322575],[-49.1367902,-16.7322575],[-49.1367902,-16.8923239]]],"type":"Polygon"},"place_type":"city","name":"Aparecida de Goiânia","attributes":{},"id":"eea713e2737043aa","url":"https://api.twitter.com/1.1/geo/id/eea713e2737043aa.json"},"lang":"pt","user":{"utc_offset":-10800,"friends_count":460,"profile_image_url_https":"https://si0.twimg.com/profile_images/1651045793/Image10_normal.jpg","profile_background_image_url":"http://a0.twimg.com/profile_background_images/111249331/Montagem.JPG","listed_count":0,"default_profile_image":false,"favourites_count":3,"description":"Relações Públicas","created_at":"Wed Jun 09 14:21:36 +0000 2010","is_translator":false,"profile_background_image_url_https":"https://si0.twimg.com/profile_background_images/111249331/Montagem.JPG","protected":false,"screen_name":"enriqueanderson","id_str":"153808504","profile_link_color":"CC3300","geo_enabled":true,"id":153808504,"profile_background_color":"000000","lang":"pt","profile_sidebar_border_color":"FFFFFF","profile_text_color":"000000","verified":false,"profile_image_url":"http://a0.twimg.com/profile_images/1651045793/Image10_normal.jpg","time_zone":"Brasilia","url":null,"contributors_enabled":false,"profile_background_tile":false,"follow_request_sent":null,"statuses_count":2791,"profile_use_background_image":true,"followers_count":75,"following":null,"default_profile":false,"name":"Enrique Anderson","profile_sidebar_fill_color":"F7DA93","location":"Patos de MG / Apd. de Goiânia","notifications":null},"favorited":false}