{"in_reply_to_status_id_str":"385560720072781824","in_reply_to_status_id":385560720072781824,"coordinates":null,"truncated":false,"in_reply_to_user_id_str":"78317870","created_at":"Thu Oct 03 00:29:43 +0000 2013","source":"web","retweet_count":0,"retweeted":false,"geo":null,"filter_level":"medium","in_reply_to_screen_name":"AloBradesco","entities":{"urls":[],"hashtags":[],"user_mentions":[{"indices":[0,12],"screen_name":"AloBradesco","id_str":"78317870","name":"Alô Bradesco","id":78317870}],"symbols":[]},"id_str":"385562272455610369","in_reply_to_user_id":78317870,"favorite_count":0,"contributors":null,"text":"@AloBradesco São José dos Campos, bairro Vale do Sol, estrada velha Bacabal .","id":385562272455610369,"place":null,"lang":"pt","user":{"utc_offset":-10800,"friends_count":319,"profile_image_url_https":"https://si0.twimg.com/profile_images/378800000381293215/f9bee36cefdc9be1caf136cf91856d02_normal.jpeg","profile_background_image_url":"http://a0.twimg.com/profile_background_images/378800000019501262/4d8abcbdadf36077f35b1bbd33eed3f2.jpeg","listed_count":58,"default_profile_image":false,"favourites_count":497,"description":"A vida me ensinou a nunca desistir nem ganhar, nem perder mas procurar evoluir . Sou Jô -- http://instagram.com/maykonemanuel","created_at":"Sun Jun 21 01:26:56 +0000 2009","is_translator":false,"profile_background_image_url_https":"https://si0.twimg.com/profile_background_images/378800000019501262/4d8abcbdadf36077f35b1bbd33eed3f2.jpeg","protected":false,"screen_name":"Maykon_Cole","id_str":"49185345","profile_link_color":"F2182A","geo_enabled":true,"id":49185345,"profile_background_color":"000000","lang":"pt","profile_sidebar_border_color":"000000","profile_text_color":"333333","verified":false,"profile_image_url":"http://a0.twimg.com/profile_images/378800000381293215/f9bee36cefdc9be1caf136cf91856d02_normal.jpeg","time_zone":"Santiago","url":null,"contributors_enabled":false,"profile_banner_url":"https://pbs.twimg.com/profile_banners/49185345/1373381802","profile_background_tile":true,"follow_request_sent":null,"statuses_count":51116,"profile_use_background_image":true,"followers_count":631,"following":null,"default_profile":false,"name":"E M A N U E L","profile_sidebar_fill_color":"EFEFEF","location":"Sao José dos Campos SP","notifications":null},"favorited":false}