{"in_reply_to_status_id_str":null,"in_reply_to_status_id":null,"coordinates":null,"truncated":false,"in_reply_to_user_id_str":null,"created_at":"Wed Oct 02 21:35:48 +0000 2013","source":"web","retweet_count":0,"retweeted":false,"geo":null,"filter_level":"medium","in_reply_to_screen_name":null,"entities":{"urls":[],"hashtags":[{"indices":[25,34],"text":"Bradesco"}],"user_mentions":[],"symbols":[]},"id_str":"385518502175449089","in_reply_to_user_id":null,"favorite_count":0,"contributors":null,"text":"Acho esses comerciais da #Bradesco de atualmente,ridiculamente ridículos u.u","id":385518502175449089,"place":null,"lang":"pt","user":{"utc_offset":null,"friends_count":38,"profile_image_url_https":"https://si0.twimg.com/profile_images/378800000103427985/9ce2bffd1372ab4f226b9063a1937247_normal.jpeg","profile_background_image_url":"http://abs.twimg.com/images/themes/theme1/bg.png","listed_count":0,"default_profile_image":false,"favourites_count":10,"description":null,"created_at":"Mon Jan 30 01:40:34 +0000 2012","is_translator":false,"profile_background_image_url_https":"https://abs.twimg.com/images/themes/theme1/bg.png","protected":false,"screen_name":"Luiz_Eduarrdo_","id_str":"478217357","profile_link_color":"0084B4","geo_enabled":false,"id":478217357,"profile_background_color":"C0DEED","lang":"pt","profile_sidebar_border_color":"C0DEED","profile_text_color":"333333","verified":false,"profile_image_url":"http://a0.twimg.com/profile_images/378800000103427985/9ce2bffd1372ab4f226b9063a1937247_normal.jpeg","time_zone":null,"url":null,"contributors_enabled":false,"profile_background_tile":false,"follow_request_sent":null,"statuses_count":308,"profile_use_background_image":true,"followers_count":8,"following":null,"default_profile":true,"name":"Luiz Eduardo","profile_sidebar_fill_color":"DDEEF6","location":"","notifications":null},"favorited":false}