{"in_reply_to_status_id_str":null,"in_reply_to_status_id":null,"coordinates":null,"truncated":false,"in_reply_to_user_id_str":null,"created_at":"Thu Oct 03 00:45:42 +0000 2013","source":"web","retweet_count":0,"retweeted":false,"geo":null,"filter_level":"medium","in_reply_to_screen_name":null,"entities":{"urls":[],"hashtags":[],"user_mentions":[{"indices":[36,41],"screen_name":"itau","id_str":"179398386","name":"Itaú","id":179398386},{"indices":[46,55],"screen_name":"Bradesco","id_str":"79184083","name":"Banco Bradesco","id":79184083}],"symbols":[]},"id_str":"385566293757161473","in_reply_to_user_id":null,"favorite_count":0,"contributors":null,"text":"minha mãe tava em duvida se prefere @itau  ou @Bradesco qual é a vantagem de escolher um ao outro? :/","id":385566293757161473,"place":null,"lang":"pt","user":{"utc_offset":-10800,"friends_count":12,"profile_image_url_https":"https://si0.twimg.com/profile_images/378800000540377620/d04fcdc7c428446b11732f627c5585c8_normal.png","profile_background_image_url":"http://a0.twimg.com/profile_background_images/378800000082432836/60e55db18b2671593d6c477d5b95fcb9.gif","listed_count":0,"default_profile_image":false,"favourites_count":0,"description":"Guardando user.  Jdb and Little mix  ♥","created_at":"Wed Sep 25 21:48:21 +0000 2013","is_translator":false,"profile_background_image_url_https":"https://si0.twimg.com/profile_background_images/378800000082432836/60e55db18b2671593d6c477d5b95fcb9.gif","protected":false,"screen_name":"bieb3rlandia","id_str":"1905505484","profile_link_color":"0084B4","geo_enabled":false,"id":1905505484,"profile_background_color":"C0DEED","lang":"pt","profile_sidebar_border_color":"FFFFFF","profile_text_color":"333333","verified":false,"profile_image_url":"http://a0.twimg.com/profile_images/378800000540377620/d04fcdc7c428446b11732f627c5585c8_normal.png","time_zone":"Brasilia","url":null,"contributors_enabled":false,"profile_banner_url":"https://pbs.twimg.com/profile_banners/1905505484/1380760382","profile_background_tile":true,"follow_request_sent":null,"statuses_count":8,"profile_use_background_image":true,"followers_count":1,"following":null,"default_profile":false,"name":"diva pq sim","profile_sidebar_fill_color":"DDEEF6","location":"Lembrando q, jelena pior raça","notifications":null},"favorited":false}