{"in_reply_to_status_id_str":null,"in_reply_to_status_id":null,"coordinates":null,"truncated":false,"in_reply_to_user_id_str":null,"created_at":"Wed Oct 02 23:30:44 +0000 2013","source":"<a href=\"http://twitter.com/download/android\" rel=\"nofollow\">Twitter for Android<\/a>","retweet_count":0,"retweeted":false,"geo":null,"filter_level":"medium","in_reply_to_screen_name":null,"entities":{"urls":[],"hashtags":[],"user_mentions":[{"indices":[2,11],"screen_name":"Bradesco","id_str":"79184083","name":"Banco Bradesco","id":79184083}],"symbols":[]},"id_str":"385547426511478784","in_reply_to_user_id":null,"favorite_count":0,"contributors":null,"text":"O @bradesco peca muito nas propagandas. Só acho.","id":385547426511478784,"place":null,"lang":"pt","user":{"utc_offset":-7200,"friends_count":98,"profile_image_url_https":"https://si0.twimg.com/profile_images/3396244278/14f272d9dcc0d71f367297b0580e73ea_normal.jpeg","profile_background_image_url":"http://a0.twimg.com/profile_background_images/553055951/200full-mundo-da-luakk.jpg","listed_count":11,"default_profile_image":false,"favourites_count":12,"description":"Não se preocupe em pensar como eu sou... Se você for você mesmo já está de bom tamanho!","created_at":"Wed Nov 04 23:10:05 +0000 2009","is_translator":false,"profile_background_image_url_https":"https://si0.twimg.com/profile_background_images/553055951/200full-mundo-da-luakk.jpg","protected":false,"screen_name":"Doug_fannys","id_str":"87559662","profile_link_color":"0084B4","geo_enabled":true,"id":87559662,"profile_background_color":"022330","lang":"pt","profile_sidebar_border_color":"FFF8AD","profile_text_color":"1F11EB","verified":false,"profile_image_url":"http://a0.twimg.com/profile_images/3396244278/14f272d9dcc0d71f367297b0580e73ea_normal.jpeg","time_zone":"Greenland","url":"http://twitpic.com/photos/Doug_fannys","contributors_enabled":false,"profile_banner_url":"https://pbs.twimg.com/profile_banners/87559662/1354380776","profile_background_tile":true,"follow_request_sent":null,"statuses_count":16414,"profile_use_background_image":true,"followers_count":145,"following":null,"default_profile":false,"name":"Đ¤ůǥ£ą$ Ħ¤ŋ¤řÿ¤","profile_sidebar_fill_color":"F6FFD1","location":"","notifications":null},"favorited":false}