{"in_reply_to_status_id_str":null,"in_reply_to_status_id":null,"possibly_sensitive":false,"coordinates":null,"truncated":false,"in_reply_to_user_id_str":null,"created_at":"Thu Oct 03 01:42:32 +0000 2013","source":"<a href=\"http://instagram.com\" rel=\"nofollow\">Instagram<\/a>","retweet_count":0,"retweeted":false,"geo":null,"filter_level":"medium","in_reply_to_screen_name":null,"entities":{"urls":[{"display_url":"instagram.com/p/e_La5mwHWt/","indices":[60,82],"expanded_url":"http://instagram.com/p/e_La5mwHWt/","url":"http://t.co/1ky4G71e98"}],"hashtags":[{"indices":[29,37],"text":"link237"},{"indices":[38,47],"text":"bradesco"},{"indices":[48,59],"text":"mobilidade"}],"user_mentions":[],"symbols":[]},"id_str":"385580597902835712","in_reply_to_user_id":null,"favorite_count":0,"contributors":null,"text":"Ele ate sorriu para mim rsrs #link237 #bradesco #mobilidade http://t.co/1ky4G71e98","id":385580597902835712,"place":null,"lang":"pt","user":{"utc_offset":-10800,"friends_count":356,"profile_image_url_https":"https://si0.twimg.com/profile_images/378800000397146990/f79f2ba49b2cfc8d450f71fe1f3ebd86_normal.jpeg","profile_background_image_url":"http://a0.twimg.com/profile_background_images/270245209/fiel-2.jpg","listed_count":0,"default_profile_image":false,"favourites_count":13,"description":"Só não tente prendê-la. #CorinthianaApaixonada","created_at":"Mon Jan 10 02:10:09 +0000 2011","is_translator":false,"profile_background_image_url_https":"https://si0.twimg.com/profile_background_images/270245209/fiel-2.jpg","protected":false,"screen_name":"tatamartins2","id_str":"236210278","profile_link_color":"AC45E8","geo_enabled":true,"id":236210278,"profile_background_color":"1A1B1F","lang":"es","profile_sidebar_border_color":"FFFFFF","profile_text_color":"FFFFFF","verified":false,"profile_image_url":"http://a0.twimg.com/profile_images/378800000397146990/f79f2ba49b2cfc8d450f71fe1f3ebd86_normal.jpeg","time_zone":"Brasilia","url":null,"contributors_enabled":false,"profile_banner_url":"https://pbs.twimg.com/profile_banners/236210278/1355521202","profile_background_tile":true,"follow_request_sent":null,"statuses_count":5036,"profile_use_background_image":true,"followers_count":143,"following":null,"default_profile":false,"name":"Thaís '","profile_sidebar_fill_color":"252429","location":"Brasil","notifications":null},"favorited":false}