{"in_reply_to_status_id_str":null,"in_reply_to_status_id":null,"possibly_sensitive":false,"coordinates":null,"truncated":false,"in_reply_to_user_id_str":null,"created_at":"Wed Oct 02 21:35:28 +0000 2013","source":"web","retweet_count":0,"retweeted":false,"geo":null,"filter_level":"medium","in_reply_to_screen_name":null,"entities":{"urls":[{"display_url":"habboz.com.br","indices":[116,138],"expanded_url":"http://habboz.com.br","url":"http://t.co/5ifufdVwoG"}],"hashtags":[{"indices":[27,41],"text":"Tapanapantera"},{"indices":[56,65],"text":"Bradesco"},{"indices":[92,104],"text":"Habboz4Ever"},{"indices":[105,115],"text":"FamiliaHZ"}],"user_mentions":[],"symbols":[]},"id_str":"385518421103747072","in_reply_to_user_id":null,"favorite_count":0,"contributors":null,"text":"((NO AR)) mais um programa #Tapanapantera com o locutor #Bradesco corre pra cá e vem curtir #Habboz4Ever #FamiliaHZ http://t.co/5ifufdVwoG","id":385518421103747072,"place":null,"lang":"pt","user":{"utc_offset":-10800,"friends_count":438,"profile_image_url_https":"https://si0.twimg.com/profile_images/2972018147/0a0704b320b695df86b1510c23b9f140_normal.png","profile_background_image_url":"http://a0.twimg.com/profile_background_images/378800000014058762/9e1327ed626f0e902200b1cc8d8b68f2.jpeg","listed_count":3,"default_profile_image":false,"favourites_count":110,"description":"♥ @azielsilas ♥","created_at":"Thu Mar 24 18:16:51 +0000 2011","is_translator":false,"profile_background_image_url_https":"https://si0.twimg.com/profile_background_images/378800000014058762/9e1327ed626f0e902200b1cc8d8b68f2.jpeg","protected":false,"screen_name":"WildfoxOficial","id_str":"271535806","profile_link_color":"990000","geo_enabled":true,"id":271535806,"profile_background_color":"EBEBEB","lang":"pt","profile_sidebar_border_color":"FFFFFF","profile_text_color":"333333","verified":false,"profile_image_url":"http://a0.twimg.com/profile_images/2972018147/0a0704b320b695df86b1510c23b9f140_normal.png","time_zone":"Brasilia","url":"http://www.Habboz.com.br","contributors_enabled":false,"profile_banner_url":"https://pbs.twimg.com/profile_banners/271535806/1372794135","profile_background_tile":true,"follow_request_sent":null,"statuses_count":75702,"profile_use_background_image":true,"followers_count":2387,"following":null,"default_profile":false,"name":"WildFox","profile_sidebar_fill_color":"F3F3F3","location":"Brasília","notifications":null},"favorited":false}