{"in_reply_to_status_id_str":null,"in_reply_to_status_id":null,"coordinates":null,"truncated":false,"in_reply_to_user_id_str":null,"created_at":"Wed Oct 02 22:44:30 +0000 2013","source":"<a href=\"http://twitter.com/#!/download/ipad\" rel=\"nofollow\">Twitter for iPad<\/a>","retweet_count":0,"retweeted":false,"geo":null,"filter_level":"medium","in_reply_to_screen_name":null,"entities":{"urls":[],"hashtags":[],"user_mentions":[{"indices":[22,31],"screen_name":"Bradesco","id_str":"79184083","name":"Banco Bradesco","id":79184083}],"symbols":[]},"id_str":"385535792921456640","in_reply_to_user_id":null,"favorite_count":0,"contributors":null,"text":"É impressionante esse @Bradesco!!! O único documento que falta no meu financiamento e eles enrolam pra entregar...","id":385535792921456640,"place":null,"lang":"pt","user":{"utc_offset":-10800,"friends_count":437,"profile_image_url_https":"https://si0.twimg.com/profile_images/2156620747/ll_foto_normal.jpg","profile_background_image_url":"http://abs.twimg.com/images/themes/theme14/bg.gif","listed_count":50,"default_profile_image":false,"favourites_count":195,"description":"Empreender é o que tem me motivado atualmente! Educador Físico e Personal Trainer. Esportes e séries de tv por hobby.","created_at":"Fri Jun 26 02:52:39 +0000 2009","is_translator":false,"profile_background_image_url_https":"https://abs.twimg.com/images/themes/theme14/bg.gif","protected":false,"screen_name":"LecoLeite","id_str":"50892621","profile_link_color":"009999","geo_enabled":true,"id":50892621,"profile_background_color":"131516","lang":"pt","profile_sidebar_border_color":"EEEEEE","profile_text_color":"333333","verified":false,"profile_image_url":"http://a0.twimg.com/profile_images/2156620747/ll_foto_normal.jpg","time_zone":"Brasilia","url":null,"contributors_enabled":false,"profile_banner_url":"https://pbs.twimg.com/profile_banners/50892621/1373499225","profile_background_tile":true,"follow_request_sent":null,"statuses_count":5398,"profile_use_background_image":true,"followers_count":459,"following":null,"default_profile":false,"name":"Leandro Leite","profile_sidebar_fill_color":"EFEFEF","location":"São Paulo, SP","notifications":null},"favorited":false}