{"in_reply_to_status_id_str":null,"in_reply_to_status_id":null,"coordinates":null,"truncated":false,"in_reply_to_user_id_str":null,"created_at":"Wed Oct 02 21:39:01 +0000 2013","source":"<a href=\"http://twitter.com/download/android\" rel=\"nofollow\">Twitter for Android<\/a>","retweet_count":0,"retweeted":false,"geo":null,"filter_level":"medium","in_reply_to_screen_name":null,"entities":{"urls":[],"hashtags":[],"user_mentions":[{"indices":[30,42],"screen_name":"HSBC_Atende","id_str":"541065359","name":"HSBC Atende","id":541065359},{"indices":[87,96],"screen_name":"Bradesco","id_str":"79184083","name":"Banco Bradesco","id":79184083}],"symbols":[]},"id_str":"385519312892887040","in_reply_to_user_id":null,"favorite_count":0,"contributors":null,"text":"Nossa, o atendimento do Banco @HSBC_Atende é fora do normal. Está chegando junto com o @Bradesco.\nQuem ganha?","id":385519312892887040,"place":null,"lang":"pt","user":{"utc_offset":-7200,"friends_count":288,"profile_image_url_https":"https://si0.twimg.com/profile_images/378800000494676471/f5585fe81a0778583f016c8ff5534f8e_normal.jpeg","profile_background_image_url":"http://a0.twimg.com/profile_background_images/689572734/c83b72dfd6e52dce3876bd5c61e6dfbc.jpeg","listed_count":0,"default_profile_image":false,"favourites_count":276,"description":"Amante da vida, aprendiz de viajante, paranaense paraguaio, NERD, imprevisível e paciente².","created_at":"Wed Nov 30 17:26:37 +0000 2011","is_translator":false,"profile_background_image_url_https":"https://si0.twimg.com/profile_background_images/689572734/c83b72dfd6e52dce3876bd5c61e6dfbc.jpeg","protected":false,"screen_name":"NewsRodrigo","id_str":"425180853","profile_link_color":"0084B4","geo_enabled":true,"id":425180853,"profile_background_color":"C0DEED","lang":"pt","profile_sidebar_border_color":"FFFFFF","profile_text_color":"333333","verified":false,"profile_image_url":"http://a0.twimg.com/profile_images/378800000494676471/f5585fe81a0778583f016c8ff5534f8e_normal.jpeg","time_zone":"Greenland","url":null,"contributors_enabled":false,"profile_banner_url":"https://pbs.twimg.com/profile_banners/425180853/1364652374","profile_background_tile":true,"follow_request_sent":null,"statuses_count":2007,"profile_use_background_image":true,"followers_count":71,"following":null,"default_profile":false,"name":"Rodrigo Pedro","profile_sidebar_fill_color":"DDEEF6","location":"Indaiatuba-SP","notifications":null},"favorited":false}