{"in_reply_to_status_id_str":null,"in_reply_to_status_id":null,"coordinates":null,"truncated":false,"in_reply_to_user_id_str":"79184083","created_at":"Thu Oct 03 00:31:17 +0000 2013","source":"<a href=\"https://chrome.google.com/extensions/detail/encaiiljifbdbjlphpgpiimidegddhic\" rel=\"nofollow\">Silver Bird<\/a>","retweet_count":0,"retweeted":false,"geo":null,"filter_level":"medium","in_reply_to_screen_name":"Bradesco","entities":{"urls":[],"hashtags":[],"user_mentions":[{"indices":[0,9],"screen_name":"Bradesco","id_str":"79184083","name":"Banco Bradesco","id":79184083}],"symbols":[]},"id_str":"385562666477322241","in_reply_to_user_id":79184083,"favorite_count":0,"contributors":null,"text":"@Bradesco vocês abrem conta para MEI - MICROEMPREENDEDOR INDIVIDUAL???","id":385562666477322241,"place":null,"lang":"pt","user":{"utc_offset":-10800,"friends_count":310,"profile_image_url_https":"https://si0.twimg.com/profile_images/1221964325/203_normal.jpg","profile_background_image_url":"http://a0.twimg.com/profile_background_images/180957588/DSCF0877.JPG","listed_count":4,"default_profile_image":false,"favourites_count":0,"description":"Graduado em Gestão de TI, Pós-Graduado em Infraestrutura de Redes.","created_at":"Mon Dec 28 20:10:46 +0000 2009","is_translator":false,"profile_background_image_url_https":"https://si0.twimg.com/profile_background_images/180957588/DSCF0877.JPG","protected":false,"screen_name":"RodolfoCFaria","id_str":"100036100","profile_link_color":"0084B4","geo_enabled":true,"id":100036100,"profile_background_color":"C0DEED","lang":"pt","profile_sidebar_border_color":"C0DEED","profile_text_color":"333333","verified":false,"profile_image_url":"http://a0.twimg.com/profile_images/1221964325/203_normal.jpg","time_zone":"Brasilia","url":"http://rodolfo.isx.com.br/","contributors_enabled":false,"profile_background_tile":true,"follow_request_sent":null,"statuses_count":3072,"profile_use_background_image":true,"followers_count":273,"following":null,"default_profile":false,"name":"Rodolfo C. Faria","profile_sidebar_fill_color":"DDEEF6","location":"Aracaju - Sergipe - Brasil","notifications":null},"favorited":false}