{"in_reply_to_status_id_str":null,"in_reply_to_status_id":null,"coordinates":null,"truncated":false,"in_reply_to_user_id_str":null,"created_at":"Thu Oct 03 09:15:36 +0000 2013","source":"<a href=\"http://twitter.com/download/android\" rel=\"nofollow\">Twitter for Android<\/a>","retweet_count":0,"retweeted":false,"geo":null,"filter_level":"medium","in_reply_to_screen_name":null,"entities":{"urls":[],"hashtags":[{"indices":[64,75],"text":"lamentavel"}],"user_mentions":[{"indices":[50,59],"screen_name":"Bradesco","id_str":"79184083","name":"Banco Bradesco","id":79184083}],"symbols":[]},"id_str":"385694615460126720","in_reply_to_user_id":null,"favorite_count":0,"contributors":null,"text":"Bom dia pra vc que já acorda se estressando com o @Bradesco ... #lamentavel","id":385694615460126720,"place":null,"lang":"pt","user":{"utc_offset":-10800,"friends_count":445,"profile_image_url_https":"https://si0.twimg.com/profile_images/3334045815/cb563c13a4bc03c8822c71e89a50d227_normal.jpeg","profile_background_image_url":"http://a0.twimg.com/profile_background_images/296960422/105702659.jpg","listed_count":1107,"default_profile_image":false,"favourites_count":171,"description":"Estudante Universitário (Direito UNEB 2009.2)... Estagiário do Ministério Público.. Aulas de canto as vezes... Twitteiro nas horas vagas... #Follow-Me","created_at":"Tue Sep 07 17:27:32 +0000 2010","is_translator":false,"profile_background_image_url_https":"https://si0.twimg.com/profile_background_images/296960422/105702659.jpg","protected":false,"screen_name":"ThiagoMMourah","id_str":"187991114","profile_link_color":"000000","geo_enabled":true,"id":187991114,"profile_background_color":"FFFFFF","lang":"pt","profile_sidebar_border_color":"FA0000","profile_text_color":"000000","verified":false,"profile_image_url":"http://a0.twimg.com/profile_images/3334045815/cb563c13a4bc03c8822c71e89a50d227_normal.jpeg","time_zone":"Brasilia","url":"http://facebook.com/ThiagoMMourah","contributors_enabled":false,"profile_banner_url":"https://pbs.twimg.com/profile_banners/187991114/1360530695","profile_background_tile":true,"follow_request_sent":null,"statuses_count":25888,"profile_use_background_image":true,"followers_count":172221,"following":null,"default_profile":false,"name":"Thiago Mourah ™ ","profile_sidebar_fill_color":"FFFFFF","location":"Salvador, Bahia","notifications":null},"favorited":false}