{"in_reply_to_status_id_str":null,"in_reply_to_status_id":null,"coordinates":{"coordinates":[-43.1792183,-22.9020328],"type":"Point"},"truncated":false,"in_reply_to_user_id_str":null,"created_at":"Thu Oct 03 12:28:41 +0000 2013","source":"<a href=\"http://twitter.com/download/android\" rel=\"nofollow\">Twitter for Android<\/a>","retweet_count":0,"retweeted":false,"geo":{"coordinates":[-22.9020328,-43.1792183],"type":"Point"},"filter_level":"medium","in_reply_to_screen_name":null,"entities":{"urls":[],"hashtags":[{"indices":[13,22],"text":"bradesco"}],"user_mentions":[{"indices":[118,123],"screen_name":"MPRJ","id_str":"147041658","name":"Maria del Pilar RJ","id":147041658},{"indices":[124,134],"screen_name":"LeiSecaRJ","id_str":"46152686","name":"Lei Seca RJ","id":46152686}],"symbols":[]},"id_str":"385743203863101440","in_reply_to_user_id":null,"favorite_count":0,"contributors":null,"text":"Na frente do #bradesco da pres.vargas com a av.riobranco ta escrito assim \"AQUI TEM ASSÉDIO MORAL\" procede essa info? @MPRJ @LeiSecaRJ","id":385743203863101440,"place":{"country_code":"BR","country":"Brasil","full_name":"Rio de Janeiro, Rio de Janeiro","bounding_box":{"coordinates":[[[-43.795449,-23.08302],[-43.795449,-22.749044],[-43.099381,-22.749044],[-43.099381,-23.08302]]],"type":"Polygon"},"place_type":"city","name":"Rio de Janeiro","attributes":{},"id":"97bcdfca1a2dca59","url":"https://api.twitter.com/1.1/geo/id/97bcdfca1a2dca59.json"},"lang":"pt","user":{"utc_offset":-10800,"friends_count":686,"profile_image_url_https":"https://si0.twimg.com/profile_images/2825543887/d81c320249f2fe46d6f02c1473099d81_normal.jpeg","profile_background_image_url":"http://a0.twimg.com/profile_background_images/500562954/xc3053a60d1fff2af16cf8c7d746986a.jpg","listed_count":4,"default_profile_image":false,"favourites_count":1405,"description":"Bacharel de Direito, twiteira viciada, internet maniaca! Estou sempre conectada!","created_at":"Mon Jul 13 21:38:29 +0000 2009","is_translator":false,"profile_background_image_url_https":"https://si0.twimg.com/profile_background_images/500562954/xc3053a60d1fff2af16cf8c7d746986a.jpg","protected":false,"screen_name":"thauanna_cris","id_str":"56501397","profile_link_color":"BD0122","geo_enabled":true,"id":56501397,"profile_background_color":"E8DDC7","lang":"pt","profile_sidebar_border_color":"05001A","profile_text_color":"761028","verified":false,"profile_image_url":"http://a0.twimg.com/profile_images/2825543887/d81c320249f2fe46d6f02c1473099d81_normal.jpeg","time_zone":"Brasilia","url":"http://blogdathauanna.blogspot.com/","contributors_enabled":false,"profile_banner_url":"https://pbs.twimg.com/profile_banners/56501397/1355366669","profile_background_tile":false,"follow_request_sent":null,"statuses_count":15815,"profile_use_background_image":true,"followers_count":354,"following":null,"default_profile":false,"name":"Thauanna Cristine","profile_sidebar_fill_color":"440122","location":"Duque de Caxias, RJ - Brasil","notifications":null},"favorited":false}