{"in_reply_to_status_id_str":null,"in_reply_to_status_id":null,"coordinates":null,"truncated":false,"in_reply_to_user_id_str":"78317870","created_at":"Thu Oct 03 12:42:48 +0000 2013","source":"web","retweet_count":0,"retweeted":false,"geo":null,"filter_level":"medium","in_reply_to_screen_name":"AloBradesco","entities":{"urls":[],"hashtags":[],"user_mentions":[{"indices":[0,12],"screen_name":"AloBradesco","id_str":"78317870","name":"Alô Bradesco","id":78317870}],"symbols":[]},"id_str":"385746758631825408","in_reply_to_user_id":78317870,"favorite_count":0,"contributors":null,"text":"@AloBradesco Esta senhora VIVIANE MARQUES, se identificou como \"GERENTE\" da agência \"ALAGOAS\". O discurso é que: o CLIENTE é 1 MENTIROSO !","id":385746758631825408,"place":null,"lang":"pt","user":{"utc_offset":-10800,"friends_count":2002,"profile_image_url_https":"https://si0.twimg.com/profile_images/1760015845/76d3c1fb-48d2-4079-9382-0b28a8b0ff36_normal.png","profile_background_image_url":"http://a0.twimg.com/profile_background_images/663119258/ib3lobvdr78hnhmb8ew4.jpeg","listed_count":51,"default_profile_image":false,"favourites_count":868,"description":"Médico, professor, INDIGNADO c/ a roubalheira PETRALHA, BITTER-SOUR.  Aprecio: LETRAS, CINEMA, TEATRO, artes em geral . JÁ FIZ PARTE do MOV. LGBTT !","created_at":"Thu Mar 19 21:15:46 +0000 2009","is_translator":false,"profile_background_image_url_https":"https://si0.twimg.com/profile_background_images/663119258/ib3lobvdr78hnhmb8ew4.jpeg","protected":false,"screen_name":"Berico","id_str":"25386935","profile_link_color":"CC0041","geo_enabled":true,"id":25386935,"profile_background_color":"664FFF","lang":"en","profile_sidebar_border_color":"000000","profile_text_color":"333333","verified":false,"profile_image_url":"http://a0.twimg.com/profile_images/1760015845/76d3c1fb-48d2-4079-9382-0b28a8b0ff36_normal.png","time_zone":"Brasilia","url":"http://www.facebook.com/alberico.filho","contributors_enabled":false,"profile_banner_url":"https://pbs.twimg.com/profile_banners/25386935/1350087603","profile_background_tile":true,"follow_request_sent":null,"statuses_count":39050,"profile_use_background_image":true,"followers_count":1203,"following":null,"default_profile":false,"name":"Albérico M.F.","profile_sidebar_fill_color":"F6FFD1","location":"Consolação - São Paulo / SP","notifications":null},"favorited":false}