{"in_reply_to_status_id_str":"385713158100619264","in_reply_to_status_id":385713158100619264,"coordinates":{"coordinates":[-38.300345,-12.720324],"type":"Point"},"truncated":false,"in_reply_to_user_id_str":"78317870","created_at":"Thu Oct 03 10:37:24 +0000 2013","source":"<a href=\"http://twitter.com/download/android\" rel=\"nofollow\">Twitter for Android<\/a>","retweet_count":0,"retweeted":false,"geo":{"coordinates":[-12.720324,-38.300345],"type":"Point"},"filter_level":"medium","in_reply_to_screen_name":"AloBradesco","entities":{"urls":[],"hashtags":[{"indices":[102,110],"text":"urgente"}],"user_mentions":[{"indices":[0,12],"screen_name":"AloBradesco","id_str":"78317870","name":"Alô Bradesco","id":78317870},{"indices":[111,120],"screen_name":"Bradesco","id_str":"79184083","name":"Banco Bradesco","id":79184083}],"symbols":[]},"id_str":"385715199023796224","in_reply_to_user_id":78317870,"favorite_count":0,"contributors":null,"text":"@AloBradesco Eu enviei dados da conta, extrato e para contato por mensaem direta (MD) favor verificar #urgente @Bradesco","id":385715199023796224,"place":{"country_code":"BR","country":"Brasil","full_name":"Camaçari, Bahia","bounding_box":{"coordinates":[[[-38.3786026,-12.8810475],[-38.3786026,-12.4524431],[-38.0307388,-12.4524431],[-38.0307388,-12.8810475]]],"type":"Polygon"},"place_type":"city","name":"Camaçari","attributes":{},"id":"0f4979e993e4e38b","url":"https://api.twitter.com/1.1/geo/id/0f4979e993e4e38b.json"},"lang":"pt","user":{"utc_offset":-10800,"friends_count":445,"profile_image_url_https":"https://si0.twimg.com/profile_images/3334045815/cb563c13a4bc03c8822c71e89a50d227_normal.jpeg","profile_background_image_url":"http://a0.twimg.com/profile_background_images/296960422/105702659.jpg","listed_count":1107,"default_profile_image":false,"favourites_count":171,"description":"Estudante Universitário (Direito UNEB 2009.2)... Estagiário do Ministério Público.. Aulas de canto as vezes... Twitteiro nas horas vagas... #Follow-Me","created_at":"Tue Sep 07 17:27:32 +0000 2010","is_translator":false,"profile_background_image_url_https":"https://si0.twimg.com/profile_background_images/296960422/105702659.jpg","protected":false,"screen_name":"ThiagoMMourah","id_str":"187991114","profile_link_color":"000000","geo_enabled":true,"id":187991114,"profile_background_color":"FFFFFF","lang":"pt","profile_sidebar_border_color":"FA0000","profile_text_color":"000000","verified":false,"profile_image_url":"http://a0.twimg.com/profile_images/3334045815/cb563c13a4bc03c8822c71e89a50d227_normal.jpeg","time_zone":"Brasilia","url":"http://facebook.com/ThiagoMMourah","contributors_enabled":false,"profile_banner_url":"https://pbs.twimg.com/profile_banners/187991114/1360530695","profile_background_tile":true,"follow_request_sent":null,"statuses_count":25893,"profile_use_background_image":true,"followers_count":172220,"following":null,"default_profile":false,"name":"Thiago Mourah ™ ","profile_sidebar_fill_color":"FFFFFF","location":"Salvador, Bahia","notifications":null},"favorited":false}