{"in_reply_to_status_id_str":"385741595016192000","in_reply_to_status_id":385741595016192000,"coordinates":null,"truncated":false,"in_reply_to_user_id_str":"78317870","created_at":"Thu Oct 03 12:22:35 +0000 2013","source":"<a href=\"http://itunes.apple.com/us/app/twitter/id409789998?mt=12\" rel=\"nofollow\">Twitter for Mac<\/a>","retweet_count":0,"retweeted":false,"geo":null,"filter_level":"medium","in_reply_to_screen_name":"AloBradesco","entities":{"urls":[],"hashtags":[],"user_mentions":[{"indices":[0,12],"screen_name":"AloBradesco","id_str":"78317870","name":"Alô Bradesco","id":78317870}],"symbols":[]},"id_str":"385741670429753344","in_reply_to_user_id":78317870,"favorite_count":0,"contributors":null,"text":"@AloBradesco Sim, primeira.","id":385741670429753344,"place":null,"lang":"pt","user":{"utc_offset":-10800,"friends_count":1265,"profile_image_url_https":"https://si0.twimg.com/profile_images/1697189870/image_normal.jpg","profile_background_image_url":"http://a0.twimg.com/profile_background_images/192459562/astronautas.jpg","listed_count":22,"default_profile_image":false,"favourites_count":48,"description":"code@staunchrobots, jiu-jitsu@alliance, MMA fan, atheist, tattooed, geek, Corinthiano, born in São Paulo - Brazil","created_at":"Thu Mar 06 19:41:29 +0000 2008","is_translator":false,"profile_background_image_url_https":"https://si0.twimg.com/profile_background_images/192459562/astronautas.jpg","protected":false,"screen_name":"raulsouzalima","id_str":"14090883","profile_link_color":"FF120F","geo_enabled":true,"id":14090883,"profile_background_color":"000000","lang":"en","profile_sidebar_border_color":"A1A1A1","profile_text_color":"A1A1A1","verified":false,"profile_image_url":"http://a0.twimg.com/profile_images/1697189870/image_normal.jpg","time_zone":"Brasilia","url":null,"contributors_enabled":false,"profile_background_tile":true,"follow_request_sent":null,"statuses_count":26314,"profile_use_background_image":true,"followers_count":766,"following":null,"default_profile":false,"name":"Raul Souza Lima","profile_sidebar_fill_color":"000000","location":"Capão City - São Paulo","notifications":null},"favorited":false}