{"in_reply_to_status_id_str":null,"in_reply_to_status_id":null,"possibly_sensitive":false,"coordinates":null,"truncated":false,"in_reply_to_user_id_str":null,"created_at":"Thu Oct 03 13:47:25 +0000 2013","source":"web","retweet_count":0,"retweeted":false,"geo":null,"filter_level":"medium","in_reply_to_screen_name":null,"entities":{"urls":[{"display_url":"proxxima.com.br/proxxima/redes\u2026","indices":[31,53],"expanded_url":"http://www.proxxima.com.br/proxxima/redes_sociais/noticia/2011/10/27/Funcionaria-de-Redes-Sociais-do-Bradesco-Era-aqui-que-eu-queria-trabalhar.html","url":"http://t.co/twfPaT8RaQ"},{"display_url":"bluebus.com.br/coca-cola-resp\u2026","indices":[57,79],"expanded_url":"http://www.bluebus.com.br/coca-cola-responde-rimas-mensagem-enviada-consumidor-facebook/","url":"http://t.co/gtXLAmg2VN"}],"hashtags":[],"user_mentions":[{"indices":[14,23],"screen_name":"Bradesco","id_str":"79184083","name":"Banco Bradesco","id":79184083}],"symbols":[]},"id_str":"385763020707594240","in_reply_to_user_id":null,"favorite_count":0,"contributors":null,"text":"Olha ISSO:\n1. @bradesco - 2011 http://t.co/twfPaT8RaQ\n2. http://t.co/gtXLAmg2VN","id":385763020707594240,"place":null,"lang":"pt","user":{"utc_offset":-10800,"friends_count":1530,"profile_image_url_https":"https://si0.twimg.com/profile_images/3525201908/42255b0692c9576fee3b04513a400715_normal.gif","profile_background_image_url":"http://a0.twimg.com/profile_background_images/378800000000633910/73878e5333a0a2ffb7b8a538cdcca764.gif","listed_count":4753,"default_profile_image":false,"favourites_count":1555,"description":"World Wide Woman -  Física/Escriba  ( http://farofa.com.br) // texts - https://medium.com/@rosana/","created_at":"Mon Apr 09 22:02:56 +0000 2007","is_translator":true,"profile_background_image_url_https":"https://si0.twimg.com/profile_background_images/378800000000633910/73878e5333a0a2ffb7b8a538cdcca764.gif","protected":false,"screen_name":"rosana","id_str":"3948041","profile_link_color":"532EE6","geo_enabled":true,"id":3948041,"profile_background_color":"000000","lang":"en","profile_sidebar_border_color":"000000","profile_text_color":"10162E","verified":true,"profile_image_url":"http://a0.twimg.com/profile_images/3525201908/42255b0692c9576fee3b04513a400715_normal.gif","time_zone":"Brasilia","url":"http://r7.com/rosana","contributors_enabled":false,"profile_banner_url":"https://pbs.twimg.com/profile_banners/3948041/1348109128","profile_background_tile":false,"follow_request_sent":null,"statuses_count":145790,"profile_use_background_image":true,"followers_count":432828,"following":null,"default_profile":false,"name":"rosana hermann ","profile_sidebar_fill_color":"E3EB07","location":"São Paulo","notifications":null},"favorited":false}