{"in_reply_to_status_id_str":null,"in_reply_to_status_id":null,"coordinates":{"coordinates":[-40.30684968,-20.2924714],"type":"Point"},"truncated":false,"in_reply_to_user_id_str":null,"created_at":"Thu Oct 03 10:15:15 +0000 2013","source":"<a href=\"http://twitter.com/#!/download/ipad\" rel=\"nofollow\">Twitter for iPad<\/a>","retweet_count":0,"retweeted":false,"geo":{"coordinates":[-20.2924714,-40.30684968],"type":"Point"},"filter_level":"medium","in_reply_to_screen_name":null,"entities":{"urls":[],"hashtags":[{"indices":[0,10],"text":"PROCONVix"},{"indices":[40,49],"text":"Bradesco"},{"indices":[63,77],"text":"RicardoEletro"}],"user_mentions":[],"symbols":[]},"id_str":"385709627482337280","in_reply_to_user_id":null,"favorite_count":0,"contributors":null,"text":"#PROCONVix  Ranking do dia liderado por #Bradesco, seguido por #RicardoEletro. Vamos conciliar meu povo!","id":385709627482337280,"place":{"country_code":"BR","country":"Brasil","full_name":"Vitória, Espírito Santo","bounding_box":{"coordinates":[[[-40.3629648,-20.3253961],[-40.3629648,-20.2353869],[-40.2226805,-20.2353869],[-40.2226805,-20.3253961]]],"type":"Polygon"},"place_type":"city","name":"Vitória","attributes":{},"id":"a8bf18425e35f49d","url":"https://api.twitter.com/1.1/geo/id/a8bf18425e35f49d.json"},"lang":"pt","user":{"utc_offset":-10800,"friends_count":238,"profile_image_url_https":"https://si0.twimg.com/profile_images/3224918115/aa6e627a818dc856496a59cd0b37e2da_normal.jpeg","profile_background_image_url":"http://a0.twimg.com/profile_background_images/124915548/camouflage.jpg","listed_count":1,"default_profile_image":false,"favourites_count":0,"description":null,"created_at":"Sun Sep 06 01:57:20 +0000 2009","is_translator":false,"profile_background_image_url_https":"https://si0.twimg.com/profile_background_images/124915548/camouflage.jpg","protected":false,"screen_name":"ViniciosCampos","id_str":"71941406","profile_link_color":"48694C","geo_enabled":true,"id":71941406,"profile_background_color":"857549","lang":"pt","profile_sidebar_border_color":"89949C","profile_text_color":"080808","verified":false,"profile_image_url":"http://a0.twimg.com/profile_images/3224918115/aa6e627a818dc856496a59cd0b37e2da_normal.jpeg","time_zone":"Brasilia","url":"https://plus.google.com/u/0/117989884109170016309/about","contributors_enabled":false,"profile_background_tile":false,"follow_request_sent":null,"statuses_count":1308,"profile_use_background_image":true,"followers_count":70,"following":null,"default_profile":false,"name":"Vinicios Campos","profile_sidebar_fill_color":"8FA187","location":"Vila Velha","notifications":null},"favorited":false}