{"in_reply_to_status_id_str":null,"in_reply_to_status_id":null,"coordinates":null,"truncated":false,"in_reply_to_user_id_str":"79184083","created_at":"Thu Oct 03 09:43:19 +0000 2013","source":"web","retweet_count":0,"retweeted":false,"geo":null,"filter_level":"medium","in_reply_to_screen_name":"Bradesco","entities":{"urls":[],"hashtags":[],"user_mentions":[{"indices":[0,9],"screen_name":"Bradesco","id_str":"79184083","name":"Banco Bradesco","id":79184083}],"symbols":[]},"id_str":"385701588515315713","in_reply_to_user_id":79184083,"favorite_count":0,"contributors":null,"text":"@Bradesco Não pague a agencia que criou essa propaganda, POR FAVOR...\nRI DÍ CU LA.","id":385701588515315713,"place":null,"lang":"pt","user":{"utc_offset":-10800,"friends_count":1512,"profile_image_url_https":"https://si0.twimg.com/profile_images/1362556686/Z10z7lmd_1__normal.jpg_ver_1305929528_sig_1k1be5g","profile_background_image_url":"http://a0.twimg.com/profile_background_images/536694261/twilk_background_4f99bad792a73.jpg","listed_count":23,"default_profile_image":false,"favourites_count":550,"description":"Mãe de @BeatrizReginasp e @paulojunior_sp\r\n.Única irmã  de oito homens.","created_at":"Fri Jun 26 10:50:49 +0000 2009","is_translator":false,"profile_background_image_url_https":"https://si0.twimg.com/profile_background_images/536694261/twilk_background_4f99bad792a73.jpg","protected":false,"screen_name":"mariadocarmosp","id_str":"51010930","profile_link_color":"080707","geo_enabled":false,"id":51010930,"profile_background_color":"131516","lang":"pt","profile_sidebar_border_color":"DEDAE8","profile_text_color":"333333","verified":false,"profile_image_url":"http://a0.twimg.com/profile_images/1362556686/Z10z7lmd_1__normal.jpg_ver_1305929528_sig_1k1be5g","time_zone":"Santiago","url":null,"contributors_enabled":false,"profile_background_tile":true,"follow_request_sent":null,"statuses_count":32601,"profile_use_background_image":true,"followers_count":812,"following":null,"default_profile":false,"name":"Maria do Carmo","profile_sidebar_fill_color":"F0CA0E","location":"Brasil","notifications":null},"favorited":false}