{"in_reply_to_status_id_str":"385763020707594240","in_reply_to_status_id":385763020707594240,"coordinates":null,"truncated":false,"in_reply_to_user_id_str":"3948041","created_at":"Thu Oct 03 13:51:03 +0000 2013","source":"<a href=\"http://www.tweetdeck.com\" rel=\"nofollow\">TweetDeck<\/a>","retweet_count":0,"retweeted":false,"geo":null,"filter_level":"medium","in_reply_to_screen_name":"rosana","entities":{"urls":[],"hashtags":[],"user_mentions":[{"indices":[0,7],"screen_name":"rosana","id_str":"3948041","name":"rosana hermann ","id":3948041},{"indices":[8,17],"screen_name":"Bradesco","id_str":"79184083","name":"Banco Bradesco","id":79184083}],"symbols":[]},"id_str":"385763935364063232","in_reply_to_user_id":3948041,"favorite_count":0,"contributors":null,"text":"@rosana @bradesco Tb  demos essa na epoca, Rosana. Daqui a 2 anos será outra marca. pode crer! :) E nos EUA tb ja teve 1 historia assim...","id":385763935364063232,"place":null,"lang":"pt","user":{"utc_offset":-10800,"friends_count":4,"profile_image_url_https":"https://si0.twimg.com/profile_images/2449357520/nl7da88i5w6epmnabncq_normal.jpeg","profile_background_image_url":"http://a0.twimg.com/profile_background_images/323440116/twitter_sexta_1920_1080_alt.jpg","listed_count":2586,"default_profile_image":false,"favourites_count":7,"description":"Noticias de midia fundado em 1995","created_at":"Sun Aug 26 02:43:31 +0000 2007","is_translator":false,"profile_background_image_url_https":"https://si0.twimg.com/profile_background_images/323440116/twitter_sexta_1920_1080_alt.jpg","protected":false,"screen_name":"bluebusbr","id_str":"8434702","profile_link_color":"022ECF","geo_enabled":false,"id":8434702,"profile_background_color":"687EEF","lang":"pt","profile_sidebar_border_color":"BDDCAD","profile_text_color":"333333","verified":true,"profile_image_url":"http://a0.twimg.com/profile_images/2449357520/nl7da88i5w6epmnabncq_normal.jpeg","time_zone":"Brasilia","url":"http://bluebus.com.br/","contributors_enabled":false,"profile_banner_url":"https://pbs.twimg.com/profile_banners/8434702/1353411943","profile_background_tile":false,"follow_request_sent":null,"statuses_count":46773,"profile_use_background_image":false,"followers_count":78187,"following":null,"default_profile":false,"name":"bluebusbr","profile_sidebar_fill_color":"DDFFCC","location":"Brasil","notifications":null},"favorited":false}