{"in_reply_to_status_id_str":"385763020707594240","in_reply_to_status_id":385763020707594240,"coordinates":null,"truncated":false,"in_reply_to_user_id_str":"3948041","created_at":"Thu Oct 03 13:51:04 +0000 2013","source":"<a href=\"http://www.tweetdeck.com\" rel=\"nofollow\">TweetDeck<\/a>","retweet_count":0,"retweeted":false,"geo":null,"filter_level":"medium","in_reply_to_screen_name":"rosana","entities":{"urls":[],"hashtags":[],"user_mentions":[{"indices":[0,7],"screen_name":"rosana","id_str":"3948041","name":"rosana hermann ","id":3948041},{"indices":[8,17],"screen_name":"Bradesco","id_str":"79184083","name":"Banco Bradesco","id":79184083}],"symbols":[]},"id_str":"385763936504909824","in_reply_to_user_id":3948041,"favorite_count":0,"contributors":null,"text":"@rosana @bradesco Tb  demos essa na epoca, Rosana. Daqui a 2 anos será outra marca. pode crer! :) E nos EUA tb ja teve 1 historia assim...","id":385763936504909824,"place":null,"lang":"pt","user":{"utc_offset":-10800,"friends_count":104,"profile_image_url_https":"https://si0.twimg.com/profile_images/378800000431645787/9d8d8334a8038197691fb5ca62bbe230_normal.jpeg","profile_background_image_url":"http://abs.twimg.com/images/themes/theme1/bg.png","listed_count":191,"default_profile_image":false,"favourites_count":15,"description":"Fundador do Blue Bus","created_at":"Sun Apr 19 15:12:11 +0000 2009","is_translator":false,"profile_background_image_url_https":"https://abs.twimg.com/images/themes/theme1/bg.png","protected":false,"screen_name":"julio_hungria","id_str":"33221026","profile_link_color":"022ECF","geo_enabled":true,"id":33221026,"profile_background_color":"FFFFFF","lang":"en","profile_sidebar_border_color":"E7EBCB","profile_text_color":"333333","verified":false,"profile_image_url":"http://a0.twimg.com/profile_images/378800000431645787/9d8d8334a8038197691fb5ca62bbe230_normal.jpeg","time_zone":"Brasilia","url":"http://bluebus.com.br","contributors_enabled":false,"profile_banner_url":"https://pbs.twimg.com/profile_banners/33221026/1353408614","profile_background_tile":false,"follow_request_sent":null,"statuses_count":19155,"profile_use_background_image":false,"followers_count":5043,"following":null,"default_profile":false,"name":"Julio Hungria","profile_sidebar_fill_color":"E7EBCB","location":"Rio de Janeiro","notifications":null},"favorited":false}