{"in_reply_to_status_id_str":null,"in_reply_to_status_id":null,"coordinates":null,"truncated":false,"in_reply_to_user_id_str":"78317870","created_at":"Thu Oct 03 11:32:30 +0000 2013","source":"<a href=\"http://www.tweetdeck.com\" rel=\"nofollow\">TweetDeck<\/a>","retweet_count":0,"retweeted":false,"geo":null,"filter_level":"medium","in_reply_to_screen_name":"AloBradesco","entities":{"urls":[],"hashtags":[],"user_mentions":[{"indices":[0,12],"screen_name":"AloBradesco","id_str":"78317870","name":"Alô Bradesco","id":78317870},{"indices":[50,66],"screen_name":"AmericanExpress","id_str":"42712551","name":"American Express","id":42712551}],"symbols":[]},"id_str":"385729067552489472","in_reply_to_user_id":78317870,"favorite_count":0,"contributors":null,"text":"@AloBradesco Me manda cartão sem eu solicitar e a @AmericanExpress se recusa a me passar meus dados, não fornece protocolo e nem a gravação.","id":385729067552489472,"place":null,"lang":"pt","user":{"utc_offset":-7200,"friends_count":970,"profile_image_url_https":"https://si0.twimg.com/profile_images/1355140862/twitter_normal.jpg","profile_background_image_url":"http://a0.twimg.com/profile_background_images/3605662/imagem_wallpaper_rtm_green.jpg","listed_count":34,"default_profile_image":false,"favourites_count":325,"description":"Desenvolvedor Web, formado em Gestão de TI pelo SENAC e aluno de sistemas de informação na UNISUL. Não sou DJ!!","created_at":"Wed Dec 03 12:33:49 +0000 2008","is_translator":false,"profile_background_image_url_https":"https://si0.twimg.com/profile_background_images/3605662/imagem_wallpaper_rtm_green.jpg","protected":false,"screen_name":"djhonyy","id_str":"17835160","profile_link_color":"1873A2","geo_enabled":true,"id":17835160,"profile_background_color":"EBE8DD","lang":"en","profile_sidebar_border_color":"85735D","profile_text_color":"85735D","verified":false,"profile_image_url":"http://a0.twimg.com/profile_images/1355140862/twitter_normal.jpg","time_zone":"Greenland","url":"http://blog.johnathan.com.br","contributors_enabled":false,"profile_background_tile":false,"follow_request_sent":null,"statuses_count":17516,"profile_use_background_image":false,"followers_count":772,"following":null,"default_profile":false,"name":"Johnathan Cardoso","profile_sidebar_fill_color":"B0A99C","location":"Florianópolis","notifications":null},"favorited":false}