{"in_reply_to_status_id_str":null,"in_reply_to_status_id":null,"coordinates":null,"truncated":false,"in_reply_to_user_id_str":null,"created_at":"Thu Oct 03 13:18:04 +0000 2013","source":"web","retweet_count":0,"retweeted":false,"geo":null,"filter_level":"medium","in_reply_to_screen_name":null,"entities":{"urls":[],"hashtags":[],"user_mentions":[{"indices":[37,51],"screen_name":"BancodoBrasil","id_str":"83723557","name":"Banco do Brasil","id":83723557},{"indices":[54,59],"screen_name":"itau","id_str":"179398386","name":"Itaú","id":179398386},{"indices":[63,72],"screen_name":"Bradesco","id_str":"79184083","name":"Banco Bradesco","id":79184083}],"symbols":[]},"id_str":"385755633317736449","in_reply_to_user_id":null,"favorite_count":0,"contributors":null,"text":"Alguém sabe se tem alguma agência do @BancodoBrasil , @itau ou @Bradesco no centro do Rio que não esteja em greve? :x","id":385755633317736449,"place":null,"lang":"pt","user":{"utc_offset":-10800,"friends_count":686,"profile_image_url_https":"https://si0.twimg.com/profile_images/3401581182/2029d45e23b8f4424cc63392d3206179_normal.jpeg","profile_background_image_url":"http://a0.twimg.com/profile_background_images/717204557/4043296d4af112c78e49e59e42644eb2.jpeg","listed_count":29,"default_profile_image":false,"favourites_count":47,"description":"O bebê #1 das paradas de sucesso do twitter por 2 anos consecutivos virou redator publicitário e hoje tenta reconstruir sua graça e sua glória. Amém.","created_at":"Thu Apr 09 13:17:30 +0000 2009","is_translator":false,"profile_background_image_url_https":"https://si0.twimg.com/profile_background_images/717204557/4043296d4af112c78e49e59e42644eb2.jpeg","protected":false,"screen_name":"DanFF","id_str":"29981198","profile_link_color":"0A632D","geo_enabled":false,"id":29981198,"profile_background_color":"000000","lang":"en","profile_sidebar_border_color":"000000","profile_text_color":"000000","verified":false,"profile_image_url":"http://a0.twimg.com/profile_images/3401581182/2029d45e23b8f4424cc63392d3206179_normal.jpeg","time_zone":"Brasilia","url":null,"contributors_enabled":false,"profile_banner_url":"https://pbs.twimg.com/profile_banners/29981198/1363714945","profile_background_tile":false,"follow_request_sent":null,"statuses_count":22100,"profile_use_background_image":true,"followers_count":819,"following":null,"default_profile":false,"name":"Daniel Faria","profile_sidebar_fill_color":"CED0D6","location":"Nottingham - UK","notifications":null},"favorited":false}