{"in_reply_to_status_id_str":null,"in_reply_to_status_id":null,"coordinates":null,"truncated":false,"in_reply_to_user_id_str":null,"created_at":"Thu Oct 03 13:16:37 +0000 2013","source":"web","retweet_count":0,"retweeted":false,"geo":null,"filter_level":"medium","in_reply_to_screen_name":null,"entities":{"urls":[],"hashtags":[],"user_mentions":[{"indices":[4,13],"screen_name":"Bradesco","id_str":"79184083","name":"Banco Bradesco","id":79184083}],"symbols":[]},"id_str":"385755268316811265","in_reply_to_user_id":null,"favorite_count":0,"contributors":null,"text":"Alô @Bradesco tem alguma agência funcionando em \nSalvador na qual eu possa tentar arrumar uma solução pro problema de cartão desaparecido?","id":385755268316811265,"place":null,"lang":"pt","user":{"utc_offset":-10800,"friends_count":442,"profile_image_url_https":"https://si0.twimg.com/profile_images/3609033849/5a60f7daf4be023e2e18404b26922c51_normal.png","profile_background_image_url":"http://a0.twimg.com/profile_background_images/862296326/efecb35edfa5bb45f200d173f2333707.jpeg","listed_count":37,"default_profile_image":false,"favourites_count":106,"description":"Winter is coming.","created_at":"Tue Jun 09 19:20:56 +0000 2009","is_translator":false,"profile_background_image_url_https":"https://si0.twimg.com/profile_background_images/862296326/efecb35edfa5bb45f200d173f2333707.jpeg","protected":false,"screen_name":"DWainschtock","id_str":"45916743","profile_link_color":"491748","geo_enabled":false,"id":45916743,"profile_background_color":"FFFFFF","lang":"en","profile_sidebar_border_color":"FFFFFF","profile_text_color":"1B2526","verified":false,"profile_image_url":"http://a0.twimg.com/profile_images/3609033849/5a60f7daf4be023e2e18404b26922c51_normal.png","time_zone":"Brasilia","url":"http://paginasdespetaladas.blogspot.com","contributors_enabled":false,"profile_banner_url":"https://pbs.twimg.com/profile_banners/45916743/1367895919","profile_background_tile":true,"follow_request_sent":null,"statuses_count":35004,"profile_use_background_image":true,"followers_count":407,"following":null,"default_profile":false,"name":"Cat of the Canals","profile_sidebar_fill_color":"FFFFFF","location":"Salvador","notifications":null},"favorited":false}