{"in_reply_to_status_id_str":"385700049403248640","in_reply_to_status_id":385700049403248640,"coordinates":{"coordinates":[-38.2972003,-12.5315417],"type":"Point"},"truncated":false,"in_reply_to_user_id_str":"187991114","created_at":"Thu Oct 03 09:38:22 +0000 2013","source":"<a href=\"http://twitter.com/download/android\" rel=\"nofollow\">Twitter for Android<\/a>","retweet_count":0,"retweeted":false,"geo":{"coordinates":[-12.5315417,-38.2972003],"type":"Point"},"filter_level":"medium","in_reply_to_screen_name":"ThiagoMMourah","entities":{"urls":[],"hashtags":[],"user_mentions":[{"indices":[0,9],"screen_name":"Bradesco","id_str":"79184083","name":"Banco Bradesco","id":79184083}],"symbols":[]},"id_str":"385700342144708608","in_reply_to_user_id":187991114,"favorite_count":0,"contributors":null,"text":"@Bradesco agência 3669-2 .","id":385700342144708608,"place":{"country_code":"BR","country":"Brasil","full_name":"Mata de São João, Bahia","bounding_box":{"coordinates":[[[-38.3809613,-12.6111989],[-38.3809613,-12.353967],[-37.8730323,-12.353967],[-37.8730323,-12.6111989]]],"type":"Polygon"},"place_type":"city","name":"Mata de São João","attributes":{},"id":"1212b013c85a8095","url":"https://api.twitter.com/1.1/geo/id/1212b013c85a8095.json"},"lang":"pt","user":{"utc_offset":-10800,"friends_count":445,"profile_image_url_https":"https://si0.twimg.com/profile_images/3334045815/cb563c13a4bc03c8822c71e89a50d227_normal.jpeg","profile_background_image_url":"http://a0.twimg.com/profile_background_images/296960422/105702659.jpg","listed_count":1107,"default_profile_image":false,"favourites_count":171,"description":"Estudante Universitário (Direito UNEB 2009.2)... Estagiário do Ministério Público.. Aulas de canto as vezes... Twitteiro nas horas vagas... #Follow-Me","created_at":"Tue Sep 07 17:27:32 +0000 2010","is_translator":false,"profile_background_image_url_https":"https://si0.twimg.com/profile_background_images/296960422/105702659.jpg","protected":false,"screen_name":"ThiagoMMourah","id_str":"187991114","profile_link_color":"000000","geo_enabled":true,"id":187991114,"profile_background_color":"FFFFFF","lang":"pt","profile_sidebar_border_color":"FA0000","profile_text_color":"000000","verified":false,"profile_image_url":"http://a0.twimg.com/profile_images/3334045815/cb563c13a4bc03c8822c71e89a50d227_normal.jpeg","time_zone":"Brasilia","url":"http://facebook.com/ThiagoMMourah","contributors_enabled":false,"profile_banner_url":"https://pbs.twimg.com/profile_banners/187991114/1360530695","profile_background_tile":true,"follow_request_sent":null,"statuses_count":25891,"profile_use_background_image":true,"followers_count":172221,"following":null,"default_profile":false,"name":"Thiago Mourah ™ ","profile_sidebar_fill_color":"FFFFFF","location":"Salvador, Bahia","notifications":null},"favorited":false}