{"in_reply_to_status_id_str":"385882347813761024","in_reply_to_status_id":385882347813761024,"coordinates":null,"truncated":false,"in_reply_to_user_id_str":"78317870","created_at":"Thu Oct 03 21:44:08 +0000 2013","source":"<a href=\"http://twitter.com/download/android\" rel=\"nofollow\">Twitter for Android<\/a>","retweet_count":0,"retweeted":false,"geo":null,"filter_level":"medium","in_reply_to_screen_name":"AloBradesco","entities":{"urls":[],"hashtags":[],"user_mentions":[{"indices":[0,12],"screen_name":"AloBradesco","id_str":"78317870","name":"Alô Bradesco","id":78317870}],"symbols":[]},"id_str":"385882990322413568","in_reply_to_user_id":78317870,"favorite_count":0,"contributors":null,"text":"@AloBradesco voce poderia me informar o número do fone fácil? Obrigada.","id":385882990322413568,"place":null,"lang":"pt","user":{"utc_offset":-18000,"friends_count":382,"profile_image_url_https":"https://si0.twimg.com/profile_images/378800000313012665/3fa524b31a1ec29e6e1eeaf8469097ce_normal.jpeg","profile_background_image_url":"http://abs.twimg.com/images/themes/theme14/bg.gif","listed_count":10,"default_profile_image":false,"favourites_count":7429,"description":null,"created_at":"Mon Aug 24 05:45:24 +0000 2009","is_translator":false,"profile_background_image_url_https":"https://abs.twimg.com/images/themes/theme14/bg.gif","protected":false,"screen_name":"renatarayany","id_str":"68339002","profile_link_color":"009999","geo_enabled":true,"id":68339002,"profile_background_color":"131516","lang":"pt","profile_sidebar_border_color":"EEEEEE","profile_text_color":"333333","verified":false,"profile_image_url":"http://a0.twimg.com/profile_images/378800000313012665/3fa524b31a1ec29e6e1eeaf8469097ce_normal.jpeg","time_zone":"Quito","url":null,"contributors_enabled":false,"profile_banner_url":"https://pbs.twimg.com/profile_banners/68339002/1353004186","profile_background_tile":true,"follow_request_sent":null,"statuses_count":39495,"profile_use_background_image":true,"followers_count":848,"following":null,"default_profile":false,"name":"reh","profile_sidebar_fill_color":"EFEFEF","location":"","notifications":null},"favorited":false}