{"in_reply_to_status_id_str":"385860386484129792","in_reply_to_status_id":385860386484129792,"coordinates":null,"truncated":false,"in_reply_to_user_id_str":"78317870","created_at":"Thu Oct 03 20:15:13 +0000 2013","source":"web","retweet_count":0,"retweeted":false,"geo":null,"filter_level":"medium","in_reply_to_screen_name":"AloBradesco","entities":{"urls":[],"hashtags":[],"user_mentions":[{"indices":[0,12],"screen_name":"AloBradesco","id_str":"78317870","name":"Alô Bradesco","id":78317870}],"symbols":[]},"id_str":"385860613907304448","in_reply_to_user_id":78317870,"favorite_count":0,"contributors":null,"text":"@AloBradesco É do reino da folia, carnaval de Salvador.","id":385860613907304448,"place":null,"lang":"pt","user":{"utc_offset":-10800,"friends_count":629,"profile_image_url_https":"https://si0.twimg.com/profile_images/2244186139/8283ef94844511e1b10e123138105d6b_6_normal.jpg","profile_background_image_url":"http://a0.twimg.com/profile_background_images/861255326/bbffe66e09e376e788957041086099fa.jpeg","listed_count":2,"default_profile_image":false,"favourites_count":16,"description":":)","created_at":"Tue Dec 28 17:12:43 +0000 2010","is_translator":false,"profile_background_image_url_https":"https://si0.twimg.com/profile_background_images/861255326/bbffe66e09e376e788957041086099fa.jpeg","protected":false,"screen_name":"CaioCosta_L","id_str":"231484896","profile_link_color":"038543","geo_enabled":true,"id":231484896,"profile_background_color":"ACDED6","lang":"pt","profile_sidebar_border_color":"FFFFFF","profile_text_color":"333333","verified":false,"profile_image_url":"http://a0.twimg.com/profile_images/2244186139/8283ef94844511e1b10e123138105d6b_6_normal.jpg","time_zone":"Santiago","url":null,"contributors_enabled":false,"profile_banner_url":"https://pbs.twimg.com/profile_banners/231484896/1354846177","profile_background_tile":true,"follow_request_sent":null,"statuses_count":11461,"profile_use_background_image":true,"followers_count":383,"following":null,"default_profile":false,"name":"Caio Costa","profile_sidebar_fill_color":"F6F6F6","location":"","notifications":null},"favorited":false}