{"in_reply_to_status_id_str":null,"in_reply_to_status_id":null,"coordinates":null,"truncated":false,"in_reply_to_user_id_str":null,"created_at":"Thu Oct 03 18:18:21 +0000 2013","source":"web","retweet_count":0,"retweeted":false,"geo":null,"filter_level":"medium","in_reply_to_screen_name":null,"entities":{"urls":[],"hashtags":[],"user_mentions":[{"indices":[13,22],"screen_name":"Bradesco","id_str":"79184083","name":"Banco Bradesco","id":79184083}],"symbols":[]},"id_str":"385831201807663104","in_reply_to_user_id":null,"favorite_count":0,"contributors":null,"text":"Biometria do @Bradesco você torra a paciência.","id":385831201807663104,"place":null,"lang":"pt","user":{"utc_offset":-10800,"friends_count":655,"profile_image_url_https":"https://si0.twimg.com/profile_images/378800000508262573/45da70533cfd7484a47233350814135b_normal.jpeg","profile_background_image_url":"http://a0.twimg.com/profile_background_images/632092126/n64s7d7kpebzo5eeb2hs.jpeg","listed_count":485,"default_profile_image":false,"favourites_count":57,"description":"Guitarrista da @BandaBelieve Do it yourself\nhttp://facebook.com/fabiobelieveman\nOuça Sensação: http://www.youtube.com/watch?v=vkYV9Q0RPcA Single 2013","created_at":"Fri Feb 06 12:30:37 +0000 2009","is_translator":false,"profile_background_image_url_https":"https://si0.twimg.com/profile_background_images/632092126/n64s7d7kpebzo5eeb2hs.jpeg","protected":false,"screen_name":"fabiobelieveman","id_str":"20233260","profile_link_color":"BAC7AF","geo_enabled":false,"id":20233260,"profile_background_color":"387DC3","lang":"en","profile_sidebar_border_color":"AA9FB5","profile_text_color":"054C99","verified":false,"profile_image_url":"http://a0.twimg.com/profile_images/378800000508262573/45da70533cfd7484a47233350814135b_normal.jpeg","time_zone":"Brasilia","url":"http://www.facebook.com/BandaBelieve","contributors_enabled":false,"profile_banner_url":"https://pbs.twimg.com/profile_banners/20233260/1354464958","profile_background_tile":true,"follow_request_sent":null,"statuses_count":107487,"profile_use_background_image":true,"followers_count":5670,"following":null,"default_profile":false,"name":"Fabio Oliveira","profile_sidebar_fill_color":"A0C5C7","location":"São Paulo","notifications":null},"favorited":false}