{"in_reply_to_status_id_str":null,"in_reply_to_status_id":null,"possibly_sensitive":false,"coordinates":{"coordinates":[-47.26687482,-22.82269253],"type":"Point"},"truncated":false,"in_reply_to_user_id_str":null,"created_at":"Thu Oct 03 19:14:00 +0000 2013","source":"<a href=\"http://instagram.com\" rel=\"nofollow\">Instagram<\/a>","retweet_count":0,"retweeted":false,"geo":{"coordinates":[-22.82269253,-47.26687482],"type":"Point"},"filter_level":"medium","in_reply_to_screen_name":null,"entities":{"urls":[{"display_url":"instagram.com/p/fBDfqrr1Lr/","indices":[92,114],"expanded_url":"http://instagram.com/p/fBDfqrr1Lr/","url":"http://t.co/VpaHTi0aJo"}],"hashtags":[{"indices":[69,80],"text":"odeiobanco"},{"indices":[81,90],"text":"bradesco"}],"user_mentions":[],"symbols":[]},"id_str":"385845204441636864","in_reply_to_user_id":null,"favorite_count":0,"contributors":null,"text":"Senha atual: 190 . Será que falta muito pra eu ser atendido? !!! Aff #odeiobanco #bradesco\u2026 http://t.co/VpaHTi0aJo","id":385845204441636864,"place":{"country_code":"BR","country":"Brasil","full_name":"Sumaré, São Paulo","bounding_box":{"coordinates":[[[-47.369249,-22.903443],[-47.369249,-22.783889],[-47.154339,-22.783889],[-47.154339,-22.903443]]],"type":"Polygon"},"place_type":"city","name":"Sumaré","attributes":{},"id":"87dba8639bbe2f22","url":"https://api.twitter.com/1.1/geo/id/87dba8639bbe2f22.json"},"lang":"pt","user":{"utc_offset":-10800,"friends_count":168,"profile_image_url_https":"https://si0.twimg.com/profile_images/378800000435457951/f074a46f08563acd5616cfb52455b28f_normal.jpeg","profile_background_image_url":"http://abs.twimg.com/images/themes/theme9/bg.gif","listed_count":5,"default_profile_image":false,"favourites_count":2,"description":"Ser feliz é deixαr de \r\nser vítimα dos problemαs\r\ne se tornαr um αutor\r\ndα própriα históriα","created_at":"Thu Mar 11 00:15:59 +0000 2010","is_translator":false,"profile_background_image_url_https":"https://abs.twimg.com/images/themes/theme9/bg.gif","protected":false,"screen_name":"luishea","id_str":"121904311","profile_link_color":"2FC2EF","geo_enabled":true,"id":121904311,"profile_background_color":"1A1B1F","lang":"en","profile_sidebar_border_color":"181A1E","profile_text_color":"666666","verified":false,"profile_image_url":"http://a0.twimg.com/profile_images/378800000435457951/f074a46f08563acd5616cfb52455b28f_normal.jpeg","time_zone":"Santiago","url":null,"contributors_enabled":false,"profile_banner_url":"https://pbs.twimg.com/profile_banners/121904311/1378755370","profile_background_tile":false,"follow_request_sent":null,"statuses_count":9649,"profile_use_background_image":true,"followers_count":169,"following":null,"default_profile":false,"name":" Luis Henrique","profile_sidebar_fill_color":"252429","location":"","notifications":null},"favorited":false}