{"in_reply_to_status_id_str":null,"in_reply_to_status_id":null,"coordinates":null,"truncated":false,"in_reply_to_user_id_str":"79184083","created_at":"Thu Oct 03 19:24:20 +0000 2013","source":"<a href=\"http://twitter.com/tweetbutton\" rel=\"nofollow\">Tweet Button<\/a>","retweet_count":0,"retweeted":false,"geo":null,"filter_level":"medium","in_reply_to_screen_name":"Bradesco","entities":{"urls":[],"hashtags":[],"user_mentions":[{"indices":[0,9],"screen_name":"Bradesco","id_str":"79184083","name":"Banco Bradesco","id":79184083}],"symbols":[]},"id_str":"385847806784577537","in_reply_to_user_id":79184083,"favorite_count":0,"contributors":null,"text":"@Bradesco @Itaú - VERGONHA de VOCÊS.\nBancos bloqueiam compras na PSN, Google Play e outras lojas virtuais - Notícias - TechTudo","id":385847806784577537,"place":null,"lang":"pt","user":{"utc_offset":-10800,"friends_count":418,"profile_image_url_https":"https://si0.twimg.com/profile_images/2311751723/lqx1k0cspzv917qvc482_normal.jpeg","profile_background_image_url":"http://a0.twimg.com/profile_background_images/378800000083843385/ebb1879191790b07851ffbbabdf22b47.png","listed_count":14,"default_profile_image":false,"favourites_count":7,"description":"Escritor. Gamer - comecei no Atari e não parei mais. Sem música não fico. Se for para escrever tudo, aqui não vai caber.. ;)","created_at":"Mon Mar 08 22:39:31 +0000 2010","is_translator":false,"profile_background_image_url_https":"https://si0.twimg.com/profile_background_images/378800000083843385/ebb1879191790b07851ffbbabdf22b47.png","protected":false,"screen_name":"G_Norris","id_str":"121247975","profile_link_color":"F07109","geo_enabled":true,"id":121247975,"profile_background_color":"325DC2","lang":"en","profile_sidebar_border_color":"F5D60E","profile_text_color":"333333","verified":false,"profile_image_url":"http://a0.twimg.com/profile_images/2311751723/lqx1k0cspzv917qvc482_normal.jpeg","time_zone":"Brasilia","url":"http://www.srcastelo.com","contributors_enabled":false,"profile_background_tile":false,"follow_request_sent":null,"statuses_count":1930,"profile_use_background_image":true,"followers_count":515,"following":null,"default_profile":false,"name":"G.Norris","profile_sidebar_fill_color":"F0EEE7","location":"Curitiba","notifications":null},"favorited":false}