{"in_reply_to_status_id_str":"385860416339197952","in_reply_to_status_id":385860416339197952,"coordinates":null,"truncated":false,"in_reply_to_user_id_str":"78317870","created_at":"Thu Oct 03 20:17:04 +0000 2013","source":"web","retweet_count":0,"retweeted":false,"geo":null,"filter_level":"medium","in_reply_to_screen_name":"AloBradesco","entities":{"urls":[],"hashtags":[],"user_mentions":[{"indices":[45,57],"screen_name":"AloBradesco","id_str":"78317870","name":"Alô Bradesco","id":78317870}],"symbols":[]},"id_str":"385861075838566401","in_reply_to_user_id":78317870,"favorite_count":0,"contributors":null,"text":"Não interessa!! Parem de encher o meu saco!! @AloBradesco","id":385861075838566401,"place":null,"lang":"pt","user":{"utc_offset":-10800,"friends_count":352,"profile_image_url_https":"https://si0.twimg.com/profile_images/378800000534608579/38a5817322ead651da6de109cecd0687_normal.jpeg","profile_background_image_url":"http://a0.twimg.com/profile_background_images/378800000086414906/d712e05a94d50ad19459963e6daca654.jpeg","listed_count":2,"default_profile_image":false,"favourites_count":944,"description":"'Til We Die.. / Estilo de vida @slipknot / Marido s2 @juniorwalker_","created_at":"Sat May 29 05:22:08 +0000 2010","is_translator":false,"profile_background_image_url_https":"https://si0.twimg.com/profile_background_images/378800000086414906/d712e05a94d50ad19459963e6daca654.jpeg","protected":false,"screen_name":"lolaalveez","id_str":"149396917","profile_link_color":"A3A0A3","geo_enabled":false,"id":149396917,"profile_background_color":"000000","lang":"pt","profile_sidebar_border_color":"000000","profile_text_color":"000000","verified":false,"profile_image_url":"http://a0.twimg.com/profile_images/378800000534608579/38a5817322ead651da6de109cecd0687_normal.jpeg","time_zone":"Santiago","url":null,"contributors_enabled":false,"profile_banner_url":"https://pbs.twimg.com/profile_banners/149396917/1380689812","profile_background_tile":false,"follow_request_sent":null,"statuses_count":36100,"profile_use_background_image":true,"followers_count":528,"following":null,"default_profile":false,"name":"I'm","profile_sidebar_fill_color":"000000","location":"","notifications":null},"favorited":false}