{"in_reply_to_status_id_str":null,"in_reply_to_status_id":null,"coordinates":null,"truncated":false,"in_reply_to_user_id_str":null,"created_at":"Thu Oct 03 21:07:11 +0000 2013","source":"<a href=\"http://www.tweetdeck.com\" rel=\"nofollow\">TweetDeck<\/a>","retweet_count":0,"retweeted":false,"geo":null,"filter_level":"medium","in_reply_to_screen_name":null,"entities":{"urls":[],"hashtags":[],"user_mentions":[{"indices":[41,53],"screen_name":"AloBradesco","id_str":"78317870","name":"Alô Bradesco","id":78317870}],"symbols":[]},"id_str":"385873690988408832","in_reply_to_user_id":null,"favorite_count":0,"contributors":null,"text":"Sendo muito bem atendido pelo pessoal do @alobradesco","id":385873690988408832,"place":null,"lang":"pt","user":{"utc_offset":-10800,"friends_count":231,"profile_image_url_https":"https://si0.twimg.com/profile_images/1475356153/Avatar_Novo_normal.JPG","profile_background_image_url":"http://a0.twimg.com/profile_background_images/2743303/caretas.jpg","listed_count":313,"default_profile_image":false,"favourites_count":32,"description":"Vivo de escrever na internet. Gosto muito do que faço","created_at":"Mon Aug 13 11:57:50 +0000 2007","is_translator":false,"profile_background_image_url_https":"https://si0.twimg.com/profile_background_images/2743303/caretas.jpg","protected":false,"screen_name":"Alessandro_M","id_str":"8157232","profile_link_color":"0000FF","geo_enabled":true,"id":8157232,"profile_background_color":"9AE4E8","lang":"pt","profile_sidebar_border_color":"87BC44","profile_text_color":"000000","verified":false,"profile_image_url":"http://a0.twimg.com/profile_images/1475356153/Avatar_Novo_normal.JPG","time_zone":"Brasilia","url":"http://livroseafins.com","contributors_enabled":false,"profile_banner_url":"https://pbs.twimg.com/profile_banners/8157232/1348681144","profile_background_tile":true,"follow_request_sent":null,"statuses_count":33537,"profile_use_background_image":true,"followers_count":10267,"following":null,"default_profile":false,"name":"Alessandro Martins","profile_sidebar_fill_color":"E7E7FD","location":"Curitiba - Paraná - Brasil","notifications":null},"favorited":false}