{"in_reply_to_status_id_str":null,"in_reply_to_status_id":null,"coordinates":null,"truncated":false,"in_reply_to_user_id_str":null,"created_at":"Thu Oct 03 17:59:12 +0000 2013","source":"<a href=\"http://twitter.com/download/iphone\" rel=\"nofollow\">Twitter for iPhone<\/a>","retweet_count":0,"retweeted":false,"geo":null,"filter_level":"medium","in_reply_to_screen_name":null,"entities":{"urls":[],"hashtags":[],"user_mentions":[{"indices":[11,20],"screen_name":"Bradesco","id_str":"79184083","name":"Banco Bradesco","id":79184083},{"indices":[128,140],"screen_name":"AloBradesco","id_str":"78317870","name":"Alô Bradesco","id":78317870}],"symbols":[]},"id_str":"385826382192058368","in_reply_to_user_id":null,"favorite_count":0,"contributors":null,"text":"Acho que o @Bradesco acha que não tenho que fazer nada mais da vida a não ser esperar para que a bagaça do NetEmpresa funcionar @AloBradesco","id":385826382192058368,"place":null,"lang":"pt","user":{"utc_offset":-10800,"friends_count":150,"profile_image_url_https":"https://si0.twimg.com/profile_images/2976132820/b6431ee9cf3168e0967704dd39ea35fe_normal.jpeg","profile_background_image_url":"http://abs.twimg.com/images/themes/theme15/bg.png","listed_count":2,"default_profile_image":false,"favourites_count":75,"description":"Designer, empreendedor, apaixonado por tecnologia e rock and roll.","created_at":"Fri May 01 23:38:47 +0000 2009","is_translator":false,"profile_background_image_url_https":"https://abs.twimg.com/images/themes/theme15/bg.png","protected":false,"screen_name":"fabiodipedra","id_str":"37077498","profile_link_color":"0084B4","geo_enabled":true,"id":37077498,"profile_background_color":"022330","lang":"pt","profile_sidebar_border_color":"A8C7F7","profile_text_color":"333333","verified":false,"profile_image_url":"http://a0.twimg.com/profile_images/2976132820/b6431ee9cf3168e0967704dd39ea35fe_normal.jpeg","time_zone":"Brasilia","url":null,"contributors_enabled":false,"profile_background_tile":false,"follow_request_sent":null,"statuses_count":1201,"profile_use_background_image":true,"followers_count":87,"following":null,"default_profile":false,"name":"Fabio Mascarenhas","profile_sidebar_fill_color":"C0DFEC","location":"iPhone: -12.988850,-38.481377","notifications":null},"favorited":false}