{"in_reply_to_status_id_str":"385836951330631680","in_reply_to_status_id":385836951330631680,"coordinates":{"coordinates":[-49.9487892,-22.2174531],"type":"Point"},"truncated":false,"in_reply_to_user_id_str":"78317870","created_at":"Thu Oct 03 18:45:54 +0000 2013","source":"<a href=\"http://twitter.com/download/android\" rel=\"nofollow\">Twitter for Android<\/a>","retweet_count":0,"retweeted":false,"geo":{"coordinates":[-22.2174531,-49.9487892],"type":"Point"},"filter_level":"medium","in_reply_to_screen_name":"AloBradesco","entities":{"urls":[],"hashtags":[],"user_mentions":[{"indices":[0,12],"screen_name":"AloBradesco","id_str":"78317870","name":"Alô Bradesco","id":78317870}],"symbols":[]},"id_str":"385838135445557248","in_reply_to_user_id":78317870,"favorite_count":0,"contributors":null,"text":"@AloBradesco não a demora foi tamanha que desisti","id":385838135445557248,"place":{"country_code":"BR","country":"Brasil","full_name":"Marília, São Paulo","bounding_box":{"coordinates":[[[-50.150258,-22.498124],[-50.150258,-21.875578],[-49.767632,-21.875578],[-49.767632,-22.498124]]],"type":"Polygon"},"place_type":"city","name":"Marília","attributes":{},"id":"1be8574e65cb9543","url":"https://api.twitter.com/1.1/geo/id/1be8574e65cb9543.json"},"lang":"pt","user":{"utc_offset":-10800,"friends_count":164,"profile_image_url_https":"https://si0.twimg.com/profile_images/378800000247546184/e04dcb9d6d926f2456acb50a06384d47_normal.jpeg","profile_background_image_url":"http://a0.twimg.com/profile_background_images/378800000027255714/7a575fccd0707c3c196d9691c43e775c.gif","listed_count":12,"default_profile_image":false,"favourites_count":158,"description":"The page cannot be found.","created_at":"Tue Jul 07 20:38:30 +0000 2009","is_translator":false,"profile_background_image_url_https":"https://si0.twimg.com/profile_background_images/378800000027255714/7a575fccd0707c3c196d9691c43e775c.gif","protected":false,"screen_name":"RafaelCorona","id_str":"54668085","profile_link_color":"807A61","geo_enabled":true,"id":54668085,"profile_background_color":"000000","lang":"pt","profile_sidebar_border_color":"FFFFFF","profile_text_color":"4D4D4D","verified":false,"profile_image_url":"http://a0.twimg.com/profile_images/378800000247546184/e04dcb9d6d926f2456acb50a06384d47_normal.jpeg","time_zone":"Brasilia","url":"https://www.facebook.com/rafaelcoronaa","contributors_enabled":false,"profile_banner_url":"https://pbs.twimg.com/profile_banners/54668085/1377563070","profile_background_tile":true,"follow_request_sent":null,"statuses_count":20595,"profile_use_background_image":true,"followers_count":424,"following":null,"default_profile":false,"name":"Rafael Corona","profile_sidebar_fill_color":"F6F6F6","location":"Marília - SP","notifications":null},"favorited":false}