{"in_reply_to_status_id_str":"385812985073385472","in_reply_to_status_id":385812985073385472,"coordinates":null,"truncated":false,"in_reply_to_user_id_str":"78317870","created_at":"Thu Oct 03 20:37:37 +0000 2013","source":"web","retweet_count":0,"retweeted":false,"geo":null,"filter_level":"medium","in_reply_to_screen_name":"AloBradesco","entities":{"urls":[],"hashtags":[{"indices":[110,119],"text":"bradesco"}],"user_mentions":[{"indices":[0,12],"screen_name":"AloBradesco","id_str":"78317870","name":"Alô Bradesco","id":78317870}],"symbols":[]},"id_str":"385866249034416128","in_reply_to_user_id":78317870,"favorite_count":0,"contributors":null,"text":"@AloBradesco Obrigado! Atenderam a minha solicitação! Atendente muito educada e paciente. Grato pela presteza #bradesco Acesso nomal a conta","id":385866249034416128,"place":null,"lang":"pt","user":{"utc_offset":-10800,"friends_count":184,"profile_image_url_https":"https://si0.twimg.com/profile_images/1121331711/10092010_normal.jpg","profile_background_image_url":"http://a0.twimg.com/profile_background_images/145681665/fichalimpa.jpg","listed_count":21,"default_profile_image":false,"favourites_count":4,"description":"Sou apenas um rapaz latino americano sem dinheiro no banco e sem parentes importantes!","created_at":"Thu May 07 12:59:48 +0000 2009","is_translator":false,"profile_background_image_url_https":"https://si0.twimg.com/profile_background_images/145681665/fichalimpa.jpg","protected":false,"screen_name":"brunoteodorobh","id_str":"38425110","profile_link_color":"FF3300","geo_enabled":true,"id":38425110,"profile_background_color":"709397","lang":"es","profile_sidebar_border_color":"86A4A6","profile_text_color":"333333","verified":false,"profile_image_url":"http://a0.twimg.com/profile_images/1121331711/10092010_normal.jpg","time_zone":"Santiago","url":null,"contributors_enabled":false,"profile_background_tile":true,"follow_request_sent":null,"statuses_count":1282,"profile_use_background_image":true,"followers_count":109,"following":null,"default_profile":false,"name":"Bruno Eduardo","profile_sidebar_fill_color":"A0C5C7","location":"BH","notifications":null},"favorited":false}