{"in_reply_to_status_id_str":null,"in_reply_to_status_id":null,"coordinates":null,"truncated":false,"in_reply_to_user_id_str":null,"created_at":"Thu Oct 03 19:03:56 +0000 2013","source":"web","retweet_count":0,"retweeted":false,"geo":null,"filter_level":"medium","in_reply_to_screen_name":null,"entities":{"urls":[],"hashtags":[],"user_mentions":[{"indices":[43,52],"screen_name":"Bradesco","id_str":"79184083","name":"Banco Bradesco","id":79184083}],"symbols":[]},"id_str":"385842673057140736","in_reply_to_user_id":null,"favorite_count":0,"contributors":null,"text":"recebi um e-mail suspeito em nome do Banco @Bradesco o devo fazer?","id":385842673057140736,"place":null,"lang":"pt","user":{"utc_offset":-10800,"friends_count":1909,"profile_image_url_https":"https://si0.twimg.com/profile_images/378800000504730044/71d7327499a7d4285236c857b934f3b7_normal.jpeg","profile_background_image_url":"http://a0.twimg.com/profile_background_images/378800000083229619/e40b2091cc16337e86d821430629f6b2.jpeg","listed_count":0,"default_profile_image":false,"favourites_count":52,"description":"Since 1989 (2.4), brasileiro, estudante, solteiro, corintiano e rockeiro             Membro @ClubeFollowBack Instagram: http://instagram.com/alexsforze","created_at":"Fri Jun 17 22:02:52 +0000 2011","is_translator":false,"profile_background_image_url_https":"https://si0.twimg.com/profile_background_images/378800000083229619/e40b2091cc16337e86d821430629f6b2.jpeg","protected":false,"screen_name":"alexsforze","id_str":"319301569","profile_link_color":"300FC4","geo_enabled":false,"id":319301569,"profile_background_color":"0C0D0D","lang":"pt","profile_sidebar_border_color":"000000","profile_text_color":"F5EBF5","verified":false,"profile_image_url":"http://a0.twimg.com/profile_images/378800000504730044/71d7327499a7d4285236c857b934f3b7_normal.jpeg","time_zone":"Brasilia","url":null,"contributors_enabled":false,"profile_banner_url":"https://pbs.twimg.com/profile_banners/319301569/1380341825","profile_background_tile":true,"follow_request_sent":null,"statuses_count":7248,"profile_use_background_image":true,"followers_count":2255,"following":null,"default_profile":false,"name":"aq tem um princeso ","profile_sidebar_fill_color":"010608","location":"Hortolândia - SP","notifications":null},"favorited":false}