{"in_reply_to_status_id_str":null,"in_reply_to_status_id":null,"coordinates":null,"truncated":false,"in_reply_to_user_id_str":null,"created_at":"Thu Oct 03 16:31:44 +0000 2013","source":"<a href=\"http://twitter.com/download/android\" rel=\"nofollow\">Twitter for Android<\/a>","retweet_count":0,"retweeted":false,"geo":null,"filter_level":"medium","in_reply_to_screen_name":null,"entities":{"urls":[],"hashtags":[{"indices":[38,44],"text":"greve"}],"user_mentions":[{"indices":[2,11],"screen_name":"Bradesco","id_str":"79184083","name":"Banco Bradesco","id":79184083}],"symbols":[]},"id_str":"385804371105443840","in_reply_to_user_id":null,"favorite_count":0,"contributors":null,"text":"E @Bradesco sempre me deixando na mão #greve","id":385804371105443840,"place":null,"lang":"pt","user":{"utc_offset":-10800,"friends_count":392,"profile_image_url_https":"https://si0.twimg.com/profile_images/2147789477/ka__2__normal.JPG","profile_background_image_url":"http://a0.twimg.com/profile_background_images/716246107/17e4fd3d860e74686a91f7ddd5613ed9.png","listed_count":3,"default_profile_image":false,"favourites_count":582,"description":"Amo correr, academia, bike e é isso que me dá um prazer absurdo e me faz sentir viva e acabo conhecendo cada vez mais os meus limites #run","created_at":"Mon Apr 20 23:51:46 +0000 2009","is_translator":false,"profile_background_image_url_https":"https://si0.twimg.com/profile_background_images/716246107/17e4fd3d860e74686a91f7ddd5613ed9.png","protected":false,"screen_name":"Katia_barros","id_str":"33722058","profile_link_color":"666054","geo_enabled":true,"id":33722058,"profile_background_color":"635B4E","lang":"pt","profile_sidebar_border_color":"FFFFFF","profile_text_color":"6B675B","verified":false,"profile_image_url":"http://a0.twimg.com/profile_images/2147789477/ka__2__normal.JPG","time_zone":"Brasilia","url":null,"contributors_enabled":false,"profile_banner_url":"https://pbs.twimg.com/profile_banners/33722058/1356105071","profile_background_tile":true,"follow_request_sent":null,"statuses_count":6172,"profile_use_background_image":true,"followers_count":82,"following":null,"default_profile":false,"name":"Katia","profile_sidebar_fill_color":"AFB295","location":"São Paulo","notifications":null},"favorited":false}