{"in_reply_to_status_id_str":null,"in_reply_to_status_id":null,"coordinates":null,"truncated":false,"in_reply_to_user_id_str":null,"created_at":"Thu Oct 03 16:46:25 +0000 2013","source":"<a href=\"http://twitter.com/download/android\" rel=\"nofollow\">Twitter for Android<\/a>","retweet_count":0,"retweeted":false,"geo":null,"filter_level":"medium","in_reply_to_screen_name":null,"entities":{"urls":[],"hashtags":[{"indices":[0,9],"text":"bradesco"},{"indices":[36,45],"text":"bradesco"}],"user_mentions":[],"symbols":[]},"id_str":"385808065238663168","in_reply_to_user_id":null,"favorite_count":0,"contributors":null,"text":"#bradesco perdõem pelo palavrão.... #bradesco, ixi falei de novo!","id":385808065238663168,"place":null,"lang":"pt","user":{"utc_offset":-10800,"friends_count":131,"profile_image_url_https":"https://si0.twimg.com/profile_images/378800000215840527/9b166babd1228716d56eaea5e9f40e18_normal.jpeg","profile_background_image_url":"http://abs.twimg.com/images/themes/theme14/bg.gif","listed_count":2,"default_profile_image":false,"favourites_count":1,"description":"Ninguém diga de mim o que não tiver ouvido de mim e visto em mim.","created_at":"Mon Jul 20 17:38:28 +0000 2009","is_translator":false,"profile_background_image_url_https":"https://abs.twimg.com/images/themes/theme14/bg.gif","protected":false,"screen_name":"chicosanoli","id_str":"58535240","profile_link_color":"009999","geo_enabled":false,"id":58535240,"profile_background_color":"131516","lang":"en","profile_sidebar_border_color":"EEEEEE","profile_text_color":"333333","verified":false,"profile_image_url":"http://a0.twimg.com/profile_images/378800000215840527/9b166babd1228716d56eaea5e9f40e18_normal.jpeg","time_zone":"Santiago","url":"http://chicosanoli.blogspot.com","contributors_enabled":false,"profile_background_tile":true,"follow_request_sent":null,"statuses_count":769,"profile_use_background_image":true,"followers_count":117,"following":null,"default_profile":false,"name":"Chico Sanoli","profile_sidebar_fill_color":"EFEFEF","location":"Brasil","notifications":null},"favorited":false}