{"in_reply_to_status_id_str":"385871233059160064","in_reply_to_status_id":385871233059160064,"coordinates":null,"truncated":false,"in_reply_to_user_id_str":"78317870","created_at":"Thu Oct 03 20:59:09 +0000 2013","source":"web","retweet_count":0,"retweeted":false,"geo":null,"filter_level":"medium","in_reply_to_screen_name":"AloBradesco","entities":{"urls":[],"hashtags":[],"user_mentions":[{"indices":[0,12],"screen_name":"AloBradesco","id_str":"78317870","name":"Alô Bradesco","id":78317870}],"symbols":[]},"id_str":"385871667487977472","in_reply_to_user_id":78317870,"favorite_count":0,"contributors":null,"text":"@AloBradesco Tenho sim, encontrei aqui no site. Obrigado!","id":385871667487977472,"place":null,"lang":"pt","user":{"utc_offset":-10800,"friends_count":613,"profile_image_url_https":"https://si0.twimg.com/profile_images/378800000480681512/e0a6925cc042b327690e2c2cbeba665c_normal.jpeg","profile_background_image_url":"http://a0.twimg.com/profile_background_images/378800000043804868/0dee7fc08ec796a43f45e128c756bdba.jpeg","listed_count":5,"default_profile_image":false,"favourites_count":0,"description":"Vivendo a vida para Deus! Um amigo, um filho que honra e um irmão amigo || contatoedreioliveira@yahoo.com.br || http://facebook.com/edreioliveiraoficial.","created_at":"Tue May 03 21:32:28 +0000 2011","is_translator":false,"profile_background_image_url_https":"https://si0.twimg.com/profile_background_images/378800000043804868/0dee7fc08ec796a43f45e128c756bdba.jpeg","protected":false,"screen_name":"_edreioliveira","id_str":"292570609","profile_link_color":"2D9CF0","geo_enabled":true,"id":292570609,"profile_background_color":"709397","lang":"pt","profile_sidebar_border_color":"FFFFFF","profile_text_color":"666666","verified":false,"profile_image_url":"http://a0.twimg.com/profile_images/378800000480681512/e0a6925cc042b327690e2c2cbeba665c_normal.jpeg","time_zone":"Brasilia","url":null,"contributors_enabled":false,"profile_banner_url":"https://pbs.twimg.com/profile_banners/292570609/1379639889","profile_background_tile":false,"follow_request_sent":null,"statuses_count":49166,"profile_use_background_image":true,"followers_count":1934,"following":null,"default_profile":false,"name":"Edrei Oliveira ®","profile_sidebar_fill_color":"252429","location":"Curitiba - PR - Brasil","notifications":null},"favorited":false}