{"in_reply_to_status_id_str":null,"in_reply_to_status_id":null,"coordinates":null,"truncated":false,"in_reply_to_user_id_str":null,"created_at":"Fri Oct 04 00:41:25 +0000 2013","source":"web","retweet_count":0,"retweeted":false,"geo":null,"filter_level":"medium","in_reply_to_screen_name":null,"entities":{"urls":[],"hashtags":[{"indices":[37,42],"text":"RIMA"},{"indices":[115,124],"text":"CocaCola"},{"indices":[125,130],"text":"Itaú"},{"indices":[131,140],"text":"Bradesco"}],"user_mentions":[],"symbols":[]},"id_str":"385927603015532544","in_reply_to_user_id":null,"favorite_count":0,"contributors":null,"text":"As marcas estão entrando no clima de #RIMA em respostas p/ clientes e muitas vezes conseguem reverter o resultado. #CocaCola #Itaú #Bradesco","id":385927603015532544,"place":null,"lang":"pt","user":{"utc_offset":-10800,"friends_count":104,"profile_image_url_https":"https://si0.twimg.com/profile_images/2879021771/f6b01a7ad9ff19988bb91f79b10e0776_normal.png","profile_background_image_url":"http://a0.twimg.com/profile_background_images/717489641/c7d177c74dfbbf06139fb95aadf2e088.jpeg","listed_count":4,"default_profile_image":false,"favourites_count":4,"description":"UX / UI Designer na GSB - Smart Business","created_at":"Thu Nov 05 10:32:17 +0000 2009","is_translator":false,"profile_background_image_url_https":"https://si0.twimg.com/profile_background_images/717489641/c7d177c74dfbbf06139fb95aadf2e088.jpeg","protected":false,"screen_name":"wribeirolima","id_str":"87658664","profile_link_color":"2FC2EF","geo_enabled":true,"id":87658664,"profile_background_color":"FFFFFF","lang":"pt","profile_sidebar_border_color":"FFFFFF","profile_text_color":"666666","verified":false,"profile_image_url":"http://a0.twimg.com/profile_images/2879021771/f6b01a7ad9ff19988bb91f79b10e0776_normal.png","time_zone":"Brasilia","url":"http://www.foxnh.com.br","contributors_enabled":false,"profile_background_tile":false,"follow_request_sent":null,"statuses_count":309,"profile_use_background_image":true,"followers_count":93,"following":null,"default_profile":false,"name":"William lima","profile_sidebar_fill_color":"252429","location":"São José do Rio Preto - SP","notifications":null},"favorited":false}