{"in_reply_to_status_id_str":"385945326126780416","in_reply_to_status_id":385945326126780416,"coordinates":null,"truncated":false,"in_reply_to_user_id_str":"41487075","created_at":"Fri Oct 04 01:58:21 +0000 2013","source":"<a href=\"http://twitter.com/download/android\" rel=\"nofollow\">Twitter for Android<\/a>","retweet_count":0,"retweeted":false,"geo":null,"filter_level":"medium","in_reply_to_screen_name":"NegocioDeBolsa","entities":{"urls":[],"hashtags":[{"indices":[35,42],"text":"Morgan"},{"indices":[72,77],"text":"Itau"},{"indices":[85,94],"text":"Bradesco"},{"indices":[102,106],"text":"UBS"}],"user_mentions":[{"indices":[0,15],"screen_name":"NegocioDeBolsa","id_str":"41487075","name":"Negocio de Bolsa","id":41487075}],"symbols":[]},"id_str":"385946962413256704","in_reply_to_user_id":41487075,"favorite_count":0,"contributors":null,"text":"@NegocioDeBolsa no mes de setembro #Morgan comprou 325 milhões de açoes/#Itau-267M / #Bradesco 115M / #UBS 175M. Algo de estranho.","id":385946962413256704,"place":null,"lang":"pt","user":{"utc_offset":-7200,"friends_count":1799,"profile_image_url_https":"https://si0.twimg.com/profile_images/73091251/PHTO0037_normal.JPG","profile_background_image_url":"http://a0.twimg.com/profile_background_images/21165596/DIRETO_E_RETO2.jpg","listed_count":16,"default_profile_image":false,"favourites_count":179,"description":"Socialista Moderno,Temente a Deus,Que pensa em construir um mundo melhor para os nossos filhos e netos. Apaixonado por Desafios.","created_at":"Sun Jan 25 16:46:40 +0000 2009","is_translator":false,"profile_background_image_url_https":"https://si0.twimg.com/profile_background_images/21165596/DIRETO_E_RETO2.jpg","protected":false,"screen_name":"andersonferreir","id_str":"19494343","profile_link_color":"1F98C7","geo_enabled":true,"id":19494343,"profile_background_color":"C6E2EE","lang":"en","profile_sidebar_border_color":"C6E2EE","profile_text_color":"663B12","verified":false,"profile_image_url":"http://a0.twimg.com/profile_images/73091251/PHTO0037_normal.JPG","time_zone":"Greenland","url":"http://www.andersoneconomia.com.br","contributors_enabled":false,"profile_background_tile":false,"follow_request_sent":null,"statuses_count":11652,"profile_use_background_image":true,"followers_count":614,"following":null,"default_profile":false,"name":"Anderson Ferreira","profile_sidebar_fill_color":"DAECF4","location":"Rio de Janeiro","notifications":null},"favorited":false}