{"in_reply_to_status_id_str":null,"in_reply_to_status_id":null,"coordinates":null,"truncated":false,"in_reply_to_user_id_str":null,"created_at":"Fri Oct 04 00:00:01 +0000 2013","source":"<a href=\"http://twitter.com/download/iphone\" rel=\"nofollow\">Twitter for iPhone<\/a>","retweet_count":0,"retweeted":false,"geo":null,"filter_level":"medium","in_reply_to_screen_name":null,"entities":{"urls":[],"hashtags":[{"indices":[86,95],"text":"Bradesco"}],"user_mentions":[],"symbols":[]},"id_str":"385917184331235328","in_reply_to_user_id":null,"favorite_count":0,"contributors":null,"text":"\"Oi seu Jair. Não me dá uma tortinha de chocolate, por favor!\" Adoro essa propaganda! #Bradesco","id":385917184331235328,"place":null,"lang":"pt","user":{"utc_offset":-10800,"friends_count":1999,"profile_image_url_https":"https://si0.twimg.com/profile_images/378800000508088126/9d8b2a3f4e4bac04a274530fb828da1b_normal.jpeg","profile_background_image_url":"http://a0.twimg.com/profile_background_images/724179238/487074864f733c3f45aa76ade67b53d0.jpeg","listed_count":5,"default_profile_image":false,"favourites_count":1045,"description":"Sou apaixonada pelas letras. Estejam elas em textos bem escritos.  Estejam elas na sopa de letrinhas. :)","created_at":"Thu Jan 14 23:56:13 +0000 2010","is_translator":false,"profile_background_image_url_https":"https://si0.twimg.com/profile_background_images/724179238/487074864f733c3f45aa76ade67b53d0.jpeg","protected":false,"screen_name":"vickywriter","id_str":"104975219","profile_link_color":"0084B4","geo_enabled":true,"id":104975219,"profile_background_color":"C0DEED","lang":"pt","profile_sidebar_border_color":"FFFFFF","profile_text_color":"333333","verified":false,"profile_image_url":"http://a0.twimg.com/profile_images/378800000508088126/9d8b2a3f4e4bac04a274530fb828da1b_normal.jpeg","time_zone":"Brasilia","url":"http://www.acervodavicky.com","contributors_enabled":false,"profile_banner_url":"https://pbs.twimg.com/profile_banners/104975219/1377726419","profile_background_tile":true,"follow_request_sent":null,"statuses_count":17105,"profile_use_background_image":true,"followers_count":934,"following":null,"default_profile":false,"name":"Viviane Schinetski","profile_sidebar_fill_color":"DDEEF6","location":"Brazil","notifications":null},"favorited":false}