{"in_reply_to_status_id_str":null,"in_reply_to_status_id":null,"coordinates":null,"truncated":false,"in_reply_to_user_id_str":null,"created_at":"Fri Oct 04 00:01:47 +0000 2013","source":"web","retweet_count":0,"retweeted":false,"geo":null,"filter_level":"medium","in_reply_to_screen_name":null,"entities":{"urls":[],"hashtags":[{"indices":[31,40],"text":"Bradesco"},{"indices":[99,114],"text":"VergonhaAlheia"}],"user_mentions":[],"symbols":[]},"id_str":"385917628197244928","in_reply_to_user_id":null,"favorite_count":0,"contributors":null,"text":"Propaganda mais idiota essa do #Bradesco... Se eu fosse correntista do banco, pediria pra sair!!!! #VergonhaAlheia","id":385917628197244928,"place":null,"lang":"pt","user":{"utc_offset":-10800,"friends_count":109,"profile_image_url_https":"https://si0.twimg.com/profile_images/1391827757/TT_normal.jpg","profile_background_image_url":"http://a0.twimg.com/profile_background_images/140033763/terra.jpg","listed_count":4,"default_profile_image":false,"favourites_count":20,"description":"Jornalista e mãe de um lindo menino. Sergipana arretada e carioca do coração.","created_at":"Sun Feb 01 18:05:09 +0000 2009","is_translator":false,"profile_background_image_url_https":"https://si0.twimg.com/profile_background_images/140033763/terra.jpg","protected":false,"screen_name":"anapatriciam","id_str":"19868559","profile_link_color":"ED0E0E","geo_enabled":true,"id":19868559,"profile_background_color":"96091E","lang":"pt","profile_sidebar_border_color":"F2E195","profile_text_color":"1D1F1A","verified":false,"profile_image_url":"http://a0.twimg.com/profile_images/1391827757/TT_normal.jpg","time_zone":"Brasilia","url":null,"contributors_enabled":false,"profile_background_tile":true,"follow_request_sent":null,"statuses_count":3341,"profile_use_background_image":false,"followers_count":110,"following":null,"default_profile":false,"name":"Ana Patricia","profile_sidebar_fill_color":"F0D652","location":"Rio de Janeiro - RJ - Brasil","notifications":null},"favorited":false}