{"in_reply_to_status_id_str":null,"in_reply_to_status_id":null,"coordinates":null,"truncated":false,"in_reply_to_user_id_str":"78317870","created_at":"Fri Oct 04 17:10:12 +0000 2013","source":"web","retweet_count":0,"retweeted":false,"geo":null,"filter_level":"medium","in_reply_to_screen_name":"AloBradesco","entities":{"urls":[],"hashtags":[],"user_mentions":[{"indices":[0,12],"screen_name":"AloBradesco","id_str":"78317870","name":"Alô Bradesco","id":78317870}],"symbols":[]},"id_str":"386176437809459200","in_reply_to_user_id":78317870,"favorite_count":0,"contributors":null,"text":"@AloBradesco fui fazer compra online com meus cartões Bradesco e ambos deram recusados! O que está acontecendo?","id":386176437809459200,"place":null,"lang":"pt","user":{"utc_offset":-10800,"friends_count":119,"profile_image_url_https":"https://si0.twimg.com/profile_images/1333476349/IMG_3503_cume_leoa_normal.jpg","profile_background_image_url":"http://a0.twimg.com/profile_background_images/94012691/twitter.png","listed_count":63,"default_profile_image":false,"favourites_count":1,"description":"Fotógrafo macro, escalador, montanhista e fanático por Iron Maiden :-D","created_at":"Tue Mar 03 13:19:26 +0000 2009","is_translator":false,"profile_background_image_url_https":"https://si0.twimg.com/profile_background_images/94012691/twitter.png","protected":false,"screen_name":"macrofotografia","id_str":"22621761","profile_link_color":"FF0000","geo_enabled":false,"id":22621761,"profile_background_color":"000000","lang":"pt","profile_sidebar_border_color":"181A1E","profile_text_color":"666666","verified":false,"profile_image_url":"http://a0.twimg.com/profile_images/1333476349/IMG_3503_cume_leoa_normal.jpg","time_zone":"Brasilia","url":"http://www.tacio.com.br","contributors_enabled":false,"profile_background_tile":false,"follow_request_sent":null,"statuses_count":9817,"profile_use_background_image":true,"followers_count":694,"following":null,"default_profile":false,"name":"Tacio Philip","profile_sidebar_fill_color":"252429","location":"São Paulo - SP - Brasil","notifications":null},"favorited":false}