{"in_reply_to_status_id_str":null,"in_reply_to_status_id":null,"coordinates":null,"truncated":false,"in_reply_to_user_id_str":null,"created_at":"Fri Oct 04 17:01:31 +0000 2013","source":"<a href=\"http://twitter.com/download/android\" rel=\"nofollow\">Twitter for Android<\/a>","retweet_count":0,"retweeted":false,"geo":null,"filter_level":"medium","in_reply_to_screen_name":null,"entities":{"urls":[],"hashtags":[],"user_mentions":[{"indices":[39,48],"screen_name":"Bradesco","id_str":"79184083","name":"Banco Bradesco","id":79184083}],"symbols":[]},"id_str":"386174251738619905","in_reply_to_user_id":null,"favorite_count":0,"contributors":null,"text":"Me fale um banco mais complicado que o @bradesco ?","id":386174251738619905,"place":null,"lang":"pt","user":{"utc_offset":-10800,"friends_count":233,"profile_image_url_https":"https://si0.twimg.com/profile_images/3608731461/4582f748793b86045725df6abd824a6d_normal.jpeg","profile_background_image_url":"http://abs.twimg.com/images/themes/theme14/bg.gif","listed_count":175,"default_profile_image":false,"favourites_count":29,"description":"retarded  / contato: renanestevam.contato@gmail.com","created_at":"Fri Jun 26 18:05:59 +0000 2009","is_translator":false,"profile_background_image_url_https":"https://abs.twimg.com/images/themes/theme14/bg.gif","protected":false,"screen_name":"Renangil","id_str":"51158721","profile_link_color":"009999","geo_enabled":true,"id":51158721,"profile_background_color":"131516","lang":"pt","profile_sidebar_border_color":"EEEEEE","profile_text_color":"333333","verified":false,"profile_image_url":"http://a0.twimg.com/profile_images/3608731461/4582f748793b86045725df6abd824a6d_normal.jpeg","time_zone":"Brasilia","url":"http://www.facebook.com/renanestevam","contributors_enabled":false,"profile_background_tile":true,"follow_request_sent":null,"statuses_count":13217,"profile_use_background_image":true,"followers_count":7823,"following":null,"default_profile":false,"name":"Renansteron","profile_sidebar_fill_color":"EFEFEF","location":"Rio de Janeiro","notifications":null},"favorited":false}