{"in_reply_to_status_id_str":null,"in_reply_to_status_id":null,"coordinates":{"coordinates":[-47.1514819,-22.7607364],"type":"Point"},"truncated":false,"in_reply_to_user_id_str":null,"created_at":"Fri Oct 04 16:21:24 +0000 2013","source":"<a href=\"http://twitter.com/download/android\" rel=\"nofollow\">Twitter for Android<\/a>","retweet_count":0,"retweeted":false,"geo":{"coordinates":[-22.7607364,-47.1514819],"type":"Point"},"filter_level":"medium","in_reply_to_screen_name":null,"entities":{"urls":[],"hashtags":[{"indices":[18,27],"text":"Bradesco"},{"indices":[80,89],"text":"Paulinia"}],"user_mentions":[],"symbols":[]},"id_str":"386164158338985984","in_reply_to_user_id":null,"favorite_count":0,"contributors":null,"text":"A agência 0318 do #Bradesco está com tempo de espera de 1 hora... Um absurdo!!! #Paulinia","id":386164158338985984,"place":{"country_code":"BR","country":"Brasil","full_name":"Paulínia, São Paulo","bounding_box":{"coordinates":[[[-47.218359,-22.8156233],[-47.218359,-22.6778679],[-47.059508,-22.6778679],[-47.059508,-22.8156233]]],"type":"Polygon"},"place_type":"city","name":"Paulínia","attributes":{},"id":"8bb53315fb45b9ec","url":"https://api.twitter.com/1.1/geo/id/8bb53315fb45b9ec.json"},"lang":"pt","user":{"utc_offset":-10800,"friends_count":697,"profile_image_url_https":"https://si0.twimg.com/profile_images/1356913594/Eu_normal.jpg","profile_background_image_url":"http://a0.twimg.com/profile_background_images/717255590/6e6d3ba72e5d974057953ff636e7bbdf.png","listed_count":182,"default_profile_image":false,"favourites_count":139,"description":"Defensor dos direitos dos Surdo-Mudos adoro me fingir de surdo e causar constragimentos a estabelecimentos comercias despreparados...","created_at":"Sun Feb 21 23:42:50 +0000 2010","is_translator":false,"profile_background_image_url_https":"https://si0.twimg.com/profile_background_images/717255590/6e6d3ba72e5d974057953ff636e7bbdf.png","protected":false,"screen_name":"ele_e_o_som","id_str":"116300769","profile_link_color":"E3611C","geo_enabled":true,"id":116300769,"profile_background_color":"1C62DB","lang":"en","profile_sidebar_border_color":"000000","profile_text_color":"FAC96A","verified":false,"profile_image_url":"http://a0.twimg.com/profile_images/1356913594/Eu_normal.jpg","time_zone":"Brasilia","url":null,"contributors_enabled":false,"profile_banner_url":"https://pbs.twimg.com/profile_banners/116300769/1351777824","profile_background_tile":true,"follow_request_sent":null,"statuses_count":7013,"profile_use_background_image":true,"followers_count":817,"following":null,"default_profile":false,"name":"Elielson Martins","profile_sidebar_fill_color":"FF7E95","location":"Paulinia SP","notifications":null},"favorited":false}