{"in_reply_to_status_id_str":"386148898408239104","in_reply_to_status_id":386148898408239104,"coordinates":null,"truncated":false,"in_reply_to_user_id_str":"78317870","created_at":"Fri Oct 04 15:39:48 +0000 2013","source":"web","retweet_count":0,"retweeted":false,"geo":null,"filter_level":"medium","in_reply_to_screen_name":"AloBradesco","entities":{"urls":[],"hashtags":[],"user_mentions":[{"indices":[0,12],"screen_name":"AloBradesco","id_str":"78317870","name":"Alô Bradesco","id":78317870}],"symbols":[]},"id_str":"386153686986018816","in_reply_to_user_id":78317870,"favorite_count":0,"contributors":null,"text":"@AloBradesco Enviei outro DM...Aguardo retorno. Grato.","id":386153686986018816,"place":null,"lang":"pt","user":{"utc_offset":-10800,"friends_count":1051,"profile_image_url_https":"https://si0.twimg.com/profile_images/3048725495/a5c63cfbc04aab8d01c5e7ed1193189d_normal.jpeg","profile_background_image_url":"http://a0.twimg.com/profile_background_images/179424629/Twitter_Arte.jpg","listed_count":3,"default_profile_image":false,"favourites_count":6,"description":"Advogado, Jornalista, Jurista, Brasileiro e Crente que com FÉ e AÇÃO poderemos construir um mundo melhor, mais humano e sobretudo mais socialmente justo!","created_at":"Fri Jan 22 16:48:43 +0000 2010","is_translator":false,"profile_background_image_url_https":"https://si0.twimg.com/profile_background_images/179424629/Twitter_Arte.jpg","protected":false,"screen_name":"GustavoPontinel","id_str":"107461149","profile_link_color":"93A644","geo_enabled":false,"id":107461149,"profile_background_color":"B2DFDA","lang":"en","profile_sidebar_border_color":"EEEEEE","profile_text_color":"333333","verified":false,"profile_image_url":"http://a0.twimg.com/profile_images/3048725495/a5c63cfbc04aab8d01c5e7ed1193189d_normal.jpeg","time_zone":"Brasilia","url":null,"contributors_enabled":false,"profile_background_tile":false,"follow_request_sent":null,"statuses_count":5123,"profile_use_background_image":true,"followers_count":1105,"following":null,"default_profile":false,"name":"Gustavo Pontinelle ","profile_sidebar_fill_color":"FFFFFF","location":"Campina Grande - PB","notifications":null},"favorited":false}