{"in_reply_to_status_id_str":"386198149746139136","in_reply_to_status_id":386198149746139136,"coordinates":null,"truncated":false,"in_reply_to_user_id_str":"78317870","created_at":"Fri Oct 04 18:38:53 +0000 2013","source":"web","retweet_count":0,"retweeted":false,"geo":null,"filter_level":"medium","in_reply_to_screen_name":"AloBradesco","entities":{"urls":[],"hashtags":[],"user_mentions":[{"indices":[0,12],"screen_name":"AloBradesco","id_str":"78317870","name":"Alô Bradesco","id":78317870},{"indices":[15,23],"screen_name":"Vessoni","id_str":"36359552","name":"Vessoni","id":36359552}],"symbols":[]},"id_str":"386198754887360512","in_reply_to_user_id":78317870,"favorite_count":0,"contributors":null,"text":"@AloBradesco O @Vessoni só atende pelo Twitter.","id":386198754887360512,"place":null,"lang":"pt","user":{"utc_offset":-10800,"friends_count":759,"profile_image_url_https":"https://si0.twimg.com/profile_images/1535486651/image_normal.jpg","profile_background_image_url":"http://a0.twimg.com/profile_background_images/883565756/f78f1d4187cf56d9d47ecfacbe66889c.jpeg","listed_count":46,"default_profile_image":false,"favourites_count":12,"description":"Jornalista, editor do LANCE!, paulista de nascimento por obra do acaso, paraibano de coração, criação e formação. Pai da Anna Maria.","created_at":"Tue Sep 08 14:38:34 +0000 2009","is_translator":false,"profile_background_image_url_https":"https://si0.twimg.com/profile_background_images/883565756/f78f1d4187cf56d9d47ecfacbe66889c.jpeg","protected":false,"screen_name":"mautoliveira","id_str":"72568007","profile_link_color":"0084B4","geo_enabled":false,"id":72568007,"profile_background_color":"C0DEED","lang":"es","profile_sidebar_border_color":"FFFFFF","profile_text_color":"333333","verified":false,"profile_image_url":"http://a0.twimg.com/profile_images/1535486651/image_normal.jpg","time_zone":"Santiago","url":null,"contributors_enabled":false,"profile_background_tile":true,"follow_request_sent":null,"statuses_count":5283,"profile_use_background_image":true,"followers_count":3573,"following":null,"default_profile":false,"name":"Mauricio Oliveira","profile_sidebar_fill_color":"DDEEF6","location":"Brasil","notifications":null},"favorited":false}