{"in_reply_to_status_id_str":null,"in_reply_to_status_id":null,"possibly_sensitive":false,"coordinates":null,"truncated":false,"in_reply_to_user_id_str":"79184083","created_at":"Fri Oct 04 15:29:43 +0000 2013","source":"<a href=\"http://twitter.com/download/iphone\" rel=\"nofollow\">Twitter for iPhone<\/a>","retweet_count":0,"retweeted":false,"geo":null,"filter_level":"medium","in_reply_to_screen_name":"Bradesco","entities":{"urls":[],"hashtags":[],"media":[{"display_url":"pic.twitter.com/HgMKRghtNi","indices":[115,137],"sizes":{"small":{"w":340,"h":510,"resize":"fit"},"large":{"w":640,"h":960,"resize":"fit"},"thumb":{"w":150,"h":150,"resize":"crop"},"medium":{"w":600,"h":900,"resize":"fit"}},"id_str":"386151149726085120","expanded_url":"http://twitter.com/CrisPPassos/status/386151149885472769/photo/1","media_url_https":"https://pbs.twimg.com/media/BVvibL0IMAAaJBG.jpg","id":386151149726085120,"type":"photo","media_url":"http://pbs.twimg.com/media/BVvibL0IMAAaJBG.jpg","url":"http://t.co/HgMKRghtNi"}],"user_mentions":[{"indices":[0,9],"screen_name":"Bradesco","id_str":"79184083","name":"Banco Bradesco","id":79184083}],"symbols":[]},"id_str":"386151149885472769","in_reply_to_user_id":79184083,"favorite_count":0,"contributors":null,"text":"@Bradesco estou tentando resolver um problema que  só pode ser resolvido por tel! Tem dois dias que estou tentando http://t.co/HgMKRghtNi","id":386151149885472769,"place":null,"lang":"pt","user":{"utc_offset":null,"friends_count":549,"profile_image_url_https":"https://si0.twimg.com/profile_images/3294562512/ff57e798473dd648e93e3d90d47fb672_normal.jpeg","profile_background_image_url":"http://abs.twimg.com/images/themes/theme1/bg.png","listed_count":0,"default_profile_image":false,"favourites_count":0,"description":"Nao va a luta sozinho leve sempre um advogado com voce!!","created_at":"Mon Dec 21 00:54:12 +0000 2009","is_translator":false,"profile_background_image_url_https":"https://abs.twimg.com/images/themes/theme1/bg.png","protected":false,"screen_name":"CrisPPassos","id_str":"98243739","profile_link_color":"0084B4","geo_enabled":false,"id":98243739,"profile_background_color":"C0DEED","lang":"en","profile_sidebar_border_color":"C0DEED","profile_text_color":"333333","verified":false,"profile_image_url":"http://a0.twimg.com/profile_images/3294562512/ff57e798473dd648e93e3d90d47fb672_normal.jpeg","time_zone":null,"url":null,"contributors_enabled":false,"profile_banner_url":"https://pbs.twimg.com/profile_banners/98243739/1353875404","profile_background_tile":false,"follow_request_sent":null,"statuses_count":599,"profile_use_background_image":true,"followers_count":55,"following":null,"default_profile":true,"name":"Cristiano Passos","profile_sidebar_fill_color":"DDEEF6","location":"","notifications":null},"favorited":false}