{"in_reply_to_status_id_str":"386141498376740864","in_reply_to_status_id":386141498376740864,"coordinates":null,"truncated":false,"in_reply_to_user_id_str":"78317870","created_at":"Fri Oct 04 15:50:01 +0000 2013","source":"<a href=\"http://www.twitter.com\" rel=\"nofollow\">Twitter for Windows Phone<\/a>","retweet_count":0,"retweeted":false,"geo":null,"filter_level":"medium","in_reply_to_screen_name":"AloBradesco","entities":{"urls":[],"hashtags":[],"user_mentions":[{"indices":[0,12],"screen_name":"AloBradesco","id_str":"78317870","name":"Alô Bradesco","id":78317870}],"symbols":[]},"id_str":"386156262070947841","in_reply_to_user_id":78317870,"favorite_count":0,"contributors":null,"text":"@AloBradesco isso confunde demais!!!","id":386156262070947841,"place":null,"lang":"pt","user":{"utc_offset":-10800,"friends_count":276,"profile_image_url_https":"https://si0.twimg.com/profile_images/378800000506491368/29231a8f5d4eb4df5cecb76d850c340c_normal.jpeg","profile_background_image_url":"http://a0.twimg.com/profile_background_images/378800000082974298/1d284fcecbf64300dfa301c93b8b81f1.jpeg","listed_count":5,"default_profile_image":false,"favourites_count":2975,"description":"Famoso por carregar dois sacos de cimento ao mesmo tempo.","created_at":"Thu Apr 23 17:10:28 +0000 2009","is_translator":false,"profile_background_image_url_https":"https://si0.twimg.com/profile_background_images/378800000082974298/1d284fcecbf64300dfa301c93b8b81f1.jpeg","protected":false,"screen_name":"VictorMarx","id_str":"34667424","profile_link_color":"046E26","geo_enabled":true,"id":34667424,"profile_background_color":"00C92F","lang":"en","profile_sidebar_border_color":"FFFFFF","profile_text_color":"C48613","verified":false,"profile_image_url":"http://a0.twimg.com/profile_images/378800000506491368/29231a8f5d4eb4df5cecb76d850c340c_normal.jpeg","time_zone":"Brasilia","url":"https://www.facebook.com/victorhugo.marquespimentel","contributors_enabled":false,"profile_banner_url":"https://pbs.twimg.com/profile_banners/34667424/1379007240","profile_background_tile":true,"follow_request_sent":null,"statuses_count":19453,"profile_use_background_image":true,"followers_count":201,"following":null,"default_profile":false,"name":"PM Tiago Tiroteio","profile_sidebar_fill_color":"2A3875","location":"ÜT: -23.540136,-46.725004","notifications":null},"favorited":false}