{"in_reply_to_status_id_str":null,"in_reply_to_status_id":null,"coordinates":null,"truncated":false,"in_reply_to_user_id_str":null,"created_at":"Fri Oct 04 15:05:46 +0000 2013","source":"web","retweet_count":0,"retweeted":false,"geo":null,"filter_level":"medium","in_reply_to_screen_name":null,"entities":{"urls":[],"hashtags":[{"indices":[116,121],"text":"fail"}],"user_mentions":[{"indices":[5,14],"screen_name":"Bradesco","id_str":"79184083","name":"Banco Bradesco","id":79184083},{"indices":[126,138],"screen_name":"AloBradesco","id_str":"78317870","name":"Alô Bradesco","id":78317870}],"symbols":[]},"id_str":"386145125048414208","in_reply_to_user_id":null,"favorite_count":0,"contributors":null,"text":"Esse @Bradesco é muitooo ruim mesmo! Minha gerente não atende nem o telefone, imaginem pra resolver algum problema! #fail (cc @AloBradesco)","id":386145125048414208,"place":null,"lang":"pt","user":{"utc_offset":-10800,"friends_count":627,"profile_image_url_https":"https://si0.twimg.com/profile_images/378800000015668762/946cdbe53ed0f546db1f47068cacbf5b_normal.jpeg","profile_background_image_url":"http://a0.twimg.com/profile_background_images/378800000046456119/990d376b64ccfbdc9d13b2f097a762fb.png","listed_count":9,"default_profile_image":false,"favourites_count":166,"description":"Publicitário  |  Fotógrafo","created_at":"Wed Jul 01 01:15:31 +0000 2009","is_translator":false,"profile_background_image_url_https":"https://si0.twimg.com/profile_background_images/378800000046456119/990d376b64ccfbdc9d13b2f097a762fb.png","protected":false,"screen_name":"RafaelArcillo","id_str":"52586490","profile_link_color":"009999","geo_enabled":true,"id":52586490,"profile_background_color":"131516","lang":"pt","profile_sidebar_border_color":"FFFFFF","profile_text_color":"333333","verified":false,"profile_image_url":"http://a0.twimg.com/profile_images/378800000015668762/946cdbe53ed0f546db1f47068cacbf5b_normal.jpeg","time_zone":"Brasilia","url":"http://rafaelarcillo.tumblr.com","contributors_enabled":false,"profile_banner_url":"https://pbs.twimg.com/profile_banners/52586490/1378949369","profile_background_tile":true,"follow_request_sent":null,"statuses_count":3565,"profile_use_background_image":true,"followers_count":428,"following":null,"default_profile":false,"name":"Rafael Arcillo ","profile_sidebar_fill_color":"EFEFEF","location":"São Paulo - SP","notifications":null},"favorited":false}