{"in_reply_to_status_id_str":"386155530991206400","in_reply_to_status_id":386155530991206400,"coordinates":null,"truncated":false,"in_reply_to_user_id_str":"78317870","created_at":"Fri Oct 04 15:47:28 +0000 2013","source":"<a href=\"http://twitter.com/download/iphone\" rel=\"nofollow\">Twitter for iPhone<\/a>","retweet_count":0,"retweeted":false,"geo":null,"filter_level":"medium","in_reply_to_screen_name":"AloBradesco","entities":{"urls":[],"hashtags":[],"user_mentions":[{"indices":[0,12],"screen_name":"AloBradesco","id_str":"78317870","name":"Alô Bradesco","id":78317870}],"symbols":[]},"id_str":"386155617431613440","in_reply_to_user_id":78317870,"favorite_count":0,"contributors":null,"text":"@AloBradesco Na Praça Seca","id":386155617431613440,"place":null,"lang":"pt","user":{"utc_offset":-10800,"friends_count":131,"profile_image_url_https":"https://si0.twimg.com/profile_images/378800000506133914/a81d8698d1526950fb2f90b2fd1b890e_normal.jpeg","profile_background_image_url":"http://a0.twimg.com/profile_background_images/378800000086720634/519089ee21afe90b05965e792835751d.jpeg","listed_count":1,"default_profile_image":false,"favourites_count":1250,"description":null,"created_at":"Wed Jul 07 18:31:05 +0000 2010","is_translator":false,"profile_background_image_url_https":"https://si0.twimg.com/profile_background_images/378800000086720634/519089ee21afe90b05965e792835751d.jpeg","protected":false,"screen_name":"juliane_salles","id_str":"163969832","profile_link_color":"EB9BBF","geo_enabled":true,"id":163969832,"profile_background_color":"FFFFFF","lang":"pt","profile_sidebar_border_color":"FFFFFF","profile_text_color":"333333","verified":false,"profile_image_url":"http://a0.twimg.com/profile_images/378800000506133914/a81d8698d1526950fb2f90b2fd1b890e_normal.jpeg","time_zone":"Santiago","url":null,"contributors_enabled":false,"profile_banner_url":"https://pbs.twimg.com/profile_banners/163969832/1379353392","profile_background_tile":true,"follow_request_sent":null,"statuses_count":18161,"profile_use_background_image":true,"followers_count":230,"following":null,"default_profile":false,"name":"Ju","profile_sidebar_fill_color":"F6F6F6","location":"Rio de Janeiro","notifications":null},"favorited":false}