{"in_reply_to_status_id_str":"386140295198687232","in_reply_to_status_id":386140295198687232,"coordinates":null,"truncated":false,"in_reply_to_user_id_str":"78317870","created_at":"Fri Oct 04 14:55:28 +0000 2013","source":"<a href=\"http://twitter.com/download/android\" rel=\"nofollow\">Twitter for Android<\/a>","retweet_count":0,"retweeted":false,"geo":null,"filter_level":"medium","in_reply_to_screen_name":"AloBradesco","entities":{"urls":[],"hashtags":[],"user_mentions":[{"indices":[0,12],"screen_name":"AloBradesco","id_str":"78317870","name":"Alô Bradesco","id":78317870}],"symbols":[]},"id_str":"386142530129391616","in_reply_to_user_id":78317870,"favorite_count":0,"contributors":null,"text":"@AloBradesco Obrigado. Informações passadas por DM.","id":386142530129391616,"place":null,"lang":"pt","user":{"utc_offset":-10800,"friends_count":782,"profile_image_url_https":"https://si0.twimg.com/profile_images/378800000423840928/4357b3d02b3e36ec239ada82e553c952_normal.jpeg","profile_background_image_url":"http://a0.twimg.com/profile_background_images/243503809/vintage_wallpaper5.jpg","listed_count":3,"default_profile_image":false,"favourites_count":10,"description":"Sales Analyst @U-Shin, Business Intelligence Rooter and Geek.","created_at":"Wed Jul 01 00:55:48 +0000 2009","is_translator":false,"profile_background_image_url_https":"https://si0.twimg.com/profile_background_images/243503809/vintage_wallpaper5.jpg","protected":false,"screen_name":"Douglas_Azevedo","id_str":"52581279","profile_link_color":"6673FF","geo_enabled":true,"id":52581279,"profile_background_color":"000000","lang":"en","profile_sidebar_border_color":"000000","profile_text_color":"FFFFFF","verified":false,"profile_image_url":"http://a0.twimg.com/profile_images/378800000423840928/4357b3d02b3e36ec239ada82e553c952_normal.jpeg","time_zone":"Brasilia","url":"http://about.me/douglasazevedo","contributors_enabled":false,"profile_banner_url":"https://pbs.twimg.com/profile_banners/52581279/1356134529","profile_background_tile":true,"follow_request_sent":null,"statuses_count":7037,"profile_use_background_image":true,"followers_count":377,"following":null,"default_profile":false,"name":"Douglas Azevedo","profile_sidebar_fill_color":"2E2E2E","location":"São Paulo, Brazil","notifications":null},"favorited":false}