{"in_reply_to_status_id_str":"386160583776935936","in_reply_to_status_id":386160583776935936,"coordinates":null,"truncated":false,"in_reply_to_user_id_str":"78317870","created_at":"Fri Oct 04 16:36:38 +0000 2013","source":"web","retweet_count":0,"retweeted":false,"geo":null,"filter_level":"medium","in_reply_to_screen_name":"AloBradesco","entities":{"urls":[],"hashtags":[],"user_mentions":[{"indices":[0,12],"screen_name":"AloBradesco","id_str":"78317870","name":"Alô Bradesco","id":78317870}],"symbols":[]},"id_str":"386167993232683008","in_reply_to_user_id":78317870,"favorite_count":0,"contributors":null,"text":"@AloBradesco Não queremos receber mais ligações, já informamos isso anteriormente","id":386167993232683008,"place":null,"lang":"pt","user":{"utc_offset":-10800,"friends_count":335,"profile_image_url_https":"https://si0.twimg.com/profile_images/1809569596/avatarNubia_normal.jpg","profile_background_image_url":"http://a0.twimg.com/profile_background_images/565490623/colorful-twitter-background.jpg","listed_count":7,"default_profile_image":false,"favourites_count":4125,"description":"Tenho a delicadeza das flores, a força d ser mãe a reciprocidade d ser Amiga e o Amor por ser MULHER! \r\nÑ existe sexo frágil, qnd o conteúdo é forte!","created_at":"Sun Mar 07 22:04:37 +0000 2010","is_translator":false,"profile_background_image_url_https":"https://si0.twimg.com/profile_background_images/565490623/colorful-twitter-background.jpg","protected":false,"screen_name":"degrafnba","id_str":"120887884","profile_link_color":"8F0A0A","geo_enabled":true,"id":120887884,"profile_background_color":"050505","lang":"en","profile_sidebar_border_color":"EEEEEE","profile_text_color":"333333","verified":false,"profile_image_url":"http://a0.twimg.com/profile_images/1809569596/avatarNubia_normal.jpg","time_zone":"Brasilia","url":null,"contributors_enabled":false,"profile_background_tile":false,"follow_request_sent":null,"statuses_count":3971,"profile_use_background_image":true,"followers_count":217,"following":null,"default_profile":false,"name":"Núbia Nascimento","profile_sidebar_fill_color":"F6F6F6","location":"","notifications":null},"favorited":false}