{"in_reply_to_status_id_str":"386191866422906880","in_reply_to_status_id":386191866422906880,"coordinates":null,"truncated":false,"in_reply_to_user_id_str":"36359552","created_at":"Fri Oct 04 18:13:39 +0000 2013","source":"web","retweet_count":0,"retweeted":false,"geo":null,"filter_level":"medium","in_reply_to_screen_name":"Vessoni","entities":{"urls":[],"hashtags":[],"user_mentions":[{"indices":[0,8],"screen_name":"Vessoni","id_str":"36359552","name":"Vessoni","id":36359552},{"indices":[9,18],"screen_name":"Bradesco","id_str":"79184083","name":"Banco Bradesco","id":79184083}],"symbols":[]},"id_str":"386192406883737600","in_reply_to_user_id":36359552,"favorite_count":0,"contributors":null,"text":"@Vessoni @Bradesco Esse banco tem faturamento anual de aproximadamente 8 bi.","id":386192406883737600,"place":null,"lang":"pt","user":{"utc_offset":-10800,"friends_count":872,"profile_image_url_https":"https://si0.twimg.com/profile_images/1597905134/Paulo-Estadio-Corinthians-Fielzao-Ferreira_LANIMA20101026_0099_25_normal.jpg","profile_background_image_url":"http://abs.twimg.com/images/themes/theme1/bg.png","listed_count":1,"default_profile_image":false,"favourites_count":42,"description":null,"created_at":"Mon Jul 27 21:15:17 +0000 2009","is_translator":false,"profile_background_image_url_https":"https://abs.twimg.com/images/themes/theme1/bg.png","protected":false,"screen_name":"sergiomu","id_str":"60712431","profile_link_color":"0084B4","geo_enabled":true,"id":60712431,"profile_background_color":"C0DEED","lang":"pt","profile_sidebar_border_color":"C0DEED","profile_text_color":"333333","verified":false,"profile_image_url":"http://a0.twimg.com/profile_images/1597905134/Paulo-Estadio-Corinthians-Fielzao-Ferreira_LANIMA20101026_0099_25_normal.jpg","time_zone":"Brasilia","url":null,"contributors_enabled":false,"profile_background_tile":false,"follow_request_sent":null,"statuses_count":6011,"profile_use_background_image":true,"followers_count":344,"following":null,"default_profile":true,"name":"sergio murilo ","profile_sidebar_fill_color":"DDEEF6","location":"São Paulo - SP / BR","notifications":null},"favorited":false}