{"in_reply_to_status_id_str":null,"in_reply_to_status_id":null,"coordinates":null,"truncated":false,"in_reply_to_user_id_str":null,"created_at":"Fri Oct 04 13:21:23 +0000 2013","source":"<a href=\"http://www.twitter.com\" rel=\"nofollow\">Twitter for Windows Phone<\/a>","retweet_count":0,"retweeted":false,"geo":null,"filter_level":"medium","in_reply_to_screen_name":null,"entities":{"urls":[],"hashtags":[{"indices":[84,94],"text":"TotalFail"}],"user_mentions":[{"indices":[73,82],"screen_name":"Bradesco","id_str":"79184083","name":"Banco Bradesco","id":79184083}],"symbols":[]},"id_str":"386118853627248640","in_reply_to_user_id":null,"favorite_count":0,"contributors":null,"text":"A única pessoa que precisa de senha pra mexer na minha conta sou eu, né, @Bradesco? #TotalFail","id":386118853627248640,"place":null,"lang":"pt","user":{"utc_offset":null,"friends_count":100,"profile_image_url_https":"https://si0.twimg.com/profile_images/378800000434335417/ff42d69f7084837220a9060563f97c03_normal.jpeg","profile_background_image_url":"http://a0.twimg.com/profile_background_images/378800000073789953/e564ac1d9993520a5129bce36ea503bf.jpeg","listed_count":1,"default_profile_image":false,"favourites_count":25,"description":"Um cara criativo, curioso e detalhista, que, cada dia mais se vê interessado em desvendar os mistérios desse bicho gente!","created_at":"Mon Sep 09 14:00:21 +0000 2013","is_translator":false,"profile_background_image_url_https":"https://si0.twimg.com/profile_background_images/378800000073789953/e564ac1d9993520a5129bce36ea503bf.jpeg","protected":false,"screen_name":"MLeiteBarros","id_str":"1846260726","profile_link_color":"0084B4","geo_enabled":false,"id":1846260726,"profile_background_color":"FFFFFF","lang":"pt","profile_sidebar_border_color":"000000","profile_text_color":"333333","verified":false,"profile_image_url":"http://a0.twimg.com/profile_images/378800000434335417/ff42d69f7084837220a9060563f97c03_normal.jpeg","time_zone":null,"url":"http://agilemomentum.wordpress.com/","contributors_enabled":false,"profile_banner_url":"https://pbs.twimg.com/profile_banners/1846260726/1378736902","profile_background_tile":true,"follow_request_sent":null,"statuses_count":117,"profile_use_background_image":true,"followers_count":32,"following":null,"default_profile":false,"name":"Marcelo L. Barros","profile_sidebar_fill_color":"C0DFEC","location":"São Paulo - SP","notifications":null},"favorited":false}