{"in_reply_to_status_id_str":null,"in_reply_to_status_id":null,"coordinates":null,"truncated":false,"in_reply_to_user_id_str":null,"created_at":"Fri Oct 04 17:04:04 +0000 2013","source":"web","retweet_count":0,"retweeted":false,"geo":null,"filter_level":"medium","in_reply_to_screen_name":null,"entities":{"urls":[],"hashtags":[],"user_mentions":[{"indices":[25,34],"screen_name":"Bradesco","id_str":"79184083","name":"Banco Bradesco","id":79184083}],"symbols":[]},"id_str":"386174893466734592","in_reply_to_user_id":null,"favorite_count":0,"contributors":null,"text":"TAMANHA INCOMPETÊNCIA DO @Bradesco","id":386174893466734592,"place":null,"lang":"pt","user":{"utc_offset":-10800,"friends_count":221,"profile_image_url_https":"https://si0.twimg.com/profile_images/378800000308410630/f7fd68e6ad9d7b42ec873fdb335e3728_normal.jpeg","profile_background_image_url":"http://a0.twimg.com/profile_background_images/152468968/zebra-stripes-quote-texture.jpg","listed_count":26,"default_profile_image":false,"favourites_count":40,"description":"em altíssima voltagem","created_at":"Mon Apr 27 14:59:06 +0000 2009","is_translator":false,"profile_background_image_url_https":"https://si0.twimg.com/profile_background_images/152468968/zebra-stripes-quote-texture.jpg","protected":false,"screen_name":"matheusmtl","id_str":"35761790","profile_link_color":"0033FF","geo_enabled":false,"id":35761790,"profile_background_color":"FFFFFF","lang":"en","profile_sidebar_border_color":"5C0061","profile_text_color":"000000","verified":false,"profile_image_url":"http://a0.twimg.com/profile_images/378800000308410630/f7fd68e6ad9d7b42ec873fdb335e3728_normal.jpeg","time_zone":"Brasilia","url":"http://facebook.com/matheusmtl","contributors_enabled":false,"profile_banner_url":"https://pbs.twimg.com/profile_banners/35761790/1376670108","profile_background_tile":true,"follow_request_sent":null,"statuses_count":14334,"profile_use_background_image":false,"followers_count":354,"following":null,"default_profile":false,"name":"Matheus Lima","profile_sidebar_fill_color":"FFFFFF","location":"Belo Horizonte","notifications":null},"favorited":false}