{"in_reply_to_status_id_str":"386161809352589312","in_reply_to_status_id":386161809352589312,"coordinates":null,"truncated":false,"in_reply_to_user_id_str":"78317870","created_at":"Fri Oct 04 16:15:00 +0000 2013","source":"web","retweet_count":0,"retweeted":false,"geo":null,"filter_level":"medium","in_reply_to_screen_name":"AloBradesco","entities":{"urls":[],"hashtags":[],"user_mentions":[{"indices":[0,12],"screen_name":"AloBradesco","id_str":"78317870","name":"Alô Bradesco","id":78317870}],"symbols":[]},"id_str":"386162546039742464","in_reply_to_user_id":78317870,"favorite_count":0,"contributors":null,"text":"@AloBradesco A opção de conta... preciso falar urgente na central!","id":386162546039742464,"place":null,"lang":"pt","user":{"utc_offset":-10800,"friends_count":424,"profile_image_url_https":"https://si0.twimg.com/profile_images/1185478367/01_normal.jpg","profile_background_image_url":"http://abs.twimg.com/images/themes/theme14/bg.gif","listed_count":9,"default_profile_image":false,"favourites_count":1,"description":"Jornalista, Editor de Vídeo... São Paulo - SP... é só add","created_at":"Tue May 12 03:09:09 +0000 2009","is_translator":false,"profile_background_image_url_https":"https://abs.twimg.com/images/themes/theme14/bg.gif","protected":false,"screen_name":"leandromorsa","id_str":"39419686","profile_link_color":"009999","geo_enabled":true,"id":39419686,"profile_background_color":"131516","lang":"pt","profile_sidebar_border_color":"EEEEEE","profile_text_color":"333333","verified":false,"profile_image_url":"http://a0.twimg.com/profile_images/1185478367/01_normal.jpg","time_zone":"Brasilia","url":null,"contributors_enabled":false,"profile_background_tile":true,"follow_request_sent":null,"statuses_count":4652,"profile_use_background_image":false,"followers_count":274,"following":null,"default_profile":false,"name":"Leandro Morsa","profile_sidebar_fill_color":"EFEFEF","location":"Brasil","notifications":null},"favorited":false}