{"in_reply_to_status_id_str":null,"in_reply_to_status_id":null,"coordinates":null,"truncated":false,"in_reply_to_user_id_str":null,"created_at":"Fri Oct 04 17:14:33 +0000 2013","source":"web","retweet_count":0,"retweeted":false,"geo":null,"filter_level":"medium","in_reply_to_screen_name":null,"entities":{"urls":[],"hashtags":[],"user_mentions":[{"indices":[8,17],"screen_name":"Bradesco","id_str":"79184083","name":"Banco Bradesco","id":79184083}],"symbols":[]},"id_str":"386177533919510528","in_reply_to_user_id":null,"favorite_count":0,"contributors":null,"text":"O banco @bradesco é o pior banco do Universo. Com o pior atendimento, com o pior serviço. Revoltada.","id":386177533919510528,"place":null,"lang":"pt","user":{"utc_offset":-10800,"friends_count":205,"profile_image_url_https":"https://si0.twimg.com/profile_images/1799975052/Foto_0230-3_normal.jpg","profile_background_image_url":"http://a0.twimg.com/profile_background_images/51165468/mqspatialspots.br.jpg","listed_count":5,"default_profile_image":false,"favourites_count":2,"description":"Menina de Deus; Adoradora; Quase linguista; Filha; Irmã; Amiga; Esposa do Stephen.\r\nEm resumo, um alguém que busca sonhar e viver os sonhos de Deus!","created_at":"Tue Oct 20 12:33:47 +0000 2009","is_translator":false,"profile_background_image_url_https":"https://si0.twimg.com/profile_background_images/51165468/mqspatialspots.br.jpg","protected":false,"screen_name":"aninhanini","id_str":"83833829","profile_link_color":"16A29A","geo_enabled":false,"id":83833829,"profile_background_color":"000000","lang":"en","profile_sidebar_border_color":"FFFFFF","profile_text_color":"222222","verified":false,"profile_image_url":"http://a0.twimg.com/profile_images/1799975052/Foto_0230-3_normal.jpg","time_zone":"Brasilia","url":null,"contributors_enabled":false,"profile_banner_url":"https://pbs.twimg.com/profile_banners/83833829/1380824822","profile_background_tile":false,"follow_request_sent":null,"statuses_count":8951,"profile_use_background_image":true,"followers_count":185,"following":null,"default_profile":false,"name":"Ana Paula Ferreira","profile_sidebar_fill_color":"EE9CF1","location":"Brasil","notifications":null},"favorited":false}