{"in_reply_to_status_id_str":null,"in_reply_to_status_id":null,"possibly_sensitive":false,"coordinates":null,"truncated":false,"in_reply_to_user_id_str":null,"created_at":"Fri Oct 04 12:55:51 +0000 2013","source":"web","retweet_count":0,"retweeted":false,"geo":null,"filter_level":"medium","in_reply_to_screen_name":null,"entities":{"urls":[{"display_url":"economia.estadao.com.br/noticias/econo\u2026","indices":[48,70],"expanded_url":"http://economia.estadao.com.br/noticias/economia-geral,moodys-reduz-perspectiva-de-bancos-brasileiros,166455,0.htm","url":"http://t.co/SLq1D2YKBy"}],"hashtags":[],"user_mentions":[{"indices":[71,80],"screen_name":"Bradesco","id_str":"79184083","name":"Banco Bradesco","id":79184083},{"indices":[82,90],"screen_name":"itaubba","id_str":"524763690","name":"Itaú BBA","id":524763690},{"indices":[93,109],"screen_name":"itauunibanco_ri","id_str":"63524050","name":"Itaú Unibanco RI","id":63524050}],"symbols":[]},"id_str":"386112428309614592","in_reply_to_user_id":null,"favorite_count":0,"contributors":null,"text":"Moody's reduz perspectiva de bancos brasileiros http://t.co/SLq1D2YKBy @Bradesco, @itaubba e @itauunibanco_ri, por enquanto...","id":386112428309614592,"place":null,"lang":"pt","user":{"utc_offset":-10800,"friends_count":195,"profile_image_url_https":"https://si0.twimg.com/profile_images/2712329538/655a1add19811e841d0302cecc7b5bf6_normal.jpeg","profile_background_image_url":"http://abs.twimg.com/images/themes/theme2/bg.gif","listed_count":92,"default_profile_image":false,"favourites_count":75,"description":"Economista e ex-professor de Economia. Ou, sei lá, ex-economista e atual professor de Economia (sem cátedra).","created_at":"Mon Aug 24 21:22:15 +0000 2009","is_translator":false,"profile_background_image_url_https":"https://abs.twimg.com/images/themes/theme2/bg.gif","protected":false,"screen_name":"roneymau","id_str":"68512588","profile_link_color":"1F98C7","geo_enabled":false,"id":68512588,"profile_background_color":"C6E2EE","lang":"pt","profile_sidebar_border_color":"C6E2EE","profile_text_color":"663B12","verified":false,"profile_image_url":"http://a0.twimg.com/profile_images/2712329538/655a1add19811e841d0302cecc7b5bf6_normal.jpeg","time_zone":"Brasilia","url":"http://erreeme.blogspot.com/","contributors_enabled":false,"profile_background_tile":false,"follow_request_sent":null,"statuses_count":128014,"profile_use_background_image":true,"followers_count":1952,"following":null,"default_profile":false,"name":"Roney Maurício","profile_sidebar_fill_color":"DAECF4","location":"Belo Horizonte","notifications":null},"favorited":false}