{"in_reply_to_status_id_str":"386193893035114496","in_reply_to_status_id":386193893035114496,"coordinates":null,"truncated":false,"in_reply_to_user_id_str":"78317870","created_at":"Fri Oct 04 18:25:48 +0000 2013","source":"<a href=\"http://www.tweetcaster.com\" rel=\"nofollow\">TweetCaster for Android<\/a>","retweet_count":0,"retweeted":false,"geo":null,"filter_level":"medium","in_reply_to_screen_name":"AloBradesco","entities":{"urls":[],"hashtags":[],"user_mentions":[{"indices":[0,12],"screen_name":"AloBradesco","id_str":"78317870","name":"Alô Bradesco","id":78317870}],"symbols":[]},"id_str":"386195462816272384","in_reply_to_user_id":78317870,"favorite_count":0,"contributors":null,"text":"@AloBradesco largo da freguesia, sao paulo-sp","id":386195462816272384,"place":null,"lang":"it","user":{"utc_offset":-10800,"friends_count":997,"profile_image_url_https":"https://si0.twimg.com/profile_images/3107770585/b003733f2685e87dc4d9aff7cb40d344_normal.jpeg","profile_background_image_url":"http://a0.twimg.com/profile_background_images/763617665/a6396d62aee146391ede2aa39f52f61f.jpeg","listed_count":137,"default_profile_image":false,"favourites_count":47,"description":"Jornalista, repórter do jornal esportivo LANCE!, setorista do Corinthians há seis anos, apaixonado por cinema e internet...","created_at":"Wed Apr 29 13:43:35 +0000 2009","is_translator":false,"profile_background_image_url_https":"https://si0.twimg.com/profile_background_images/763617665/a6396d62aee146391ede2aa39f52f61f.jpeg","protected":false,"screen_name":"Vessoni","id_str":"36359552","profile_link_color":"0A16FA","geo_enabled":false,"id":36359552,"profile_background_color":"291D27","lang":"pt","profile_sidebar_border_color":"FFFFFF","profile_text_color":"333333","verified":false,"profile_image_url":"http://a0.twimg.com/profile_images/3107770585/b003733f2685e87dc4d9aff7cb40d344_normal.jpeg","time_zone":"Brasilia","url":"http://www.lancenet.com.br","contributors_enabled":false,"profile_banner_url":"https://pbs.twimg.com/profile_banners/36359552/1376500751","profile_background_tile":false,"follow_request_sent":null,"statuses_count":37100,"profile_use_background_image":true,"followers_count":18165,"following":null,"default_profile":false,"name":"Vessoni","profile_sidebar_fill_color":"EFEFEF","location":"São Paulo, SP","notifications":null},"favorited":false}