{"in_reply_to_status_id_str":null,"in_reply_to_status_id":null,"coordinates":null,"truncated":false,"in_reply_to_user_id_str":null,"created_at":"Fri Oct 04 15:58:37 +0000 2013","source":"<a href=\"http://twitter.com/download/android\" rel=\"nofollow\">Twitter for Android<\/a>","retweet_count":0,"retweeted":false,"geo":null,"filter_level":"medium","in_reply_to_screen_name":null,"entities":{"urls":[],"hashtags":[{"indices":[49,58],"text":"Bradesco"}],"user_mentions":[],"symbols":[]},"id_str":"386158424071106560","in_reply_to_user_id":null,"favorite_count":0,"contributors":null,"text":"Com esse serviço horrível de caixa automático do #Bradesco... devia era ter protesto pela REDUÇÃO dos salários...","id":386158424071106560,"place":null,"lang":"pt","user":{"utc_offset":-10800,"friends_count":254,"profile_image_url_https":"https://si0.twimg.com/profile_images/3283260093/a8fca8902db654d5a22af8465d89535d_normal.jpeg","profile_background_image_url":"http://a0.twimg.com/profile_background_images/60571456/sem_t_tulo3.jpg","listed_count":18,"default_profile_image":false,"favourites_count":3,"description":"Numa moldura clara e simples sou aquilo que se vê","created_at":"Thu Oct 30 13:25:47 +0000 2008","is_translator":false,"profile_background_image_url_https":"https://si0.twimg.com/profile_background_images/60571456/sem_t_tulo3.jpg","protected":false,"screen_name":"pneto","id_str":"17064916","profile_link_color":"0084B4","geo_enabled":true,"id":17064916,"profile_background_color":"C0DEED","lang":"en","profile_sidebar_border_color":"C0DEED","profile_text_color":"333333","verified":false,"profile_image_url":"http://a0.twimg.com/profile_images/3283260093/a8fca8902db654d5a22af8465d89535d_normal.jpeg","time_zone":"Brasilia","url":"http://trollacast.com","contributors_enabled":false,"profile_background_tile":false,"follow_request_sent":null,"statuses_count":27244,"profile_use_background_image":true,"followers_count":815,"following":null,"default_profile":false,"name":"Paulo Neto","profile_sidebar_fill_color":"DDEEF6","location":"AP","notifications":null},"favorited":false}