{"in_reply_to_status_id_str":null,"in_reply_to_status_id":null,"coordinates":null,"truncated":false,"in_reply_to_user_id_str":null,"created_at":"Fri Oct 04 20:33:43 +0000 2013","source":"<a href=\"http://twitter.com/download/android\" rel=\"nofollow\">Twitter for Android<\/a>","retweet_count":0,"retweeted":false,"geo":null,"filter_level":"medium","in_reply_to_screen_name":null,"entities":{"urls":[],"hashtags":[{"indices":[69,78],"text":"bradesco"}],"user_mentions":[],"symbols":[]},"id_str":"386227655432867840","in_reply_to_user_id":null,"favorite_count":0,"contributors":null,"text":"Horas e horas no banco pra resolver o problema do meu carro... ahhhh #bradesco !!!!!!!","id":386227655432867840,"place":null,"lang":"pt","user":{"utc_offset":-10800,"friends_count":291,"profile_image_url_https":"https://si0.twimg.com/profile_images/378800000380213915/2fc2dcb5625552cb0df301af89ca4453_normal.jpeg","profile_background_image_url":"http://a0.twimg.com/profile_background_images/378800000014348736/71056df5e3a0d7a819a19833bac08670.jpeg","listed_count":20,"default_profile_image":false,"favourites_count":233,"description":"O patinho feio mais fofo do lago \r\n{PERFIL DE HUMOR PESADO}","created_at":"Mon Mar 14 18:24:35 +0000 2011","is_translator":false,"profile_background_image_url_https":"https://si0.twimg.com/profile_background_images/378800000014348736/71056df5e3a0d7a819a19833bac08670.jpeg","protected":false,"screen_name":"SrFierce","id_str":"266130319","profile_link_color":"FF0000","geo_enabled":false,"id":266130319,"profile_background_color":"000000","lang":"pt","profile_sidebar_border_color":"000000","profile_text_color":"5C5B5C","verified":false,"profile_image_url":"http://a0.twimg.com/profile_images/378800000380213915/2fc2dcb5625552cb0df301af89ca4453_normal.jpeg","time_zone":"Brasilia","url":"http://twitpic.com/photos/SrFierce","contributors_enabled":false,"profile_banner_url":"https://pbs.twimg.com/profile_banners/266130319/1377442942","profile_background_tile":true,"follow_request_sent":null,"statuses_count":14336,"profile_use_background_image":true,"followers_count":1270,"following":null,"default_profile":false,"name":"Fierce","profile_sidebar_fill_color":"000000","location":"SC - Brasil","notifications":null},"favorited":false}