{"in_reply_to_status_id_str":null,"in_reply_to_status_id":null,"coordinates":null,"truncated":false,"in_reply_to_user_id_str":null,"created_at":"Fri Oct 04 23:17:31 +0000 2013","source":"web","retweet_count":0,"retweeted":false,"geo":null,"filter_level":"medium","in_reply_to_screen_name":null,"entities":{"urls":[],"hashtags":[],"user_mentions":[{"indices":[60,69],"screen_name":"Bradesco","id_str":"79184083","name":"Banco Bradesco","id":79184083}],"symbols":[]},"id_str":"386268875467132928","in_reply_to_user_id":null,"favorite_count":0,"contributors":null,"text":"Essa porra de JAVA fudeu o meu Note e ninguém do Suporte do @Bradesco resolve ...o zica","id":386268875467132928,"place":{"country_code":"BR","country":"Brasil","full_name":"São Paulo, São Paulo","bounding_box":{"coordinates":[[[-46.826039,-24.008814],[-46.826039,-23.356792],[-46.365052,-23.356792],[-46.365052,-24.008814]]],"type":"Polygon"},"place_type":"city","name":"São Paulo","attributes":{},"id":"68e019afec7d0ba5","url":"https://api.twitter.com/1.1/geo/id/68e019afec7d0ba5.json"},"lang":"pt","user":{"utc_offset":-10800,"friends_count":515,"profile_image_url_https":"https://si0.twimg.com/profile_images/1840054355/Pedace_normal.jpg","profile_background_image_url":"http://a0.twimg.com/profile_background_images/419661875/Ingovernaveis.JPG","listed_count":5,"default_profile_image":false,"favourites_count":31,"description":"Ateu Gracas  Deus, Utopico de Coracao ...Retroceder nunca, render-se jamais.... Vaza Coxinha !!!","created_at":"Tue May 05 20:22:18 +0000 2009","is_translator":false,"profile_background_image_url_https":"https://si0.twimg.com/profile_background_images/419661875/Ingovernaveis.JPG","protected":false,"screen_name":"Pedace","id_str":"38010007","profile_link_color":"0084B4","geo_enabled":true,"id":38010007,"profile_background_color":"9AE4E8","lang":"pt","profile_sidebar_border_color":"BDDCAD","profile_text_color":"333333","verified":false,"profile_image_url":"http://a0.twimg.com/profile_images/1840054355/Pedace_normal.jpg","time_zone":"Brasilia","url":null,"contributors_enabled":false,"profile_background_tile":true,"follow_request_sent":null,"statuses_count":15613,"profile_use_background_image":true,"followers_count":279,"following":null,"default_profile":false,"name":"Homem Jaca","profile_sidebar_fill_color":"DDFFCC","location":"Chicago dos anos 30","notifications":null},"favorited":false}