{"in_reply_to_status_id_str":"386238366670655488","in_reply_to_status_id":386238366670655488,"coordinates":null,"truncated":false,"in_reply_to_user_id_str":"78317870","created_at":"Fri Oct 04 21:20:51 +0000 2013","source":"web","retweet_count":0,"retweeted":false,"geo":null,"filter_level":"medium","in_reply_to_screen_name":"AloBradesco","entities":{"urls":[],"hashtags":[],"user_mentions":[{"indices":[0,12],"screen_name":"AloBradesco","id_str":"78317870","name":"Alô Bradesco","id":78317870}],"symbols":[]},"id_str":"386239515284606976","in_reply_to_user_id":78317870,"favorite_count":0,"contributors":null,"text":"@AloBradesco compreendo, fiquei dois meses sem ver o limite , acho que é por isso que o deficit ta mt grande, obrigado !","id":386239515284606976,"place":null,"lang":"pt","user":{"utc_offset":3600,"friends_count":269,"profile_image_url_https":"https://si0.twimg.com/profile_images/378800000521445212/0deff317a2f54979378814572263948d_normal.jpeg","profile_background_image_url":"http://a0.twimg.com/profile_background_images/378800000086934388/56a0df6a9817673acd1d954d379bedc6.png","listed_count":24,"default_profile_image":false,"favourites_count":32,"description":"#CasadoComMinhaNatalia / #CORINTHIANS ♥   / #Gavioes  ♥ http://www.facebook.com/douglaslhp","created_at":"Thu May 12 00:37:52 +0000 2011","is_translator":false,"profile_background_image_url_https":"https://si0.twimg.com/profile_background_images/378800000086934388/56a0df6a9817673acd1d954d379bedc6.png","protected":false,"screen_name":"Douglas_SccP10","id_str":"297138032","profile_link_color":"009999","geo_enabled":true,"id":297138032,"profile_background_color":"131516","lang":"es","profile_sidebar_border_color":"FFFFFF","profile_text_color":"333333","verified":false,"profile_image_url":"http://a0.twimg.com/profile_images/378800000521445212/0deff317a2f54979378814572263948d_normal.jpeg","time_zone":"London","url":"http://www.corinthians.com.br","contributors_enabled":false,"profile_banner_url":"https://pbs.twimg.com/profile_banners/297138032/1378757249","profile_background_tile":true,"follow_request_sent":null,"statuses_count":56525,"profile_use_background_image":true,"followers_count":617,"following":null,"default_profile":false,"name":"$\u20a1\u20a1\u20b1 //Gaviões\\\\","profile_sidebar_fill_color":"EFEFEF","location":"ESPAÑA","notifications":null},"favorited":false}