{"in_reply_to_status_id_str":"386213118495707136","in_reply_to_status_id":386213118495707136,"coordinates":null,"truncated":false,"in_reply_to_user_id_str":"78317870","created_at":"Fri Oct 04 19:54:53 +0000 2013","source":"web","retweet_count":0,"retweeted":false,"geo":null,"filter_level":"medium","in_reply_to_screen_name":"AloBradesco","entities":{"urls":[],"hashtags":[],"user_mentions":[{"indices":[0,12],"screen_name":"AloBradesco","id_str":"78317870","name":"Alô Bradesco","id":78317870}],"symbols":[]},"id_str":"386217882536783873","in_reply_to_user_id":78317870,"favorite_count":0,"contributors":null,"text":"@AloBradesco Depois de meia hora tentando...","id":386217882536783873,"place":null,"lang":"pt","user":{"utc_offset":-10800,"friends_count":389,"profile_image_url_https":"https://si0.twimg.com/profile_images/378800000317911646/cc506fc7eb069d8670838f64bfc7e690_normal.jpeg","profile_background_image_url":"http://a0.twimg.com/profile_background_images/378800000019149848/7049934bb1d3a6b3ae22fe117a33beac.jpeg","listed_count":13,"default_profile_image":false,"favourites_count":49,"description":null,"created_at":"Wed May 06 00:38:01 +0000 2009","is_translator":false,"profile_background_image_url_https":"https://si0.twimg.com/profile_background_images/378800000019149848/7049934bb1d3a6b3ae22fe117a33beac.jpeg","protected":false,"screen_name":"claudiospiess","id_str":"38067042","profile_link_color":"052729","geo_enabled":true,"id":38067042,"profile_background_color":"000000","lang":"en","profile_sidebar_border_color":"FFFFFF","profile_text_color":"7D7D7D","verified":false,"profile_image_url":"http://a0.twimg.com/profile_images/378800000317911646/cc506fc7eb069d8670838f64bfc7e690_normal.jpeg","time_zone":"Santiago","url":"http://www.youtube.com/claudioas","contributors_enabled":false,"profile_banner_url":"https://pbs.twimg.com/profile_banners/38067042/1369323060","profile_background_tile":true,"follow_request_sent":null,"statuses_count":16896,"profile_use_background_image":true,"followers_count":378,"following":null,"default_profile":false,"name":"Cláudio Spiess","profile_sidebar_fill_color":"000000","location":"Balneário Camboriú","notifications":null},"favorited":false}