{"in_reply_to_status_id_str":"386207777036972032","in_reply_to_status_id":386207777036972032,"coordinates":null,"truncated":false,"in_reply_to_user_id_str":"74441478","created_at":"Fri Oct 04 19:16:36 +0000 2013","source":"web","retweet_count":0,"retweeted":false,"geo":null,"filter_level":"medium","in_reply_to_screen_name":"Real_Fazao","entities":{"urls":[],"hashtags":[{"indices":[12,21],"text":"BRADESCO"}],"user_mentions":[{"indices":[0,11],"screen_name":"Real_Fazao","id_str":"74441478","name":"Fazão","id":74441478}],"symbols":[]},"id_str":"386208249625595904","in_reply_to_user_id":74441478,"favorite_count":0,"contributors":null,"text":"@Real_Fazao #BRADESCO nao é do GOVERNO...hehe","id":386208249625595904,"place":null,"lang":"pt","user":{"utc_offset":-10800,"friends_count":61,"profile_image_url_https":"https://si0.twimg.com/profile_images/3091859872/bdc502f63a4ef9427dc1c9c246f4cb07_normal.jpeg","profile_background_image_url":"http://abs.twimg.com/images/themes/theme9/bg.gif","listed_count":9,"default_profile_image":false,"favourites_count":0,"description":"Missionário da Comunidade Canção Nova, casado com a Jennifer, também Missionária da Comunidade!\r\nA diferença está nos detalhes!","created_at":"Tue Jul 14 19:32:58 +0000 2009","is_translator":false,"profile_background_image_url_https":"https://abs.twimg.com/images/themes/theme9/bg.gif","protected":false,"screen_name":"danilogesualdo","id_str":"56790652","profile_link_color":"4CC4E8","geo_enabled":false,"id":56790652,"profile_background_color":"000103","lang":"pt","profile_sidebar_border_color":"181A1E","profile_text_color":"1C191C","verified":false,"profile_image_url":"http://a0.twimg.com/profile_images/3091859872/bdc502f63a4ef9427dc1c9c246f4cb07_normal.jpeg","time_zone":"Brasilia","url":"http://blog.cancaonova.com/livresdetodomal/","contributors_enabled":false,"profile_background_tile":false,"follow_request_sent":null,"statuses_count":9589,"profile_use_background_image":false,"followers_count":1119,"following":null,"default_profile":false,"name":"Danilo Gesualdo","profile_sidebar_fill_color":"4A4A41","location":"Cachoeira Paulista","notifications":null},"favorited":false}