{"in_reply_to_status_id_str":null,"in_reply_to_status_id":null,"coordinates":null,"truncated":false,"in_reply_to_user_id_str":"79184083","created_at":"Fri Oct 04 23:21:36 +0000 2013","source":"<a href=\"http://twitter.com/download/android\" rel=\"nofollow\">Twitter for Android<\/a>","retweet_count":0,"retweeted":false,"geo":null,"filter_level":"medium","in_reply_to_screen_name":"Bradesco","entities":{"urls":[],"hashtags":[],"user_mentions":[{"indices":[0,9],"screen_name":"Bradesco","id_str":"79184083","name":"Banco Bradesco","id":79184083}],"symbols":[]},"id_str":"386269905685069824","in_reply_to_user_id":79184083,"favorite_count":0,"contributors":null,"text":"@Bradesco estou esperando desde as 7h da manhã um retorno do setor responsável para cadastrar a chave eletrônica novamente no meu celular","id":386269905685069824,"place":null,"lang":"pt","user":{"utc_offset":-10800,"friends_count":144,"profile_image_url_https":"https://si0.twimg.com/profile_images/2903579600/804d415f6b7b900a2c060db5a4e8e95c_normal.png","profile_background_image_url":"http://a0.twimg.com/profile_background_images/31499603/twitter3.jpg","listed_count":14,"default_profile_image":false,"favourites_count":4,"description":"Sou Flamengo, o resto é trivial!","created_at":"Wed Apr 08 13:56:51 +0000 2009","is_translator":false,"profile_background_image_url_https":"https://si0.twimg.com/profile_background_images/31499603/twitter3.jpg","protected":false,"screen_name":"dubase","id_str":"29719692","profile_link_color":"2A01D0","geo_enabled":true,"id":29719692,"profile_background_color":"000000","lang":"pt","profile_sidebar_border_color":"FFFFFF","profile_text_color":"43442C","verified":false,"profile_image_url":"http://a0.twimg.com/profile_images/2903579600/804d415f6b7b900a2c060db5a4e8e95c_normal.png","time_zone":"Brasilia","url":null,"contributors_enabled":false,"profile_background_tile":true,"follow_request_sent":null,"statuses_count":6602,"profile_use_background_image":true,"followers_count":179,"following":null,"default_profile":false,"name":"Nuno Fonseca","profile_sidebar_fill_color":"FFFFFF","location":"Recife","notifications":null},"favorited":false}