{"in_reply_to_status_id_str":"386241108097105921","in_reply_to_status_id":386241108097105921,"coordinates":null,"truncated":false,"in_reply_to_user_id_str":"78317870","created_at":"Fri Oct 04 21:33:47 +0000 2013","source":"web","retweet_count":0,"retweeted":false,"geo":null,"filter_level":"medium","in_reply_to_screen_name":"AloBradesco","entities":{"urls":[],"hashtags":[],"user_mentions":[{"indices":[0,12],"screen_name":"AloBradesco","id_str":"78317870","name":"Alô Bradesco","id":78317870}],"symbols":[]},"id_str":"386242772497227776","in_reply_to_user_id":78317870,"favorite_count":0,"contributors":null,"text":"@AloBradesco que parecia ser referente a pagamento de fatura, basicamente desisti depois disso","id":386242772497227776,"place":null,"lang":"pt","user":{"utc_offset":-10800,"friends_count":184,"profile_image_url_https":"https://si0.twimg.com/profile_images/378800000467604985/802d87c12d968f37cc8996cd13dc5668_normal.jpeg","profile_background_image_url":"http://a0.twimg.com/profile_background_images/378800000075940003/075b2f87b1864d681907d66e6c9a6bbb.jpeg","listed_count":18,"default_profile_image":false,"favourites_count":161,"description":"de repente em repente um violão e um som, silverkush uma princesa e a parceria dos irmãos!","created_at":"Mon Jun 22 16:04:31 +0000 2009","is_translator":false,"profile_background_image_url_https":"https://si0.twimg.com/profile_background_images/378800000075940003/075b2f87b1864d681907d66e6c9a6bbb.jpeg","protected":false,"screen_name":"lucassescato","id_str":"49672274","profile_link_color":"000000","geo_enabled":true,"id":49672274,"profile_background_color":"000000","lang":"en","profile_sidebar_border_color":"000000","profile_text_color":"000000","verified":false,"profile_image_url":"http://a0.twimg.com/profile_images/378800000467604985/802d87c12d968f37cc8996cd13dc5668_normal.jpeg","time_zone":"Santiago","url":null,"contributors_enabled":false,"profile_banner_url":"https://pbs.twimg.com/profile_banners/49672274/1379255019","profile_background_tile":false,"follow_request_sent":null,"statuses_count":14949,"profile_use_background_image":true,"followers_count":248,"following":null,"default_profile":false,"name":"Lucas Sescato","profile_sidebar_fill_color":"8F8F8F","location":"Curitiba","notifications":null},"favorited":false}