{"in_reply_to_status_id_str":null,"in_reply_to_status_id":null,"possibly_sensitive":false,"coordinates":null,"truncated":false,"in_reply_to_user_id_str":null,"created_at":"Sat Oct 05 00:45:31 +0000 2013","source":"<a href=\"http://instagram.com\" rel=\"nofollow\">Instagram<\/a>","retweet_count":0,"retweeted":false,"geo":null,"filter_level":"medium","in_reply_to_screen_name":null,"entities":{"urls":[{"display_url":"instagram.com/p/fEOoZ7o27F/","indices":[56,78],"expanded_url":"http://instagram.com/p/fEOoZ7o27F/","url":"http://t.co/OfU78X9UVm"}],"hashtags":[{"indices":[32,45],"text":"vireiumbanco"},{"indices":[46,55],"text":"bradesco"}],"user_mentions":[],"symbols":[]},"id_str":"386291022734831616","in_reply_to_user_id":null,"favorite_count":0,"contributors":null,"text":"baby &lt;3 haha , filha linda!! #vireiumbanco #bradesco http://t.co/OfU78X9UVm","id":386291022734831616,"place":null,"lang":"pt","user":{"utc_offset":-10800,"friends_count":98,"profile_image_url_https":"https://si0.twimg.com/profile_images/378800000002135823/f43b68e8fce956b23cf8a939bcecc8fb_normal.jpeg","profile_background_image_url":"http://a0.twimg.com/profile_background_images/706234031/44b5cad5790636096da5c47dff819bc7.jpeg","listed_count":0,"default_profile_image":false,"favourites_count":15,"description":"Insta; carolsena11  WhatsApp; 11 971472209","created_at":"Sun Aug 08 23:37:14 +0000 2010","is_translator":false,"profile_background_image_url_https":"https://si0.twimg.com/profile_background_images/706234031/44b5cad5790636096da5c47dff819bc7.jpeg","protected":false,"screen_name":"krol_senna","id_str":"176229363","profile_link_color":"B40B43","geo_enabled":false,"id":176229363,"profile_background_color":"FF6699","lang":"pt","profile_sidebar_border_color":"FFFFFF","profile_text_color":"362720","verified":false,"profile_image_url":"http://a0.twimg.com/profile_images/378800000002135823/f43b68e8fce956b23cf8a939bcecc8fb_normal.jpeg","time_zone":"Santiago","url":null,"contributors_enabled":false,"profile_background_tile":true,"follow_request_sent":null,"statuses_count":1351,"profile_use_background_image":true,"followers_count":97,"following":null,"default_profile":false,"name":"carol","profile_sidebar_fill_color":"E5507E","location":"","notifications":null},"favorited":false}