{"in_reply_to_status_id_str":null,"in_reply_to_status_id":null,"coordinates":null,"truncated":false,"in_reply_to_user_id_str":null,"created_at":"Sat Oct 05 03:27:56 +0000 2013","source":"<a href=\"http://twitter.com/download/iphone\" rel=\"nofollow\">Twitter for iPhone<\/a>","retweet_count":0,"retweeted":false,"geo":null,"filter_level":"medium","in_reply_to_screen_name":null,"entities":{"urls":[],"hashtags":[],"user_mentions":[{"indices":[12,21],"screen_name":"Bradesco","id_str":"79184083","name":"Banco Bradesco","id":79184083},{"indices":[27,38],"screen_name":"HSBC_Press","id_str":"467368287","name":"HSBC Press Office","id":467368287}],"symbols":[]},"id_str":"386331895564611584","in_reply_to_user_id":null,"favorite_count":0,"contributors":null,"text":"Eu gosto do @Bradesco e do @HSBC_Press","id":386331895564611584,"place":null,"lang":"pt","user":{"utc_offset":-10800,"friends_count":197,"profile_image_url_https":"https://si0.twimg.com/profile_images/378800000217817121/31298e764d91cbac4a3cf5301b91639e_normal.jpeg","profile_background_image_url":"http://a0.twimg.com/profile_background_images/451665434/wallpapercupcake_02.jpg","listed_count":15,"default_profile_image":false,"favourites_count":212,"description":"If you don't live for something, you will die for nothing...","created_at":"Fri Nov 06 13:33:22 +0000 2009","is_translator":false,"profile_background_image_url_https":"https://si0.twimg.com/profile_background_images/451665434/wallpapercupcake_02.jpg","protected":false,"screen_name":"babikreuser","id_str":"87940097","profile_link_color":"CC7290","geo_enabled":true,"id":87940097,"profile_background_color":"CC7290","lang":"en","profile_sidebar_border_color":"FFFFFF","profile_text_color":"333333","verified":false,"profile_image_url":"http://a0.twimg.com/profile_images/378800000217817121/31298e764d91cbac4a3cf5301b91639e_normal.jpeg","time_zone":"Santiago","url":null,"contributors_enabled":false,"profile_background_tile":true,"follow_request_sent":null,"statuses_count":14918,"profile_use_background_image":true,"followers_count":1633,"following":null,"default_profile":false,"name":"Babi Kreuser","profile_sidebar_fill_color":"FAFAFA","location":"","notifications":null},"favorited":false}