{"in_reply_to_status_id_str":null,"in_reply_to_status_id":null,"coordinates":null,"truncated":false,"in_reply_to_user_id_str":null,"created_at":"Sat Oct 05 02:51:21 +0000 2013","source":"<a href=\"http://www.metrotwit.com/\" rel=\"nofollow\">MetroTwit<\/a>","retweet_count":0,"retweeted":false,"geo":null,"filter_level":"medium","in_reply_to_screen_name":null,"entities":{"urls":[],"hashtags":[],"user_mentions":[{"indices":[13,18],"screen_name":"itau","id_str":"179398386","name":"Itaú","id":179398386},{"indices":[19,32],"screen_name":"santander_br","id_str":"48700857","name":"Santander Brasil","id":48700857},{"indices":[33,42],"screen_name":"Bradesco","id_str":"79184083","name":"Banco Bradesco","id":79184083}],"symbols":[]},"id_str":"386322691864924160","in_reply_to_user_id":null,"favorite_count":0,"contributors":null,"text":"Vão se fuder @itau @santander_br @Bradesco","id":386322691864924160,"place":null,"lang":"pt","user":{"utc_offset":-10800,"friends_count":371,"profile_image_url_https":"https://si0.twimg.com/profile_images/378800000512656548/efad8241c5c172a345496a9aa7ef9745_normal.jpeg","profile_background_image_url":"http://abs.twimg.com/images/themes/theme14/bg.gif","listed_count":91,"default_profile_image":false,"favourites_count":493,"description":"CEO & Fundador do SphexTech - contato@sphextech.net","created_at":"Sun Nov 08 20:24:38 +0000 2009","is_translator":false,"profile_background_image_url_https":"https://abs.twimg.com/images/themes/theme14/bg.gif","protected":false,"screen_name":"PedroPithan","id_str":"88500837","profile_link_color":"009999","geo_enabled":true,"id":88500837,"profile_background_color":"131516","lang":"pt","profile_sidebar_border_color":"EEEEEE","profile_text_color":"333333","verified":false,"profile_image_url":"http://a0.twimg.com/profile_images/378800000512656548/efad8241c5c172a345496a9aa7ef9745_normal.jpeg","time_zone":"Brasilia","url":"http://sphextech.com","contributors_enabled":false,"profile_banner_url":"https://pbs.twimg.com/profile_banners/88500837/1369128600","profile_background_tile":true,"follow_request_sent":null,"statuses_count":63622,"profile_use_background_image":true,"followers_count":36336,"following":null,"default_profile":false,"name":"Pedro Pithan","profile_sidebar_fill_color":"EFEFEF","location":"São Paulo, SP","notifications":null},"favorited":false}