{"in_reply_to_status_id_str":null,"in_reply_to_status_id":null,"coordinates":null,"truncated":false,"in_reply_to_user_id_str":null,"created_at":"Sat Oct 05 11:30:18 +0000 2013","source":"<a href=\"http://twitter.com/download/iphone\" rel=\"nofollow\">Twitter for iPhone<\/a>","retweet_count":0,"retweeted":false,"geo":null,"filter_level":"medium","in_reply_to_screen_name":null,"entities":{"urls":[],"hashtags":[],"user_mentions":[{"indices":[6,15],"screen_name":"Bradesco","id_str":"79184083","name":"Banco Bradesco","id":79184083}],"symbols":[]},"id_str":"386453287584923648","in_reply_to_user_id":null,"favorite_count":0,"contributors":null,"text":"Banco @Bradesco deixando os clientes na mão sempre.","id":386453287584923648,"place":null,"lang":"pt","user":{"utc_offset":-10800,"friends_count":153,"profile_image_url_https":"https://si0.twimg.com/profile_images/1457254500/Yoda_3D_twt_normal.jpg","profile_background_image_url":"http://abs.twimg.com/images/themes/theme15/bg.png","listed_count":10,"default_profile_image":false,"favourites_count":6,"description":"Produtor audiovisual com muitas ideias na cabeça e com câmera na mão agora!","created_at":"Thu Feb 25 21:17:58 +0000 2010","is_translator":false,"profile_background_image_url_https":"https://abs.twimg.com/images/themes/theme15/bg.png","protected":false,"screen_name":"thiagoak4","id_str":"117532966","profile_link_color":"0084B4","geo_enabled":false,"id":117532966,"profile_background_color":"022330","lang":"pt","profile_sidebar_border_color":"A8C7F7","profile_text_color":"333333","verified":false,"profile_image_url":"http://a0.twimg.com/profile_images/1457254500/Yoda_3D_twt_normal.jpg","time_zone":"Brasilia","url":"http://tudoorna.com/cineorna","contributors_enabled":false,"profile_background_tile":false,"follow_request_sent":null,"statuses_count":6338,"profile_use_background_image":true,"followers_count":196,"following":null,"default_profile":false,"name":"Thiago Henrique","profile_sidebar_fill_color":"C0DFEC","location":"Curitiba","notifications":null},"favorited":false}