{"in_reply_to_status_id_str":"386275766264410112","in_reply_to_status_id":386275766264410112,"coordinates":null,"truncated":false,"in_reply_to_user_id_str":"78317870","created_at":"Sat Oct 05 13:33:19 +0000 2013","source":"web","retweet_count":0,"retweeted":false,"geo":null,"filter_level":"medium","in_reply_to_screen_name":"AloBradesco","entities":{"urls":[],"hashtags":[],"user_mentions":[{"indices":[0,12],"screen_name":"AloBradesco","id_str":"78317870","name":"Alô Bradesco","id":78317870}],"symbols":[]},"id_str":"386484247491403776","in_reply_to_user_id":78317870,"favorite_count":0,"contributors":null,"text":"@AloBradesco Podemos conversar por DM ? Acho que fica melhor para ambas as partes!","id":386484247491403776,"place":null,"lang":"pt","user":{"utc_offset":-10800,"friends_count":1602,"profile_image_url_https":"https://si0.twimg.com/profile_images/1149274777/DSC01915_normal.JPG","profile_background_image_url":"http://a0.twimg.com/profile_background_images/726906717/b245d07f7b051eced8f76199a2bd6ddd.jpeg","listed_count":196,"default_profile_image":false,"favourites_count":63,"description":null,"created_at":"Wed Sep 15 03:39:47 +0000 2010","is_translator":false,"profile_background_image_url_https":"https://si0.twimg.com/profile_background_images/726906717/b245d07f7b051eced8f76199a2bd6ddd.jpeg","protected":false,"screen_name":"RenatoSAN2011","id_str":"190905944","profile_link_color":"009999","geo_enabled":false,"id":190905944,"profile_background_color":"131516","lang":"es","profile_sidebar_border_color":"FFFFFF","profile_text_color":"333333","verified":false,"profile_image_url":"http://a0.twimg.com/profile_images/1149274777/DSC01915_normal.JPG","time_zone":"Brasilia","url":"http://www.youtube.com/user/RenatoNegreiros22?feature=mhee","contributors_enabled":false,"profile_banner_url":"https://pbs.twimg.com/profile_banners/190905944/1354418279","profile_background_tile":true,"follow_request_sent":null,"statuses_count":17393,"profile_use_background_image":true,"followers_count":1780,"following":null,"default_profile":false,"name":"Renatosan2011","profile_sidebar_fill_color":"EFEFEF","location":"Guadalajara","notifications":null},"favorited":false}