{"in_reply_to_status_id_str":null,"in_reply_to_status_id":null,"coordinates":null,"truncated":false,"in_reply_to_user_id_str":null,"created_at":"Sat Oct 05 19:48:12 +0000 2013","source":"<a href=\"http://twitter.com/download/android\" rel=\"nofollow\">Twitter for Android<\/a>","retweet_count":0,"retweeted":false,"geo":null,"filter_level":"medium","in_reply_to_screen_name":null,"entities":{"urls":[],"hashtags":[{"indices":[15,24],"text":"BRADESCO"}],"user_mentions":[],"symbols":[]},"id_str":"386578586767228930","in_reply_to_user_id":null,"favorite_count":0,"contributors":null,"text":"MERDA DE BANCO #BRADESCO. NÃO TEM UM CAIXA ELETRÔNICO FUNCIONANDO.","id":386578586767228930,"place":null,"lang":"pt","user":{"utc_offset":-10800,"friends_count":90,"profile_image_url_https":"https://si0.twimg.com/profile_images/378800000282526428/200f7a34f9615dc67323d47c54e593ab_normal.png","profile_background_image_url":"http://a0.twimg.com/profile_background_images/45359966/background.PNG","listed_count":0,"default_profile_image":false,"favourites_count":1,"description":"I'm book/music/cinema lover. I sing when I'm happy. I have many dreams, the people say that I can't do many of thens, but what if i'm right?","created_at":"Sat Aug 29 01:36:33 +0000 2009","is_translator":false,"profile_background_image_url_https":"https://si0.twimg.com/profile_background_images/45359966/background.PNG","protected":false,"screen_name":"whatifimright","id_str":"69752647","profile_link_color":"2BA4C9","geo_enabled":false,"id":69752647,"profile_background_color":"1A1B1F","lang":"en","profile_sidebar_border_color":"AEFCE1","profile_text_color":"823182","verified":false,"profile_image_url":"http://a0.twimg.com/profile_images/378800000282526428/200f7a34f9615dc67323d47c54e593ab_normal.png","time_zone":"Brasilia","url":null,"contributors_enabled":false,"profile_banner_url":"https://pbs.twimg.com/profile_banners/69752647/1366642186","profile_background_tile":true,"follow_request_sent":null,"statuses_count":22248,"profile_use_background_image":true,"followers_count":105,"following":null,"default_profile":false,"name":"Hellen","profile_sidebar_fill_color":"F5C9B3","location":"","notifications":null},"favorited":false}