{"in_reply_to_status_id_str":null,"in_reply_to_status_id":null,"coordinates":null,"truncated":false,"in_reply_to_user_id_str":null,"created_at":"Sat Oct 05 15:54:32 +0000 2013","source":"<a href=\"http://itunes.apple.com/us/app/twitter/id409789998?mt=12\" rel=\"nofollow\">Twitter for Mac<\/a>","retweet_count":0,"retweeted":false,"geo":null,"filter_level":"medium","in_reply_to_screen_name":null,"entities":{"urls":[],"hashtags":[],"user_mentions":[{"indices":[15,27],"screen_name":"AloBradesco","id_str":"78317870","name":"Alô Bradesco","id":78317870}],"symbols":[]},"id_str":"386519785514999808","in_reply_to_user_id":null,"favorite_count":0,"contributors":null,"text":"A atendente do @AloBradesco disse \"só um momento senhor\" 9 vezes em uma ligação de 5 minutos (e contando). Temos um novo recorde.","id":386519785514999808,"place":null,"lang":"pt","user":{"utc_offset":-10800,"friends_count":208,"profile_image_url_https":"https://si0.twimg.com/profile_images/3285287893/8ae5ce3135f90a35c11220e0bd0207f7_normal.jpeg","profile_background_image_url":"http://a0.twimg.com/profile_background_images/427556453/jpeg.jpeg","listed_count":14,"default_profile_image":false,"favourites_count":169,"description":"Camponês simples de nobre coração que vai todos os dias ao bosque recolher lenha.","created_at":"Sat May 10 17:55:19 +0000 2008","is_translator":false,"profile_background_image_url_https":"https://si0.twimg.com/profile_background_images/427556453/jpeg.jpeg","protected":false,"screen_name":"nash_","id_str":"14726446","profile_link_color":"001F99","geo_enabled":false,"id":14726446,"profile_background_color":"120502","lang":"pt","profile_sidebar_border_color":"DFDFDF","profile_text_color":"333333","verified":false,"profile_image_url":"http://a0.twimg.com/profile_images/3285287893/8ae5ce3135f90a35c11220e0bd0207f7_normal.jpeg","time_zone":"Brasilia","url":"http://www.itouchbrasil.com","contributors_enabled":false,"profile_banner_url":"https://pbs.twimg.com/profile_banners/14726446/1371182215","profile_background_tile":true,"follow_request_sent":null,"statuses_count":13015,"profile_use_background_image":true,"followers_count":351,"following":null,"default_profile":false,"name":"Nash","profile_sidebar_fill_color":"F3F3F3","location":"Brazil","notifications":null},"favorited":false}