{"in_reply_to_status_id_str":null,"in_reply_to_status_id":null,"coordinates":null,"truncated":false,"in_reply_to_user_id_str":null,"created_at":"Sat Oct 05 15:15:30 +0000 2013","source":"<a href=\"http://twitter.com/download/android\" rel=\"nofollow\">Twitter for Android<\/a>","retweet_count":0,"retweeted":false,"geo":null,"filter_level":"medium","in_reply_to_screen_name":null,"entities":{"urls":[],"hashtags":[{"indices":[47,56],"text":"Bradesco"}],"user_mentions":[],"symbols":[]},"id_str":"386509960873787392","in_reply_to_user_id":null,"favorite_count":0,"contributors":null,"text":"Meu sonho conseguir chegar no caixa eletrônico #Bradesco","id":386509960873787392,"place":null,"lang":"pt","user":{"utc_offset":-10800,"friends_count":122,"profile_image_url_https":"https://si0.twimg.com/profile_images/3752742530/913db21d2d83c92cd412a520be164ab4_normal.jpeg","profile_background_image_url":"http://a0.twimg.com/profile_background_images/599130298/l2ang9ehbqi2bg33yhsg.jpeg","listed_count":0,"default_profile_image":false,"favourites_count":4,"description":"Bom mesmo é ter problema na cabeça, sorriso na boca e paz no coração!","created_at":"Sun Dec 26 17:37:22 +0000 2010","is_translator":false,"profile_background_image_url_https":"https://si0.twimg.com/profile_background_images/599130298/l2ang9ehbqi2bg33yhsg.jpeg","protected":false,"screen_name":"ciciliasouza_","id_str":"230786988","profile_link_color":"B40B43","geo_enabled":true,"id":230786988,"profile_background_color":"FF6699","lang":"pt","profile_sidebar_border_color":"CC3366","profile_text_color":"362720","verified":false,"profile_image_url":"http://a0.twimg.com/profile_images/3752742530/913db21d2d83c92cd412a520be164ab4_normal.jpeg","time_zone":"Brasilia","url":null,"contributors_enabled":false,"profile_banner_url":"https://pbs.twimg.com/profile_banners/230786988/1373515257","profile_background_tile":true,"follow_request_sent":null,"statuses_count":3299,"profile_use_background_image":true,"followers_count":135,"following":null,"default_profile":false,"name":"Cicilia Souza","profile_sidebar_fill_color":"E5507E","location":"","notifications":null},"favorited":false}