{"in_reply_to_status_id_str":null,"in_reply_to_status_id":null,"coordinates":null,"truncated":false,"in_reply_to_user_id_str":"78317870","created_at":"Sat Oct 05 17:30:47 +0000 2013","source":"web","retweet_count":0,"retweeted":false,"geo":null,"filter_level":"medium","in_reply_to_screen_name":"AloBradesco","entities":{"urls":[],"hashtags":[],"user_mentions":[{"indices":[0,12],"screen_name":"AloBradesco","id_str":"78317870","name":"Alô Bradesco","id":78317870}],"symbols":[]},"id_str":"386544006244470785","in_reply_to_user_id":78317870,"favorite_count":0,"contributors":null,"text":"@AloBradesco tem alguma agência funcionando em Belo Horizonte? ou estão todas de greve?","id":386544006244470785,"place":null,"lang":"pt","user":{"utc_offset":-10800,"friends_count":478,"profile_image_url_https":"https://si0.twimg.com/profile_images/378800000507977373/57e99edf2d381ef7ef83163d3f1c23ad_normal.jpeg","profile_background_image_url":"http://a0.twimg.com/profile_background_images/276307728/imagemBGj.JPG","listed_count":135,"default_profile_image":false,"favourites_count":295,"description":"Ex-BBB, DJ e Gogo boy nas horas vagas.","created_at":"Sat Apr 11 01:41:40 +0000 2009","is_translator":false,"profile_background_image_url_https":"https://si0.twimg.com/profile_background_images/276307728/imagemBGj.JPG","protected":false,"screen_name":"thisvil","id_str":"30366436","profile_link_color":"080807","geo_enabled":true,"id":30366436,"profile_background_color":"0F0A03","lang":"pt","profile_sidebar_border_color":"C0DEED","profile_text_color":"FAAD08","verified":false,"profile_image_url":"http://a0.twimg.com/profile_images/378800000507977373/57e99edf2d381ef7ef83163d3f1c23ad_normal.jpeg","time_zone":"Brasilia","url":null,"contributors_enabled":false,"profile_banner_url":"https://pbs.twimg.com/profile_banners/30366436/1375908366","profile_background_tile":true,"follow_request_sent":null,"statuses_count":10041,"profile_use_background_image":true,"followers_count":2062,"following":null,"default_profile":false,"name":"Vil Araujo","profile_sidebar_fill_color":"A2A3A0","location":"Belo Horizonte","notifications":null},"favorited":false}