{"in_reply_to_status_id_str":null,"in_reply_to_status_id":null,"possibly_sensitive":false,"coordinates":null,"truncated":false,"in_reply_to_user_id_str":null,"created_at":"Sat Oct 05 22:47:30 +0000 2013","source":"<a href=\"http://www.tweetdeck.com\" rel=\"nofollow\">TweetDeck<\/a>","retweet_count":0,"retweeted":false,"geo":null,"filter_level":"medium","in_reply_to_screen_name":null,"entities":{"urls":[{"display_url":"blog.direitodopovo.com.br/?p=6879","indices":[97,119],"expanded_url":"http://blog.direitodopovo.com.br/?p=6879","url":"http://t.co/FVV23OKHMh"}],"hashtags":[{"indices":[120,129],"text":"Bradesco"}],"user_mentions":[],"symbols":[]},"id_str":"386623711345782784","in_reply_to_user_id":null,"favorite_count":0,"contributors":null,"text":"Banco é condenado a fornecer planilha e boleto para quitação antecipada de empréstimo consignado http://t.co/FVV23OKHMh #Bradesco","id":386623711345782784,"place":null,"lang":"pt","user":{"utc_offset":-10800,"friends_count":15,"profile_image_url_https":"https://si0.twimg.com/profile_images/1519349219/196....43_normal.jpg","profile_background_image_url":"http://a0.twimg.com/profile_background_images/321518443/2011-07-31_09.04.25.jpg","listed_count":1,"default_profile_image":false,"favourites_count":0,"description":null,"created_at":"Mon Aug 29 18:24:19 +0000 2011","is_translator":false,"profile_background_image_url_https":"https://si0.twimg.com/profile_background_images/321518443/2011-07-31_09.04.25.jpg","protected":false,"screen_name":"moisesalba","id_str":"364405020","profile_link_color":"0084B4","geo_enabled":false,"id":364405020,"profile_background_color":"C0DEED","lang":"pt","profile_sidebar_border_color":"C0DEED","profile_text_color":"333333","verified":false,"profile_image_url":"http://a0.twimg.com/profile_images/1519349219/196....43_normal.jpg","time_zone":"Brasilia","url":"http://www.moisesalba.com","contributors_enabled":false,"profile_background_tile":true,"follow_request_sent":null,"statuses_count":5298,"profile_use_background_image":true,"followers_count":41,"following":null,"default_profile":false,"name":"Moises A Goncalves","profile_sidebar_fill_color":"DDEEF6","location":"Pelotas","notifications":null},"favorited":false}