{"in_reply_to_status_id_str":null,"in_reply_to_status_id":null,"coordinates":{"coordinates":[-48.91627745,-27.09791496],"type":"Point"},"truncated":false,"in_reply_to_user_id_str":null,"created_at":"Sun Oct 06 00:42:48 +0000 2013","source":"<a href=\"http://twitter.com/download/iphone\" rel=\"nofollow\">Twitter for iPhone<\/a>","retweet_count":0,"retweeted":false,"geo":{"coordinates":[-27.09791496,-48.91627745],"type":"Point"},"filter_level":"medium","in_reply_to_screen_name":null,"entities":{"urls":[],"hashtags":[{"indices":[117,126],"text":"vergonha"}],"user_mentions":[{"indices":[12,21],"screen_name":"Bradesco","id_str":"79184083","name":"Banco Bradesco","id":79184083}],"symbols":[]},"id_str":"386652725351821312","in_reply_to_user_id":null,"favorite_count":0,"contributors":null,"text":"Parabens ao @Bradesco que neste momento possui 17 maquinas em sem funcao. E existe apenas 17 maquinas nesta agencia. #vergonha","id":386652725351821312,"place":{"country_code":"BR","country":"Brasil","full_name":"Brusque, Santa Catarina","bounding_box":{"coordinates":[[[-49.018049,-27.255287],[-49.018049,-26.986877],[-48.791601,-26.986877],[-48.791601,-27.255287]]],"type":"Polygon"},"place_type":"city","name":"Brusque","attributes":{},"id":"262a8525f5d25ff9","url":"https://api.twitter.com/1.1/geo/id/262a8525f5d25ff9.json"},"lang":"pt","user":{"utc_offset":-10800,"friends_count":37,"profile_image_url_https":"https://si0.twimg.com/profile_images/378800000438839399/9d35aefd641163af606c9315fbb8d685_normal.jpeg","profile_background_image_url":"http://a0.twimg.com/profile_background_images/754788447/d7d35c646ca4b2b2e959116f5afc7c43.jpeg","listed_count":0,"default_profile_image":false,"favourites_count":273,"description":"Mes que un club, tots units fem força.","created_at":"Sun Mar 27 20:15:42 +0000 2011","is_translator":false,"profile_background_image_url_https":"https://si0.twimg.com/profile_background_images/754788447/d7d35c646ca4b2b2e959116f5afc7c43.jpeg","protected":false,"screen_name":"oiguus","id_str":"273088848","profile_link_color":"B33F00","geo_enabled":true,"id":273088848,"profile_background_color":"FFFFFF","lang":"en","profile_sidebar_border_color":"FFFFFF","profile_text_color":"1465DE","verified":false,"profile_image_url":"http://a0.twimg.com/profile_images/378800000438839399/9d35aefd641163af606c9315fbb8d685_normal.jpeg","time_zone":"Brasilia","url":"http://Instagram.com/oiguus","contributors_enabled":false,"profile_banner_url":"https://pbs.twimg.com/profile_banners/273088848/1378896984","profile_background_tile":true,"follow_request_sent":null,"statuses_count":10097,"profile_use_background_image":true,"followers_count":206,"following":null,"default_profile":false,"name":"guus!","profile_sidebar_fill_color":"FFFFFF","location":"","notifications":null},"favorited":false}