{"in_reply_to_status_id_str":null,"in_reply_to_status_id":null,"possibly_sensitive":false,"coordinates":null,"truncated":false,"in_reply_to_user_id_str":null,"created_at":"Sat Oct 05 22:47:30 +0000 2013","source":"<a href=\"http://www.tweetdeck.com\" rel=\"nofollow\">TweetDeck<\/a>","retweet_count":0,"retweeted":false,"geo":null,"filter_level":"medium","in_reply_to_screen_name":null,"entities":{"urls":[{"display_url":"blog.direitodopovo.com.br/?p=6879","indices":[97,119],"expanded_url":"http://blog.direitodopovo.com.br/?p=6879","url":"http://t.co/BPPCLVPQQu"}],"hashtags":[{"indices":[120,129],"text":"Bradesco"}],"user_mentions":[],"symbols":[]},"id_str":"386623710410469376","in_reply_to_user_id":null,"favorite_count":0,"contributors":null,"text":"Banco é condenado a fornecer planilha e boleto para quitação antecipada de empréstimo consignado http://t.co/BPPCLVPQQu #Bradesco","id":386623710410469376,"place":null,"lang":"pt","user":{"utc_offset":-10800,"friends_count":1052,"profile_image_url_https":"https://si0.twimg.com/profile_images/1442737740/14122010015_normal.jpg","profile_background_image_url":"http://a0.twimg.com/profile_background_images/215587535/07122010010.jpg","listed_count":80,"default_profile_image":false,"favourites_count":232,"description":"Hypertconectado, webcompulsivo, webbmaniaco e antiptralhas... Qualidade e não quantidade. Informação é tudo!!","created_at":"Sun Apr 20 19:17:49 +0000 2008","is_translator":false,"profile_background_image_url_https":"https://si0.twimg.com/profile_background_images/215587535/07122010010.jpg","protected":false,"screen_name":"LinkPelotas","id_str":"14454198","profile_link_color":"1B1BE0","geo_enabled":true,"id":14454198,"profile_background_color":"6960AB","lang":"pt","profile_sidebar_border_color":"01040D","profile_text_color":"010312","verified":false,"profile_image_url":"http://a0.twimg.com/profile_images/1442737740/14122010015_normal.jpg","time_zone":"Brasilia","url":"http://linkpelotas.blogspot.com","contributors_enabled":false,"profile_banner_url":"https://pbs.twimg.com/profile_banners/14454198/1355767328","profile_background_tile":false,"follow_request_sent":null,"statuses_count":30732,"profile_use_background_image":true,"followers_count":1246,"following":null,"default_profile":false,"name":"Moises A Goncalves","profile_sidebar_fill_color":"B9BABD","location":"Pelotas, RS, Brasil","notifications":null},"favorited":false}