{"in_reply_to_status_id_str":null,"in_reply_to_status_id":null,"possibly_sensitive":false,"coordinates":null,"truncated":false,"in_reply_to_user_id_str":null,"created_at":"Sat Oct 05 23:02:31 +0000 2013","source":"<a href=\"http://www.facebook.com/twitter\" rel=\"nofollow\">Facebook<\/a>","retweet_count":0,"retweeted":false,"geo":null,"filter_level":"medium","in_reply_to_screen_name":null,"entities":{"urls":[{"display_url":"fb.me/ZyLPK8Pa","indices":[31,53],"expanded_url":"http://fb.me/ZyLPK8Pa","url":"http://t.co/qdH2xcRduZ"}],"hashtags":[],"user_mentions":[{"indices":[6,15],"screen_name":"Bradesco","id_str":"79184083","name":"Banco Bradesco","id":79184083}],"symbols":[]},"id_str":"386627488199507969","in_reply_to_user_id":null,"favorite_count":0,"contributors":null,"text":"Jeito @Bradesco de atender bem http://t.co/qdH2xcRduZ","id":386627488199507969,"place":null,"lang":"pt","user":{"utc_offset":-10800,"friends_count":133,"profile_image_url_https":"https://si0.twimg.com/profile_images/1197077549/FOTO_MINHA_normal.jpg","profile_background_image_url":"http://abs.twimg.com/images/themes/theme18/bg.gif","listed_count":1,"default_profile_image":false,"favourites_count":3,"description":"Leonardo Velasco - Modelo, Artista Internacional, Famoso","created_at":"Mon Sep 28 18:52:04 +0000 2009","is_translator":false,"profile_background_image_url_https":"https://abs.twimg.com/images/themes/theme18/bg.gif","protected":false,"screen_name":"leveadvogado","id_str":"78089614","profile_link_color":"038543","geo_enabled":true,"id":78089614,"profile_background_color":"ACDED6","lang":"pt","profile_sidebar_border_color":"EEEEEE","profile_text_color":"333333","verified":false,"profile_image_url":"http://a0.twimg.com/profile_images/1197077549/FOTO_MINHA_normal.jpg","time_zone":"Brasilia","url":null,"contributors_enabled":false,"profile_background_tile":false,"follow_request_sent":null,"statuses_count":1513,"profile_use_background_image":true,"followers_count":96,"following":null,"default_profile":false,"name":"Leonardo Velasco","profile_sidebar_fill_color":"F6F6F6","location":"Goiânia - Goiás","notifications":null},"favorited":false}