{"in_reply_to_status_id_str":null,"in_reply_to_status_id":null,"possibly_sensitive":false,"coordinates":null,"truncated":false,"in_reply_to_user_id_str":null,"created_at":"Sat Oct 05 22:47:30 +0000 2013","source":"<a href=\"http://www.tweetdeck.com\" rel=\"nofollow\">TweetDeck<\/a>","retweet_count":0,"retweeted":false,"geo":null,"filter_level":"medium","in_reply_to_screen_name":null,"entities":{"urls":[{"display_url":"blog.direitodopovo.com.br/?p=6879","indices":[97,119],"expanded_url":"http://blog.direitodopovo.com.br/?p=6879","url":"http://t.co/X78Kqutiwk"}],"hashtags":[{"indices":[120,129],"text":"Bradesco"}],"user_mentions":[],"symbols":[]},"id_str":"386623710431420416","in_reply_to_user_id":null,"favorite_count":0,"contributors":null,"text":"Banco é condenado a fornecer planilha e boleto para quitação antecipada de empréstimo consignado http://t.co/X78Kqutiwk #Bradesco","id":386623710431420416,"place":null,"lang":"pt","user":{"utc_offset":-10800,"friends_count":272,"profile_image_url_https":"https://si0.twimg.com/profile_images/1396232626/T_xi_041_para_marca_d_agua_normal.jpg","profile_background_image_url":"http://a0.twimg.com/profile_background_images/270204126/09102010039.jpg","listed_count":1,"default_profile_image":false,"favourites_count":1,"description":"Táxi 041 - Rua Gen. Neto, 1150 - Centro - Pelotas, RS - Fone: (53) 8406.1744 -  Precisando, estamos as ordens!","created_at":"Tue Jun 14 21:41:41 +0000 2011","is_translator":false,"profile_background_image_url_https":"https://si0.twimg.com/profile_background_images/270204126/09102010039.jpg","protected":false,"screen_name":"Taxi_041","id_str":"317397622","profile_link_color":"0084B4","geo_enabled":false,"id":317397622,"profile_background_color":"C0DEED","lang":"pt","profile_sidebar_border_color":"C0DEED","profile_text_color":"333333","verified":false,"profile_image_url":"http://a0.twimg.com/profile_images/1396232626/T_xi_041_para_marca_d_agua_normal.jpg","time_zone":"Brasilia","url":"http://taxi041.blogspot.com/","contributors_enabled":false,"profile_background_tile":false,"follow_request_sent":null,"statuses_count":4251,"profile_use_background_image":true,"followers_count":142,"following":null,"default_profile":false,"name":"Moises A Goncalves","profile_sidebar_fill_color":"DDEEF6","location":"Pelotas, RS","notifications":null},"favorited":false}