{"in_reply_to_status_id_str":null,"in_reply_to_status_id":null,"coordinates":null,"truncated":false,"in_reply_to_user_id_str":null,"created_at":"Sun Oct 06 10:34:45 +0000 2013","source":"<a href=\"http://twitter.com/download/android\" rel=\"nofollow\">Twitter for Android<\/a>","retweet_count":0,"retweeted":false,"geo":null,"filter_level":"medium","in_reply_to_screen_name":null,"entities":{"urls":[],"hashtags":[{"indices":[86,95],"text":"Bradesco"},{"indices":[116,126],"text":"ANONYMOUS"}],"user_mentions":[],"symbols":[]},"id_str":"386801697605316608","in_reply_to_user_id":null,"favorite_count":0,"contributors":null,"text":"AVISO: os bancos no Brasil são lugares de detenção provisória de ROUBOS e aberrações, #Bradesco evite transtornos.\n\n#ANONYMOUS BRASIL","id":386801697605316608,"place":null,"lang":"pt","user":{"utc_offset":-10800,"friends_count":181,"profile_image_url_https":"https://si0.twimg.com/profile_images/2183163004/p7IGUC54_normal","profile_background_image_url":"http://a0.twimg.com/profile_background_images/378800000047837469/c2e7a72afe0bd6f564c6e423805fec30.jpeg","listed_count":17,"default_profile_image":false,"favourites_count":7,"description":"vou descer o cacete em todo mundo,doa a quem doer,esse país está precisando de homens, aqui tem um bando de bananas","created_at":"Tue Sep 29 17:33:28 +0000 2009","is_translator":false,"profile_background_image_url_https":"https://si0.twimg.com/profile_background_images/378800000047837469/c2e7a72afe0bd6f564c6e423805fec30.jpeg","protected":false,"screen_name":"surtoetensao","id_str":"78368244","profile_link_color":"000000","geo_enabled":false,"id":78368244,"profile_background_color":"DBE9ED","lang":"pt","profile_sidebar_border_color":"FFFFFF","profile_text_color":"706C6C","verified":false,"profile_image_url":"http://a0.twimg.com/profile_images/2183163004/p7IGUC54_normal","time_zone":"Santiago","url":null,"contributors_enabled":false,"profile_banner_url":"https://pbs.twimg.com/profile_banners/78368244/1376056805","profile_background_tile":false,"follow_request_sent":null,"statuses_count":5201,"profile_use_background_image":true,"followers_count":1084,"following":null,"default_profile":false,"name":"S.U.R.T.O","profile_sidebar_fill_color":"CF0606","location":"São Paulo","notifications":null},"favorited":false}