{"in_reply_to_status_id_str":null,"in_reply_to_status_id":null,"coordinates":null,"truncated":false,"in_reply_to_user_id_str":null,"created_at":"Sun Oct 06 15:30:09 +0000 2013","source":"<a href=\"http://www.scup.com.br\" rel=\"nofollow\">Scup<\/a>","retweet_count":0,"retweeted":false,"geo":null,"filter_level":"medium","in_reply_to_screen_name":null,"entities":{"urls":[],"hashtags":[],"user_mentions":[],"symbols":[]},"id_str":"386876036958670849","in_reply_to_user_id":null,"favorite_count":0,"contributors":null,"text":"Saiu de casa e esqueceu o cartão? Tem problema não! C/ a Biometria vc pode sacar usando a palma da mão! \\o/","id":386876036958670849,"place":null,"lang":"pt","user":{"utc_offset":-10800,"friends_count":15,"profile_image_url_https":"https://si0.twimg.com/profile_images/1808378407/promocao_link_237_campus_twitter_op2_AVATAR_normal.png","profile_background_image_url":"http://a0.twimg.com/profile_background_images/378800000082156508/f456b3ec0cbfbd301d806e8d000a32b6.jpeg","listed_count":463,"default_profile_image":false,"favourites_count":0,"description":"Este é mais um canal pra você acompanhar nossas novidades e saber mais sobre nossos produtos e serviços. Siga com a gente!","created_at":"Fri Oct 02 13:46:04 +0000 2009","is_translator":false,"profile_background_image_url_https":"https://si0.twimg.com/profile_background_images/378800000082156508/f456b3ec0cbfbd301d806e8d000a32b6.jpeg","protected":false,"screen_name":"Bradesco","id_str":"79184083","profile_link_color":"0084B4","geo_enabled":false,"id":79184083,"profile_background_color":"CC092F","lang":"en","profile_sidebar_border_color":"FFFFFF","profile_text_color":"333333","verified":true,"profile_image_url":"http://a0.twimg.com/profile_images/1808378407/promocao_link_237_campus_twitter_op2_AVATAR_normal.png","time_zone":"Brasilia","url":"http://www.bradesco.com.br","contributors_enabled":false,"profile_banner_url":"https://pbs.twimg.com/profile_banners/79184083/1379846836","profile_background_tile":false,"follow_request_sent":null,"statuses_count":3195,"profile_use_background_image":true,"followers_count":44550,"following":null,"default_profile":false,"name":"Banco Bradesco","profile_sidebar_fill_color":"DDEEF6","location":"São Paulo - Brasil","notifications":null},"favorited":false}