{"in_reply_to_status_id_str":null,"in_reply_to_status_id":null,"coordinates":{"coordinates":[-46.43294334,-23.51936817],"type":"Point"},"truncated":false,"in_reply_to_user_id_str":null,"created_at":"Sun Oct 06 13:43:41 +0000 2013","source":"<a href=\"http://twitter.com/download/android\" rel=\"nofollow\">Twitter for Android<\/a>","retweet_count":0,"retweeted":false,"geo":{"coordinates":[-23.51936817,-46.43294334],"type":"Point"},"filter_level":"medium","in_reply_to_screen_name":null,"entities":{"urls":[],"hashtags":[{"indices":[0,8],"text":"detalhe"}],"user_mentions":[{"indices":[61,74],"screen_name":"fernandoriva","id_str":"1089227545","name":"Fernandinho","id":1089227545},{"indices":[75,84],"screen_name":"Bradesco","id_str":"79184083","name":"Banco Bradesco","id":79184083},{"indices":[85,98],"screen_name":"santander_br","id_str":"48700857","name":"Santander Brasil","id":48700857}],"symbols":[]},"id_str":"386849243308523520","in_reply_to_user_id":null,"favorite_count":0,"contributors":null,"text":"#detalhe 3 semanas chutando porque o cartão ainda não chegou @fernandoriva @Bradesco @santander_br","id":386849243308523520,"place":{"country_code":"BR","country":"Brasil","full_name":"São Paulo, São Paulo","bounding_box":{"coordinates":[[[-46.826039,-24.008814],[-46.826039,-23.356792],[-46.365052,-23.356792],[-46.365052,-24.008814]]],"type":"Polygon"},"place_type":"city","name":"São Paulo","attributes":{},"id":"68e019afec7d0ba5","url":"https://api.twitter.com/1.1/geo/id/68e019afec7d0ba5.json"},"lang":"pt","user":{"utc_offset":-10800,"friends_count":23,"profile_image_url_https":"https://si0.twimg.com/profile_images/378800000510153688/e9be57a27ef183613e32c373a7f2f036_normal.jpeg","profile_background_image_url":"http://abs.twimg.com/images/themes/theme14/bg.gif","listed_count":0,"default_profile_image":false,"favourites_count":0,"description":"Desocupado, Pensante, Bipolar e Imaginário...","created_at":"Wed Mar 28 07:51:03 +0000 2012","is_translator":false,"profile_background_image_url_https":"https://abs.twimg.com/images/themes/theme14/bg.gif","protected":false,"screen_name":"HoolidayHero","id_str":"538911051","profile_link_color":"009999","geo_enabled":true,"id":538911051,"profile_background_color":"131516","lang":"pt","profile_sidebar_border_color":"EEEEEE","profile_text_color":"333333","verified":false,"profile_image_url":"http://a0.twimg.com/profile_images/378800000510153688/e9be57a27ef183613e32c373a7f2f036_normal.jpeg","time_zone":"Brasilia","url":"http://about.me/Emerson.Muramoto","contributors_enabled":false,"profile_background_tile":true,"follow_request_sent":null,"statuses_count":592,"profile_use_background_image":true,"followers_count":14,"following":null,"default_profile":false,"name":"Emerson Muramoto","profile_sidebar_fill_color":"EFEFEF","location":"","notifications":null},"favorited":false}