{"in_reply_to_status_id_str":null,"in_reply_to_status_id":null,"coordinates":null,"truncated":false,"in_reply_to_user_id_str":null,"created_at":"Sun Oct 06 22:19:32 +0000 2013","source":"web","retweet_count":0,"retweeted":false,"geo":null,"filter_level":"medium","in_reply_to_screen_name":null,"entities":{"urls":[],"hashtags":[{"indices":[81,90],"text":"bradesco"}],"user_mentions":[],"symbols":[]},"id_str":"386979061882306560","in_reply_to_user_id":null,"favorite_count":0,"contributors":null,"text":"se alguém entendeu essa propaganda bost@ do \"não me manda uma meia mussarela\" do #bradesco, por favor me explica.","id":386979061882306560,"place":null,"lang":"pt","user":{"utc_offset":-10800,"friends_count":1017,"profile_image_url_https":"https://si0.twimg.com/profile_images/378800000310296009/b2ae090e0e93d833c2585885145820df_normal.jpeg","profile_background_image_url":"http://a0.twimg.com/profile_background_images/760599247/35ce0fb8896f9691b4c625259f97ceb3.jpeg","listed_count":14,"default_profile_image":false,"favourites_count":400,"description":"Designer,MBA em Design Estratégico e em MKT e Publicidade,Consultora em MKT e Analista de redes sociais. Apaixonada pela TV Pajuçara. Leoa por natureza","created_at":"Thu Jun 04 20:40:47 +0000 2009","is_translator":false,"profile_background_image_url_https":"https://si0.twimg.com/profile_background_images/760599247/35ce0fb8896f9691b4c625259f97ceb3.jpeg","protected":false,"screen_name":"LuaBeserra","id_str":"44714905","profile_link_color":"DE0D0D","geo_enabled":true,"id":44714905,"profile_background_color":"FFF04D","lang":"pt","profile_sidebar_border_color":"FFFFFF","profile_text_color":"333333","verified":false,"profile_image_url":"http://a0.twimg.com/profile_images/378800000310296009/b2ae090e0e93d833c2585885145820df_normal.jpeg","time_zone":"Santiago","url":"http://www.broncadalua.wordpress.com","contributors_enabled":false,"profile_banner_url":"https://pbs.twimg.com/profile_banners/44714905/1379468356","profile_background_tile":false,"follow_request_sent":null,"statuses_count":89044,"profile_use_background_image":true,"followers_count":1483,"following":null,"default_profile":false,"name":"LuaBeserra","profile_sidebar_fill_color":"F6FFD1","location":"-9.622004,-35.725862","notifications":null},"favorited":false}