{"in_reply_to_status_id_str":null,"in_reply_to_status_id":null,"coordinates":null,"truncated":false,"in_reply_to_user_id_str":null,"created_at":"Sun Oct 06 17:46:50 +0000 2013","source":"web","retweet_count":0,"retweeted":false,"geo":null,"filter_level":"medium","in_reply_to_screen_name":null,"entities":{"urls":[],"hashtags":[],"user_mentions":[{"indices":[93,107],"screen_name":"BancodoBrasil","id_str":"83723557","name":"Banco do Brasil","id":83723557},{"indices":[108,114],"screen_name":"CAIXA","id_str":"229191436","name":"CAIXA","id":229191436},{"indices":[115,124],"screen_name":"FEBRABAN","id_str":"48821743","name":"FEBRABAN","id":48821743},{"indices":[125,130],"screen_name":"itau","id_str":"179398386","name":"Itaú","id":179398386},{"indices":[131,140],"screen_name":"Bradesco","id_str":"79184083","name":"Banco Bradesco","id":79184083}],"symbols":[]},"id_str":"386910433124159489","in_reply_to_user_id":null,"favorite_count":0,"contributors":null,"text":"Greve. Procurem abreviar as negociações para reabrir os Bancos. Empresas e povo prejudicadas @BancodoBrasil @CAIXA @FEBRABAN @itau @Bradesco","id":386910433124159489,"place":null,"lang":"pt","user":{"utc_offset":-10800,"friends_count":2001,"profile_image_url_https":"https://si0.twimg.com/profile_images/1175358387/frede_normal.JPG","profile_background_image_url":"http://abs.twimg.com/images/themes/theme1/bg.png","listed_count":29,"default_profile_image":false,"favourites_count":158,"description":"Empresário em Campina Grande-PB","created_at":"Wed Feb 24 19:10:01 +0000 2010","is_translator":false,"profile_background_image_url_https":"https://abs.twimg.com/images/themes/theme1/bg.png","protected":false,"screen_name":"fredegomes","id_str":"117166871","profile_link_color":"0084B4","geo_enabled":false,"id":117166871,"profile_background_color":"C0DEED","lang":"es","profile_sidebar_border_color":"C0DEED","profile_text_color":"333333","verified":false,"profile_image_url":"http://a0.twimg.com/profile_images/1175358387/frede_normal.JPG","time_zone":"Santiago","url":"http://www.accg.com.br","contributors_enabled":false,"profile_background_tile":false,"follow_request_sent":null,"statuses_count":4079,"profile_use_background_image":true,"followers_count":996,"following":null,"default_profile":true,"name":"Frede Gomes","profile_sidebar_fill_color":"DDEEF6","location":"Campina Grande-PB","notifications":null},"favorited":false}