{"in_reply_to_status_id_str":null,"in_reply_to_status_id":null,"coordinates":null,"truncated":false,"in_reply_to_user_id_str":"78317870","created_at":"Sun Oct 06 20:54:26 +0000 2013","source":"<a href=\"http://tapbots.com/tweetbot\" rel=\"nofollow\">Tweetbot for iOS<\/a>","retweet_count":0,"retweeted":false,"geo":null,"filter_level":"medium","in_reply_to_screen_name":"AloBradesco","entities":{"urls":[],"hashtags":[],"user_mentions":[{"indices":[0,12],"screen_name":"AloBradesco","id_str":"78317870","name":"Alô Bradesco","id":78317870}],"symbols":[]},"id_str":"386957646651482113","in_reply_to_user_id":78317870,"favorite_count":0,"contributors":null,"text":"@AloBradesco verifiquei que o Itaú adota a mesma \"medida de segurança\", mas desbloqueia a medida se o cliente solicitar. É só o que peço.","id":386957646651482113,"place":null,"lang":"pt","user":{"utc_offset":-10800,"friends_count":295,"profile_image_url_https":"https://si0.twimg.com/profile_images/1596994511/image_normal.jpg","profile_background_image_url":"http://a0.twimg.com/profile_background_images/408450529/Gaudium_-_Background_para_Twitter.jpg","listed_count":137,"default_profile_image":false,"favourites_count":2,"description":"Doutorando em Design pela PUC-Rio, ilustrador, designer e jogador de Dark Souls.","created_at":"Fri Mar 27 18:06:01 +0000 2009","is_translator":false,"profile_background_image_url_https":"https://si0.twimg.com/profile_background_images/408450529/Gaudium_-_Background_para_Twitter.jpg","protected":false,"screen_name":"IlustreBOB","id_str":"27059325","profile_link_color":"FF36D0","geo_enabled":false,"id":27059325,"profile_background_color":"FFD104","lang":"pt","profile_sidebar_border_color":"E0E0E0","profile_text_color":"5A2049","verified":false,"profile_image_url":"http://a0.twimg.com/profile_images/1596994511/image_normal.jpg","time_zone":"Brasilia","url":"http://ilustrebob.com.br","contributors_enabled":false,"profile_banner_url":"https://pbs.twimg.com/profile_banners/27059325/1347986762","profile_background_tile":false,"follow_request_sent":null,"statuses_count":14409,"profile_use_background_image":false,"followers_count":2385,"following":null,"default_profile":false,"name":"Bruno O. Barros","profile_sidebar_fill_color":"FAFAFA","location":"Rio de Janeiro","notifications":null},"favorited":false}