{"in_reply_to_status_id_str":null,"in_reply_to_status_id":null,"coordinates":null,"truncated":false,"in_reply_to_user_id_str":null,"created_at":"Sun Oct 06 18:08:12 +0000 2013","source":"<a href=\"http://twitter.com/download/iphone\" rel=\"nofollow\">Twitter for iPhone<\/a>","retweet_count":0,"retweeted":false,"geo":null,"filter_level":"medium","in_reply_to_screen_name":null,"entities":{"urls":[],"hashtags":[{"indices":[18,25],"text":"Osasco"},{"indices":[28,37],"text":"Bradesco"}],"user_mentions":[],"symbols":[]},"id_str":"386915812499783680","in_reply_to_user_id":null,"favorite_count":0,"contributors":null,"text":"Quero parabenizar #Osasco e #Bradesco pela grande cagada que fizeram na cidade. +","id":386915812499783680,"place":null,"lang":"pt","user":{"utc_offset":-10800,"friends_count":207,"profile_image_url_https":"https://si0.twimg.com/profile_images/378800000249914137/ea0512282af83a0c2fb537e82ddae5b5_normal.jpeg","profile_background_image_url":"http://a0.twimg.com/profile_background_images/663818236/0392mwcttorhexj0lqwc.jpeg","listed_count":2,"default_profile_image":false,"favourites_count":59,"description":"Jornalista, bailarina de dança do ventre, professora de inglês e protetora dos animais.","created_at":"Fri May 28 19:37:15 +0000 2010","is_translator":false,"profile_background_image_url_https":"https://si0.twimg.com/profile_background_images/663818236/0392mwcttorhexj0lqwc.jpeg","protected":false,"screen_name":"brumolinac","id_str":"149235546","profile_link_color":"009999","geo_enabled":true,"id":149235546,"profile_background_color":"131516","lang":"en","profile_sidebar_border_color":"FFFFFF","profile_text_color":"634047","verified":false,"profile_image_url":"http://a0.twimg.com/profile_images/378800000249914137/ea0512282af83a0c2fb537e82ddae5b5_normal.jpeg","time_zone":"Brasilia","url":"http://inspiralizar.wordpress.com/","contributors_enabled":false,"profile_banner_url":"https://pbs.twimg.com/profile_banners/149235546/1367861348","profile_background_tile":false,"follow_request_sent":null,"statuses_count":6762,"profile_use_background_image":true,"followers_count":188,"following":null,"default_profile":false,"name":"Bruna Molina","profile_sidebar_fill_color":"E3E2DE","location":"Brasil","notifications":null},"favorited":false}