{"in_reply_to_status_id_str":"387022684322025472","in_reply_to_status_id":387022684322025472,"coordinates":null,"truncated":false,"in_reply_to_user_id_str":"78317870","created_at":"Mon Oct 07 01:17:21 +0000 2013","source":"<a href=\"http://www.hootsuite.com\" rel=\"nofollow\">HootSuite<\/a>","retweet_count":0,"retweeted":false,"geo":null,"filter_level":"medium","in_reply_to_screen_name":"AloBradesco","entities":{"urls":[],"hashtags":[],"user_mentions":[{"indices":[0,12],"screen_name":"AloBradesco","id_str":"78317870","name":"Alô Bradesco","id":78317870}],"symbols":[]},"id_str":"387023809544720384","in_reply_to_user_id":78317870,"favorite_count":0,"contributors":null,"text":"@AloBradesco consegui acessar agora, obrigado!","id":387023809544720384,"place":null,"lang":"pt","user":{"utc_offset":-10800,"friends_count":1478,"profile_image_url_https":"https://si0.twimg.com/profile_images/378800000144880878/4f23cb0be9c21b10003431f78aa40c4f_normal.jpeg","profile_background_image_url":"http://a0.twimg.com/profile_background_images/10338472/background.jpg","listed_count":189,"default_profile_image":false,"favourites_count":2450,"description":"Publicitário, Photoshopista, criador do Tutoriais Photoshop, colaborador do Tech Tudo (Globo.com), iMasters (UOL), Revista Photoshop Creative e Basekit.com.br","created_at":"Tue Jan 27 15:49:26 +0000 2009","is_translator":false,"profile_background_image_url_https":"https://si0.twimg.com/profile_background_images/10338472/background.jpg","protected":false,"screen_name":"Andre_Sugai","id_str":"19597850","profile_link_color":"990000","geo_enabled":true,"id":19597850,"profile_background_color":"EBEBEB","lang":"pt","profile_sidebar_border_color":"DFDFDF","profile_text_color":"333333","verified":false,"profile_image_url":"http://a0.twimg.com/profile_images/378800000144880878/4f23cb0be9c21b10003431f78aa40c4f_normal.jpeg","time_zone":"Brasilia","url":"http://www.tutoriaisphotoshop.net","contributors_enabled":false,"profile_background_tile":true,"follow_request_sent":null,"statuses_count":38500,"profile_use_background_image":true,"followers_count":3990,"following":null,"default_profile":false,"name":"André Lyo Sugai","profile_sidebar_fill_color":"F3F3F3","location":"São Paulo, Brasil","notifications":null},"favorited":false}