{"in_reply_to_status_id_str":null,"in_reply_to_status_id":null,"coordinates":null,"truncated":false,"in_reply_to_user_id_str":null,"created_at":"Mon Oct 07 01:23:10 +0000 2013","source":"<a href=\"http://twitter.com/download/android\" rel=\"nofollow\">Twitter for Android<\/a>","retweet_count":0,"retweeted":false,"geo":null,"filter_level":"medium","in_reply_to_screen_name":null,"entities":{"urls":[],"hashtags":[{"indices":[106,112],"text":"caixa"},{"indices":[113,118],"text":"itau"},{"indices":[119,128],"text":"Bradesco"},{"indices":[129,139],"text":"santander"}],"user_mentions":[],"symbols":[]},"id_str":"387025274380226560","in_reply_to_user_id":null,"favorite_count":0,"contributors":null,"text":"Gostaria q a vida fosse facil e bonita como um comercial de Banco! Mas são todos um lixo, aproveitadores! #caixa #itau #Bradesco #santander","id":387025274380226560,"place":null,"lang":"pt","user":{"utc_offset":-10800,"friends_count":415,"profile_image_url_https":"https://si0.twimg.com/profile_images/378800000077246216/50e0f0ddf64f47cd3a6e7879e74c35fd_normal.jpeg","profile_background_image_url":"http://a0.twimg.com/profile_background_images/26638470/800x600_20060422_camisa.jpeg","listed_count":0,"default_profile_image":false,"favourites_count":22,"description":null,"created_at":"Fri Jul 24 16:26:26 +0000 2009","is_translator":false,"profile_background_image_url_https":"https://si0.twimg.com/profile_background_images/26638470/800x600_20060422_camisa.jpeg","protected":false,"screen_name":"pfcolzani","id_str":"59823544","profile_link_color":"0084B4","geo_enabled":true,"id":59823544,"profile_background_color":"9AE4E8","lang":"en","profile_sidebar_border_color":"BDDCAD","profile_text_color":"732973","verified":false,"profile_image_url":"http://a0.twimg.com/profile_images/378800000077246216/50e0f0ddf64f47cd3a6e7879e74c35fd_normal.jpeg","time_zone":"Brasilia","url":null,"contributors_enabled":false,"profile_banner_url":"https://pbs.twimg.com/profile_banners/59823544/1362708646","profile_background_tile":false,"follow_request_sent":null,"statuses_count":6921,"profile_use_background_image":true,"followers_count":128,"following":null,"default_profile":false,"name":"COLZANI, paulo","profile_sidebar_fill_color":"DDFFCC","location":"Vasco da Gama meu querido!","notifications":null},"favorited":false}