{"in_reply_to_status_id_str":null,"in_reply_to_status_id":null,"possibly_sensitive":false,"coordinates":null,"truncated":false,"in_reply_to_user_id_str":"79184083","created_at":"Mon Oct 07 01:07:46 +0000 2013","source":"<a href=\"http://twitter.com/#!/download/ipad\" rel=\"nofollow\">Twitter for iPad<\/a>","retweet_count":0,"retweeted":false,"geo":null,"filter_level":"medium","in_reply_to_screen_name":"Bradesco","entities":{"urls":[{"display_url":"portaldoholanda.com/amazonas/brade\u2026","indices":[118,140],"expanded_url":"http://www.portaldoholanda.com/amazonas/bradesco-resolve-jogar-duro-com-mendigos-e-ocupa-cal-ada-com-pedras-pontiagudas","url":"http://t.co/n79LbfIDPd"}],"hashtags":[],"user_mentions":[{"indices":[0,9],"screen_name":"Bradesco","id_str":"79184083","name":"Banco Bradesco","id":79184083}],"symbols":[]},"id_str":"387021398688145408","in_reply_to_user_id":79184083,"favorite_count":0,"contributors":null,"text":"@Bradesco coloca pedras pontiagudas em espaço publico contra população em situação d rua. Onde esta o poder publico!? http://t.co/n79LbfIDPd","id":387021398688145408,"place":null,"lang":"pt","user":{"utc_offset":-10800,"friends_count":188,"profile_image_url_https":"https://si0.twimg.com/profile_images/378800000464704652/0f2767e8aadae7948296c101e47c656f_normal.jpeg","profile_background_image_url":"http://a0.twimg.com/profile_background_images/358788395/imagesCAVBOJU8.jpg","listed_count":25,"default_profile_image":false,"favourites_count":911,"description":null,"created_at":"Thu Aug 05 03:07:59 +0000 2010","is_translator":false,"profile_background_image_url_https":"https://si0.twimg.com/profile_background_images/358788395/imagesCAVBOJU8.jpg","protected":false,"screen_name":"cadulorena","id_str":"174901520","profile_link_color":"000000","geo_enabled":true,"id":174901520,"profile_background_color":"FFFFFF","lang":"pt","profile_sidebar_border_color":"FFFFFF","profile_text_color":"000000","verified":false,"profile_image_url":"http://a0.twimg.com/profile_images/378800000464704652/0f2767e8aadae7948296c101e47c656f_normal.jpeg","time_zone":"Brasilia","url":null,"contributors_enabled":false,"profile_banner_url":"https://pbs.twimg.com/profile_banners/174901520/1379303323","profile_background_tile":false,"follow_request_sent":null,"statuses_count":84359,"profile_use_background_image":true,"followers_count":1145,"following":null,"default_profile":false,"name":"motorista de ovni","profile_sidebar_fill_color":"F7FF00","location":"","notifications":null},"favorited":false}