{"in_reply_to_status_id_str":null,"in_reply_to_status_id":null,"possibly_sensitive":false,"coordinates":null,"truncated":false,"in_reply_to_user_id_str":null,"created_at":"Mon Oct 07 00:57:37 +0000 2013","source":"<a href=\"http://tapbots.com/tweetbot\" rel=\"nofollow\">Tweetbot for iOS<\/a>","retweet_count":0,"retweeted":false,"geo":null,"filter_level":"medium","in_reply_to_screen_name":null,"entities":{"urls":[],"hashtags":[],"media":[{"display_url":"pic.twitter.com/cwS0pFUdHt","indices":[96,118],"sizes":{"small":{"w":340,"h":603,"resize":"fit"},"large":{"w":640,"h":1136,"resize":"fit"},"thumb":{"w":150,"h":150,"resize":"crop"},"medium":{"w":600,"h":1065,"resize":"fit"}},"id_str":"387018842620583936","expanded_url":"http://twitter.com/jposouza/status/387018842779955200/photo/1","media_url_https":"https://pbs.twimg.com/media/BV73ljvIYAALvP9.png","id":387018842620583936,"type":"photo","media_url":"http://pbs.twimg.com/media/BV73ljvIYAALvP9.png","url":"http://t.co/cwS0pFUdHt"}],"user_mentions":[{"indices":[3,12],"screen_name":"Bradesco","id_str":"79184083","name":"Banco Bradesco","id":79184083},{"indices":[13,25],"screen_name":"AloBradesco","id_str":"78317870","name":"Alô Bradesco","id":78317870}],"symbols":[]},"id_str":"387018842779955200","in_reply_to_user_id":null,"favorite_count":0,"contributors":null,"text":"Eh @Bradesco @AloBradesco hoje não é teu dia. Já não bastou os caixas eletrônicos sem dinheiro! http://t.co/cwS0pFUdHt","id":387018842779955200,"place":null,"lang":"pt","user":{"utc_offset":-10800,"friends_count":123,"profile_image_url_https":"https://si0.twimg.com/profile_images/378800000165805141/64080bd0f0d0bbbfd7618fd1effb9b16_normal.jpeg","profile_background_image_url":"http://abs.twimg.com/images/themes/theme14/bg.gif","listed_count":4,"default_profile_image":false,"favourites_count":206,"description":"Hello World!;","created_at":"Sun Mar 01 01:07:56 +0000 2009","is_translator":false,"profile_background_image_url_https":"https://abs.twimg.com/images/themes/theme14/bg.gif","protected":false,"screen_name":"jposouza","id_str":"22316971","profile_link_color":"009999","geo_enabled":true,"id":22316971,"profile_background_color":"131516","lang":"en","profile_sidebar_border_color":"EEEEEE","profile_text_color":"333333","verified":false,"profile_image_url":"http://a0.twimg.com/profile_images/378800000165805141/64080bd0f0d0bbbfd7618fd1effb9b16_normal.jpeg","time_zone":"Brasilia","url":"http://www.jposouza.com.br","contributors_enabled":false,"profile_background_tile":true,"follow_request_sent":null,"statuses_count":10535,"profile_use_background_image":true,"followers_count":234,"following":null,"default_profile":false,"name":"João Paulo Souza ","profile_sidebar_fill_color":"EFEFEF","location":"SP - Brasil","notifications":null},"favorited":false}