{"in_reply_to_status_id_str":null,"in_reply_to_status_id":null,"coordinates":null,"truncated":false,"in_reply_to_user_id_str":"95898299","created_at":"Mon Oct 07 12:01:31 +0000 2013","source":"web","retweet_count":0,"retweeted":false,"geo":null,"filter_level":"medium","in_reply_to_screen_name":"MaisBB","entities":{"urls":[],"hashtags":[],"user_mentions":[{"indices":[0,7],"screen_name":"MaisBB","id_str":"95898299","name":"Mais Banco do Brasil","id":95898299},{"indices":[8,17],"screen_name":"Bradesco","id_str":"79184083","name":"Banco Bradesco","id":79184083}],"symbols":[]},"id_str":"387185919125487616","in_reply_to_user_id":95898299,"favorite_count":0,"contributors":null,"text":"@MaisBB @Bradesco &gt;&gt;&gt; BANCOS DE MERDA, VÃO A PUTA QUE OS PARIU","id":387185919125487616,"place":null,"lang":"pt","user":{"utc_offset":-10800,"friends_count":809,"profile_image_url_https":"https://si0.twimg.com/profile_images/378800000300388779/8dba588ac0fd0be18021f53f2261313a_normal.jpeg","profile_background_image_url":"http://a0.twimg.com/profile_background_images/769563737/40b0e782db03c59250d712fe379cd487.jpeg","listed_count":204,"default_profile_image":false,"favourites_count":11,"description":"Pode ser a eternidade má","created_at":"Wed Aug 19 00:54:11 +0000 2009","is_translator":false,"profile_background_image_url_https":"https://si0.twimg.com/profile_background_images/769563737/40b0e782db03c59250d712fe379cd487.jpeg","protected":false,"screen_name":"Jopedros","id_str":"66859949","profile_link_color":"2E5A9C","geo_enabled":true,"id":66859949,"profile_background_color":"EEEBF5","lang":"pt","profile_sidebar_border_color":"FFFFFF","profile_text_color":"000000","verified":false,"profile_image_url":"http://a0.twimg.com/profile_images/378800000300388779/8dba588ac0fd0be18021f53f2261313a_normal.jpeg","time_zone":"Brasilia","url":"http://instagram.com/portojoao","contributors_enabled":false,"profile_banner_url":"https://pbs.twimg.com/profile_banners/66859949/1376541238","profile_background_tile":true,"follow_request_sent":null,"statuses_count":77910,"profile_use_background_image":true,"followers_count":983,"following":null,"default_profile":false,"name":"PEDRO joão","profile_sidebar_fill_color":"1B6780","location":"Sorocaba/Goiânia/Votorantim","notifications":null},"favorited":false}