{"in_reply_to_status_id_str":"387195289922465792","in_reply_to_status_id":387195289922465792,"coordinates":null,"truncated":false,"in_reply_to_user_id_str":"78317870","created_at":"Mon Oct 07 12:43:27 +0000 2013","source":"web","retweet_count":0,"retweeted":false,"geo":null,"filter_level":"medium","in_reply_to_screen_name":"AloBradesco","entities":{"urls":[],"hashtags":[],"user_mentions":[{"indices":[0,12],"screen_name":"AloBradesco","id_str":"78317870","name":"Alô Bradesco","id":78317870}],"symbols":[]},"id_str":"387196471285522432","in_reply_to_user_id":78317870,"favorite_count":0,"contributors":null,"text":"@AloBradesco Okays, valeu! Bom dia :D","id":387196471285522432,"place":null,"lang":"pt","user":{"utc_offset":-10800,"friends_count":1899,"profile_image_url_https":"https://si0.twimg.com/profile_images/378800000553657266/860945598047fee58452cf39f98fa320_normal.jpeg","profile_background_image_url":"http://a0.twimg.com/profile_background_images/633427483/fv96j254aitiu0p1lpdl.jpeg","listed_count":29,"default_profile_image":false,"favourites_count":32,"description":"Figura ilustre de Aparecida de Goiânia e universitário de Publicidade e Propaganda.","created_at":"Thu May 21 00:10:09 +0000 2009","is_translator":false,"profile_background_image_url_https":"https://si0.twimg.com/profile_background_images/633427483/fv96j254aitiu0p1lpdl.jpeg","protected":false,"screen_name":"Kozzme","id_str":"41486143","profile_link_color":"474747","geo_enabled":true,"id":41486143,"profile_background_color":"000000","lang":"pt","profile_sidebar_border_color":"000000","profile_text_color":"000000","verified":false,"profile_image_url":"http://a0.twimg.com/profile_images/378800000553657266/860945598047fee58452cf39f98fa320_normal.jpeg","time_zone":"Brasilia","url":"http://klout.com/#/Kozzme","contributors_enabled":false,"profile_banner_url":"https://pbs.twimg.com/profile_banners/41486143/1360756074","profile_background_tile":false,"follow_request_sent":null,"statuses_count":45854,"profile_use_background_image":true,"followers_count":994,"following":null,"default_profile":false,"name":"Kozzme ","profile_sidebar_fill_color":"FFFFFF","location":"Aparecida de Goiânia, Brazil","notifications":null},"favorited":false}