{"in_reply_to_status_id_str":null,"in_reply_to_status_id":null,"coordinates":{"coordinates":[-43.17426628,-22.91003378],"type":"Point"},"truncated":false,"in_reply_to_user_id_str":"79184083","created_at":"Mon Oct 07 11:50:48 +0000 2013","source":"<a href=\"http://twitter.com/download/iphone\" rel=\"nofollow\">Twitter for iPhone<\/a>","retweet_count":0,"retweeted":false,"geo":{"coordinates":[-22.91003378,-43.17426628],"type":"Point"},"filter_level":"medium","in_reply_to_screen_name":"Bradesco","entities":{"urls":[],"hashtags":[],"user_mentions":[{"indices":[0,9],"screen_name":"Bradesco","id_str":"79184083","name":"Banco Bradesco","id":79184083},{"indices":[10,22],"screen_name":"AloBradesco","id_str":"78317870","name":"Alô Bradesco","id":78317870}],"symbols":[]},"id_str":"387183223933259776","in_reply_to_user_id":79184083,"favorite_count":0,"contributors":null,"text":"@Bradesco @AloBradesco Agências em greve no RJ e eu sem cartão q está preso na agência (em greve), e sem chave de segurança! Socorre eu aí!","id":387183223933259776,"place":{"country_code":"BR","country":"Brasil","full_name":"Rio de Janeiro, Rio de Janeiro","bounding_box":{"coordinates":[[[-43.795449,-23.08302],[-43.795449,-22.749044],[-43.099381,-22.749044],[-43.099381,-23.08302]]],"type":"Polygon"},"place_type":"city","name":"Rio de Janeiro","attributes":{},"id":"97bcdfca1a2dca59","url":"https://api.twitter.com/1.1/geo/id/97bcdfca1a2dca59.json"},"lang":"pt","user":{"utc_offset":-10800,"friends_count":370,"profile_image_url_https":"https://si0.twimg.com/profile_images/378800000533602068/486ba62c65dc33f785fed113271d63af_normal.jpeg","profile_background_image_url":"http://abs.twimg.com/images/themes/theme15/bg.png","listed_count":27,"default_profile_image":false,"favourites_count":48,"description":"Só quero um dia de vento, a idéia das folhas, a vida simples, a lua fácil de se alcançar com garfo... Cansei das complicações q atribuem a vida...","created_at":"Fri Aug 28 19:48:30 +0000 2009","is_translator":false,"profile_background_image_url_https":"https://abs.twimg.com/images/themes/theme15/bg.png","protected":false,"screen_name":"JardelLuiz","id_str":"69676729","profile_link_color":"0084B4","geo_enabled":true,"id":69676729,"profile_background_color":"022330","lang":"pt","profile_sidebar_border_color":"A8C7F7","profile_text_color":"333333","verified":false,"profile_image_url":"http://a0.twimg.com/profile_images/378800000533602068/486ba62c65dc33f785fed113271d63af_normal.jpeg","time_zone":"Brasilia","url":null,"contributors_enabled":false,"profile_banner_url":"https://pbs.twimg.com/profile_banners/69676729/1378290825","profile_background_tile":false,"follow_request_sent":null,"statuses_count":25485,"profile_use_background_image":true,"followers_count":800,"following":null,"default_profile":false,"name":"Luiz","profile_sidebar_fill_color":"C0DFEC","location":"Rio de Janeiro","notifications":null},"favorited":false}