{"in_reply_to_status_id_str":null,"in_reply_to_status_id":null,"coordinates":null,"truncated":false,"in_reply_to_user_id_str":"79184083","created_at":"Mon Oct 07 12:22:19 +0000 2013","source":"web","retweet_count":0,"retweeted":false,"geo":null,"filter_level":"medium","in_reply_to_screen_name":"Bradesco","entities":{"urls":[],"hashtags":[],"user_mentions":[{"indices":[0,9],"screen_name":"Bradesco","id_str":"79184083","name":"Banco Bradesco","id":79184083}],"symbols":[]},"id_str":"387191152291491840","in_reply_to_user_id":79184083,"favorite_count":0,"contributors":null,"text":"@Bradesco Bom dia! Gostaria de saber se com esta greve na agência aqui em Palmas/TO, se eu consigo depositar um cheque? Abraços.","id":387191152291491840,"place":null,"lang":"pt","user":{"utc_offset":-10800,"friends_count":6589,"profile_image_url_https":"https://si0.twimg.com/profile_images/1094557749/vivoVerdeB_normal.jpg","profile_background_image_url":"http://a0.twimg.com/profile_background_images/378800000055852461/02ed506fbfc3598b87046b7c43e36d40.jpeg","listed_count":555,"default_profile_image":false,"favourites_count":2210,"description":"Sou TOP3 (2009); TOP2, TOP3 (2010); TOP1 (2012) no Topblog e Melhor Twitter no Green Nation Fest 2012. #VivaPositivamente Coca-Cola - contato@vivoverde.com.br","created_at":"Mon Nov 24 18:45:57 +0000 2008","is_translator":false,"profile_background_image_url_https":"https://si0.twimg.com/profile_background_images/378800000055852461/02ed506fbfc3598b87046b7c43e36d40.jpeg","protected":false,"screen_name":"VivoVerde","id_str":"17597900","profile_link_color":"008000","geo_enabled":true,"id":17597900,"profile_background_color":"FCFCFC","lang":"en","profile_sidebar_border_color":"FFFFFF","profile_text_color":"706A6A","verified":false,"profile_image_url":"http://a0.twimg.com/profile_images/1094557749/vivoVerdeB_normal.jpg","time_zone":"Brasilia","url":"http://vivoverde.com.br","contributors_enabled":false,"profile_banner_url":"https://pbs.twimg.com/profile_banners/17597900/1377019575","profile_background_tile":true,"follow_request_sent":null,"statuses_count":42461,"profile_use_background_image":true,"followers_count":13519,"following":null,"default_profile":false,"name":"Blog VivoVerde","profile_sidebar_fill_color":"FFFCFF","location":"Palmas, Brazil","notifications":null},"favorited":false}