{"in_reply_to_status_id_str":"387196847779250178","in_reply_to_status_id":387196847779250178,"coordinates":null,"truncated":false,"in_reply_to_user_id_str":"236510104","created_at":"Mon Oct 07 12:52:57 +0000 2013","source":"web","retweet_count":0,"retweeted":false,"geo":null,"filter_level":"medium","in_reply_to_screen_name":"DiaconoRodrigao","entities":{"urls":[],"hashtags":[],"user_mentions":[{"indices":[0,16],"screen_name":"DiaconoRodrigao","id_str":"236510104","name":"Diácono Rodrigão","id":236510104},{"indices":[17,22],"screen_name":"itau","id_str":"179398386","name":"Itaú","id":179398386},{"indices":[23,32],"screen_name":"Bradesco","id_str":"79184083","name":"Banco Bradesco","id":79184083},{"indices":[63,70],"screen_name":"MaisBB","id_str":"95898299","name":"Mais Banco do Brasil","id":95898299}],"symbols":[]},"id_str":"387198862089129985","in_reply_to_user_id":236510104,"favorite_count":0,"contributors":null,"text":"@DiaconoRodrigao @itau @Bradesco É uma sacanagem. Espero que o @MaisBB também não resolva entrar nessa.","id":387198862089129985,"place":null,"lang":"pt","user":{"utc_offset":-10800,"friends_count":336,"profile_image_url_https":"https://si0.twimg.com/profile_images/2297475579/nzq1firbbv0z0co3ygez_normal.png","profile_background_image_url":"http://a0.twimg.com/profile_background_images/344511763024536211/636f14161d1b1a45ab884785d37717e9.jpeg","listed_count":4,"default_profile_image":false,"favourites_count":10,"description":"Gamer e futuro desenvolvedor, blogueiro, artista gráfico amador, cinéfilo, RPGista sem grupo, Tolkienmaníaco, roqueiro, anti-forró/pagode/axé e levemente otaku.","created_at":"Mon Mar 02 16:59:12 +0000 2009","is_translator":false,"profile_background_image_url_https":"https://si0.twimg.com/profile_background_images/344511763024536211/636f14161d1b1a45ab884785d37717e9.jpeg","protected":false,"screen_name":"Darius_Dan","id_str":"22504381","profile_link_color":"C22727","geo_enabled":true,"id":22504381,"profile_background_color":"1A1A1A","lang":"pt","profile_sidebar_border_color":"FFFFFF","profile_text_color":"D7620E","verified":false,"profile_image_url":"http://a0.twimg.com/profile_images/2297475579/nzq1firbbv0z0co3ygez_normal.png","time_zone":"Brasilia","url":"http://www.dariusquest.com.br","contributors_enabled":false,"profile_background_tile":false,"follow_request_sent":null,"statuses_count":13724,"profile_use_background_image":true,"followers_count":203,"following":null,"default_profile":false,"name":"Marcelo Lima Souza","profile_sidebar_fill_color":"F0E8D6","location":"Rio de Janeiro - RJ","notifications":null},"favorited":false}