{"in_reply_to_status_id_str":null,"in_reply_to_status_id":null,"coordinates":null,"truncated":false,"in_reply_to_user_id_str":null,"created_at":"Mon Oct 07 12:09:12 +0000 2013","source":"web","retweet_count":0,"retweeted":false,"geo":null,"filter_level":"medium","in_reply_to_screen_name":null,"entities":{"urls":[],"hashtags":[],"user_mentions":[{"indices":[2,11],"screen_name":"Bradesco","id_str":"79184083","name":"Banco Bradesco","id":79184083}],"symbols":[]},"id_str":"387187853920202753","in_reply_to_user_id":null,"favorite_count":0,"contributors":null,"text":"O @Bradesco já saiu da greve ?","id":387187853920202753,"place":null,"lang":"pt","user":{"utc_offset":7200,"friends_count":353,"profile_image_url_https":"https://si0.twimg.com/profile_images/378800000538662297/517dda4ef9b38ca905d6d88c63213996_normal.jpeg","profile_background_image_url":"http://a0.twimg.com/profile_background_images/378800000083784071/cd6babaddb6745b2ef3939efc31e6bd1.jpeg","listed_count":6,"default_profile_image":false,"favourites_count":448,"description":"Olá eu sou o Zach, romântico,carinhoso, amo música eletrônica, sou apaixonado pelo F.C.Barcelona e futuro técnico de futsal, seja bem vido ao meu mundo (...)","created_at":"Tue Jul 13 22:51:38 +0000 2010","is_translator":false,"profile_background_image_url_https":"https://si0.twimg.com/profile_background_images/378800000083784071/cd6babaddb6745b2ef3939efc31e6bd1.jpeg","protected":false,"screen_name":"zaquelsantos7","id_str":"166343650","profile_link_color":"362263","geo_enabled":false,"id":166343650,"profile_background_color":"ADAAAD","lang":"pt","profile_sidebar_border_color":"FFFFFF","profile_text_color":"030205","verified":false,"profile_image_url":"http://a0.twimg.com/profile_images/378800000538662297/517dda4ef9b38ca905d6d88c63213996_normal.jpeg","time_zone":"Madrid","url":"http://instagram.com/ZaquelSantos7","contributors_enabled":false,"profile_banner_url":"https://pbs.twimg.com/profile_banners/166343650/1380156897","profile_background_tile":true,"follow_request_sent":null,"statuses_count":42963,"profile_use_background_image":true,"followers_count":467,"following":null,"default_profile":false,"name":"Dom Zach I :3","profile_sidebar_fill_color":"868294","location":"Baixada Santista/Barcelona","notifications":null},"favorited":false}