{"in_reply_to_status_id_str":null,"in_reply_to_status_id":null,"coordinates":null,"truncated":false,"in_reply_to_user_id_str":"79184083","created_at":"Mon Oct 07 11:57:41 +0000 2013","source":"web","retweet_count":0,"retweeted":false,"geo":null,"filter_level":"medium","in_reply_to_screen_name":"Bradesco","entities":{"urls":[],"hashtags":[],"user_mentions":[{"indices":[0,9],"screen_name":"Bradesco","id_str":"79184083","name":"Banco Bradesco","id":79184083}],"symbols":[]},"id_str":"387184954519474176","in_reply_to_user_id":79184083,"favorite_count":0,"contributors":null,"text":"@Bradesco greve em banco ninguem merece e nos usuarios não podemos ser vitimas da greve","id":387184954519474176,"place":null,"lang":"pt","user":{"utc_offset":null,"friends_count":589,"profile_image_url_https":"https://si0.twimg.com/profile_images/378800000328602013/1b855c0464866475a44d070a44334937_normal.jpeg","profile_background_image_url":"http://a0.twimg.com/profile_background_images/654187008/1zfv67vrz3ubauto8cx3.jpeg","listed_count":1,"default_profile_image":false,"favourites_count":11,"description":"UM HOMEN PODE FAZER UMA GRANDE DIFERENÇA SE EU POSSO TDS PODEM","created_at":"Wed Jul 13 21:02:16 +0000 2011","is_translator":false,"profile_background_image_url_https":"https://si0.twimg.com/profile_background_images/654187008/1zfv67vrz3ubauto8cx3.jpeg","protected":false,"screen_name":"DEVEORWEIGERT","id_str":"334901432","profile_link_color":"0EB7EB","geo_enabled":false,"id":334901432,"profile_background_color":"1A1B1F","lang":"pt","profile_sidebar_border_color":"4A5261","profile_text_color":"1751E6","verified":false,"profile_image_url":"http://a0.twimg.com/profile_images/378800000328602013/1b855c0464866475a44d070a44334937_normal.jpeg","time_zone":null,"url":null,"contributors_enabled":false,"profile_background_tile":true,"follow_request_sent":null,"statuses_count":114,"profile_use_background_image":true,"followers_count":48,"following":null,"default_profile":false,"name":"DEVEOR WEIGERT","profile_sidebar_fill_color":"BDAEAE","location":"","notifications":null},"favorited":false}