{"in_reply_to_status_id_str":null,"in_reply_to_status_id":null,"coordinates":{"coordinates":[-49.273114,-16.6961717],"type":"Point"},"truncated":false,"in_reply_to_user_id_str":null,"created_at":"Mon Oct 07 11:46:27 +0000 2013","source":"<a href=\"http://twitter.com/download/android\" rel=\"nofollow\">Twitter for Android<\/a>","retweet_count":0,"retweeted":false,"geo":{"coordinates":[-16.6961717,-49.273114],"type":"Point"},"filter_level":"medium","in_reply_to_screen_name":null,"entities":{"urls":[],"hashtags":[],"user_mentions":[{"indices":[54,63],"screen_name":"Bradesco","id_str":"79184083","name":"Banco Bradesco","id":79184083}],"symbols":[]},"id_str":"387182129479970816","in_reply_to_user_id":null,"favorite_count":0,"contributors":null,"text":"Nada como começar a segunda com o caixa eletrônico do @Bradesco travando e surrupiando meu dindin q já foi descontado da minha conta. Valeu!","id":387182129479970816,"place":{"country_code":"BR","country":"Brasil","full_name":"Goiânia, Goiás","bounding_box":{"coordinates":[[[-49.4446727,-16.8318237],[-49.4446727,-16.453694],[-49.077745,-16.453694],[-49.077745,-16.8318237]]],"type":"Polygon"},"place_type":"city","name":"Goiânia","attributes":{},"id":"23d81de6fe7594cb","url":"https://api.twitter.com/1.1/geo/id/23d81de6fe7594cb.json"},"lang":"pt","user":{"utc_offset":-10800,"friends_count":1899,"profile_image_url_https":"https://si0.twimg.com/profile_images/378800000553657266/860945598047fee58452cf39f98fa320_normal.jpeg","profile_background_image_url":"http://a0.twimg.com/profile_background_images/633427483/fv96j254aitiu0p1lpdl.jpeg","listed_count":29,"default_profile_image":false,"favourites_count":32,"description":"Figura ilustre de Aparecida de Goiânia e universitário de Publicidade e Propaganda.","created_at":"Thu May 21 00:10:09 +0000 2009","is_translator":false,"profile_background_image_url_https":"https://si0.twimg.com/profile_background_images/633427483/fv96j254aitiu0p1lpdl.jpeg","protected":false,"screen_name":"Kozzme","id_str":"41486143","profile_link_color":"474747","geo_enabled":true,"id":41486143,"profile_background_color":"000000","lang":"pt","profile_sidebar_border_color":"000000","profile_text_color":"000000","verified":false,"profile_image_url":"http://a0.twimg.com/profile_images/378800000553657266/860945598047fee58452cf39f98fa320_normal.jpeg","time_zone":"Brasilia","url":"http://klout.com/#/Kozzme","contributors_enabled":false,"profile_banner_url":"https://pbs.twimg.com/profile_banners/41486143/1360756074","profile_background_tile":false,"follow_request_sent":null,"statuses_count":45851,"profile_use_background_image":true,"followers_count":994,"following":null,"default_profile":false,"name":"Kozzme ","profile_sidebar_fill_color":"FFFFFF","location":"Aparecida de Goiânia, Brazil","notifications":null},"favorited":false}