{"in_reply_to_status_id_str":null,"in_reply_to_status_id":null,"coordinates":null,"truncated":false,"in_reply_to_user_id_str":"79184083","created_at":"Mon Oct 07 11:18:02 +0000 2013","source":"<a href=\"http://twitter.com/download/android\" rel=\"nofollow\">Twitter for Android<\/a>","retweet_count":0,"retweeted":false,"geo":null,"filter_level":"medium","in_reply_to_screen_name":"Bradesco","entities":{"urls":[],"hashtags":[],"user_mentions":[{"indices":[0,9],"screen_name":"Bradesco","id_str":"79184083","name":"Banco Bradesco","id":79184083}],"symbols":[]},"id_str":"387174976971096064","in_reply_to_user_id":79184083,"favorite_count":0,"contributors":null,"text":"@bradesco sem dinheiro nos caixas eletrônicos no dia de pagamento. Puro amor. &lt;3","id":387174976971096064,"place":null,"lang":"pt","user":{"utc_offset":-10800,"friends_count":258,"profile_image_url_https":"https://si0.twimg.com/profile_images/3714632169/4b8abfa5ff7b2939d25db6e91eb1b83b_normal.jpeg","profile_background_image_url":"http://a0.twimg.com/profile_background_images/623974797/rbjwte5d0r3p2y10bvq8.jpeg","listed_count":40,"default_profile_image":false,"favourites_count":30,"description":"Quem não pode com a mandinga, não me tira pra dançar.","created_at":"Sat May 30 01:51:01 +0000 2009","is_translator":false,"profile_background_image_url_https":"https://si0.twimg.com/profile_background_images/623974797/rbjwte5d0r3p2y10bvq8.jpeg","protected":false,"screen_name":"salvelegiao","id_str":"43456720","profile_link_color":"FF0000","geo_enabled":true,"id":43456720,"profile_background_color":"FFFFFF","lang":"en","profile_sidebar_border_color":"000000","profile_text_color":"FF8400","verified":false,"profile_image_url":"http://a0.twimg.com/profile_images/3714632169/4b8abfa5ff7b2939d25db6e91eb1b83b_normal.jpeg","time_zone":"Brasilia","url":"http://instagram.com/dersinho_","contributors_enabled":false,"profile_banner_url":"https://pbs.twimg.com/profile_banners/43456720/1350191315","profile_background_tile":true,"follow_request_sent":null,"statuses_count":49972,"profile_use_background_image":true,"followers_count":385,"following":null,"default_profile":false,"name":"Anderson","profile_sidebar_fill_color":"F5AB7A","location":"Rio Claro - SP","notifications":null},"favorited":false}