{"in_reply_to_status_id_str":"387189370874109953","in_reply_to_status_id":387189370874109953,"coordinates":null,"truncated":false,"in_reply_to_user_id_str":"22504381","created_at":"Mon Oct 07 12:44:56 +0000 2013","source":"<a href=\"http://www.tweetcaster.com\" rel=\"nofollow\">TweetCaster for Android<\/a>","retweet_count":0,"retweeted":false,"geo":null,"filter_level":"medium","in_reply_to_screen_name":"Darius_Dan","entities":{"urls":[],"hashtags":[],"user_mentions":[{"indices":[0,11],"screen_name":"Darius_Dan","id_str":"22504381","name":"Marcelo Lima Souza","id":22504381},{"indices":[12,17],"screen_name":"itau","id_str":"179398386","name":"Itaú","id":179398386},{"indices":[18,27],"screen_name":"Bradesco","id_str":"79184083","name":"Banco Bradesco","id":79184083}],"symbols":[]},"id_str":"387196847779250178","in_reply_to_user_id":22504381,"favorite_count":0,"contributors":null,"text":"@Darius_Dan @itau @Bradesco só 40 minutos sábado pra comprar Bioshock Infinite....","id":387196847779250178,"place":null,"lang":"pt","user":{"utc_offset":-10800,"friends_count":192,"profile_image_url_https":"https://si0.twimg.com/profile_images/378800000502319716/e0fde3c5c5ada55922566c2f88ff1ff7_normal.jpeg","profile_background_image_url":"http://abs.twimg.com/images/themes/theme1/bg.png","listed_count":0,"default_profile_image":false,"favourites_count":63,"description":"Ácido, amargo e gordo.","created_at":"Mon Jan 10 19:13:22 +0000 2011","is_translator":false,"profile_background_image_url_https":"https://abs.twimg.com/images/themes/theme1/bg.png","protected":false,"screen_name":"DiaconoRodrigao","id_str":"236510104","profile_link_color":"0084B4","geo_enabled":false,"id":236510104,"profile_background_color":"C0DEED","lang":"pt","profile_sidebar_border_color":"C0DEED","profile_text_color":"333333","verified":false,"profile_image_url":"http://a0.twimg.com/profile_images/378800000502319716/e0fde3c5c5ada55922566c2f88ff1ff7_normal.jpeg","time_zone":"Brasilia","url":"http://www.brazzers.com","contributors_enabled":false,"profile_banner_url":"https://pbs.twimg.com/profile_banners/236510104/1377203500","profile_background_tile":false,"follow_request_sent":null,"statuses_count":8913,"profile_use_background_image":true,"followers_count":59,"following":null,"default_profile":true,"name":"Diácono Rodrigão","profile_sidebar_fill_color":"DDEEF6","location":"Prypiat, Kiev Oblast, Ukraine","notifications":null},"favorited":false}