{"in_reply_to_status_id_str":null,"in_reply_to_status_id":null,"coordinates":null,"truncated":false,"in_reply_to_user_id_str":"78317870","created_at":"Mon Oct 07 12:46:21 +0000 2013","source":"<a href=\"http://twitter.com/download/iphone\" rel=\"nofollow\">Twitter for iPhone<\/a>","retweet_count":0,"retweeted":false,"geo":null,"filter_level":"medium","in_reply_to_screen_name":"AloBradesco","entities":{"urls":[],"hashtags":[{"indices":[115,124],"text":"bradesco"}],"user_mentions":[{"indices":[0,12],"screen_name":"AloBradesco","id_str":"78317870","name":"Alô Bradesco","id":78317870}],"symbols":[]},"id_str":"387197201409380352","in_reply_to_user_id":78317870,"favorite_count":0,"contributors":null,"text":"@AloBradesco mais uma vez a agencia da Zelina, SP, não está com dinheiro nos caixas eletrônicos! Agencia de bosta! #bradesco cada vez pior","id":387197201409380352,"place":null,"lang":"pt","user":{"utc_offset":-10800,"friends_count":169,"profile_image_url_https":"https://si0.twimg.com/profile_images/1179328647/Geral_01_-_002_normal.jpg","profile_background_image_url":"http://abs.twimg.com/images/themes/theme2/bg.gif","listed_count":4,"default_profile_image":false,"favourites_count":0,"description":"journalist, periodista","created_at":"Thu Feb 19 03:05:51 +0000 2009","is_translator":false,"profile_background_image_url_https":"https://abs.twimg.com/images/themes/theme2/bg.gif","protected":false,"screen_name":"beleze","id_str":"21270445","profile_link_color":"1F98C7","geo_enabled":false,"id":21270445,"profile_background_color":"C6E2EE","lang":"pt","profile_sidebar_border_color":"C6E2EE","profile_text_color":"663B12","verified":false,"profile_image_url":"http://a0.twimg.com/profile_images/1179328647/Geral_01_-_002_normal.jpg","time_zone":"Brasilia","url":null,"contributors_enabled":false,"profile_background_tile":false,"follow_request_sent":null,"statuses_count":3536,"profile_use_background_image":true,"followers_count":94,"following":null,"default_profile":false,"name":"Fernando Beleze","profile_sidebar_fill_color":"DAECF4","location":"","notifications":null},"favorited":false}