{"in_reply_to_status_id_str":null,"in_reply_to_status_id":null,"possibly_sensitive":false,"coordinates":null,"truncated":false,"in_reply_to_user_id_str":"79184083","created_at":"Mon Oct 07 16:02:21 +0000 2013","source":"<a href=\"http://twitter.com/download/iphone\" rel=\"nofollow\">Twitter for iPhone<\/a>","retweet_count":0,"retweeted":false,"geo":null,"filter_level":"medium","in_reply_to_screen_name":"Bradesco","entities":{"urls":[],"hashtags":[{"indices":[102,107],"text":"fail"}],"media":[{"display_url":"pic.twitter.com/PB3ki66o7M","indices":[108,130],"sizes":{"small":{"w":340,"h":253,"resize":"fit"},"large":{"w":1024,"h":764,"resize":"fit"},"thumb":{"w":150,"h":150,"resize":"crop"},"medium":{"w":599,"h":447,"resize":"fit"}},"id_str":"387246526822899712","expanded_url":"http://twitter.com/recs/status/387246526923538432/photo/1","media_url_https":"https://pbs.twimg.com/media/BV_GqhfIYAA9mQN.jpg","id":387246526822899712,"type":"photo","media_url":"http://pbs.twimg.com/media/BV_GqhfIYAA9mQN.jpg","url":"http://t.co/PB3ki66o7M"}],"user_mentions":[{"indices":[0,9],"screen_name":"Bradesco","id_str":"79184083","name":"Banco Bradesco","id":79184083}],"symbols":[]},"id_str":"387246526923538432","in_reply_to_user_id":79184083,"favorite_count":0,"contributors":null,"text":"@Bradesco legal o auto atendimento da agencia na rua barao do triunfo! 3 terminais. Apenas 1 operando.#fail http://t.co/PB3ki66o7M","id":387246526923538432,"place":null,"lang":"pt","user":{"utc_offset":-7200,"friends_count":133,"profile_image_url_https":"https://si0.twimg.com/profile_images/1235549009/image_normal.jpg","profile_background_image_url":"http://a0.twimg.com/profile_background_images/560626484/three_ats_beletsky920.jpg","listed_count":0,"default_profile_image":false,"favourites_count":2,"description":"Paulistano, 28 anos, Publicitário. Troquei engarrafamento no carro pela aventura nos transportes públicos. Reclamando todo dia até melhorar, CPTM eÔnibus502j-10","created_at":"Mon Nov 05 14:07:39 +0000 2007","is_translator":false,"profile_background_image_url_https":"https://si0.twimg.com/profile_background_images/560626484/three_ats_beletsky920.jpg","protected":false,"screen_name":"recs","id_str":"9966142","profile_link_color":"0084B4","geo_enabled":true,"id":9966142,"profile_background_color":"C0DEED","lang":"en","profile_sidebar_border_color":"C0DEED","profile_text_color":"333333","verified":false,"profile_image_url":"http://a0.twimg.com/profile_images/1235549009/image_normal.jpg","time_zone":"Greenland","url":null,"contributors_enabled":false,"profile_background_tile":true,"follow_request_sent":null,"statuses_count":895,"profile_use_background_image":true,"followers_count":76,"following":null,"default_profile":false,"name":"Renato Santana","profile_sidebar_fill_color":"DDEEF6","location":"São Paulo","notifications":null},"favorited":false}