{"in_reply_to_status_id_str":"387287945956569088","in_reply_to_status_id":387287945956569088,"coordinates":null,"truncated":false,"in_reply_to_user_id_str":"179398386","created_at":"Mon Oct 07 18:47:31 +0000 2013","source":"<a href=\"http://itunes.apple.com/us/app/twitter/id409789998?mt=12\" rel=\"nofollow\">Twitter for Mac<\/a>","retweet_count":0,"retweeted":false,"geo":null,"filter_level":"medium","in_reply_to_screen_name":"itau","entities":{"urls":[],"hashtags":[],"user_mentions":[{"indices":[0,5],"screen_name":"itau","id_str":"179398386","name":"Itaú","id":179398386},{"indices":[21,30],"screen_name":"Bradesco","id_str":"79184083","name":"Banco Bradesco","id":79184083}],"symbols":[]},"id_str":"387288092421668864","in_reply_to_user_id":179398386,"favorite_count":0,"contributors":null,"text":"@itau rlx, já fui no @Bradesco","id":387288092421668864,"place":null,"lang":"pt","user":{"utc_offset":-10800,"friends_count":1003,"profile_image_url_https":"https://si0.twimg.com/profile_images/378800000018667013/aad26e7a7a6bbace700fdcb502cd8891_normal.jpeg","profile_background_image_url":"http://abs.twimg.com/images/themes/theme14/bg.gif","listed_count":87,"default_profile_image":false,"favourites_count":70,"description":"PLUR","created_at":"Fri Feb 15 20:53:14 +0000 2008","is_translator":false,"profile_background_image_url_https":"https://abs.twimg.com/images/themes/theme14/bg.gif","protected":false,"screen_name":"murilocardoso","id_str":"13530662","profile_link_color":"009999","geo_enabled":true,"id":13530662,"profile_background_color":"131516","lang":"pt","profile_sidebar_border_color":"000000","profile_text_color":"333333","verified":false,"profile_image_url":"http://a0.twimg.com/profile_images/378800000018667013/aad26e7a7a6bbace700fdcb502cd8891_normal.jpeg","time_zone":"Brasilia","url":"http://www.maiorlegal.com.br","contributors_enabled":false,"profile_banner_url":"https://pbs.twimg.com/profile_banners/13530662/1362944480","profile_background_tile":true,"follow_request_sent":null,"statuses_count":24761,"profile_use_background_image":true,"followers_count":25910,"following":null,"default_profile":false,"name":"Murilo Cardoso","profile_sidebar_fill_color":"EFEFEF","location":"São Paulo","notifications":null},"favorited":false}