{"in_reply_to_status_id_str":"387189370874109953","in_reply_to_status_id":387189370874109953,"coordinates":null,"truncated":false,"in_reply_to_user_id_str":"22504381","created_at":"Mon Oct 07 13:32:54 +0000 2013","source":"<a href=\"http://tapbots.com/tweetbot\" rel=\"nofollow\">Tweetbot for iOS<\/a>","retweet_count":0,"retweeted":false,"geo":null,"filter_level":"medium","in_reply_to_screen_name":"Darius_Dan","entities":{"urls":[],"hashtags":[],"user_mentions":[{"indices":[0,11],"screen_name":"Darius_Dan","id_str":"22504381","name":"Marcelo Lima Souza","id":22504381},{"indices":[12,17],"screen_name":"itau","id_str":"179398386","name":"Itaú","id":179398386},{"indices":[18,27],"screen_name":"Bradesco","id_str":"79184083","name":"Banco Bradesco","id":79184083}],"symbols":[]},"id_str":"387208918843547649","in_reply_to_user_id":22504381,"favorite_count":0,"contributors":null,"text":"@Darius_Dan @itau @Bradesco basta usar paypal. A galera vacila tambem","id":387208918843547649,"place":null,"lang":"pt","user":{"utc_offset":-10800,"friends_count":147,"profile_image_url_https":"https://si0.twimg.com/profile_images/2105713020/2011-07-28_07.51.08_capa_normal.jpg","profile_background_image_url":"http://a0.twimg.com/profile_background_images/378800000055484127/22afc4a1edd2c14827f948675131c650.jpeg","listed_count":4,"default_profile_image":false,"favourites_count":986,"description":"Amo minha Gianinni Azul-Calcinha. Canto Radiohead de olhos fechados. O melhor dançarino do mundo quando ninguém olha. E cheguei no fim de todos os Super Mario.","created_at":"Mon Aug 16 22:11:49 +0000 2010","is_translator":false,"profile_background_image_url_https":"https://si0.twimg.com/profile_background_images/378800000055484127/22afc4a1edd2c14827f948675131c650.jpeg","protected":false,"screen_name":"vinimzo","id_str":"179258037","profile_link_color":"2FC2EF","geo_enabled":false,"id":179258037,"profile_background_color":"1A1B1F","lang":"en","profile_sidebar_border_color":"FFFFFF","profile_text_color":"666666","verified":false,"profile_image_url":"http://a0.twimg.com/profile_images/2105713020/2011-07-28_07.51.08_capa_normal.jpg","time_zone":"Brasilia","url":null,"contributors_enabled":false,"profile_banner_url":"https://pbs.twimg.com/profile_banners/179258037/1353810468","profile_background_tile":false,"follow_request_sent":null,"statuses_count":17848,"profile_use_background_image":true,"followers_count":180,"following":null,"default_profile":false,"name":"Vinimzo","profile_sidebar_fill_color":"252429","location":"São Paulo - Brazil","notifications":null},"favorited":false}