{"in_reply_to_status_id_str":null,"in_reply_to_status_id":null,"coordinates":null,"truncated":false,"in_reply_to_user_id_str":"78317870","created_at":"Mon Oct 07 13:30:16 +0000 2013","source":"web","retweet_count":0,"retweeted":false,"geo":null,"filter_level":"medium","in_reply_to_screen_name":"AloBradesco","entities":{"urls":[],"hashtags":[{"indices":[15,29],"text":"LixoDeServiço"},{"indices":[30,39],"text":"Bradesco"}],"user_mentions":[{"indices":[0,12],"screen_name":"AloBradesco","id_str":"78317870","name":"Alô Bradesco","id":78317870},{"indices":[102,117],"screen_name":"fundacaoprocon","id_str":"59415892","name":"Fundação PROCON","id":59415892}],"symbols":[]},"id_str":"387208255937581057","in_reply_to_user_id":78317870,"favorite_count":0,"contributors":null,"text":"@AloBradesco O #LixoDeServiço #Bradesco continua liguei agora 10h28 mas todas posições ocupadas, e ai @fundacaoprocon","id":387208255937581057,"place":null,"lang":"pt","user":{"utc_offset":-10800,"friends_count":916,"profile_image_url_https":"https://si0.twimg.com/profile_images/2726471172/c94cb0167cb361747c653ae1c152b18e_normal.jpeg","profile_background_image_url":"http://a0.twimg.com/profile_background_images/551752748/Casa_da_Esta__o_Po__SP_.jpg","listed_count":11,"default_profile_image":false,"favourites_count":5,"description":"Adilson Santos - Fotógrafo\r\nadilson@anguloproducoes.com.br","created_at":"Sun Jun 28 20:03:05 +0000 2009","is_translator":false,"profile_background_image_url_https":"https://si0.twimg.com/profile_background_images/551752748/Casa_da_Esta__o_Po__SP_.jpg","protected":false,"screen_name":"adilsonsantosft","id_str":"51826681","profile_link_color":"038543","geo_enabled":true,"id":51826681,"profile_background_color":"ACDED6","lang":"pt","profile_sidebar_border_color":"FFFFFF","profile_text_color":"333333","verified":false,"profile_image_url":"http://a0.twimg.com/profile_images/2726471172/c94cb0167cb361747c653ae1c152b18e_normal.jpeg","time_zone":"Brasilia","url":"http://adilsonsantosfotografo.blogspot.com","contributors_enabled":false,"profile_banner_url":"https://pbs.twimg.com/profile_banners/51826681/1350415699","profile_background_tile":false,"follow_request_sent":null,"statuses_count":6852,"profile_use_background_image":false,"followers_count":555,"following":null,"default_profile":false,"name":"Adilson Santos ","profile_sidebar_fill_color":"F6F6F6","location":"Poá - SP - Brasil - Terra","notifications":null},"favorited":false}