{"in_reply_to_status_id_str":null,"in_reply_to_status_id":null,"coordinates":null,"truncated":false,"in_reply_to_user_id_str":"79184083","created_at":"Mon Oct 07 16:15:33 +0000 2013","source":"<a href=\"http://twitter.com/download/iphone\" rel=\"nofollow\">Twitter for iPhone<\/a>","retweet_count":0,"retweeted":false,"geo":null,"filter_level":"medium","in_reply_to_screen_name":"Bradesco","entities":{"urls":[],"hashtags":[],"user_mentions":[{"indices":[0,9],"screen_name":"Bradesco","id_str":"79184083","name":"Banco Bradesco","id":79184083},{"indices":[120,129],"screen_name":"Bradesco","id_str":"79184083","name":"Banco Bradesco","id":79184083}],"symbols":[]},"id_str":"387249848816504832","in_reply_to_user_id":79184083,"favorite_count":0,"contributors":null,"text":"@Bradesco e tambem o atendente do fone facil disse q o desbloqueio do cartão so na agencia e a mesma de greve, obrigado @Bradesco  :-(","id":387249848816504832,"place":null,"lang":"pt","user":{"utc_offset":-10800,"friends_count":260,"profile_image_url_https":"https://si0.twimg.com/profile_images/1404825799/image_normal.jpg","profile_background_image_url":"http://a0.twimg.com/profile_background_images/214702327/twilk_background_4d7640484b151.jpg","listed_count":0,"default_profile_image":false,"favourites_count":0,"description":null,"created_at":"Fri Apr 17 19:54:22 +0000 2009","is_translator":false,"profile_background_image_url_https":"https://si0.twimg.com/profile_background_images/214702327/twilk_background_4d7640484b151.jpg","protected":false,"screen_name":"paulodemetrio","id_str":"32543133","profile_link_color":"0084B4","geo_enabled":false,"id":32543133,"profile_background_color":"000000","lang":"pt","profile_sidebar_border_color":"000000","profile_text_color":"000000","verified":false,"profile_image_url":"http://a0.twimg.com/profile_images/1404825799/image_normal.jpg","time_zone":"Brasilia","url":null,"contributors_enabled":false,"profile_background_tile":true,"follow_request_sent":null,"statuses_count":137,"profile_use_background_image":true,"followers_count":58,"following":null,"default_profile":false,"name":"Paulo Demetrio","profile_sidebar_fill_color":"FFFFFF","location":"","notifications":null},"favorited":false}