{"in_reply_to_status_id_str":null,"in_reply_to_status_id":null,"coordinates":null,"truncated":false,"in_reply_to_user_id_str":null,"created_at":"Mon Oct 07 15:43:20 +0000 2013","source":"<a href=\"http://twitter.com/download/iphone\" rel=\"nofollow\">Twitter for iPhone<\/a>","retweet_count":0,"retweeted":false,"geo":null,"filter_level":"medium","in_reply_to_screen_name":null,"entities":{"urls":[],"hashtags":[{"indices":[0,6],"text":"pavor"},{"indices":[25,34],"text":"Bradesco"},{"indices":[78,86],"text":"cliemte"},{"indices":[87,92],"text":"gold"}],"user_mentions":[],"symbols":[]},"id_str":"387241740882964481","in_reply_to_user_id":null,"favorite_count":0,"contributors":null,"text":"#pavor do atendimento do #Bradesco agencia Largo do Riachuelo em Juiz de Fora #cliemte #gold","id":387241740882964481,"place":null,"lang":"pt","user":{"utc_offset":-10800,"friends_count":291,"profile_image_url_https":"https://si0.twimg.com/profile_images/378800000536732091/c1d5927d555797c3cbe3ea0786257a58_normal.png","profile_background_image_url":"http://a0.twimg.com/profile_background_images/378800000087029345/a51bfd0914a91b48288b8c0fddaec9d1.jpeg","listed_count":29,"default_profile_image":false,"favourites_count":18,"description":"DJ/  Publicitário/ Sound Designer  +55 32  8805-5373","created_at":"Mon Aug 23 15:36:09 +0000 2010","is_translator":false,"profile_background_image_url_https":"https://si0.twimg.com/profile_background_images/378800000087029345/a51bfd0914a91b48288b8c0fddaec9d1.jpeg","protected":false,"screen_name":"djmichelsouza","id_str":"181996329","profile_link_color":"133C8A","geo_enabled":true,"id":181996329,"profile_background_color":"131516","lang":"pt","profile_sidebar_border_color":"FFFFFF","profile_text_color":"333333","verified":false,"profile_image_url":"http://a0.twimg.com/profile_images/378800000536732091/c1d5927d555797c3cbe3ea0786257a58_normal.png","time_zone":"Brasilia","url":"http://www.djmichelsouza.com","contributors_enabled":false,"profile_banner_url":"https://pbs.twimg.com/profile_banners/181996329/1380777664","profile_background_tile":false,"follow_request_sent":null,"statuses_count":11787,"profile_use_background_image":true,"followers_count":668,"following":null,"default_profile":false,"name":"DJ Michel Souza","profile_sidebar_fill_color":"EFEFEF","location":"Brazil","notifications":null},"favorited":false}