{"in_reply_to_status_id_str":null,"in_reply_to_status_id":null,"coordinates":null,"truncated":false,"in_reply_to_user_id_str":"79184083","created_at":"Mon Oct 07 15:24:48 +0000 2013","source":"<a href=\"http://twitter.com/download/iphone\" rel=\"nofollow\">Twitter for iPhone<\/a>","retweet_count":0,"retweeted":false,"geo":null,"filter_level":"medium","in_reply_to_screen_name":"Bradesco","entities":{"urls":[],"hashtags":[],"user_mentions":[{"indices":[0,9],"screen_name":"Bradesco","id_str":"79184083","name":"Banco Bradesco","id":79184083}],"symbols":[]},"id_str":"387237079690018816","in_reply_to_user_id":79184083,"favorite_count":0,"contributors":null,"text":"@Bradesco Seguro auto Bradesco, se acha que funciona...perdeu mano! sinistro N 103201309300576 é só dor de cabeça!","id":387237079690018816,"place":null,"lang":"pt","user":{"utc_offset":-10800,"friends_count":73,"profile_image_url_https":"https://si0.twimg.com/profile_images/378800000232209843/6e4bbd8a70d12e775af4a4a3ce089ced_normal.jpeg","profile_background_image_url":"http://a0.twimg.com/profile_background_images/211331291/dellwall3.jpg","listed_count":0,"default_profile_image":false,"favourites_count":4,"description":null,"created_at":"Thu Apr 22 02:18:39 +0000 2010","is_translator":false,"profile_background_image_url_https":"https://si0.twimg.com/profile_background_images/211331291/dellwall3.jpg","protected":false,"screen_name":"laertmu","id_str":"135710893","profile_link_color":"395A66","geo_enabled":true,"id":135710893,"profile_background_color":"022330","lang":"pt","profile_sidebar_border_color":"A8C7F7","profile_text_color":"333333","verified":false,"profile_image_url":"http://a0.twimg.com/profile_images/378800000232209843/6e4bbd8a70d12e775af4a4a3ce089ced_normal.jpeg","time_zone":"Brasilia","url":"http://www.maisatividade.com.br","contributors_enabled":false,"profile_banner_url":"https://pbs.twimg.com/profile_banners/135710893/1377746847","profile_background_tile":false,"follow_request_sent":null,"statuses_count":855,"profile_use_background_image":true,"followers_count":35,"following":null,"default_profile":false,"name":"Laert  Ulrichsen","profile_sidebar_fill_color":"C0DFEC","location":"Recife PE Brazil","notifications":null},"favorited":false}