{"in_reply_to_status_id_str":"387204541554630656","in_reply_to_status_id":387204541554630656,"coordinates":null,"truncated":false,"in_reply_to_user_id_str":"78317870","created_at":"Mon Oct 07 16:33:04 +0000 2013","source":"web","retweet_count":0,"retweeted":false,"geo":null,"filter_level":"medium","in_reply_to_screen_name":"AloBradesco","entities":{"urls":[],"hashtags":[],"user_mentions":[{"indices":[0,12],"screen_name":"AloBradesco","id_str":"78317870","name":"Alô Bradesco","id":78317870}],"symbols":[]},"id_str":"387254257646202880","in_reply_to_user_id":78317870,"favorite_count":0,"contributors":null,"text":"@AloBradesco Tudo resolvido. Obrigada","id":387254257646202880,"place":null,"lang":"pt","user":{"utc_offset":-10800,"friends_count":623,"profile_image_url_https":"https://si0.twimg.com/profile_images/378800000199618564/5ee30c978b2e5833d8e46166395b8fca_normal.jpeg","profile_background_image_url":"http://a0.twimg.com/profile_background_images/378800000036982075/e3532e46faeab5c74f78f2a3f767b99a.jpeg","listed_count":15,"default_profile_image":false,"favourites_count":2913,"description":"BRASIL.Gestora em Marketing, tecnica em turismo, radialista e artesã. Graduada en Marketing, Turismo técnica, radialista y artesana.","created_at":"Wed Mar 25 12:17:04 +0000 2009","is_translator":false,"profile_background_image_url_https":"https://si0.twimg.com/profile_background_images/378800000036982075/e3532e46faeab5c74f78f2a3f767b99a.jpeg","protected":false,"screen_name":"kkcsolano","id_str":"26483319","profile_link_color":"F7D30A","geo_enabled":true,"id":26483319,"profile_background_color":"F7D30A","lang":"en","profile_sidebar_border_color":"FFFFFF","profile_text_color":"000000","verified":false,"profile_image_url":"http://a0.twimg.com/profile_images/378800000199618564/5ee30c978b2e5833d8e46166395b8fca_normal.jpeg","time_zone":"Santiago","url":"http://www.facebook.com/kkcsolano","contributors_enabled":false,"profile_banner_url":"https://pbs.twimg.com/profile_banners/26483319/1375101221","profile_background_tile":true,"follow_request_sent":null,"statuses_count":22253,"profile_use_background_image":true,"followers_count":637,"following":null,"default_profile":false,"name":"Caroline Campos","profile_sidebar_fill_color":"000000","location":"Belém- Pará- Amazônia","notifications":null},"favorited":false}