{"in_reply_to_status_id_str":null,"in_reply_to_status_id":null,"coordinates":null,"truncated":false,"in_reply_to_user_id_str":null,"created_at":"Mon Oct 07 18:34:59 +0000 2013","source":"<a href=\"http://twitter.com/download/iphone\" rel=\"nofollow\">Twitter for iPhone<\/a>","retweet_count":0,"retweeted":false,"geo":null,"filter_level":"medium","in_reply_to_screen_name":null,"entities":{"urls":[],"hashtags":[{"indices":[72,81],"text":"bradesco"}],"user_mentions":[],"symbols":[]},"id_str":"387284937935966208","in_reply_to_user_id":null,"favorite_count":0,"contributors":null,"text":"Todos no banco na mesma hora? E na mesma agencia?? Haha! Mardita greve! #bradesco","id":387284937935966208,"place":null,"lang":"pt","user":{"utc_offset":null,"friends_count":82,"profile_image_url_https":"https://si0.twimg.com/profile_images/2965662305/fc256c03d6d8a061dc9c8be29a32f833_normal.jpeg","profile_background_image_url":"http://a0.twimg.com/profile_background_images/152245446/palmeiras1.jpg","listed_count":1,"default_profile_image":false,"favourites_count":0,"description":"Jogadô e muito mais ke isso..haha #ousadiaealegria","created_at":"Mon May 24 17:07:05 +0000 2010","is_translator":false,"profile_background_image_url_https":"https://si0.twimg.com/profile_background_images/152245446/palmeiras1.jpg","protected":false,"screen_name":"hvezzani","id_str":"147635809","profile_link_color":"0084B4","geo_enabled":false,"id":147635809,"profile_background_color":"C0DEED","lang":"pt","profile_sidebar_border_color":"C0DEED","profile_text_color":"309926","verified":false,"profile_image_url":"http://a0.twimg.com/profile_images/2965662305/fc256c03d6d8a061dc9c8be29a32f833_normal.jpeg","time_zone":null,"url":null,"contributors_enabled":false,"profile_background_tile":true,"follow_request_sent":null,"statuses_count":1587,"profile_use_background_image":true,"followers_count":92,"following":null,"default_profile":false,"name":"Henrique V. Santos","profile_sidebar_fill_color":"DDEEF6","location":"","notifications":null},"favorited":false}