{"in_reply_to_status_id_str":"387294117778456577","in_reply_to_status_id":387294117778456577,"coordinates":null,"truncated":false,"in_reply_to_user_id_str":"78317870","created_at":"Mon Oct 07 19:15:02 +0000 2013","source":"<a href=\"http://www.hootsuite.com\" rel=\"nofollow\">HootSuite<\/a>","retweet_count":0,"retweeted":false,"geo":null,"filter_level":"medium","in_reply_to_screen_name":"AloBradesco","entities":{"urls":[],"hashtags":[],"user_mentions":[{"indices":[0,12],"screen_name":"AloBradesco","id_str":"78317870","name":"Alô Bradesco","id":78317870}],"symbols":[]},"id_str":"387295017360187392","in_reply_to_user_id":78317870,"favorite_count":0,"contributors":null,"text":"@AloBradesco Mas, pelo disse ele, o cartão já está habilitado.","id":387295017360187392,"place":null,"lang":"pt","user":{"utc_offset":-10800,"friends_count":396,"profile_image_url_https":"https://si0.twimg.com/profile_images/400314902/fernandarabaglio_normal.jpg","profile_background_image_url":"http://a0.twimg.com/profile_background_images/809830237/45d3e1d255162a7cedefe16f007ae77a.jpeg","listed_count":18,"default_profile_image":false,"favourites_count":57,"description":"Sócia da Agência @Das_Redes, apaixonada por design marketing experience e social media e como lazer sou blogueira no @CaliforniaEuVou","created_at":"Sat Sep 05 21:40:13 +0000 2009","is_translator":false,"profile_background_image_url_https":"https://si0.twimg.com/profile_background_images/809830237/45d3e1d255162a7cedefe16f007ae77a.jpeg","protected":false,"screen_name":"FeRabaglio","id_str":"71897807","profile_link_color":"A80A49","geo_enabled":false,"id":71897807,"profile_background_color":"E7E8E9","lang":"en","profile_sidebar_border_color":"FFFFFF","profile_text_color":"3D3D3D","verified":false,"profile_image_url":"http://a0.twimg.com/profile_images/400314902/fernandarabaglio_normal.jpg","time_zone":"Brasilia","url":"http://www.dasredes.com.br","contributors_enabled":false,"profile_banner_url":"https://pbs.twimg.com/profile_banners/71897807/1362795867","profile_background_tile":false,"follow_request_sent":null,"statuses_count":3887,"profile_use_background_image":true,"followers_count":433,"following":null,"default_profile":false,"name":"Fernanda Rabaglio","profile_sidebar_fill_color":"EDD3D4","location":"São Paulo","notifications":null},"favorited":false}