{"in_reply_to_status_id_str":null,"in_reply_to_status_id":null,"coordinates":{"coordinates":[-51.1903527,-30.0222932],"type":"Point"},"truncated":false,"in_reply_to_user_id_str":null,"created_at":"Mon Oct 07 18:00:10 +0000 2013","source":"<a href=\"http://twitter.com/download/android\" rel=\"nofollow\">Twitter for Android<\/a>","retweet_count":0,"retweeted":false,"geo":{"coordinates":[-30.0222932,-51.1903527],"type":"Point"},"filter_level":"medium","in_reply_to_screen_name":null,"entities":{"urls":[],"hashtags":[],"user_mentions":[{"indices":[16,25],"screen_name":"Bradesco","id_str":"79184083","name":"Banco Bradesco","id":79184083}],"symbols":[]},"id_str":"387276178316595201","in_reply_to_user_id":null,"favorite_count":0,"contributors":null,"text":"Que fiasco hein @Bradesco, pagando cheque visivelmente adulterado, s/ anotação da cc do depósito e ainda tratando a cliente como golpista!","id":387276178316595201,"place":{"country_code":"BR","country":"Brasil","full_name":"Porto Alegre, Rio Grande do Sul","bounding_box":{"coordinates":[[[-51.3061478,-30.2688069],[-51.3061478,-29.9306357],[-51.012471,-29.9306357],[-51.012471,-30.2688069]]],"type":"Polygon"},"place_type":"city","name":"Porto Alegre","attributes":{},"id":"894146230dd1d42d","url":"https://api.twitter.com/1.1/geo/id/894146230dd1d42d.json"},"lang":"pt","user":{"utc_offset":-10800,"friends_count":156,"profile_image_url_https":"https://si0.twimg.com/profile_images/2877835222/8aea1354492589c7ced3e66ccafe94ee_normal.jpeg","profile_background_image_url":"http://a0.twimg.com/profile_background_images/488678214/twitter.jpg","listed_count":5,"default_profile_image":false,"favourites_count":22,"description":"Não sou atriz/modelo/dançarina...mas tenho twitter!.","created_at":"Thu Jul 22 21:57:17 +0000 2010","is_translator":false,"profile_background_image_url_https":"https://si0.twimg.com/profile_background_images/488678214/twitter.jpg","protected":false,"screen_name":"paaolabrum","id_str":"169665677","profile_link_color":"2FC2EF","geo_enabled":true,"id":169665677,"profile_background_color":"1A1B1F","lang":"pt","profile_sidebar_border_color":"181A1E","profile_text_color":"666666","verified":false,"profile_image_url":"http://a0.twimg.com/profile_images/2877835222/8aea1354492589c7ced3e66ccafe94ee_normal.jpeg","time_zone":"Santiago","url":null,"contributors_enabled":false,"profile_banner_url":"https://pbs.twimg.com/profile_banners/169665677/1354555668","profile_background_tile":true,"follow_request_sent":null,"statuses_count":3409,"profile_use_background_image":true,"followers_count":175,"following":null,"default_profile":false,"name":"Paola Brum","profile_sidebar_fill_color":"252429","location":"Rio Grande do Sul","notifications":null},"favorited":false}