{"in_reply_to_status_id_str":null,"in_reply_to_status_id":null,"coordinates":null,"truncated":false,"in_reply_to_user_id_str":"78317870","created_at":"Mon Oct 07 16:10:30 +0000 2013","source":"web","retweet_count":0,"retweeted":false,"geo":null,"filter_level":"medium","in_reply_to_screen_name":"AloBradesco","entities":{"urls":[],"hashtags":[],"user_mentions":[{"indices":[0,12],"screen_name":"AloBradesco","id_str":"78317870","name":"Alô Bradesco","id":78317870}],"symbols":[]},"id_str":"387248577644204032","in_reply_to_user_id":78317870,"favorite_count":0,"contributors":null,"text":"@AloBradesco site tá de greve também? tá dificil...","id":387248577644204032,"place":null,"lang":"pt","user":{"utc_offset":-10800,"friends_count":142,"profile_image_url_https":"https://si0.twimg.com/profile_images/621059566/qrcodegen_image2.php_normal.png","profile_background_image_url":"http://abs.twimg.com/images/themes/theme1/bg.png","listed_count":1,"default_profile_image":false,"favourites_count":107,"description":null,"created_at":"Tue Jan 05 17:08:33 +0000 2010","is_translator":false,"profile_background_image_url_https":"https://abs.twimg.com/images/themes/theme1/bg.png","protected":false,"screen_name":"subbie_","id_str":"102110526","profile_link_color":"0084B4","geo_enabled":true,"id":102110526,"profile_background_color":"C0DEED","lang":"en","profile_sidebar_border_color":"C0DEED","profile_text_color":"333333","verified":false,"profile_image_url":"http://a0.twimg.com/profile_images/621059566/qrcodegen_image2.php_normal.png","time_zone":"Brasilia","url":null,"contributors_enabled":false,"profile_background_tile":false,"follow_request_sent":null,"statuses_count":2289,"profile_use_background_image":true,"followers_count":74,"following":null,"default_profile":true,"name":"Sub Zero","profile_sidebar_fill_color":"DDEEF6","location":"","notifications":null},"favorited":false}