{"in_reply_to_status_id_str":null,"in_reply_to_status_id":null,"coordinates":null,"truncated":false,"in_reply_to_user_id_str":null,"created_at":"Mon Oct 07 19:29:00 +0000 2013","source":"web","retweet_count":0,"retweeted":false,"geo":null,"filter_level":"medium","in_reply_to_screen_name":null,"entities":{"urls":[],"hashtags":[],"user_mentions":[{"indices":[129,138],"screen_name":"Bradesco","id_str":"79184083","name":"Banco Bradesco","id":79184083}],"symbols":[]},"id_str":"387298533813923840","in_reply_to_user_id":null,"favorite_count":0,"contributors":null,"text":"Tem que ter muita paciência com o cartão de crédito. 1 alteração de endereço vc é joga de 1 lado pra outro e ñ se resolve! Valeu @Bradesco!","id":387298533813923840,"place":null,"lang":"pt","user":{"utc_offset":-10800,"friends_count":100,"profile_image_url_https":"https://si0.twimg.com/profile_images/3660779151/6382c5e928d46f43e4975cc91cc2a30b_normal.jpeg","profile_background_image_url":"http://a0.twimg.com/profile_background_images/186608118/PONTOD_1.JPG","listed_count":3,"default_profile_image":false,"favourites_count":9,"description":"Amazonense, botafoguense, caprichoso, passional, crítico e apaixonado por aviação.","created_at":"Mon Jul 27 22:50:27 +0000 2009","is_translator":false,"profile_background_image_url_https":"https://si0.twimg.com/profile_background_images/186608118/PONTOD_1.JPG","protected":false,"screen_name":"vmls2013","id_str":"60735235","profile_link_color":"0099CC","geo_enabled":true,"id":60735235,"profile_background_color":"3A56E6","lang":"pt","profile_sidebar_border_color":"FFF8AD","profile_text_color":"8A878A","verified":false,"profile_image_url":"http://a0.twimg.com/profile_images/3660779151/6382c5e928d46f43e4975cc91cc2a30b_normal.jpeg","time_zone":"Atlantic Time (Canada)","url":null,"contributors_enabled":false,"profile_banner_url":"https://pbs.twimg.com/profile_banners/60735235/1368583005","profile_background_tile":true,"follow_request_sent":null,"statuses_count":8504,"profile_use_background_image":true,"followers_count":129,"following":null,"default_profile":false,"name":"Valdir Miguel","profile_sidebar_fill_color":"F6FFD1","location":"Porto Velho-Rondônia-Brasil","notifications":null},"favorited":false}