{"in_reply_to_status_id_str":null,"in_reply_to_status_id":null,"coordinates":null,"truncated":false,"in_reply_to_user_id_str":null,"created_at":"Mon Oct 07 14:53:09 +0000 2013","source":"<a href=\"http://twitter.com/download/android\" rel=\"nofollow\">Twitter for Android<\/a>","retweet_count":0,"retweeted":false,"geo":null,"filter_level":"medium","in_reply_to_screen_name":null,"entities":{"urls":[],"hashtags":[],"user_mentions":[{"indices":[47,56],"screen_name":"Bradesco","id_str":"79184083","name":"Banco Bradesco","id":79184083}],"symbols":[]},"id_str":"387229114442477568","in_reply_to_user_id":null,"favorite_count":0,"contributors":null,"text":"Tá faltando dinheiro nos caixas eletrônicos do @Bradesco...","id":387229114442477568,"place":null,"lang":"pt","user":{"utc_offset":-10800,"friends_count":900,"profile_image_url_https":"https://si0.twimg.com/profile_images/378800000408449562/ea9ce17349cc71283d04ea960539c90c_normal.jpeg","profile_background_image_url":"http://a0.twimg.com/profile_background_images/378800000066614767/6f4bc15311ba7e62be0362f3b3dfe03e.jpeg","listed_count":2,"default_profile_image":false,"favourites_count":148,"description":"Estudante de Administração, Colorado... Since 1978","created_at":"Fri Nov 20 06:33:19 +0000 2009","is_translator":false,"profile_background_image_url_https":"https://si0.twimg.com/profile_background_images/378800000066614767/6f4bc15311ba7e62be0362f3b3dfe03e.jpeg","protected":false,"screen_name":"rc_zang","id_str":"91285365","profile_link_color":"485C3A","geo_enabled":true,"id":91285365,"profile_background_color":"000000","lang":"pt","profile_sidebar_border_color":"FFFFFF","profile_text_color":"618238","verified":false,"profile_image_url":"http://a0.twimg.com/profile_images/378800000408449562/ea9ce17349cc71283d04ea960539c90c_normal.jpeg","time_zone":"Brasilia","url":null,"contributors_enabled":false,"profile_banner_url":"https://pbs.twimg.com/profile_banners/91285365/1375163808","profile_background_tile":true,"follow_request_sent":null,"statuses_count":43290,"profile_use_background_image":true,"followers_count":430,"following":null,"default_profile":false,"name":"Rudinei C. Zang","profile_sidebar_fill_color":"060A00","location":"Made in RS","notifications":null},"favorited":false}