{"in_reply_to_status_id_str":null,"in_reply_to_status_id":null,"coordinates":null,"truncated":false,"in_reply_to_user_id_str":null,"created_at":"Mon Oct 07 16:10:51 +0000 2013","source":"<a href=\"http://twitter.com/download/android\" rel=\"nofollow\">Twitter for Android<\/a>","retweet_count":0,"retweeted":false,"geo":null,"filter_level":"medium","in_reply_to_screen_name":null,"entities":{"urls":[],"hashtags":[{"indices":[11,20],"text":"bradesco"}],"user_mentions":[],"symbols":[]},"id_str":"387248665091657728","in_reply_to_user_id":null,"favorite_count":0,"contributors":null,"text":"Todo mês o #bradesco me toma uma baita grana em taxas. Numa situação de greve,  este banco não faz o mínimo para manter  dinheiro nos caixas","id":387248665091657728,"place":null,"lang":"pt","user":{"utc_offset":-10800,"friends_count":294,"profile_image_url_https":"https://si0.twimg.com/profile_images/378800000248196402/e42989a848457612c78fac98c54e1cbb_normal.jpeg","profile_background_image_url":"http://abs.twimg.com/images/themes/theme14/bg.gif","listed_count":13,"default_profile_image":false,"favourites_count":7,"description":"Rafael é jornalista de rádio e garboso, tem 27 anos, nasceu em Caldas - MG, mora em Campinas - SP.","created_at":"Thu Apr 23 22:10:09 +0000 2009","is_translator":false,"profile_background_image_url_https":"https://abs.twimg.com/images/themes/theme14/bg.gif","protected":false,"screen_name":"RafaelKael","id_str":"34747963","profile_link_color":"009999","geo_enabled":true,"id":34747963,"profile_background_color":"131516","lang":"en","profile_sidebar_border_color":"EEEEEE","profile_text_color":"333333","verified":false,"profile_image_url":"http://a0.twimg.com/profile_images/378800000248196402/e42989a848457612c78fac98c54e1cbb_normal.jpeg","time_zone":"Santiago","url":null,"contributors_enabled":false,"profile_banner_url":"https://pbs.twimg.com/profile_banners/34747963/1375757585","profile_background_tile":true,"follow_request_sent":null,"statuses_count":7760,"profile_use_background_image":true,"followers_count":357,"following":null,"default_profile":false,"name":"Rafael Melo","profile_sidebar_fill_color":"EFEFEF","location":"Campinas SP","notifications":null},"favorited":false}