{"in_reply_to_status_id_str":null,"in_reply_to_status_id":null,"coordinates":null,"truncated":false,"in_reply_to_user_id_str":null,"created_at":"Mon Oct 07 17:43:47 +0000 2013","source":"<a href=\"http://twitter.com/download/iphone\" rel=\"nofollow\">Twitter for iPhone<\/a>","retweet_count":0,"retweeted":false,"geo":null,"filter_level":"medium","in_reply_to_screen_name":null,"entities":{"urls":[],"hashtags":[],"user_mentions":[{"indices":[32,41],"screen_name":"Bradesco","id_str":"79184083","name":"Banco Bradesco","id":79184083}],"symbols":[]},"id_str":"387272052304248832","in_reply_to_user_id":null,"favorite_count":0,"contributors":null,"text":"Duas horas em uma fila de banco @Bradesco","id":387272052304248832,"place":null,"lang":"pt","user":{"utc_offset":-18000,"friends_count":122,"profile_image_url_https":"https://si0.twimg.com/profile_images/378800000280819810/d3bbbdce6925aa0adc3b2772ec0dedc8_normal.jpeg","profile_background_image_url":"http://abs.twimg.com/images/themes/theme14/bg.gif","listed_count":1,"default_profile_image":false,"favourites_count":1,"description":"Abençoado pelo meu brother J.C","created_at":"Sat Jun 20 18:50:42 +0000 2009","is_translator":false,"profile_background_image_url_https":"https://abs.twimg.com/images/themes/theme14/bg.gif","protected":false,"screen_name":"brunolevindo","id_str":"49081661","profile_link_color":"009999","geo_enabled":true,"id":49081661,"profile_background_color":"131516","lang":"pt","profile_sidebar_border_color":"EEEEEE","profile_text_color":"333333","verified":false,"profile_image_url":"http://a0.twimg.com/profile_images/378800000280819810/d3bbbdce6925aa0adc3b2772ec0dedc8_normal.jpeg","time_zone":"Quito","url":null,"contributors_enabled":false,"profile_background_tile":true,"follow_request_sent":null,"statuses_count":2572,"profile_use_background_image":true,"followers_count":78,"following":null,"default_profile":false,"name":"um feio qualquer","profile_sidebar_fill_color":"EFEFEF","location":"","notifications":null},"favorited":false}