{"in_reply_to_status_id_str":"387208633001717760","in_reply_to_status_id":387208633001717760,"coordinates":null,"truncated":false,"in_reply_to_user_id_str":"78317870","created_at":"Mon Oct 07 13:38:42 +0000 2013","source":"web","retweet_count":0,"retweeted":false,"geo":null,"filter_level":"medium","in_reply_to_screen_name":"AloBradesco","entities":{"urls":[],"hashtags":[],"user_mentions":[{"indices":[0,12],"screen_name":"AloBradesco","id_str":"78317870","name":"Alô Bradesco","id":78317870}],"symbols":[]},"id_str":"387210378062467072","in_reply_to_user_id":78317870,"favorite_count":0,"contributors":null,"text":"@AloBradesco Obrigada! Acabei de fazer isto e me disseram que está tudo normalizado por lá! Abraços :)","id":387210378062467072,"place":null,"lang":"pt","user":{"utc_offset":-10800,"friends_count":6589,"profile_image_url_https":"https://si0.twimg.com/profile_images/1094557749/vivoVerdeB_normal.jpg","profile_background_image_url":"http://a0.twimg.com/profile_background_images/378800000055852461/02ed506fbfc3598b87046b7c43e36d40.jpeg","listed_count":555,"default_profile_image":false,"favourites_count":2211,"description":"Sou TOP3 (2009); TOP2, TOP3 (2010); TOP1 (2012) no Topblog e Melhor Twitter no Green Nation Fest 2012. #VivaPositivamente Coca-Cola - contato@vivoverde.com.br","created_at":"Mon Nov 24 18:45:57 +0000 2008","is_translator":false,"profile_background_image_url_https":"https://si0.twimg.com/profile_background_images/378800000055852461/02ed506fbfc3598b87046b7c43e36d40.jpeg","protected":false,"screen_name":"VivoVerde","id_str":"17597900","profile_link_color":"008000","geo_enabled":true,"id":17597900,"profile_background_color":"FCFCFC","lang":"en","profile_sidebar_border_color":"FFFFFF","profile_text_color":"706A6A","verified":false,"profile_image_url":"http://a0.twimg.com/profile_images/1094557749/vivoVerdeB_normal.jpg","time_zone":"Brasilia","url":"http://vivoverde.com.br","contributors_enabled":false,"profile_banner_url":"https://pbs.twimg.com/profile_banners/17597900/1377019575","profile_background_tile":true,"follow_request_sent":null,"statuses_count":42463,"profile_use_background_image":true,"followers_count":13519,"following":null,"default_profile":false,"name":"Blog VivoVerde","profile_sidebar_fill_color":"FFFCFF","location":"Palmas, Brazil","notifications":null},"favorited":false}