{"in_reply_to_status_id_str":null,"in_reply_to_status_id":null,"coordinates":null,"truncated":false,"in_reply_to_user_id_str":null,"created_at":"Mon Oct 07 17:21:35 +0000 2013","source":"web","retweet_count":0,"retweeted":false,"geo":null,"filter_level":"medium","in_reply_to_screen_name":null,"entities":{"urls":[],"hashtags":[],"user_mentions":[{"indices":[24,33],"screen_name":"Bradesco","id_str":"79184083","name":"Banco Bradesco","id":79184083}],"symbols":[]},"id_str":"387266468519227392","in_reply_to_user_id":null,"favorite_count":0,"contributors":null,"text":"eu só queria saber se o @Bradesco está em greve... estou precisando da 2ª via do meu novo cartão de senhas (70) e até agora não chegou","id":387266468519227392,"place":null,"lang":"pt","user":{"utc_offset":-10800,"friends_count":12654,"profile_image_url_https":"https://si0.twimg.com/profile_images/378800000543929458/4e82a8cdbf807f9e20b7352bf0e21736_normal.jpeg","profile_background_image_url":"http://a0.twimg.com/profile_background_images/378800000089887831/fa600b3014b7c87e9f5b5024de1b9e90.jpeg","listed_count":955,"default_profile_image":false,"favourites_count":254,"description":"@itsellabitch_ ♥","created_at":"Wed Aug 19 14:17:25 +0000 2009","is_translator":false,"profile_background_image_url_https":"https://si0.twimg.com/profile_background_images/378800000089887831/fa600b3014b7c87e9f5b5024de1b9e90.jpeg","protected":false,"screen_name":"_henriquereis_","id_str":"67010873","profile_link_color":"E64E4E","geo_enabled":true,"id":67010873,"profile_background_color":"1F0206","lang":"en","profile_sidebar_border_color":"000000","profile_text_color":"000000","verified":false,"profile_image_url":"http://a0.twimg.com/profile_images/378800000543929458/4e82a8cdbf807f9e20b7352bf0e21736_normal.jpeg","time_zone":"Brasilia","url":null,"contributors_enabled":false,"profile_banner_url":"https://pbs.twimg.com/profile_banners/67010873/1380196090","profile_background_tile":true,"follow_request_sent":null,"statuses_count":150720,"profile_use_background_image":true,"followers_count":19683,"following":null,"default_profile":false,"name":"","profile_sidebar_fill_color":"DDEEF6","location":"","notifications":null},"favorited":false}