{"in_reply_to_status_id_str":null,"in_reply_to_status_id":null,"coordinates":null,"truncated":false,"in_reply_to_user_id_str":"79184083","created_at":"Mon Oct 07 14:35:23 +0000 2013","source":"<a href=\"http://twitter.com/download/android\" rel=\"nofollow\">Twitter for Android<\/a>","retweet_count":0,"retweeted":false,"geo":null,"filter_level":"medium","in_reply_to_screen_name":"Bradesco","entities":{"urls":[],"hashtags":[],"user_mentions":[{"indices":[0,9],"screen_name":"Bradesco","id_str":"79184083","name":"Banco Bradesco","id":79184083}],"symbols":[]},"id_str":"387224642722988033","in_reply_to_user_id":79184083,"favorite_count":0,"contributors":null,"text":"@bradesco bom dia! quanto tempo demora para ser confirmado um pagamento por titulo de cobrança realizado num caixa eletronico?","id":387224642722988033,"place":null,"lang":"pt","user":{"utc_offset":-10800,"friends_count":119,"profile_image_url_https":"https://si0.twimg.com/profile_images/378800000280267091/7840cb0cecfc335eae8a453f7f998c05_normal.jpeg","profile_background_image_url":"http://abs.twimg.com/images/themes/theme18/bg.gif","listed_count":1,"default_profile_image":false,"favourites_count":46,"description":"22, brasileiro com um pé no Japão e adorador de basquete","created_at":"Wed Sep 01 03:20:53 +0000 2010","is_translator":false,"profile_background_image_url_https":"https://abs.twimg.com/images/themes/theme18/bg.gif","protected":false,"screen_name":"ericyuuri","id_str":"185491706","profile_link_color":"043E85","geo_enabled":false,"id":185491706,"profile_background_color":"ACDED6","lang":"pt","profile_sidebar_border_color":"000000","profile_text_color":"000000","verified":false,"profile_image_url":"http://a0.twimg.com/profile_images/378800000280267091/7840cb0cecfc335eae8a453f7f998c05_normal.jpeg","time_zone":"Brasilia","url":null,"contributors_enabled":false,"profile_banner_url":"https://pbs.twimg.com/profile_banners/185491706/1376420781","profile_background_tile":false,"follow_request_sent":null,"statuses_count":7130,"profile_use_background_image":true,"followers_count":202,"following":null,"default_profile":false,"name":"Eric Soares","profile_sidebar_fill_color":"E3E2DE","location":"","notifications":null},"favorited":false}