{"in_reply_to_status_id_str":null,"in_reply_to_status_id":null,"possibly_sensitive":false,"coordinates":null,"truncated":false,"in_reply_to_user_id_str":null,"created_at":"Mon Oct 07 14:59:04 +0000 2013","source":"web","retweet_count":0,"retweeted":false,"geo":null,"filter_level":"medium","in_reply_to_screen_name":null,"entities":{"urls":[{"display_url":"folhasocial.com/2013/10/brades\u2026","indices":[66,88],"expanded_url":"http://www.folhasocial.com/2013/10/bradesco-cola-pedras-pontiagudas-para.html","url":"http://t.co/3is5JHqehv"}],"hashtags":[{"indices":[12,21],"text":"Bradesco"}],"user_mentions":[{"indices":[92,101],"screen_name":"Bradesco","id_str":"79184083","name":"Banco Bradesco","id":79184083}],"symbols":[]},"id_str":"387230601373184001","in_reply_to_user_id":null,"favorite_count":0,"contributors":null,"text":"\"Presença é #Bradesco\" desde que não seja a presença de mendigos: http://t.co/3is5JHqehv CC @Bradesco","id":387230601373184001,"place":null,"lang":"pt","user":{"utc_offset":-10800,"friends_count":72,"profile_image_url_https":"https://si0.twimg.com/profile_images/378800000468760705/9f7110bfcd3125a4ed37c7b919c0f4e8_normal.jpeg","profile_background_image_url":"http://a0.twimg.com/profile_background_images/337188077/coringa_fanart_03_thumb_3_.jpg","listed_count":3,"default_profile_image":false,"favourites_count":474,"description":"Ator, modelo, cantor. Ex- BBB e Subcelebridade instantânea. Aproveito o espaço para agradecer os patrocinadores: Deus, mãe, pai, irmãs e namorada. Obrigado!","created_at":"Mon Jul 13 05:55:33 +0000 2009","is_translator":false,"profile_background_image_url_https":"https://si0.twimg.com/profile_background_images/337188077/coringa_fanart_03_thumb_3_.jpg","protected":false,"screen_name":"AlbertiAmaral","id_str":"56301728","profile_link_color":"8B66F2","geo_enabled":true,"id":56301728,"profile_background_color":"8BBBF7","lang":"en","profile_sidebar_border_color":"076C91","profile_text_color":"010005","verified":false,"profile_image_url":"http://a0.twimg.com/profile_images/378800000468760705/9f7110bfcd3125a4ed37c7b919c0f4e8_normal.jpeg","time_zone":"Brasilia","url":"http://quaseinedito.wordpress.com/","contributors_enabled":false,"profile_banner_url":"https://pbs.twimg.com/profile_banners/56301728/1379294979","profile_background_tile":false,"follow_request_sent":null,"statuses_count":12567,"profile_use_background_image":true,"followers_count":141,"following":null,"default_profile":false,"name":"Badau","profile_sidebar_fill_color":"CCD3FF","location":"Macondo","notifications":null},"favorited":false}