{"in_reply_to_status_id_str":null,"in_reply_to_status_id":null,"coordinates":null,"truncated":false,"in_reply_to_user_id_str":null,"created_at":"Mon Oct 07 18:45:14 +0000 2013","source":"<a href=\"https://mobile.twitter.com\" rel=\"nofollow\">Mobile Web (M2)<\/a>","retweet_count":0,"retweeted":false,"geo":null,"filter_level":"medium","in_reply_to_screen_name":null,"entities":{"urls":[],"hashtags":[],"user_mentions":[{"indices":[37,51],"screen_name":"BancodoBrasil","id_str":"83723557","name":"Banco do Brasil","id":83723557},{"indices":[58,67],"screen_name":"Bradesco","id_str":"79184083","name":"Banco Bradesco","id":79184083}],"symbols":[]},"id_str":"387287518401822721","in_reply_to_user_id":null,"favorite_count":0,"contributors":null,"text":"Estou em dúvida entre abrir conta no @BancodoBrasil ou no @Bradesco. Vou ficar com quem furar a greve primeiro.","id":387287518401822721,"place":null,"lang":"pt","user":{"utc_offset":-10800,"friends_count":92,"profile_image_url_https":"https://si0.twimg.com/profile_images/378800000521740381/733a9579e5aa6f5ac12e848bc54caf91_normal.jpeg","profile_background_image_url":"http://a0.twimg.com/profile_background_images/689165084/ad8bdf73c0dd6c501fea2259873f9859.jpeg","listed_count":0,"default_profile_image":false,"favourites_count":114,"description":"God loves everybody, don't remind me.","created_at":"Fri Nov 04 17:09:34 +0000 2011","is_translator":false,"profile_background_image_url_https":"https://si0.twimg.com/profile_background_images/689165084/ad8bdf73c0dd6c501fea2259873f9859.jpeg","protected":false,"screen_name":"rulbao","id_str":"404961046","profile_link_color":"005E00","geo_enabled":true,"id":404961046,"profile_background_color":"000000","lang":"en","profile_sidebar_border_color":"000000","profile_text_color":"000000","verified":false,"profile_image_url":"http://a0.twimg.com/profile_images/378800000521740381/733a9579e5aa6f5ac12e848bc54caf91_normal.jpeg","time_zone":"Brasilia","url":"http://instagram.com/rulbao","contributors_enabled":false,"profile_background_tile":false,"follow_request_sent":null,"statuses_count":2276,"profile_use_background_image":false,"followers_count":63,"following":null,"default_profile":false,"name":"Rubens Guilherme","profile_sidebar_fill_color":"FFFFFF","location":"São Gonçalo do Sapucaí, Brasil","notifications":null},"favorited":false}