{"in_reply_to_status_id_str":null,"in_reply_to_status_id":null,"coordinates":null,"truncated":false,"in_reply_to_user_id_str":"79184083","created_at":"Mon Oct 07 14:23:36 +0000 2013","source":"<a href=\"http://twitter.com/download/android\" rel=\"nofollow\">Twitter for Android<\/a>","retweet_count":0,"retweeted":false,"geo":null,"filter_level":"medium","in_reply_to_screen_name":"Bradesco","entities":{"urls":[],"hashtags":[],"user_mentions":[{"indices":[0,9],"screen_name":"Bradesco","id_str":"79184083","name":"Banco Bradesco","id":79184083}],"symbols":[]},"id_str":"387221676972593152","in_reply_to_user_id":79184083,"favorite_count":0,"contributors":null,"text":"@Bradesco o pior banco e o pior atendimento do Brasil, imagino se não fosse privado","id":387221676972593152,"place":null,"lang":"pt","user":{"utc_offset":-10800,"friends_count":1095,"profile_image_url_https":"https://si0.twimg.com/profile_images/3416614110/3f17606f9951d331088d8ce4551cf0a4_normal.jpeg","profile_background_image_url":"http://a0.twimg.com/profile_background_images/43925315/OgAAAAVl_gSvqZsHu4cPrqzwi3zH2XQWPvGJ1YUUW5o7eI8Vfc4AD7gsrWqHhs4vSD7F_uuBPAE_LthYg6SdAOK_WsYAm1T1UAFrdNC1va8HUbMEWWKZVfvG8JXf.jpg","listed_count":9,"default_profile_image":false,"favourites_count":30,"description":"Estudande do Curso de Direito na FAP-CE, torcedor doente do VASCO, não bebo, não gosto de festas e as vezes minto!!","created_at":"Wed Sep 16 21:42:44 +0000 2009","is_translator":false,"profile_background_image_url_https":"https://si0.twimg.com/profile_background_images/43925315/OgAAAAVl_gSvqZsHu4cPrqzwi3zH2XQWPvGJ1YUUW5o7eI8Vfc4AD7gsrWqHhs4vSD7F_uuBPAE_LthYg6SdAOK_WsYAm1T1UAFrdNC1va8HUbMEWWKZVfvG8JXf.jpg","protected":false,"screen_name":"YuriKaus","id_str":"74846392","profile_link_color":"08661B","geo_enabled":true,"id":74846392,"profile_background_color":"131516","lang":"pt","profile_sidebar_border_color":"EEEEEE","profile_text_color":"333333","verified":false,"profile_image_url":"http://a0.twimg.com/profile_images/3416614110/3f17606f9951d331088d8ce4551cf0a4_normal.jpeg","time_zone":"Brasilia","url":"http://www.facebook.com/yurikausfp","contributors_enabled":false,"profile_banner_url":"https://pbs.twimg.com/profile_banners/74846392/1364009277","profile_background_tile":true,"follow_request_sent":null,"statuses_count":16325,"profile_use_background_image":true,"followers_count":577,"following":null,"default_profile":false,"name":"Yuri Ferreira ","profile_sidebar_fill_color":"EFEFEF","location":"Juazeiro do Norte - CE","notifications":null},"favorited":false}