{"in_reply_to_status_id_str":null,"in_reply_to_status_id":null,"coordinates":null,"truncated":false,"in_reply_to_user_id_str":null,"created_at":"Tue Oct 08 00:19:30 +0000 2013","source":"web","retweet_count":0,"retweeted":false,"geo":null,"filter_level":"medium","in_reply_to_screen_name":null,"entities":{"urls":[],"hashtags":[],"user_mentions":[{"indices":[8,17],"screen_name":"Bradesco","id_str":"79184083","name":"Banco Bradesco","id":79184083}],"symbols":[]},"id_str":"387371640033533952","in_reply_to_user_id":null,"favorite_count":0,"contributors":null,"text":"Querido @Bradesco, vou fechar minha conta se vocês continuarem com essa propaganda estúpida em que as pessoas \"não pedem\" as coisas","id":387371640033533952,"place":null,"lang":"pt","user":{"utc_offset":-10800,"friends_count":99,"profile_image_url_https":"https://si0.twimg.com/profile_images/1047709920/bc46b4e0-fad3-411b-8f66-522c583995be_normal.jpg","profile_background_image_url":"http://a0.twimg.com/profile_background_images/17561187/cervpraia2.jpg","listed_count":9,"default_profile_image":false,"favourites_count":155,"description":"Eu sou apenas um rapaz latino-americano seguido por mais de 50 mil mano","created_at":"Tue Apr 07 04:40:45 +0000 2009","is_translator":false,"profile_background_image_url_https":"https://si0.twimg.com/profile_background_images/17561187/cervpraia2.jpg","protected":false,"screen_name":"rafaelzanatto","id_str":"29385074","profile_link_color":"1F357F","geo_enabled":false,"id":29385074,"profile_background_color":"9AE4E8","lang":"en","profile_sidebar_border_color":"FFFFFF","profile_text_color":"1F1F1F","verified":false,"profile_image_url":"http://a0.twimg.com/profile_images/1047709920/bc46b4e0-fad3-411b-8f66-522c583995be_normal.jpg","time_zone":"Brasilia","url":"http://rafaelzanatto.wordpress.com/","contributors_enabled":false,"profile_banner_url":"https://pbs.twimg.com/profile_banners/29385074/1350618295","profile_background_tile":true,"follow_request_sent":null,"statuses_count":39238,"profile_use_background_image":true,"followers_count":373,"following":null,"default_profile":false,"name":"Rafael Zanatto","profile_sidebar_fill_color":"FFF46B","location":"São Paulo, Brasil","notifications":null},"favorited":false}