{"in_reply_to_status_id_str":null,"in_reply_to_status_id":null,"coordinates":null,"truncated":false,"in_reply_to_user_id_str":null,"created_at":"Mon Oct 07 22:23:19 +0000 2013","source":"web","retweet_count":0,"retweeted":false,"geo":null,"filter_level":"medium","in_reply_to_screen_name":null,"entities":{"urls":[],"hashtags":[],"user_mentions":[{"indices":[2,11],"screen_name":"Bradesco","id_str":"79184083","name":"Banco Bradesco","id":79184083},{"indices":[80,92],"screen_name":"AloBradesco","id_str":"78317870","name":"Alô Bradesco","id":78317870}],"symbols":[]},"id_str":"387342399199928320","in_reply_to_user_id":null,"favorite_count":0,"contributors":null,"text":"O @Bradesco é tão bom q me coloca DOIS cartões de crédito na minha CC, ligo pro @AloBradesco e dizem q tenho q ir na Agência pra cancelar...","id":387342399199928320,"place":null,"lang":"pt","user":{"utc_offset":-10800,"friends_count":191,"profile_image_url_https":"https://si0.twimg.com/profile_images/1205027560/Untitled-1_normal.jpg","profile_background_image_url":"http://abs.twimg.com/images/themes/theme6/bg.gif","listed_count":3,"default_profile_image":false,"favourites_count":9,"description":"Colaborador do Bobagento, produtor da rádio Transamérica e autor de videos nas horas vagas","created_at":"Tue May 12 04:25:19 +0000 2009","is_translator":false,"profile_background_image_url_https":"https://abs.twimg.com/images/themes/theme6/bg.gif","protected":false,"screen_name":"renecavalera","id_str":"39433085","profile_link_color":"71C0C7","geo_enabled":true,"id":39433085,"profile_background_color":"709397","lang":"pt","profile_sidebar_border_color":"FFFFFF","profile_text_color":"FFFFFF","verified":false,"profile_image_url":"http://a0.twimg.com/profile_images/1205027560/Untitled-1_normal.jpg","time_zone":"Brasilia","url":"http://www.bobagento.com","contributors_enabled":false,"profile_background_tile":false,"follow_request_sent":null,"statuses_count":5729,"profile_use_background_image":true,"followers_count":593,"following":null,"default_profile":false,"name":"Renê Cavalera","profile_sidebar_fill_color":"000000","location":"São Paulo","notifications":null},"favorited":false}