{"in_reply_to_status_id_str":"387315496120754176","in_reply_to_status_id":387315496120754176,"coordinates":null,"truncated":false,"in_reply_to_user_id_str":"179398386","created_at":"Mon Oct 07 20:37:33 +0000 2013","source":"web","retweet_count":0,"retweeted":false,"geo":null,"filter_level":"medium","in_reply_to_screen_name":"itau","entities":{"urls":[],"hashtags":[],"user_mentions":[{"indices":[0,5],"screen_name":"itau","id_str":"179398386","name":"Itaú","id":179398386},{"indices":[31,40],"screen_name":"Bradesco","id_str":"79184083","name":"Banco Bradesco","id":79184083}],"symbols":[]},"id_str":"387315784592023553","in_reply_to_user_id":179398386,"favorite_count":0,"contributors":null,"text":"@itau Obrigado fez um conta no @Bradesco e eles exigem uma renda minima de 1200 reais para um universitário fazer um cartão internacional.","id":387315784592023553,"place":null,"lang":"pt","user":{"utc_offset":-10800,"friends_count":453,"profile_image_url_https":"https://si0.twimg.com/profile_images/378800000426896753/c05f6f0ed0bf894251fb4faef57a11a1_normal.jpeg","profile_background_image_url":"http://a0.twimg.com/profile_background_images/378800000069323665/cf2950cc7698e5630f3c52a6b46bd7eb.jpeg","listed_count":77,"default_profile_image":false,"favourites_count":139,"description":"Repórter do portal @Ligacaoteen | Cursando Publicidade na @UNIFACS |MÍdias Sociais e Promocional da @transamericaba | yago.assessoria@gnail.com","created_at":"Thu Nov 05 22:02:42 +0000 2009","is_translator":false,"profile_background_image_url_https":"https://si0.twimg.com/profile_background_images/378800000069323665/cf2950cc7698e5630f3c52a6b46bd7eb.jpeg","protected":false,"screen_name":"YagoMMatheus","id_str":"87795286","profile_link_color":"009999","geo_enabled":true,"id":87795286,"profile_background_color":"131516","lang":"pt","profile_sidebar_border_color":"FFFFFF","profile_text_color":"333333","verified":false,"profile_image_url":"http://a0.twimg.com/profile_images/378800000426896753/c05f6f0ed0bf894251fb4faef57a11a1_normal.jpeg","time_zone":"Brasilia","url":"http://www.wix.com/yagomsa/yagomatheus","contributors_enabled":false,"profile_banner_url":"https://pbs.twimg.com/profile_banners/87795286/1365290254","profile_background_tile":true,"follow_request_sent":null,"statuses_count":17808,"profile_use_background_image":true,"followers_count":4045,"following":null,"default_profile":false,"name":"Yago Matheus","profile_sidebar_fill_color":"EFEFEF","location":"Brazil","notifications":null},"favorited":false}