{"in_reply_to_status_id_str":null,"in_reply_to_status_id":null,"coordinates":null,"truncated":false,"in_reply_to_user_id_str":null,"created_at":"Mon Oct 07 21:05:06 +0000 2013","source":"<a href=\"http://twitter.com/download/android\" rel=\"nofollow\">Twitter for Android<\/a>","retweet_count":0,"retweeted":false,"geo":null,"filter_level":"medium","in_reply_to_screen_name":null,"entities":{"urls":[],"hashtags":[],"user_mentions":[{"indices":[63,75],"screen_name":"smk_barbosa","id_str":"14354850","name":"Samuel Barbosa","id":14354850},{"indices":[77,90],"screen_name":"danielcanoli","id_str":"160901473","name":"Daniel Canoli","id":160901473},{"indices":[91,100],"screen_name":"Bradesco","id_str":"79184083","name":"Banco Bradesco","id":79184083},{"indices":[101,113],"screen_name":"AloBradesco","id_str":"78317870","name":"Alô Bradesco","id":78317870}],"symbols":[]},"id_str":"387322718255079424","in_reply_to_user_id":null,"favorite_count":0,"contributors":null,"text":"Então...  Infelizmente tenho vínculo lá.. A daya na realidade \"@smk_barbosa: @danielcanoli @bradesco @AloBradesco pq vc ainda tem conta lá?\"","id":387322718255079424,"place":null,"lang":"pt","user":{"utc_offset":null,"friends_count":304,"profile_image_url_https":"https://si0.twimg.com/profile_images/1221447944/xDSC07885_normal.jpg","profile_background_image_url":"http://a0.twimg.com/profile_background_images/393917590/scrum_grande.jpg","listed_count":6,"default_profile_image":false,"favourites_count":0,"description":null,"created_at":"Tue Jun 29 12:25:48 +0000 2010","is_translator":false,"profile_background_image_url_https":"https://si0.twimg.com/profile_background_images/393917590/scrum_grande.jpg","protected":false,"screen_name":"danielcanoli","id_str":"160901473","profile_link_color":"0084B4","geo_enabled":false,"id":160901473,"profile_background_color":"C0DEED","lang":"en","profile_sidebar_border_color":"C0DEED","profile_text_color":"333333","verified":false,"profile_image_url":"http://a0.twimg.com/profile_images/1221447944/xDSC07885_normal.jpg","time_zone":null,"url":"http://palmasrugbyclube.com.br","contributors_enabled":false,"profile_background_tile":false,"follow_request_sent":null,"statuses_count":3165,"profile_use_background_image":true,"followers_count":210,"following":null,"default_profile":false,"name":"Daniel Canoli","profile_sidebar_fill_color":"DDEEF6","location":"","notifications":null},"favorited":false}