{"in_reply_to_status_id_str":"387324446408994816","in_reply_to_status_id":387324446408994816,"coordinates":null,"truncated":false,"in_reply_to_user_id_str":"78317870","created_at":"Mon Oct 07 21:12:47 +0000 2013","source":"<a href=\"http://twitter.com/download/iphone\" rel=\"nofollow\">Twitter for iPhone<\/a>","retweet_count":0,"retweeted":false,"geo":null,"filter_level":"medium","in_reply_to_screen_name":"AloBradesco","entities":{"urls":[],"hashtags":[],"user_mentions":[{"indices":[0,12],"screen_name":"AloBradesco","id_str":"78317870","name":"Alô Bradesco","id":78317870}],"symbols":[]},"id_str":"387324651082612736","in_reply_to_user_id":78317870,"favorite_count":0,"contributors":null,"text":"@AloBradesco Assim farei. Obrigado pela atenção!","id":387324651082612736,"place":null,"lang":"pt","user":{"utc_offset":-10800,"friends_count":255,"profile_image_url_https":"https://si0.twimg.com/profile_images/1194840827/navio_normal.jpg","profile_background_image_url":"http://a0.twimg.com/profile_background_images/183536068/ivortex.jpeg","listed_count":5,"default_profile_image":false,"favourites_count":135,"description":"Advogado. Apaixonado pelos aspectos trabalhistas do Direito Desportivo.","created_at":"Mon Dec 20 13:52:50 +0000 2010","is_translator":false,"profile_background_image_url_https":"https://si0.twimg.com/profile_background_images/183536068/ivortex.jpeg","protected":false,"screen_name":"brollio","id_str":"228719481","profile_link_color":"0084B4","geo_enabled":true,"id":228719481,"profile_background_color":"C0DEED","lang":"pt","profile_sidebar_border_color":"C0DEED","profile_text_color":"333333","verified":false,"profile_image_url":"http://a0.twimg.com/profile_images/1194840827/navio_normal.jpg","time_zone":"Brasilia","url":null,"contributors_enabled":false,"profile_background_tile":false,"follow_request_sent":null,"statuses_count":16176,"profile_use_background_image":true,"followers_count":183,"following":null,"default_profile":false,"name":"Bráulio Assis","profile_sidebar_fill_color":"DDEEF6","location":"BH","notifications":null},"favorited":false}