{"in_reply_to_status_id_str":null,"in_reply_to_status_id":null,"coordinates":null,"truncated":false,"in_reply_to_user_id_str":null,"created_at":"Mon Oct 07 22:58:32 +0000 2013","source":"web","retweet_count":0,"retweeted":false,"geo":null,"filter_level":"medium","in_reply_to_screen_name":null,"entities":{"urls":[],"hashtags":[],"user_mentions":[{"indices":[11,24],"screen_name":"renecavalera","id_str":"39433085","name":"Renê Cavalera","id":39433085},{"indices":[41,53],"screen_name":"AloBradesco","id_str":"78317870","name":"Alô Bradesco","id":78317870}],"symbols":[]},"id_str":"387351264826126336","in_reply_to_user_id":null,"favorite_count":0,"contributors":null,"text":"Xupa Renê//@renecavalera  O cara do fone @aloBradesco disse q eles mandam cartões msmo e vc TEM Q PAGAR e recusou a passar protocolo disso.","id":387351264826126336,"place":null,"lang":"pt","user":{"utc_offset":null,"friends_count":78,"profile_image_url_https":"https://si0.twimg.com/profile_images/378800000386436182/0dadaa1ccd628f4b89bda5bb5c1a4cc6_normal.jpeg","profile_background_image_url":"http://abs.twimg.com/images/themes/theme1/bg.png","listed_count":216,"default_profile_image":false,"favourites_count":1,"description":null,"created_at":"Wed Jul 22 19:16:20 +0000 2009","is_translator":false,"profile_background_image_url_https":"https://abs.twimg.com/images/themes/theme1/bg.png","protected":false,"screen_name":"gaviaoobao","id_str":"59218578","profile_link_color":"0084B4","geo_enabled":false,"id":59218578,"profile_background_color":"9AE4E8","lang":"en","profile_sidebar_border_color":"BDDCAD","profile_text_color":"333333","verified":false,"profile_image_url":"http://a0.twimg.com/profile_images/378800000386436182/0dadaa1ccd628f4b89bda5bb5c1a4cc6_normal.jpeg","time_zone":null,"url":null,"contributors_enabled":false,"profile_banner_url":"https://pbs.twimg.com/profile_banners/59218578/1375483282","profile_background_tile":false,"follow_request_sent":null,"statuses_count":2003,"profile_use_background_image":true,"followers_count":18828,"following":null,"default_profile":false,"name":"Gavião o Bão","profile_sidebar_fill_color":"DDFFCC","location":"","notifications":null},"favorited":false}