{"in_reply_to_status_id_str":null,"in_reply_to_status_id":null,"coordinates":null,"truncated":false,"in_reply_to_user_id_str":null,"created_at":"Tue Oct 08 00:29:56 +0000 2013","source":"<a href=\"https://chrome.google.com/extensions/detail/encaiiljifbdbjlphpgpiimidegddhic\" rel=\"nofollow\">Silver Bird<\/a>","retweet_count":0,"retweeted":false,"geo":null,"filter_level":"medium","in_reply_to_screen_name":null,"entities":{"urls":[],"hashtags":[{"indices":[0,6],"text":"Banco"},{"indices":[18,24],"text":"caixa"},{"indices":[26,35],"text":"Bradesco"}],"user_mentions":[],"symbols":[]},"id_str":"387374263134859264","in_reply_to_user_id":null,"favorite_count":0,"contributors":null,"text":"#Banco do Brasil, #caixa, #Bradesco Uma pouca vergonha com a população Mossoroense, sem dinheiro nos terminais eletrônicos, sem envelopes","id":387374263134859264,"place":null,"lang":"pt","user":{"utc_offset":-10800,"friends_count":172,"profile_image_url_https":"https://si0.twimg.com/profile_images/378800000265196332/384377ad87f0cb4a95b92413a7deb98c_normal.png","profile_background_image_url":"http://a0.twimg.com/profile_background_images/378800000043749613/4885e5ee1bc25b60f3a79620f90fb394.jpeg","listed_count":0,"default_profile_image":false,"favourites_count":1,"description":"Trabalha na Agrícola Famosa como Técnico em Manutenção de Hardware, gosta de ler, escrever, música - Membro da Pascom da Igreja Nossa Senhora de Fátima","created_at":"Tue Aug 31 00:37:14 +0000 2010","is_translator":false,"profile_background_image_url_https":"https://si0.twimg.com/profile_background_images/378800000043749613/4885e5ee1bc25b60f3a79620f90fb394.jpeg","protected":false,"screen_name":"doriandebson","id_str":"185002440","profile_link_color":"1F98C7","geo_enabled":true,"id":185002440,"profile_background_color":"C6E2EE","lang":"pt","profile_sidebar_border_color":"FFFFFF","profile_text_color":"666666","verified":false,"profile_image_url":"http://a0.twimg.com/profile_images/378800000265196332/384377ad87f0cb4a95b92413a7deb98c_normal.png","time_zone":"Brasilia","url":null,"contributors_enabled":false,"profile_banner_url":"https://pbs.twimg.com/profile_banners/185002440/1375578662","profile_background_tile":true,"follow_request_sent":null,"statuses_count":110,"profile_use_background_image":true,"followers_count":44,"following":null,"default_profile":false,"name":"Doriandebson França","profile_sidebar_fill_color":"252429","location":"Brasil - Mossoró","notifications":null},"favorited":false}