{"in_reply_to_status_id_str":null,"in_reply_to_status_id":null,"coordinates":null,"truncated":false,"in_reply_to_user_id_str":null,"created_at":"Mon Oct 07 21:35:21 +0000 2013","source":"web","retweet_count":0,"retweeted":false,"geo":null,"filter_level":"medium","in_reply_to_screen_name":null,"entities":{"urls":[],"hashtags":[{"indices":[92,103],"text":"proinferno"}],"user_mentions":[{"indices":[11,20],"screen_name":"Bradesco","id_str":"79184083","name":"Banco Bradesco","id":79184083}],"symbols":[]},"id_str":"387330330362785792","in_reply_to_user_id":null,"favorite_count":0,"contributors":null,"text":"Pessoal do @bradesco está de parabéns. Nem quando quero pagar minha dívida eles me atendem. #proinferno","id":387330330362785792,"place":null,"lang":"pt","user":{"utc_offset":-10800,"friends_count":73,"profile_image_url_https":"https://si0.twimg.com/profile_images/378800000539800997/c494cc4f4a2867d0cf02f97e5afbdbb7_normal.jpeg","profile_background_image_url":"http://a0.twimg.com/profile_background_images/166530280/aurora-boreal2.jpg","listed_count":0,"default_profile_image":false,"favourites_count":0,"description":"I`m livin` on a stranger time, feelin` the things passing throuhg my body and soul...","created_at":"Wed Sep 02 02:30:18 +0000 2009","is_translator":false,"profile_background_image_url_https":"https://si0.twimg.com/profile_background_images/166530280/aurora-boreal2.jpg","protected":false,"screen_name":"drs_machado","id_str":"70859558","profile_link_color":"2FC2EF","geo_enabled":true,"id":70859558,"profile_background_color":"1A1B1F","lang":"pt","profile_sidebar_border_color":"181A1E","profile_text_color":"666666","verified":false,"profile_image_url":"http://a0.twimg.com/profile_images/378800000539800997/c494cc4f4a2867d0cf02f97e5afbdbb7_normal.jpeg","time_zone":"Brasilia","url":null,"contributors_enabled":false,"profile_background_tile":false,"follow_request_sent":null,"statuses_count":340,"profile_use_background_image":false,"followers_count":27,"following":null,"default_profile":false,"name":"Darlan Machado","profile_sidebar_fill_color":"252429","location":"Curitiba","notifications":null},"favorited":false}