{"in_reply_to_status_id_str":null,"in_reply_to_status_id":null,"possibly_sensitive":false,"coordinates":null,"truncated":false,"in_reply_to_user_id_str":null,"created_at":"Mon Oct 07 22:24:51 +0000 2013","source":"web","retweet_count":0,"retweeted":false,"geo":null,"filter_level":"medium","in_reply_to_screen_name":null,"entities":{"urls":[],"hashtags":[{"indices":[86,95],"text":"bradesco"}],"media":[{"display_url":"pic.twitter.com/gmxGb3vbud","indices":[96,118],"sizes":{"small":{"w":340,"h":255,"resize":"fit"},"large":{"w":1024,"h":768,"resize":"fit"},"thumb":{"w":150,"h":150,"resize":"crop"},"medium":{"w":600,"h":450,"resize":"fit"}},"id_str":"387342785105235968","expanded_url":"http://twitter.com/BuracodeStAndre/status/387342785096847361/photo/1","media_url_https":"https://pbs.twimg.com/media/BWAeNfiCEAAA5lG.jpg","id":387342785105235968,"type":"photo","media_url":"http://pbs.twimg.com/media/BWAeNfiCEAAA5lG.jpg","url":"http://t.co/gmxGb3vbud"}],"user_mentions":[],"symbols":[]},"id_str":"387342785096847361","in_reply_to_user_id":null,"favorite_count":0,"contributors":null,"text":"Local: Rua Americo Guazelli, data 07/10/13 horario 17:20h .. Ponto de Taxi ao lado do #bradesco http://t.co/gmxGb3vbud","id":387342785096847361,"place":null,"lang":"pt","user":{"utc_offset":-10800,"friends_count":443,"profile_image_url_https":"https://si0.twimg.com/profile_images/1311817897/084_normal.jpg","profile_background_image_url":"http://abs.twimg.com/images/themes/theme1/bg.png","listed_count":1,"default_profile_image":false,"favourites_count":0,"description":"A Cidade do Futuro esta preparadíssima para te MULTAR, colocar RADARES por todo lado e AUMENTAR AS TARIFAS de onibus. Mas a cidade é UM LIXO...","created_at":"Thu Apr 14 22:43:41 +0000 2011","is_translator":false,"profile_background_image_url_https":"https://abs.twimg.com/images/themes/theme1/bg.png","protected":false,"screen_name":"BuracodeStAndre","id_str":"282285381","profile_link_color":"0084B4","geo_enabled":true,"id":282285381,"profile_background_color":"C0DEED","lang":"es","profile_sidebar_border_color":"C0DEED","profile_text_color":"333333","verified":false,"profile_image_url":"http://a0.twimg.com/profile_images/1311817897/084_normal.jpg","time_zone":"Santiago","url":null,"contributors_enabled":false,"profile_background_tile":false,"follow_request_sent":null,"statuses_count":378,"profile_use_background_image":true,"followers_count":112,"following":null,"default_profile":true,"name":"Buraco de Sto André","profile_sidebar_fill_color":"DDEEF6","location":"","notifications":null},"favorited":false}