{"in_reply_to_status_id_str":"386876036958670849","in_reply_to_status_id":386876036958670849,"coordinates":{"coordinates":[-38.4894105,-12.96894871],"type":"Point"},"truncated":false,"in_reply_to_user_id_str":"79184083","created_at":"Tue Oct 08 12:41:41 +0000 2013","source":"<a href=\"http://twitter.com/download/iphone\" rel=\"nofollow\">Twitter for iPhone<\/a>","retweet_count":0,"retweeted":false,"geo":{"coordinates":[-12.96894871,-38.4894105],"type":"Point"},"filter_level":"medium","in_reply_to_screen_name":"Bradesco","entities":{"urls":[],"hashtags":[],"user_mentions":[{"indices":[0,9],"screen_name":"Bradesco","id_str":"79184083","name":"Banco Bradesco","id":79184083}],"symbols":[]},"id_str":"387558416740544513","in_reply_to_user_id":79184083,"favorite_count":0,"contributors":null,"text":"@Bradesco como faço pra cadastrar meu currículo? Acabei de me formar no curso ciências CONTABEIS","id":387558416740544513,"place":{"country_code":"BR","country":"Brasil","full_name":"Salvador, Bahia","bounding_box":{"coordinates":[[[-38.700244,-13.02679],[-38.700244,-12.723879],[-38.305051,-12.723879],[-38.305051,-13.02679]]],"type":"Polygon"},"place_type":"city","name":"Salvador","attributes":{},"id":"e60cc1f72c303272","url":"https://api.twitter.com/1.1/geo/id/e60cc1f72c303272.json"},"lang":"pt","user":{"utc_offset":-10800,"friends_count":671,"profile_image_url_https":"https://si0.twimg.com/profile_images/378800000111011765/91308e69196134578ea2495233f09a01_normal.jpeg","profile_background_image_url":"http://a0.twimg.com/profile_background_images/717284709/c1e8c37a039009826b0118543f88b0e9.jpeg","listed_count":1,"default_profile_image":false,"favourites_count":44,"description":"A VIDA É UM REALITY SHOW!!..https://www.facebook.com/profile.php?id=100001007766707","created_at":"Wed Oct 07 23:56:56 +0000 2009","is_translator":false,"profile_background_image_url_https":"https://si0.twimg.com/profile_background_images/717284709/c1e8c37a039009826b0118543f88b0e9.jpeg","protected":false,"screen_name":"natiacarvalho","id_str":"80713612","profile_link_color":"1A1B1F","geo_enabled":true,"id":80713612,"profile_background_color":"1A1B1F","lang":"pt","profile_sidebar_border_color":"000000","profile_text_color":"666666","verified":false,"profile_image_url":"http://a0.twimg.com/profile_images/378800000111011765/91308e69196134578ea2495233f09a01_normal.jpeg","time_zone":"Santiago","url":null,"contributors_enabled":false,"profile_banner_url":"https://pbs.twimg.com/profile_banners/80713612/1373398900","profile_background_tile":false,"follow_request_sent":null,"statuses_count":15957,"profile_use_background_image":true,"followers_count":245,"following":null,"default_profile":false,"name":"Nátia Carvalho","profile_sidebar_fill_color":"252429","location":"SALVADORRRRRRRRR","notifications":null},"favorited":false}