{"in_reply_to_status_id_str":null,"in_reply_to_status_id":null,"possibly_sensitive":false,"coordinates":null,"truncated":false,"in_reply_to_user_id_str":null,"created_at":"Tue Oct 08 14:17:50 +0000 2013","source":"<a href=\"http://www.tweetdeck.com\" rel=\"nofollow\">TweetDeck<\/a>","retweet_count":0,"retweeted":false,"geo":null,"filter_level":"medium","in_reply_to_screen_name":null,"entities":{"urls":[{"display_url":"facebook.com/Tom.area51/pos\u2026","indices":[0,23],"expanded_url":"https://www.facebook.com/Tom.area51/posts/10202204767589102?notif_t=like","url":"https://t.co/LYPgxxI0lj"}],"hashtags":[{"indices":[44,53],"text":"BRADESCO"}],"user_mentions":[],"symbols":[]},"id_str":"387582613906395136","in_reply_to_user_id":null,"favorite_count":0,"contributors":null,"text":"https://t.co/LYPgxxI0lj as ações sociais do #BRADESCO ou, pq não tem problema depredar bancos. Bancos são o inimigo. repassa.&gt;&gt;","id":387582613906395136,"place":null,"lang":"pt","user":{"utc_offset":-10800,"friends_count":700,"profile_image_url_https":"https://si0.twimg.com/profile_images/378800000547158867/386fb27d5abe1a664ea6a2f2bd0b3b79_normal.jpeg","profile_background_image_url":"http://abs.twimg.com/images/themes/theme9/bg.gif","listed_count":81,"default_profile_image":false,"favourites_count":2453,"description":"Mistura de enceradeira desgovernada com metralhadora giratória, cuteleiro, dizáini de coisas  e especialista em generalidades.","created_at":"Tue Jan 20 12:56:50 +0000 2009","is_translator":false,"profile_background_image_url_https":"https://abs.twimg.com/images/themes/theme9/bg.gif","protected":false,"screen_name":"tom_area51","id_str":"19234714","profile_link_color":"2FC2EF","geo_enabled":true,"id":19234714,"profile_background_color":"1A1B1F","lang":"en","profile_sidebar_border_color":"181A1E","profile_text_color":"666666","verified":false,"profile_image_url":"http://a0.twimg.com/profile_images/378800000547158867/386fb27d5abe1a664ea6a2f2bd0b3b79_normal.jpeg","time_zone":"Brasilia","url":"http://www.tom.art.br","contributors_enabled":false,"profile_banner_url":"https://pbs.twimg.com/profile_banners/19234714/1352917850","profile_background_tile":false,"follow_request_sent":null,"statuses_count":91224,"profile_use_background_image":true,"followers_count":1464,"following":null,"default_profile":false,"name":"Tom","profile_sidebar_fill_color":"252429","location":"Porto Alegre, RS - BR","notifications":null},"favorited":false}