{"in_reply_to_status_id_str":null,"in_reply_to_status_id":null,"coordinates":null,"truncated":false,"in_reply_to_user_id_str":"78317870","created_at":"Tue Oct 08 12:51:29 +0000 2013","source":"web","retweet_count":0,"retweeted":false,"geo":null,"filter_level":"medium","in_reply_to_screen_name":"AloBradesco","entities":{"urls":[],"hashtags":[{"indices":[44,55],"text":"Bradescard"}],"user_mentions":[{"indices":[0,12],"screen_name":"AloBradesco","id_str":"78317870","name":"Alô Bradesco","id":78317870}],"symbols":[]},"id_str":"387560881137016832","in_reply_to_user_id":78317870,"favorite_count":0,"contributors":null,"text":"@AloBradesco não consigo pegar minha fatura #Bradescard pelo site e ainda não recebi via correios. Alguma inconsistência no portal?","id":387560881137016832,"place":null,"lang":"pt","user":{"utc_offset":-10800,"friends_count":479,"profile_image_url_https":"https://si0.twimg.com/profile_images/3711770555/3f0b48630dbb94cda2be7928ac7056a1_normal.jpeg","profile_background_image_url":"http://a0.twimg.com/profile_background_images/172146653/Fachelizado.jpg","listed_count":14,"default_profile_image":false,"favourites_count":23,"description":"Jornalista da Rede Massa/SBT-PR. Gremista convicto nascido do RJ. Disponível para Jornalismo Impresso e Radiojornalismo.","created_at":"Tue May 05 15:20:22 +0000 2009","is_translator":false,"profile_background_image_url_https":"https://si0.twimg.com/profile_background_images/172146653/Fachelizado.jpg","protected":false,"screen_name":"lucasmendez","id_str":"37944380","profile_link_color":"0084B4","geo_enabled":true,"id":37944380,"profile_background_color":"022330","lang":"pt","profile_sidebar_border_color":"000000","profile_text_color":"333333","verified":false,"profile_image_url":"http://a0.twimg.com/profile_images/3711770555/3f0b48630dbb94cda2be7928ac7056a1_normal.jpeg","time_zone":"Brasilia","url":"http://youtube.com/tahrolando","contributors_enabled":false,"profile_banner_url":"https://pbs.twimg.com/profile_banners/37944380/1355200696","profile_background_tile":true,"follow_request_sent":null,"statuses_count":19604,"profile_use_background_image":true,"followers_count":587,"following":null,"default_profile":false,"name":"Lucas Mendes","profile_sidebar_fill_color":"C0DFEC","location":"Ponta Grossa/PR","notifications":null},"favorited":false}