{"in_reply_to_status_id_str":null,"in_reply_to_status_id":null,"coordinates":null,"truncated":false,"in_reply_to_user_id_str":"78317870","created_at":"Tue Oct 08 14:36:15 +0000 2013","source":"web","retweet_count":0,"retweeted":false,"geo":null,"filter_level":"medium","in_reply_to_screen_name":"AloBradesco","entities":{"urls":[],"hashtags":[],"user_mentions":[{"indices":[0,12],"screen_name":"AloBradesco","id_str":"78317870","name":"Alô Bradesco","id":78317870}],"symbols":[]},"id_str":"387587248536838144","in_reply_to_user_id":78317870,"favorite_count":0,"contributors":null,"text":"@AloBradesco Liguei para o Fone Fácil e me informaram q tenho q esperar o novo cartão chegar em minha casa ou ir a uma agência.","id":387587248536838144,"place":null,"lang":"pt","user":{"utc_offset":-18000,"friends_count":491,"profile_image_url_https":"https://si0.twimg.com/profile_images/1893188699/FotoparaoFace_normal.jpg","profile_background_image_url":"http://abs.twimg.com/images/themes/theme1/bg.png","listed_count":19,"default_profile_image":false,"favourites_count":130,"description":"Jornalista (com diploma). Editor de Esportes da Folha de Pernambuco","created_at":"Wed Aug 05 03:13:38 +0000 2009","is_translator":false,"profile_background_image_url_https":"https://abs.twimg.com/images/themes/theme1/bg.png","protected":false,"screen_name":"fjosebatista","id_str":"63015990","profile_link_color":"0084B4","geo_enabled":true,"id":63015990,"profile_background_color":"C0DEED","lang":"pt","profile_sidebar_border_color":"C0DEED","profile_text_color":"333333","verified":false,"profile_image_url":"http://a0.twimg.com/profile_images/1893188699/FotoparaoFace_normal.jpg","time_zone":"Central Time (US & Canada)","url":null,"contributors_enabled":false,"profile_background_tile":false,"follow_request_sent":null,"statuses_count":31303,"profile_use_background_image":true,"followers_count":872,"following":null,"default_profile":true,"name":"Flávio Batista","profile_sidebar_fill_color":"DDEEF6","location":"Recife, Pernambuco","notifications":null},"favorited":false}