{"in_reply_to_status_id_str":"387577931322908672","in_reply_to_status_id":387577931322908672,"coordinates":null,"truncated":false,"in_reply_to_user_id_str":"1080885697","created_at":"Tue Oct 08 14:00:24 +0000 2013","source":"<a href=\"http://twitter.com/download/android\" rel=\"nofollow\">Twitter for Android<\/a>","retweet_count":0,"retweeted":false,"geo":null,"filter_level":"medium","in_reply_to_screen_name":"milf_lol","entities":{"urls":[],"hashtags":[],"user_mentions":[{"indices":[0,9],"screen_name":"milf_lol","id_str":"1080885697","name":"Luísa","id":1080885697},{"indices":[10,22],"screen_name":"AloBradesco","id_str":"78317870","name":"Alô Bradesco","id":78317870}],"symbols":[]},"id_str":"387578227147169792","in_reply_to_user_id":1080885697,"favorite_count":0,"contributors":null,"text":"@milf_lol @AloBradesco é uma merda cara, não dá pra usar o cartão em lugar nenhum. Tem q voltar a antiguidade e andar com dinheiro. Pqp","id":387578227147169792,"place":null,"lang":"pt","user":{"utc_offset":-10800,"friends_count":436,"profile_image_url_https":"https://si0.twimg.com/profile_images/378800000557869011/1832b19971d346ad11615abf0ed72042_normal.jpeg","profile_background_image_url":"http://a0.twimg.com/profile_background_images/147375360/red_half.jpg","listed_count":21,"default_profile_image":false,"favourites_count":87,"description":"Livre pra poder viver, pra fazer o que quiser! :)","created_at":"Fri Apr 17 15:59:15 +0000 2009","is_translator":false,"profile_background_image_url_https":"https://si0.twimg.com/profile_background_images/147375360/red_half.jpg","protected":false,"screen_name":"nessaferry","id_str":"32457828","profile_link_color":"1E6329","geo_enabled":true,"id":32457828,"profile_background_color":"A62005","lang":"en","profile_sidebar_border_color":"A62005","profile_text_color":"A62005","verified":false,"profile_image_url":"http://a0.twimg.com/profile_images/378800000557869011/1832b19971d346ad11615abf0ed72042_normal.jpeg","time_zone":"Brasilia","url":"http://www.techquila.blog.br","contributors_enabled":false,"profile_banner_url":"https://pbs.twimg.com/profile_banners/32457828/1361829277","profile_background_tile":false,"follow_request_sent":null,"statuses_count":53074,"profile_use_background_image":true,"followers_count":1033,"following":null,"default_profile":false,"name":"Vanessa Ferre","profile_sidebar_fill_color":"9EDEC2","location":"Ferraz de Vasconcelos ","notifications":null},"favorited":false}