{"in_reply_to_status_id_str":"387412607881052161","in_reply_to_status_id":387412607881052161,"coordinates":null,"truncated":false,"in_reply_to_user_id_str":"17699015","created_at":"Tue Oct 08 14:54:29 +0000 2013","source":"web","retweet_count":0,"retweeted":false,"geo":null,"filter_level":"medium","in_reply_to_screen_name":"nahservilha","entities":{"urls":[],"hashtags":[],"user_mentions":[{"indices":[0,12],"screen_name":"nahservilha","id_str":"17699015","name":"nah servilha","id":17699015},{"indices":[13,22],"screen_name":"Bradesco","id_str":"79184083","name":"Banco Bradesco","id":79184083}],"symbols":[]},"id_str":"387591836774047744","in_reply_to_user_id":17699015,"favorite_count":0,"contributors":null,"text":"@nahservilha @Bradesco Se deseja continuar pagando suas transações internacionais em Reais com PayPal, recomendamos que adicione um novo +","id":387591836774047744,"place":null,"lang":"pt","user":{"utc_offset":-10800,"friends_count":130,"profile_image_url_https":"https://si0.twimg.com/profile_images/3371074761/3e23b975db8e1780246e28e8bcd32f46_normal.png","profile_background_image_url":"http://a0.twimg.com/profile_background_images/691525320/7f273463cf71fcc3a54293c288ef591b.jpeg","listed_count":110,"default_profile_image":false,"favourites_count":57,"description":"O PayPal é sua carteira digital para comprar na internet com comodidade, variedade e segurança.","created_at":"Mon Aug 30 23:54:02 +0000 2010","is_translator":false,"profile_background_image_url_https":"https://si0.twimg.com/profile_background_images/691525320/7f273463cf71fcc3a54293c288ef591b.jpeg","protected":false,"screen_name":"PayPal_BR","id_str":"184988361","profile_link_color":"93A644","geo_enabled":false,"id":184988361,"profile_background_color":"B2DFDA","lang":"pt","profile_sidebar_border_color":"FFFFFF","profile_text_color":"ABA9AB","verified":true,"profile_image_url":"http://a0.twimg.com/profile_images/3371074761/3e23b975db8e1780246e28e8bcd32f46_normal.png","time_zone":"Brasilia","url":"http://www.paypal.com.br","contributors_enabled":false,"profile_banner_url":"https://pbs.twimg.com/profile_banners/184988361/1358248409","profile_background_tile":false,"follow_request_sent":null,"statuses_count":5381,"profile_use_background_image":true,"followers_count":4918,"following":null,"default_profile":false,"name":"PayPal BR Oficial","profile_sidebar_fill_color":"003366","location":"Brasil","notifications":null},"favorited":false}