{"in_reply_to_status_id_str":null,"in_reply_to_status_id":null,"coordinates":null,"truncated":false,"in_reply_to_user_id_str":"79184083","created_at":"Tue Oct 08 11:12:08 +0000 2013","source":"<a href=\"http://twitter.com/download/iphone\" rel=\"nofollow\">Twitter for iPhone<\/a>","retweet_count":0,"retweeted":false,"geo":null,"filter_level":"medium","in_reply_to_screen_name":"Bradesco","entities":{"urls":[],"hashtags":[],"user_mentions":[{"indices":[0,9],"screen_name":"Bradesco","id_str":"79184083","name":"Banco Bradesco","id":79184083}],"symbols":[]},"id_str":"387535879621054464","in_reply_to_user_id":79184083,"favorite_count":0,"contributors":null,"text":"@Bradesco nao sei mas acho que alguém  tem que tomar uma providência pra arrumar as filas dos caixas em mogi mirim, todo dia passo raiva...","id":387535879621054464,"place":null,"lang":"pt","user":{"utc_offset":null,"friends_count":50,"profile_image_url_https":"https://si0.twimg.com/profile_images/378800000551525705/09c2d13b0bc9b336e5e81781c6f96dea_normal.jpeg","profile_background_image_url":"http://abs.twimg.com/images/themes/theme1/bg.png","listed_count":0,"default_profile_image":false,"favourites_count":0,"description":"Pode cre twittando","created_at":"Fri Oct 04 22:08:23 +0000 2013","is_translator":false,"profile_background_image_url_https":"https://abs.twimg.com/images/themes/theme1/bg.png","protected":false,"screen_name":"gabiazotto","id_str":"701598124","profile_link_color":"0084B4","geo_enabled":false,"id":701598124,"profile_background_color":"C0DEED","lang":"pt","profile_sidebar_border_color":"C0DEED","profile_text_color":"333333","verified":false,"profile_image_url":"http://a0.twimg.com/profile_images/378800000551525705/09c2d13b0bc9b336e5e81781c6f96dea_normal.jpeg","time_zone":null,"url":null,"contributors_enabled":false,"profile_banner_url":"https://pbs.twimg.com/profile_banners/701598124/1380972812","profile_background_tile":false,"follow_request_sent":null,"statuses_count":16,"profile_use_background_image":true,"followers_count":19,"following":null,"default_profile":true,"name":"Gabriel Biazotto","profile_sidebar_fill_color":"DDEEF6","location":"","notifications":null},"favorited":false}