{"in_reply_to_status_id_str":"387580183932583936","in_reply_to_status_id":387580183932583936,"coordinates":null,"truncated":false,"in_reply_to_user_id_str":"32457828","created_at":"Tue Oct 08 14:09:12 +0000 2013","source":"<a href=\"http://twitter.com/download/android\" rel=\"nofollow\">Twitter for Android<\/a>","retweet_count":0,"retweeted":false,"geo":null,"filter_level":"medium","in_reply_to_screen_name":"nessaferry","entities":{"urls":[],"hashtags":[],"user_mentions":[{"indices":[0,11],"screen_name":"nessaferry","id_str":"32457828","name":"Vanessa Ferre","id":32457828},{"indices":[12,24],"screen_name":"AloBradesco","id_str":"78317870","name":"Alô Bradesco","id":78317870}],"symbols":[]},"id_str":"387580441924227072","in_reply_to_user_id":32457828,"favorite_count":0,"contributors":null,"text":"@nessaferry @AloBradesco só as máquinas da Cielo aceitam, e aqui no interior, poucas empresas tem ela. O resto é tudo velharia e não aceita","id":387580441924227072,"place":null,"lang":"pt","user":{"utc_offset":-10800,"friends_count":590,"profile_image_url_https":"https://si0.twimg.com/profile_images/3176887385/473c08521ff126ce6bc1b8e4ba4ff6cf_normal.jpeg","profile_background_image_url":"http://a0.twimg.com/profile_background_images/289474983/miami-dolphins.gif","listed_count":15,"default_profile_image":false,"favourites_count":86,"description":"80.213.499.121º da Terra.","created_at":"Wed Apr 01 10:58:41 +0000 2009","is_translator":false,"profile_background_image_url_https":"https://si0.twimg.com/profile_background_images/289474983/miami-dolphins.gif","protected":false,"screen_name":"rodrigobac","id_str":"28085783","profile_link_color":"D64807","geo_enabled":true,"id":28085783,"profile_background_color":"FFFFFF","lang":"en","profile_sidebar_border_color":"FFFFFF","profile_text_color":"074E53","verified":false,"profile_image_url":"http://a0.twimg.com/profile_images/3176887385/473c08521ff126ce6bc1b8e4ba4ff6cf_normal.jpeg","time_zone":"Brasilia","url":null,"contributors_enabled":false,"profile_banner_url":"https://pbs.twimg.com/profile_banners/28085783/1347978398","profile_background_tile":true,"follow_request_sent":null,"statuses_count":29701,"profile_use_background_image":true,"followers_count":349,"following":null,"default_profile":false,"name":"Rodrigo Bacelli","profile_sidebar_fill_color":"FFFFFF","location":"","notifications":null},"favorited":false}