{"in_reply_to_status_id_str":"383294306540584960","in_reply_to_status_id":383294306540584960,"coordinates":null,"truncated":false,"in_reply_to_user_id_str":"78317870","created_at":"Tue Oct 08 13:37:31 +0000 2013","source":"<a href=\"http://www.hootsuite.com\" rel=\"nofollow\">HootSuite<\/a>","retweet_count":0,"retweeted":false,"geo":null,"filter_level":"medium","in_reply_to_screen_name":"AloBradesco","entities":{"urls":[],"hashtags":[],"user_mentions":[{"indices":[0,12],"screen_name":"AloBradesco","id_str":"78317870","name":"Alô Bradesco","id":78317870}],"symbols":[]},"id_str":"387572466350292992","in_reply_to_user_id":78317870,"favorite_count":0,"contributors":null,"text":"@AloBradesco esqueci de agradecer. O atendimento foi ótimo e resolveu meu problema. Obrigado!","id":387572466350292992,"place":null,"lang":"pt","user":{"utc_offset":-10800,"friends_count":274,"profile_image_url_https":"https://si0.twimg.com/profile_images/3761396637/29c74f4cca7cfd7b1bb1959e06c57313_normal.jpeg","profile_background_image_url":"http://a0.twimg.com/profile_background_images/886883582/3de3d670081d80dc7ed97e84e751a4f6.jpeg","listed_count":19,"default_profile_image":false,"favourites_count":567,"description":"Fundador do @ajudeumreporter, RP, gaiteiro amador e tuiteiro esporádico","created_at":"Sat Mar 07 02:30:49 +0000 2009","is_translator":false,"profile_background_image_url_https":"https://si0.twimg.com/profile_background_images/886883582/3de3d670081d80dc7ed97e84e751a4f6.jpeg","protected":false,"screen_name":"gustacarneiro","id_str":"23154037","profile_link_color":"786867","geo_enabled":true,"id":23154037,"profile_background_color":"FAFAFA","lang":"en","profile_sidebar_border_color":"FFFFFF","profile_text_color":"333333","verified":false,"profile_image_url":"http://a0.twimg.com/profile_images/3761396637/29c74f4cca7cfd7b1bb1959e06c57313_normal.jpeg","time_zone":"Brasilia","url":"http://flavors.me/gustacarneiro","contributors_enabled":false,"profile_background_tile":true,"follow_request_sent":null,"statuses_count":3313,"profile_use_background_image":true,"followers_count":613,"following":null,"default_profile":false,"name":"Gustavo Carneiro","profile_sidebar_fill_color":"D3D3E0","location":"Sao Paulo, Brazil","notifications":null},"favorited":false}