{"in_reply_to_status_id_str":null,"in_reply_to_status_id":null,"coordinates":null,"truncated":false,"in_reply_to_user_id_str":"83723557","created_at":"Tue Oct 08 12:09:35 +0000 2013","source":"web","retweet_count":0,"retweeted":false,"geo":null,"filter_level":"medium","in_reply_to_screen_name":"BancodoBrasil","entities":{"urls":[],"hashtags":[],"user_mentions":[{"indices":[0,14],"screen_name":"BancodoBrasil","id_str":"83723557","name":"Banco do Brasil","id":83723557},{"indices":[15,30],"screen_name":"bancosantander","id_str":"246196403","name":"Banco Santander ","id":246196403},{"indices":[31,37],"screen_name":"CAIXA","id_str":"229191436","name":"CAIXA","id":229191436},{"indices":[38,47],"screen_name":"Bradesco","id_str":"79184083","name":"Banco Bradesco","id":79184083}],"symbols":[]},"id_str":"387550339693416448","in_reply_to_user_id":83723557,"favorite_count":0,"contributors":null,"text":"@BancodoBrasil @bancosantander @CAIXA @Bradesco tão aproveitando as férias?","id":387550339693416448,"place":null,"lang":"pt","user":{"utc_offset":-7200,"friends_count":419,"profile_image_url_https":"https://si0.twimg.com/profile_images/378800000153324546/7ec04846d9d2887c9227e049b66cecf1_normal.jpeg","profile_background_image_url":"http://a0.twimg.com/profile_background_images/440442629/Super_Wallpaper.jpg","listed_count":0,"default_profile_image":false,"favourites_count":50,"description":"i'm a little pea! i love the sky and the trees!","created_at":"Thu May 27 00:29:19 +0000 2010","is_translator":false,"profile_background_image_url_https":"https://si0.twimg.com/profile_background_images/440442629/Super_Wallpaper.jpg","protected":false,"screen_name":"PauloAPanucci","id_str":"148550282","profile_link_color":"030303","geo_enabled":false,"id":148550282,"profile_background_color":"FAFAFA","lang":"en","profile_sidebar_border_color":"FCF7F7","profile_text_color":"050505","verified":false,"profile_image_url":"http://a0.twimg.com/profile_images/378800000153324546/7ec04846d9d2887c9227e049b66cecf1_normal.jpeg","time_zone":"Greenland","url":null,"contributors_enabled":false,"profile_banner_url":"https://pbs.twimg.com/profile_banners/148550282/1353870928","profile_background_tile":true,"follow_request_sent":null,"statuses_count":14405,"profile_use_background_image":true,"followers_count":255,"following":null,"default_profile":false,"name":"Paulo Alexandre P.","profile_sidebar_fill_color":"FAFAFA","location":"Cianorte/Paraná/Brasil","notifications":null},"favorited":false}