{"in_reply_to_status_id_str":null,"in_reply_to_status_id":null,"coordinates":null,"truncated":false,"in_reply_to_user_id_str":null,"created_at":"Tue Oct 08 12:58:55 +0000 2013","source":"<a href=\"http://twitter.com/#!/download/ipad\" rel=\"nofollow\">Twitter for iPad<\/a>","retweet_count":0,"retweeted":false,"geo":null,"filter_level":"medium","in_reply_to_screen_name":null,"entities":{"urls":[],"hashtags":[],"user_mentions":[{"indices":[21,30],"screen_name":"Bradesco","id_str":"79184083","name":"Banco Bradesco","id":79184083}],"symbols":[]},"id_str":"387562751620812800","in_reply_to_user_id":null,"favorite_count":0,"contributors":null,"text":"Serviço Fone Difícil @Bradesco !! Uma hora ao telefone e nem consegui falar com um atendente !! 😡","id":387562751620812800,"place":null,"lang":"pt","user":{"utc_offset":-10800,"friends_count":93,"profile_image_url_https":"https://si0.twimg.com/profile_images/1587865974/me_normal.jpg","profile_background_image_url":"http://a0.twimg.com/profile_background_images/161455932/kiss-me-elvis.jpg","listed_count":0,"default_profile_image":false,"favourites_count":34,"description":null,"created_at":"Wed Aug 18 00:40:04 +0000 2010","is_translator":false,"profile_background_image_url_https":"https://si0.twimg.com/profile_background_images/161455932/kiss-me-elvis.jpg","protected":false,"screen_name":"Titineapril","id_str":"179736493","profile_link_color":"009999","geo_enabled":true,"id":179736493,"profile_background_color":"131516","lang":"pt","profile_sidebar_border_color":"EEEEEE","profile_text_color":"333333","verified":false,"profile_image_url":"http://a0.twimg.com/profile_images/1587865974/me_normal.jpg","time_zone":"Brasilia","url":null,"contributors_enabled":false,"profile_background_tile":true,"follow_request_sent":null,"statuses_count":8946,"profile_use_background_image":true,"followers_count":45,"following":null,"default_profile":false,"name":"Jaqueline","profile_sidebar_fill_color":"EFEFEF","location":"","notifications":null},"favorited":false}