{"in_reply_to_status_id_str":null,"in_reply_to_status_id":null,"coordinates":null,"truncated":false,"in_reply_to_user_id_str":null,"created_at":"Tue Oct 08 13:11:21 +0000 2013","source":"<a href=\"http://twitter.com/download/android\" rel=\"nofollow\">Twitter for Android<\/a>","retweet_count":0,"retweeted":false,"geo":null,"filter_level":"medium","in_reply_to_screen_name":null,"entities":{"urls":[],"hashtags":[{"indices":[44,53],"text":"Bradesco"}],"user_mentions":[],"symbols":[]},"id_str":"387565883448885248","in_reply_to_user_id":null,"favorite_count":0,"contributors":null,"text":"A primeira ligação do dia para o fone fácil #Bradesco, pensa que alegria! Monte de coisas pra pagar, cheque pra cair e minha conta bloqueada","id":387565883448885248,"place":null,"lang":"pt","user":{"utc_offset":-10800,"friends_count":250,"profile_image_url_https":"https://si0.twimg.com/profile_images/3420704953/6fc0943b5c0474bd7c65c8691a4d7f74_normal.jpeg","profile_background_image_url":"http://abs.twimg.com/images/themes/theme14/bg.gif","listed_count":4,"default_profile_image":false,"favourites_count":3,"description":"Sou amigo da verdade, caminho junto com a felicidade, coração em paz com Deus, um apaixonado pela vida.... #feliz Demais.","created_at":"Fri Jun 19 23:44:28 +0000 2009","is_translator":false,"profile_background_image_url_https":"https://abs.twimg.com/images/themes/theme14/bg.gif","protected":false,"screen_name":"DortaBR","id_str":"48867926","profile_link_color":"009999","geo_enabled":true,"id":48867926,"profile_background_color":"131516","lang":"pt","profile_sidebar_border_color":"EEEEEE","profile_text_color":"333333","verified":false,"profile_image_url":"http://a0.twimg.com/profile_images/3420704953/6fc0943b5c0474bd7c65c8691a4d7f74_normal.jpeg","time_zone":"Brasilia","url":null,"contributors_enabled":false,"profile_banner_url":"https://pbs.twimg.com/profile_banners/48867926/1364080803","profile_background_tile":true,"follow_request_sent":null,"statuses_count":2024,"profile_use_background_image":true,"followers_count":89,"following":null,"default_profile":false,"name":"luiz dorta","profile_sidebar_fill_color":"EFEFEF","location":"Americana,Brasil","notifications":null},"favorited":false}