{"in_reply_to_status_id_str":null,"in_reply_to_status_id":null,"coordinates":null,"truncated":false,"in_reply_to_user_id_str":"38451716","created_at":"Tue Oct 08 19:33:10 +0000 2013","source":"<a href=\"http://www.hootsuite.com\" rel=\"nofollow\">HootSuite<\/a>","retweet_count":0,"retweeted":false,"geo":null,"filter_level":"medium","in_reply_to_screen_name":"altitudesoft_BR","entities":{"urls":[],"hashtags":[{"indices":[121,131],"text":"PrêmioABT"}],"user_mentions":[{"indices":[0,16],"screen_name":"altitudesoft_BR","id_str":"38451716","name":"Altitude Software BR","id":38451716},{"indices":[18,33],"screen_name":"apaedesaopaulo","id_str":"15214574","name":"APAE DE SÃO PAULO","id":15214574},{"indices":[35,44],"screen_name":"Bradesco","id_str":"79184083","name":"Banco Bradesco","id":79184083},{"indices":[46,59],"screen_name":"santander_br","id_str":"48700857","name":"Santander Brasil","id":48700857}],"symbols":[]},"id_str":"387661967303118848","in_reply_to_user_id":38451716,"favorite_count":0,"contributors":null,"text":"@altitudesoft_BR, @apaedesaopaulo, @Bradesco, @santander_br, Brasilcenter e BT Call Center também são vencedoras do XIII #PrêmioABT.","id":387661967303118848,"place":null,"lang":"pt","user":{"utc_offset":-10800,"friends_count":1005,"profile_image_url_https":"https://si0.twimg.com/profile_images/1370012009/avatar_twitter_normal.jpg","profile_background_image_url":"http://a0.twimg.com/profile_background_images/830691416/6d226917d7e8dee35b0fff099b1dcbb6.jpeg","listed_count":1,"default_profile_image":false,"favourites_count":0,"description":"Perfil oficial do prêmio mais expressivo de reconhecimento às melhores práticas no atendimento ao cliente.","created_at":"Tue Mar 30 17:38:58 +0000 2010","is_translator":false,"profile_background_image_url_https":"https://si0.twimg.com/profile_background_images/830691416/6d226917d7e8dee35b0fff099b1dcbb6.jpeg","protected":false,"screen_name":"PremioABT","id_str":"127942155","profile_link_color":"93A644","geo_enabled":true,"id":127942155,"profile_background_color":"B2DFDA","lang":"pt","profile_sidebar_border_color":"000000","profile_text_color":"000000","verified":false,"profile_image_url":"http://a0.twimg.com/profile_images/1370012009/avatar_twitter_normal.jpg","time_zone":"Santiago","url":"http://www.premioabt.com.br/","contributors_enabled":false,"profile_background_tile":true,"follow_request_sent":null,"statuses_count":985,"profile_use_background_image":true,"followers_count":330,"following":null,"default_profile":false,"name":"XIII PrêmioABT","profile_sidebar_fill_color":"FAD946","location":"Memorial da América Latina, SP","notifications":null},"favorited":false}