{"in_reply_to_status_id_str":"387603160753131520","in_reply_to_status_id":387603160753131520,"coordinates":null,"truncated":false,"in_reply_to_user_id_str":"17602766","created_at":"Tue Oct 08 16:39:36 +0000 2013","source":"web","retweet_count":0,"retweeted":false,"geo":null,"filter_level":"medium","in_reply_to_screen_name":"charlesnisz","entities":{"urls":[],"hashtags":[],"user_mentions":[{"indices":[0,12],"screen_name":"charlesnisz","id_str":"17602766","name":"charlesnisz","id":17602766},{"indices":[13,29],"screen_name":"JornalismoWando","id_str":"362033655","name":"JornalismoWando","id":362033655},{"indices":[30,39],"screen_name":"Bradesco","id_str":"79184083","name":"Banco Bradesco","id":79184083}],"symbols":[]},"id_str":"387618289867710464","in_reply_to_user_id":17602766,"favorite_count":0,"contributors":null,"text":"@charlesnisz @JornalismoWando @Bradesco taí uma agência boa p ser vandalizada.","id":387618289867710464,"place":null,"lang":"pt","user":{"utc_offset":-10800,"friends_count":67,"profile_image_url_https":"https://si0.twimg.com/profile_images/2859740057/b64a5c44e1cff366e8ee9a5b2880e58f_normal.jpeg","profile_background_image_url":"http://abs.twimg.com/images/themes/theme3/bg.gif","listed_count":17,"default_profile_image":false,"favourites_count":302,"description":null,"created_at":"Thu Dec 31 14:42:06 +0000 2009","is_translator":false,"profile_background_image_url_https":"https://abs.twimg.com/images/themes/theme3/bg.gif","protected":false,"screen_name":"aiaiai63","id_str":"100779458","profile_link_color":"088253","geo_enabled":false,"id":100779458,"profile_background_color":"EDECE9","lang":"en","profile_sidebar_border_color":"D3D2CF","profile_text_color":"634047","verified":false,"profile_image_url":"http://a0.twimg.com/profile_images/2859740057/b64a5c44e1cff366e8ee9a5b2880e58f_normal.jpeg","time_zone":"Brasilia","url":null,"contributors_enabled":false,"profile_background_tile":false,"follow_request_sent":null,"statuses_count":32357,"profile_use_background_image":true,"followers_count":394,"following":null,"default_profile":false,"name":"aiaiai 63","profile_sidebar_fill_color":"E3E2DE","location":"","notifications":null},"favorited":false}