{"in_reply_to_status_id_str":null,"in_reply_to_status_id":null,"coordinates":null,"truncated":false,"in_reply_to_user_id_str":null,"created_at":"Tue Oct 08 16:19:26 +0000 2013","source":"web","retweet_count":0,"retweeted":false,"geo":null,"filter_level":"medium","in_reply_to_screen_name":null,"entities":{"urls":[],"hashtags":[],"user_mentions":[{"indices":[46,55],"screen_name":"Bradesco","id_str":"79184083","name":"Banco Bradesco","id":79184083}],"symbols":[]},"id_str":"387613213811957760","in_reply_to_user_id":null,"favorite_count":0,"contributors":null,"text":"O banco q fechou minha conta sem me avisar, o @Bradesco, inova e constrói calçada anti-mendigo em Manaus. Depois coloca bebê no comercial...","id":387613213811957760,"place":null,"lang":"pt","user":{"utc_offset":-10800,"friends_count":1115,"profile_image_url_https":"https://si0.twimg.com/profile_images/378800000556946835/6362cca6dc600e64e938e6a19a06b3e6_normal.jpeg","profile_background_image_url":"http://a0.twimg.com/profile_background_images/378800000056448557/7dc771f90389db3084d798454dbf2a80.jpeg","listed_count":113,"default_profile_image":false,"favourites_count":148,"description":"Jornalista seguidor da Escola Wando de jornalismo. Exerço o ofício com afeto, cumplicidade e sem perder a ternura jamais.♥","created_at":"Thu Aug 25 18:55:10 +0000 2011","is_translator":false,"profile_background_image_url_https":"https://si0.twimg.com/profile_background_images/378800000056448557/7dc771f90389db3084d798454dbf2a80.jpeg","protected":false,"screen_name":"JornalismoWando","id_str":"362033655","profile_link_color":"F20909","geo_enabled":false,"id":362033655,"profile_background_color":"F57F65","lang":"pt","profile_sidebar_border_color":"FFFFFF","profile_text_color":"333333","verified":false,"profile_image_url":"http://a0.twimg.com/profile_images/378800000556946835/6362cca6dc600e64e938e6a19a06b3e6_normal.jpeg","time_zone":"Brasilia","url":"http://about.me/JornalismoWando","contributors_enabled":false,"profile_banner_url":"https://pbs.twimg.com/profile_banners/362033655/1377093454","profile_background_tile":true,"follow_request_sent":null,"statuses_count":27373,"profile_use_background_image":true,"followers_count":7721,"following":null,"default_profile":false,"name":"JornalismoWando","profile_sidebar_fill_color":"DDEEF6","location":"Fogo & Paixão","notifications":null},"favorited":false}