{"in_reply_to_status_id_str":null,"in_reply_to_status_id":null,"coordinates":null,"truncated":false,"in_reply_to_user_id_str":null,"created_at":"Tue Oct 08 20:28:09 +0000 2013","source":"<a href=\"http://twitter.com/download/android\" rel=\"nofollow\">Twitter for Android<\/a>","retweet_count":0,"retweeted":false,"geo":null,"filter_level":"medium","in_reply_to_screen_name":null,"entities":{"urls":[],"hashtags":[],"user_mentions":[{"indices":[55,64],"screen_name":"Bradesco","id_str":"79184083","name":"Banco Bradesco","id":79184083}],"symbols":[]},"id_str":"387675806287532032","in_reply_to_user_id":null,"favorite_count":0,"contributors":null,"text":"1000 de caixas eletronicos e nenhum funciona. Parabéns @Bradesco","id":387675806287532032,"place":null,"lang":"pt","user":{"utc_offset":-10800,"friends_count":212,"profile_image_url_https":"https://si0.twimg.com/profile_images/378800000235843220/7f5d93fcad7af061ac15af5c4a200c88_normal.jpeg","profile_background_image_url":"http://a0.twimg.com/profile_background_images/378800000041795859/9d444625a3879e9c98fc7066c66fe5e5.jpeg","listed_count":0,"default_profile_image":false,"favourites_count":9,"description":"50 tons de ....","created_at":"Sun Jan 24 23:01:31 +0000 2010","is_translator":false,"profile_background_image_url_https":"https://si0.twimg.com/profile_background_images/378800000041795859/9d444625a3879e9c98fc7066c66fe5e5.jpeg","protected":false,"screen_name":"oficialwesley_","id_str":"108122692","profile_link_color":"D6C93C","geo_enabled":true,"id":108122692,"profile_background_color":"695B54","lang":"pt","profile_sidebar_border_color":"FFFFFF","profile_text_color":"F0E4F0","verified":false,"profile_image_url":"http://a0.twimg.com/profile_images/378800000235843220/7f5d93fcad7af061ac15af5c4a200c88_normal.jpeg","time_zone":"Brasilia","url":"http://www.facebook.com/profile.php?id=100002061339207","contributors_enabled":false,"profile_banner_url":"https://pbs.twimg.com/profile_banners/108122692/1377721769","profile_background_tile":true,"follow_request_sent":null,"statuses_count":18439,"profile_use_background_image":true,"followers_count":272,"following":null,"default_profile":false,"name":"Wesley Oliveira ∞","profile_sidebar_fill_color":"ED1111","location":"Brasília","notifications":null},"favorited":false}