{"in_reply_to_status_id_str":null,"in_reply_to_status_id":null,"coordinates":null,"truncated":false,"in_reply_to_user_id_str":null,"created_at":"Tue Oct 08 21:04:08 +0000 2013","source":"web","retweet_count":0,"retweeted":false,"geo":null,"filter_level":"medium","in_reply_to_screen_name":null,"entities":{"urls":[],"hashtags":[{"indices":[16,25],"text":"Bradesco"}],"user_mentions":[],"symbols":[]},"id_str":"387684863534321664","in_reply_to_user_id":null,"favorite_count":0,"contributors":null,"text":"O que que Banco #Bradesco tem a ver com estas menifestações parao quebrarem todo..rsrsr","id":387684863534321664,"place":null,"lang":"pt","user":{"utc_offset":-10800,"friends_count":273,"profile_image_url_https":"https://si0.twimg.com/profile_images/3756769989/829d7130337db87acde60bd60bf7cd0e_normal.jpeg","profile_background_image_url":"http://abs.twimg.com/images/themes/theme14/bg.gif","listed_count":2,"default_profile_image":false,"favourites_count":0,"description":"Sou uma pessoa simples e comunicativa, gosto de conhecer pessoas e trocar ideias sobre assuntos em comum.","created_at":"Sat May 15 20:58:13 +0000 2010","is_translator":false,"profile_background_image_url_https":"https://abs.twimg.com/images/themes/theme14/bg.gif","protected":false,"screen_name":"uzai010","id_str":"144281194","profile_link_color":"009999","geo_enabled":false,"id":144281194,"profile_background_color":"131516","lang":"pt","profile_sidebar_border_color":"EEEEEE","profile_text_color":"333333","verified":false,"profile_image_url":"http://a0.twimg.com/profile_images/3756769989/829d7130337db87acde60bd60bf7cd0e_normal.jpeg","time_zone":"Brasilia","url":null,"contributors_enabled":false,"profile_banner_url":"https://pbs.twimg.com/profile_banners/144281194/1367631720","profile_background_tile":true,"follow_request_sent":null,"statuses_count":2173,"profile_use_background_image":true,"followers_count":95,"following":null,"default_profile":false,"name":"Marcelo","profile_sidebar_fill_color":"EFEFEF","location":"Mantena","notifications":null},"favorited":false}