{"in_reply_to_status_id_str":"387633322958270464","in_reply_to_status_id":387633322958270464,"coordinates":null,"truncated":false,"in_reply_to_user_id_str":"78317870","created_at":"Tue Oct 08 17:40:09 +0000 2013","source":"web","retweet_count":0,"retweeted":false,"geo":null,"filter_level":"medium","in_reply_to_screen_name":"AloBradesco","entities":{"urls":[],"hashtags":[],"user_mentions":[{"indices":[0,12],"screen_name":"AloBradesco","id_str":"78317870","name":"Alô Bradesco","id":78317870}],"symbols":[]},"id_str":"387633528709476354","in_reply_to_user_id":78317870,"favorite_count":0,"contributors":null,"text":"@AloBradesco ok, obrigado :)","id":387633528709476354,"place":null,"lang":"pt","user":{"utc_offset":-10800,"friends_count":115,"profile_image_url_https":"https://si0.twimg.com/profile_images/378800000422284803/9231a29a7d7ef5f852436a3cbfde18ef_normal.jpeg","profile_background_image_url":"http://a0.twimg.com/profile_background_images/501160782/pmet_p_me.png","listed_count":80,"default_profile_image":false,"favourites_count":11308,"description":null,"created_at":"Sun Aug 15 14:35:30 +0000 2010","is_translator":false,"profile_background_image_url_https":"https://si0.twimg.com/profile_background_images/501160782/pmet_p_me.png","protected":false,"screen_name":"roavinicius","id_str":"178723576","profile_link_color":"00BBFF","geo_enabled":true,"id":178723576,"profile_background_color":"FFFFFF","lang":"en","profile_sidebar_border_color":"FFFFFF","profile_text_color":"080808","verified":false,"profile_image_url":"http://a0.twimg.com/profile_images/378800000422284803/9231a29a7d7ef5f852436a3cbfde18ef_normal.jpeg","time_zone":"Santiago","url":"http://terenos.tumblr.com/","contributors_enabled":false,"profile_background_tile":true,"follow_request_sent":null,"statuses_count":76813,"profile_use_background_image":true,"followers_count":1664,"following":null,"default_profile":false,"name":"Vinícius","profile_sidebar_fill_color":"E3E3E3","location":"Mato Grosso do Sul","notifications":null},"favorited":false}