{"in_reply_to_status_id_str":null,"in_reply_to_status_id":null,"possibly_sensitive":false,"coordinates":null,"truncated":false,"in_reply_to_user_id_str":null,"created_at":"Tue Oct 08 15:39:29 +0000 2013","source":"web","retweet_count":0,"retweeted":false,"geo":null,"filter_level":"medium","in_reply_to_screen_name":null,"entities":{"urls":[{"display_url":"bit.ly/17dVY8c","indices":[89,111],"expanded_url":"http://bit.ly/17dVY8c","url":"http://t.co/erGe7qyTFP"}],"hashtags":[],"user_mentions":[{"indices":[2,11],"screen_name":"Bradesco","id_str":"79184083","name":"Banco Bradesco","id":79184083}],"symbols":[]},"id_str":"387603160753131520","in_reply_to_user_id":null,"favorite_count":0,"contributors":null,"text":"O @Bradesco põe pedras pontiagudas em calçada para afastar mendigos de agência em Manaus http://t.co/erGe7qyTFP","id":387603160753131520,"place":null,"lang":"pt","user":{"utc_offset":-7200,"friends_count":408,"profile_image_url_https":"https://si0.twimg.com/profile_images/2678407065/65f988959e00eae3ffaab43070ff5ad7_normal.jpeg","profile_background_image_url":"http://abs.twimg.com/images/themes/theme1/bg.png","listed_count":145,"default_profile_image":false,"favourites_count":1102,"description":"Pós-jornalista e professor. Assessor de Imprensa na Secretaria de Trabalho de Osasco. Editor do Vi na Internet.","created_at":"Mon Nov 24 22:13:11 +0000 2008","is_translator":false,"profile_background_image_url_https":"https://abs.twimg.com/images/themes/theme1/bg.png","protected":false,"screen_name":"charlesnisz","id_str":"17602766","profile_link_color":"0084B4","geo_enabled":false,"id":17602766,"profile_background_color":"C0DEED","lang":"en","profile_sidebar_border_color":"C0DEED","profile_text_color":"333333","verified":false,"profile_image_url":"http://a0.twimg.com/profile_images/2678407065/65f988959e00eae3ffaab43070ff5ad7_normal.jpeg","time_zone":"Greenland","url":"http://br.noticias.yahoo.com/blogs/vi-na-internet/","contributors_enabled":false,"profile_banner_url":"https://pbs.twimg.com/profile_banners/17602766/1353111408","profile_background_tile":false,"follow_request_sent":null,"statuses_count":47858,"profile_use_background_image":true,"followers_count":2625,"following":null,"default_profile":true,"name":"charlesnisz","profile_sidebar_fill_color":"DDEEF6","location":"Sao Paulo (Brasil)","notifications":null},"favorited":false}