{"in_reply_to_status_id_str":null,"in_reply_to_status_id":null,"coordinates":null,"truncated":false,"in_reply_to_user_id_str":null,"created_at":"Tue Oct 08 16:47:55 +0000 2013","source":"<a href=\"http://twitter.com/download/android\" rel=\"nofollow\">Twitter for Android<\/a>","retweet_count":0,"retweeted":false,"geo":null,"filter_level":"medium","in_reply_to_screen_name":null,"entities":{"urls":[],"hashtags":[],"user_mentions":[{"indices":[95,107],"screen_name":"AloBradesco","id_str":"78317870","name":"Alô Bradesco","id":78317870}],"symbols":[]},"id_str":"387620383534624768","in_reply_to_user_id":null,"favorite_count":0,"contributors":null,"text":"Bairro: Mangabeira Cidade: Joao Pessoa Estado: Paraíba .. nome da rua : avenida josefa Taveira @AloBradesco","id":387620383534624768,"place":null,"lang":"pt","user":{"utc_offset":-10800,"friends_count":117,"profile_image_url_https":"https://si0.twimg.com/profile_images/378800000563294329/1afc5b61a1c34e2b8d2f5fc1b5f3a73f_normal.jpeg","profile_background_image_url":"http://a0.twimg.com/profile_background_images/772243779/b75190d6120e843db7fb5281b3860046.png","listed_count":4,"default_profile_image":false,"favourites_count":2,"description":"\u2022 Midias Sociais - @ForroPegado \u2022 \r\n\r\n\r\n\u2022 Instagram: emmanuell_costa \u2022","created_at":"Sat Dec 26 16:52:42 +0000 2009","is_translator":false,"profile_background_image_url_https":"https://si0.twimg.com/profile_background_images/772243779/b75190d6120e843db7fb5281b3860046.png","protected":false,"screen_name":"emmanuellcosta","id_str":"99536210","profile_link_color":"999999","geo_enabled":true,"id":99536210,"profile_background_color":"CCCCCC","lang":"pt","profile_sidebar_border_color":"000000","profile_text_color":"666666","verified":false,"profile_image_url":"http://a0.twimg.com/profile_images/378800000563294329/1afc5b61a1c34e2b8d2f5fc1b5f3a73f_normal.jpeg","time_zone":"Brasilia","url":null,"contributors_enabled":false,"profile_banner_url":"https://pbs.twimg.com/profile_banners/99536210/1358792092","profile_background_tile":true,"follow_request_sent":null,"statuses_count":8824,"profile_use_background_image":true,"followers_count":1635,"following":null,"default_profile":false,"name":"Emmanuell (F.PEGADO)","profile_sidebar_fill_color":"333333","location":"João Pessoa/PB","notifications":null},"favorited":false}