{"in_reply_to_status_id_str":null,"in_reply_to_status_id":null,"coordinates":null,"truncated":false,"in_reply_to_user_id_str":null,"created_at":"Tue Oct 08 20:39:06 +0000 2013","source":"<a href=\"http://itunes.apple.com/us/app/twitter/id409789998?mt=12\" rel=\"nofollow\">Twitter for Mac<\/a>","retweet_count":0,"retweeted":false,"geo":null,"filter_level":"medium","in_reply_to_screen_name":null,"entities":{"urls":[],"hashtags":[{"indices":[76,85],"text":"bradesco"}],"user_mentions":[{"indices":[26,35],"screen_name":"Bradesco","id_str":"79184083","name":"Banco Bradesco","id":79184083}],"symbols":[]},"id_str":"387678560829571073","in_reply_to_user_id":null,"favorite_count":0,"contributors":null,"text":"Eu tenho certeza que esse @bradesco tá de sacanagem comigo!!! @alo_bradesco #bradesco","id":387678560829571073,"place":null,"lang":"pt","user":{"utc_offset":-10800,"friends_count":498,"profile_image_url_https":"https://si0.twimg.com/profile_images/1927775547/Vi_normal.jpg","profile_background_image_url":"http://a0.twimg.com/profile_background_images/207072245/twilk_background_4d5ed23d3f8ac.jpg","listed_count":24,"default_profile_image":false,"favourites_count":3,"description":"31; Teólogo; Administrador; Adventista; Corintiano & Feliz  Filho do @pr_mazaro & Marta Mazaro, irmão da @LisabelleMazaro e namorado da Nivia de Rocco","created_at":"Mon Oct 05 18:56:12 +0000 2009","is_translator":false,"profile_background_image_url_https":"https://si0.twimg.com/profile_background_images/207072245/twilk_background_4d5ed23d3f8ac.jpg","protected":false,"screen_name":"vmmazaro","id_str":"80097477","profile_link_color":"0084B4","geo_enabled":true,"id":80097477,"profile_background_color":"C0DEED","lang":"pt","profile_sidebar_border_color":"C0DEED","profile_text_color":"333333","verified":false,"profile_image_url":"http://a0.twimg.com/profile_images/1927775547/Vi_normal.jpg","time_zone":"Brasilia","url":"http://www.facebook.com/vmmazaro","contributors_enabled":false,"profile_background_tile":true,"follow_request_sent":null,"statuses_count":6025,"profile_use_background_image":true,"followers_count":1712,"following":null,"default_profile":false,"name":"Vinicius Mazaro ||","profile_sidebar_fill_color":"DDEEF6","location":"Brazil","notifications":null},"favorited":false}