{"in_reply_to_status_id_str":null,"in_reply_to_status_id":null,"coordinates":null,"truncated":false,"in_reply_to_user_id_str":null,"created_at":"Tue Oct 08 18:33:16 +0000 2013","source":"web","retweet_count":0,"retweeted":false,"geo":null,"filter_level":"medium","in_reply_to_screen_name":null,"entities":{"urls":[],"hashtags":[],"user_mentions":[{"indices":[27,36],"screen_name":"Bradesco","id_str":"79184083","name":"Banco Bradesco","id":79184083}],"symbols":[]},"id_str":"387646893393600512","in_reply_to_user_id":null,"favorite_count":0,"contributors":null,"text":"Nada contra quem faz greve @Bradesco, mas pelo jeito essa paralisação vai me custar 600 mangos por um problema que não se desenrola.","id":387646893393600512,"place":null,"lang":"pt","user":{"utc_offset":-10800,"friends_count":299,"profile_image_url_https":"https://si0.twimg.com/profile_images/1550036407/Felipe_01_normal.png","profile_background_image_url":"http://a0.twimg.com/profile_background_images/62755341/imagem.JPG","listed_count":9,"default_profile_image":false,"favourites_count":37,"description":"Sou eu e meus avessos.","created_at":"Sun May 10 02:46:06 +0000 2009","is_translator":false,"profile_background_image_url_https":"https://si0.twimg.com/profile_background_images/62755341/imagem.JPG","protected":false,"screen_name":"felipinhomoraes","id_str":"38980772","profile_link_color":"7B8EDB","geo_enabled":false,"id":38980772,"profile_background_color":"0A0A0A","lang":"en","profile_sidebar_border_color":"8391D4","profile_text_color":"0F0F0F","verified":false,"profile_image_url":"http://a0.twimg.com/profile_images/1550036407/Felipe_01_normal.png","time_zone":"Brasilia","url":null,"contributors_enabled":false,"profile_background_tile":false,"follow_request_sent":null,"statuses_count":16434,"profile_use_background_image":true,"followers_count":597,"following":null,"default_profile":false,"name":"Felipinho Moraes","profile_sidebar_fill_color":"99CC33","location":"Santo André, São Paulo, Brasil","notifications":null},"favorited":false}