{"in_reply_to_status_id_str":"387692503195205632","in_reply_to_status_id":387692503195205632,"coordinates":null,"truncated":false,"in_reply_to_user_id_str":"78317870","created_at":"Tue Oct 08 21:35:54 +0000 2013","source":"web","retweet_count":0,"retweeted":false,"geo":null,"filter_level":"medium","in_reply_to_screen_name":"AloBradesco","entities":{"urls":[],"hashtags":[],"user_mentions":[{"indices":[0,12],"screen_name":"AloBradesco","id_str":"78317870","name":"Alô Bradesco","id":78317870}],"symbols":[]},"id_str":"387692857269579777","in_reply_to_user_id":78317870,"favorite_count":0,"contributors":null,"text":"@AloBradesco Muito obrigado","id":387692857269579777,"place":null,"lang":"pt","user":{"utc_offset":-10800,"friends_count":213,"profile_image_url_https":"https://si0.twimg.com/profile_images/378800000017911207/b2b1c5533d59a3a2f5f13bc2687114b7_normal.jpeg","profile_background_image_url":"http://a0.twimg.com/profile_background_images/670935564/a1b3b5feed377172e7946f4b5bdc9439.jpeg","listed_count":73,"default_profile_image":false,"favourites_count":177,"description":"[...] e já que consegui vencer aqui, consigo vencer em qualquer lugar. Jay-Z ♥","created_at":"Sun Nov 08 17:28:05 +0000 2009","is_translator":false,"profile_background_image_url_https":"https://si0.twimg.com/profile_background_images/670935564/a1b3b5feed377172e7946f4b5bdc9439.jpeg","protected":false,"screen_name":"taatahtavares","id_str":"88464244","profile_link_color":"E508F5","geo_enabled":false,"id":88464244,"profile_background_color":"000000","lang":"pt","profile_sidebar_border_color":"FFFFFF","profile_text_color":"1F1F1F","verified":false,"profile_image_url":"http://a0.twimg.com/profile_images/378800000017911207/b2b1c5533d59a3a2f5f13bc2687114b7_normal.jpeg","time_zone":"Brasilia","url":"http://www.facebook.com/taynnatavares","contributors_enabled":false,"profile_banner_url":"https://pbs.twimg.com/profile_banners/88464244/1376365540","profile_background_tile":true,"follow_request_sent":null,"statuses_count":42386,"profile_use_background_image":true,"followers_count":1442,"following":null,"default_profile":false,"name":"tayná tavares ॐ","profile_sidebar_fill_color":"7AC3EE","location":"Brasil","notifications":null},"favorited":false}