{"in_reply_to_status_id_str":null,"in_reply_to_status_id":null,"coordinates":null,"truncated":false,"in_reply_to_user_id_str":"78317870","created_at":"Tue Oct 08 19:52:50 +0000 2013","source":"web","retweet_count":0,"retweeted":false,"geo":null,"filter_level":"medium","in_reply_to_screen_name":"AloBradesco","entities":{"urls":[],"hashtags":[],"user_mentions":[{"indices":[0,12],"screen_name":"AloBradesco","id_str":"78317870","name":"Alô Bradesco","id":78317870}],"symbols":[]},"id_str":"387666917277724672","in_reply_to_user_id":78317870,"favorite_count":0,"contributors":null,"text":"@AloBradesco preciso de vocês com uma questão, podem me contatar.","id":387666917277724672,"place":null,"lang":"pt","user":{"utc_offset":-10800,"friends_count":1233,"profile_image_url_https":"https://si0.twimg.com/profile_images/3509395656/a638bd9972423714aa337fd7e7f658ef_normal.jpeg","profile_background_image_url":"http://a0.twimg.com/profile_background_images/170029148/74415_450319083778_642453778_5588590_1945031_n.jpg","listed_count":30,"default_profile_image":false,"favourites_count":2,"description":"Profissional de e-commerce, experiência em comunicação empresarial, coordenador de desenvolvimento, viajante e buscando empreender!","created_at":"Wed May 21 18:34:04 +0000 2008","is_translator":false,"profile_background_image_url_https":"https://si0.twimg.com/profile_background_images/170029148/74415_450319083778_642453778_5588590_1945031_n.jpg","protected":false,"screen_name":"ErikGaldino","id_str":"14859990","profile_link_color":"0084B4","geo_enabled":true,"id":14859990,"profile_background_color":"022330","lang":"pt","profile_sidebar_border_color":"A8C7F7","profile_text_color":"333333","verified":false,"profile_image_url":"http://a0.twimg.com/profile_images/3509395656/a638bd9972423714aa337fd7e7f658ef_normal.jpeg","time_zone":"Brasilia","url":null,"contributors_enabled":false,"profile_background_tile":true,"follow_request_sent":null,"statuses_count":46138,"profile_use_background_image":true,"followers_count":1809,"following":null,"default_profile":false,"name":"Erik Galdino","profile_sidebar_fill_color":"C0DFEC","location":"São Paulo","notifications":null},"favorited":false}