{"in_reply_to_status_id_str":null,"in_reply_to_status_id":null,"coordinates":null,"truncated":false,"in_reply_to_user_id_str":null,"created_at":"Tue Oct 08 17:54:23 +0000 2013","source":"web","retweet_count":0,"retweeted":false,"geo":null,"filter_level":"medium","in_reply_to_screen_name":null,"entities":{"urls":[],"hashtags":[],"user_mentions":[{"indices":[56,65],"screen_name":"Bradesco","id_str":"79184083","name":"Banco Bradesco","id":79184083}],"symbols":[]},"id_str":"387637108573106176","in_reply_to_user_id":null,"favorite_count":0,"contributors":null,"text":"Não há mês que eu não tenha que ligar para o suporte do @Bradesco para pedir auxilio. Sempre alguma coisa no site não funciona.","id":387637108573106176,"place":null,"lang":"pt","user":{"utc_offset":-10800,"friends_count":75,"profile_image_url_https":"https://si0.twimg.com/profile_images/2325806355/2s1idb3qwja54qjg2fyj_normal.jpeg","profile_background_image_url":"http://a0.twimg.com/profile_background_images/28467095/email.jpg","listed_count":0,"default_profile_image":false,"favourites_count":227,"description":null,"created_at":"Fri Jul 03 17:34:27 +0000 2009","is_translator":false,"profile_background_image_url_https":"https://si0.twimg.com/profile_background_images/28467095/email.jpg","protected":false,"screen_name":"atdarocha","id_str":"53445600","profile_link_color":"8A1626","geo_enabled":true,"id":53445600,"profile_background_color":"420B14","lang":"pt","profile_sidebar_border_color":"D1D1D1","profile_text_color":"333333","verified":false,"profile_image_url":"http://a0.twimg.com/profile_images/2325806355/2s1idb3qwja54qjg2fyj_normal.jpeg","time_zone":"Brasilia","url":null,"contributors_enabled":false,"profile_background_tile":true,"follow_request_sent":null,"statuses_count":3022,"profile_use_background_image":false,"followers_count":44,"following":null,"default_profile":false,"name":"Alexandre Rocha","profile_sidebar_fill_color":"FFFFFF","location":"Brasil","notifications":null},"favorited":false}