{"in_reply_to_status_id_str":null,"in_reply_to_status_id":null,"coordinates":null,"truncated":false,"in_reply_to_user_id_str":null,"created_at":"Tue Oct 08 16:54:05 +0000 2013","source":"web","retweet_count":0,"retweeted":false,"geo":null,"filter_level":"medium","in_reply_to_screen_name":null,"entities":{"urls":[],"hashtags":[],"user_mentions":[{"indices":[40,49],"screen_name":"Bradesco","id_str":"79184083","name":"Banco Bradesco","id":79184083}],"symbols":[]},"id_str":"387621935472836608","in_reply_to_user_id":null,"favorite_count":0,"contributors":null,"text":"O que seria de mim sem os beneficios do @Bradesco???","id":387621935472836608,"place":null,"lang":"pt","user":{"utc_offset":-7200,"friends_count":167,"profile_image_url_https":"https://si0.twimg.com/profile_images/2307276917/1JB9P8Os_normal","profile_background_image_url":"http://abs.twimg.com/images/themes/theme12/bg.gif","listed_count":2,"default_profile_image":false,"favourites_count":2,"description":"Além do que os olhos podem ver...","created_at":"Fri Oct 09 00:04:45 +0000 2009","is_translator":false,"profile_background_image_url_https":"https://abs.twimg.com/images/themes/theme12/bg.gif","protected":false,"screen_name":"maydevegili","id_str":"80978920","profile_link_color":"FF0000","geo_enabled":true,"id":80978920,"profile_background_color":"BADFCD","lang":"en","profile_sidebar_border_color":"F2E195","profile_text_color":"0C3E53","verified":false,"profile_image_url":"http://a0.twimg.com/profile_images/2307276917/1JB9P8Os_normal","time_zone":"Greenland","url":null,"contributors_enabled":false,"profile_background_tile":false,"follow_request_sent":null,"statuses_count":88,"profile_use_background_image":true,"followers_count":54,"following":null,"default_profile":false,"name":"Mayara Devegili","profile_sidebar_fill_color":"FFF7CC","location":"Joinville-sc","notifications":null},"favorited":false}