{"in_reply_to_status_id_str":null,"in_reply_to_status_id":null,"coordinates":null,"truncated":false,"in_reply_to_user_id_str":"79184083","created_at":"Tue Oct 08 22:17:20 +0000 2013","source":"web","retweet_count":0,"retweeted":false,"geo":null,"filter_level":"medium","in_reply_to_screen_name":"Bradesco","entities":{"urls":[],"hashtags":[],"user_mentions":[{"indices":[0,9],"screen_name":"Bradesco","id_str":"79184083","name":"Banco Bradesco","id":79184083}],"symbols":[]},"id_str":"387703282908413952","in_reply_to_user_id":79184083,"favorite_count":0,"contributors":null,"text":"@Bradesco sempre um incomodo. Descontando R$100,00 da conta do meu pai sem motivo e não devolveram ainda. Juizado de pequenas causas, já.","id":387703282908413952,"place":null,"lang":"pt","user":{"utc_offset":null,"friends_count":215,"profile_image_url_https":"https://si0.twimg.com/profile_images/378800000429014981/b4a7eeb3bf6b798ba3076193cb9a6abf_normal.jpeg","profile_background_image_url":"http://a0.twimg.com/profile_background_images/378800000004655467/db80e621c0fb9b54c65d62d14718044d.jpeg","listed_count":13,"default_profile_image":false,"favourites_count":191,"description":"Uma mulher que não pensa por si mesmo, definitivamente não pensa","created_at":"Tue Aug 04 22:59:21 +0000 2009","is_translator":false,"profile_background_image_url_https":"https://si0.twimg.com/profile_background_images/378800000004655467/db80e621c0fb9b54c65d62d14718044d.jpeg","protected":false,"screen_name":"SrtVasconcelos","id_str":"62956347","profile_link_color":"CFCDC7","geo_enabled":true,"id":62956347,"profile_background_color":"FFFFFF","lang":"pt","profile_sidebar_border_color":"FFFFFF","profile_text_color":"71706D","verified":false,"profile_image_url":"http://a0.twimg.com/profile_images/378800000429014981/b4a7eeb3bf6b798ba3076193cb9a6abf_normal.jpeg","time_zone":null,"url":null,"contributors_enabled":false,"profile_banner_url":"https://pbs.twimg.com/profile_banners/62956347/1372779654","profile_background_tile":true,"follow_request_sent":null,"statuses_count":8047,"profile_use_background_image":true,"followers_count":423,"following":null,"default_profile":false,"name":"Monaliza Vasconcelos","profile_sidebar_fill_color":"D3E0E3","location":"Sp - Diadema","notifications":null},"favorited":false}