{"in_reply_to_status_id_str":null,"in_reply_to_status_id":null,"possibly_sensitive":false,"coordinates":null,"truncated":false,"in_reply_to_user_id_str":null,"created_at":"Tue Oct 08 23:11:58 +0000 2013","source":"<a href=\"http://twitter.com/#!/download/ipad\" rel=\"nofollow\">Twitter for iPad<\/a>","retweet_count":0,"retweeted":false,"geo":null,"filter_level":"medium","in_reply_to_screen_name":null,"entities":{"urls":[],"hashtags":[],"media":[{"display_url":"pic.twitter.com/MlgZTdwNNQ","indices":[98,120],"sizes":{"small":{"w":340,"h":255,"resize":"fit"},"large":{"w":500,"h":375,"resize":"fit"},"thumb":{"w":150,"h":150,"resize":"crop"},"medium":{"w":500,"h":375,"resize":"fit"}},"id_str":"387717030302199808","expanded_url":"http://twitter.com/cadulorena/status/387717030436421632/photo/1","media_url_https":"https://pbs.twimg.com/media/BWFylbiIMAAOMgh.jpg","id":387717030302199808,"type":"photo","media_url":"http://pbs.twimg.com/media/BWFylbiIMAAOMgh.jpg","url":"http://t.co/MlgZTdwNNQ"}],"user_mentions":[{"indices":[6,15],"screen_name":"Bradesco","id_str":"79184083","name":"Banco Bradesco","id":79184083}],"symbols":[]},"id_str":"387717030436421632","in_reply_to_user_id":null,"favorite_count":0,"contributors":null,"text":"Taê o @Bradesco praticando vandalismo contra sociedade ao colocar pedras pontiagudas em calçadas: http://t.co/MlgZTdwNNQ","id":387717030436421632,"place":null,"lang":"pt","user":{"utc_offset":-10800,"friends_count":186,"profile_image_url_https":"https://si0.twimg.com/profile_images/378800000464704652/0f2767e8aadae7948296c101e47c656f_normal.jpeg","profile_background_image_url":"http://a0.twimg.com/profile_background_images/358788395/imagesCAVBOJU8.jpg","listed_count":26,"default_profile_image":false,"favourites_count":897,"description":null,"created_at":"Thu Aug 05 03:07:59 +0000 2010","is_translator":false,"profile_background_image_url_https":"https://si0.twimg.com/profile_background_images/358788395/imagesCAVBOJU8.jpg","protected":false,"screen_name":"cadulorena","id_str":"174901520","profile_link_color":"000000","geo_enabled":true,"id":174901520,"profile_background_color":"FFFFFF","lang":"pt","profile_sidebar_border_color":"FFFFFF","profile_text_color":"000000","verified":false,"profile_image_url":"http://a0.twimg.com/profile_images/378800000464704652/0f2767e8aadae7948296c101e47c656f_normal.jpeg","time_zone":"Brasilia","url":null,"contributors_enabled":false,"profile_banner_url":"https://pbs.twimg.com/profile_banners/174901520/1379303323","profile_background_tile":false,"follow_request_sent":null,"statuses_count":84981,"profile_use_background_image":true,"followers_count":1153,"following":null,"default_profile":false,"name":"motorista de ovni","profile_sidebar_fill_color":"F7FF00","location":"","notifications":null},"favorited":false}