{"in_reply_to_status_id_str":"387242507652071424","in_reply_to_status_id":387242507652071424,"coordinates":null,"truncated":false,"in_reply_to_user_id_str":"78317870","created_at":"Wed Oct 09 01:37:43 +0000 2013","source":"web","retweet_count":0,"retweeted":false,"geo":null,"filter_level":"medium","in_reply_to_screen_name":"AloBradesco","entities":{"urls":[],"hashtags":[],"user_mentions":[{"indices":[0,12],"screen_name":"AloBradesco","id_str":"78317870","name":"Alô Bradesco","id":78317870}],"symbols":[]},"id_str":"387753709754540032","in_reply_to_user_id":78317870,"favorite_count":0,"contributors":null,"text":"@AloBradesco não. porque?","id":387753709754540032,"place":null,"lang":"pt","user":{"utc_offset":-10800,"friends_count":321,"profile_image_url_https":"https://si0.twimg.com/profile_images/2706080945/963dde18a693acf17823656611eae178_normal.png","profile_background_image_url":"http://abs.twimg.com/images/themes/theme15/bg.png","listed_count":47,"default_profile_image":false,"favourites_count":130,"description":"Heloisa Zambianco é Publicitária, Fotógrafa e Blogueira do [sub-estagiários. Apaixonada por Marketing Digital. http://about.me/hzambianco","created_at":"Wed Jul 23 00:29:57 +0000 2008","is_translator":false,"profile_background_image_url_https":"https://abs.twimg.com/images/themes/theme15/bg.png","protected":false,"screen_name":"hzambianco","id_str":"15548804","profile_link_color":"0084B4","geo_enabled":true,"id":15548804,"profile_background_color":"022330","lang":"pt","profile_sidebar_border_color":"A8C7F7","profile_text_color":"333333","verified":false,"profile_image_url":"http://a0.twimg.com/profile_images/2706080945/963dde18a693acf17823656611eae178_normal.png","time_zone":"Brasilia","url":"http://heloisazambianco.brandyourself.com","contributors_enabled":false,"profile_banner_url":"https://pbs.twimg.com/profile_banners/15548804/1361981225","profile_background_tile":false,"follow_request_sent":null,"statuses_count":24505,"profile_use_background_image":true,"followers_count":1096,"following":null,"default_profile":false,"name":"Heloisa Zambianco","profile_sidebar_fill_color":"C0DFEC","location":"São Paulo/Brasil","notifications":null},"favorited":false}