{"in_reply_to_status_id_str":null,"in_reply_to_status_id":null,"coordinates":null,"truncated":false,"in_reply_to_user_id_str":null,"created_at":"Wed Oct 09 00:38:32 +0000 2013","source":"web","retweet_count":0,"retweeted":false,"geo":null,"filter_level":"medium","in_reply_to_screen_name":null,"entities":{"urls":[],"hashtags":[{"indices":[96,105],"text":"aliviada"}],"user_mentions":[{"indices":[45,54],"screen_name":"Bradesco","id_str":"79184083","name":"Banco Bradesco","id":79184083}],"symbols":[]},"id_str":"387738817517469696","in_reply_to_user_id":null,"favorite_count":0,"contributors":null,"text":"Acabei de ser muito bem atendida pelo SAC do @Bradesco. Vou dormir com uma preocupação a menos. #aliviada","id":387738817517469696,"place":null,"lang":"pt","user":{"utc_offset":-10800,"friends_count":720,"profile_image_url_https":"https://si0.twimg.com/profile_images/378800000490548328/451ea685a9e5fcb85b7047d39e227529_normal.jpeg","profile_background_image_url":"http://a0.twimg.com/profile_background_images/378800000079772192/63fa103c8db633e3b75ac4d63fa851b3.png","listed_count":2,"default_profile_image":false,"favourites_count":7,"description":"Jornalista e professora de português, ligada no 220, politicamente correta e eternamente cansada.","created_at":"Sun Jul 12 21:08:30 +0000 2009","is_translator":false,"profile_background_image_url_https":"https://si0.twimg.com/profile_background_images/378800000079772192/63fa103c8db633e3b75ac4d63fa851b3.png","protected":false,"screen_name":"daninanda86","id_str":"56191560","profile_link_color":"0084B4","geo_enabled":true,"id":56191560,"profile_background_color":"022330","lang":"pt","profile_sidebar_border_color":"FFFFFF","profile_text_color":"333333","verified":false,"profile_image_url":"http://a0.twimg.com/profile_images/378800000490548328/451ea685a9e5fcb85b7047d39e227529_normal.jpeg","time_zone":"Santiago","url":null,"contributors_enabled":false,"profile_banner_url":"https://pbs.twimg.com/profile_banners/56191560/1366252724","profile_background_tile":true,"follow_request_sent":null,"statuses_count":1106,"profile_use_background_image":true,"followers_count":435,"following":null,"default_profile":false,"name":"Daniela Teixeira","profile_sidebar_fill_color":"C0DFEC","location":"Ribeirão Preto","notifications":null},"favorited":false}