{"in_reply_to_status_id_str":null,"in_reply_to_status_id":null,"coordinates":null,"truncated":false,"in_reply_to_user_id_str":null,"created_at":"Tue Oct 08 22:07:15 +0000 2013","source":"<a href=\"http://itunes.apple.com/us/app/twitter/id409789998?mt=12\" rel=\"nofollow\">Twitter for Mac<\/a>","retweet_count":0,"retweeted":false,"geo":null,"filter_level":"medium","in_reply_to_screen_name":null,"entities":{"urls":[],"hashtags":[],"user_mentions":[{"indices":[23,32],"screen_name":"Bradesco","id_str":"79184083","name":"Banco Bradesco","id":79184083},{"indices":[81,94],"screen_name":"santander_br","id_str":"48700857","name":"Santander Brasil","id":48700857}],"symbols":[]},"id_str":"387700746336354305","in_reply_to_user_id":null,"favorite_count":0,"contributors":null,"text":"Em 2 meses de conta no @bradesco já vi que ele tem a proeza de ser pior do que o @santander_br. Eita banco complicado pra qualquer coisa.","id":387700746336354305,"place":null,"lang":"pt","user":{"utc_offset":-10800,"friends_count":191,"profile_image_url_https":"https://si0.twimg.com/profile_images/2463184540/atshc1ewa1n3lgt7aik7_normal.jpeg","profile_background_image_url":"http://a0.twimg.com/profile_background_images/796837339/a1bccf584c4f2089b79b1ee30fe62823.jpeg","listed_count":5,"default_profile_image":false,"favourites_count":16,"description":"Fotógrafo e desenvolvedor front-end, corinthiano apostólico romano, geek nas horas vagas, louco por futebol, velocidade, rock'n'roll e outras coisitas mais.","created_at":"Wed Oct 01 18:50:57 +0000 2008","is_translator":false,"profile_background_image_url_https":"https://si0.twimg.com/profile_background_images/796837339/a1bccf584c4f2089b79b1ee30fe62823.jpeg","protected":false,"screen_name":"nunohenrique","id_str":"16548084","profile_link_color":"E04F11","geo_enabled":false,"id":16548084,"profile_background_color":"FFFFFF","lang":"pt","profile_sidebar_border_color":"FFFFFF","profile_text_color":"000000","verified":false,"profile_image_url":"http://a0.twimg.com/profile_images/2463184540/atshc1ewa1n3lgt7aik7_normal.jpeg","time_zone":"Brasilia","url":"http://www.nunohenrique.com.br","contributors_enabled":false,"profile_background_tile":false,"follow_request_sent":null,"statuses_count":1829,"profile_use_background_image":true,"followers_count":178,"following":null,"default_profile":false,"name":"Nuno Henrique","profile_sidebar_fill_color":"FEDF17","location":"São Paulo","notifications":null},"favorited":false}