{"in_reply_to_status_id_str":null,"in_reply_to_status_id":null,"coordinates":null,"truncated":false,"in_reply_to_user_id_str":null,"created_at":"Wed Oct 09 02:43:42 +0000 2013","source":"web","retweet_count":0,"retweeted":false,"geo":null,"filter_level":"medium","in_reply_to_screen_name":null,"entities":{"urls":[],"hashtags":[],"user_mentions":[{"indices":[8,17],"screen_name":"Bradesco","id_str":"79184083","name":"Banco Bradesco","id":79184083}],"symbols":[]},"id_str":"387770318414020608","in_reply_to_user_id":null,"favorite_count":0,"contributors":null,"text":"Querido @Bradesco. Gostaria demais de realizar um DOC com urgência, mas seu Fone Fácil não permite e os atendentes não respondem. Difícil","id":387770318414020608,"place":null,"lang":"pt","user":{"utc_offset":-7200,"friends_count":409,"profile_image_url_https":"https://si0.twimg.com/profile_images/378800000407768033/5a6e3ea595aea3baf90abd8775d7cb68_normal.jpeg","profile_background_image_url":"http://a0.twimg.com/profile_background_images/844307034/172a81c62995c7041f22d5adb62d4ced.jpeg","listed_count":17,"default_profile_image":false,"favourites_count":198,"description":"My Dark Passanger describes me better.","created_at":"Tue Dec 23 17:36:41 +0000 2008","is_translator":false,"profile_background_image_url_https":"https://si0.twimg.com/profile_background_images/844307034/172a81c62995c7041f22d5adb62d4ced.jpeg","protected":false,"screen_name":"mailavigne","id_str":"18337721","profile_link_color":"636363","geo_enabled":true,"id":18337721,"profile_background_color":"D6AFD6","lang":"en","profile_sidebar_border_color":"FFFFFF","profile_text_color":"000000","verified":false,"profile_image_url":"http://a0.twimg.com/profile_images/378800000407768033/5a6e3ea595aea3baf90abd8775d7cb68_normal.jpeg","time_zone":"Greenland","url":"http://www.fotolog.com.br/missgelol","contributors_enabled":false,"profile_banner_url":"https://pbs.twimg.com/profile_banners/18337721/1366065833","profile_background_tile":true,"follow_request_sent":null,"statuses_count":23902,"profile_use_background_image":true,"followers_count":429,"following":null,"default_profile":false,"name":"Mai ;","profile_sidebar_fill_color":"D6AFD6","location":"Brasília","notifications":null},"favorited":false}