{"in_reply_to_status_id_str":"387729006218338305","in_reply_to_status_id":387729006218338305,"coordinates":null,"truncated":false,"in_reply_to_user_id_str":"137777595","created_at":"Wed Oct 09 00:09:42 +0000 2013","source":"<a href=\"http://twitter.com/download/iphone\" rel=\"nofollow\">Twitter for iPhone<\/a>","retweet_count":0,"retweeted":false,"geo":null,"filter_level":"medium","in_reply_to_screen_name":"Teledramaturgia","entities":{"urls":[],"hashtags":[{"indices":[49,58],"text":"Bradesco"}],"user_mentions":[{"indices":[61,77],"screen_name":"Teledramaturgia","id_str":"137777595","name":"Nilson Xavier","id":137777595}],"symbols":[]},"id_str":"387731562558947328","in_reply_to_user_id":137777595,"favorite_count":0,"contributors":null,"text":"Apoiado! Eu já disse: por favor, NÃO abra cta no #Bradesco! \u201c@Teledramaturgia: Oi Seu Jair, não passa esse comercial de novo, por favor!\u201d","id":387731562558947328,"place":null,"lang":"pt","user":{"utc_offset":null,"friends_count":160,"profile_image_url_https":"https://si0.twimg.com/profile_images/3741579947/130cb5ffcdc8116c05800061781d8622_normal.jpeg","profile_background_image_url":"http://abs.twimg.com/images/themes/theme1/bg.png","listed_count":2,"default_profile_image":false,"favourites_count":4,"description":"Cada um sabe a dor e a delícia de ser o que é (Caetano)","created_at":"Sun Aug 30 02:11:56 +0000 2009","is_translator":false,"profile_background_image_url_https":"https://abs.twimg.com/images/themes/theme1/bg.png","protected":false,"screen_name":"lucianavarro","id_str":"70022892","profile_link_color":"0084B4","geo_enabled":false,"id":70022892,"profile_background_color":"C0DEED","lang":"en","profile_sidebar_border_color":"C0DEED","profile_text_color":"333333","verified":false,"profile_image_url":"http://a0.twimg.com/profile_images/3741579947/130cb5ffcdc8116c05800061781d8622_normal.jpeg","time_zone":null,"url":"http://lucianavarrobrasil.wordpress.com","contributors_enabled":false,"profile_banner_url":"https://pbs.twimg.com/profile_banners/70022892/1370110049","profile_background_tile":false,"follow_request_sent":null,"statuses_count":7270,"profile_use_background_image":true,"followers_count":83,"following":null,"default_profile":true,"name":"Lucia Navarro","profile_sidebar_fill_color":"DDEEF6","location":"","notifications":null},"favorited":false}