{"in_reply_to_status_id_str":null,"in_reply_to_status_id":null,"possibly_sensitive":false,"coordinates":null,"truncated":false,"in_reply_to_user_id_str":null,"created_at":"Wed Oct 09 03:31:45 +0000 2013","source":"<a href=\"http://www.myplume.com/\" rel=\"nofollow\">Plume for Android<\/a>","retweet_count":0,"retweeted":false,"geo":null,"filter_level":"medium","in_reply_to_screen_name":null,"entities":{"urls":[{"display_url":"pragmatismopolitico.com.br/2013/10/brades\u2026","indices":[94,116],"expanded_url":"http://www.pragmatismopolitico.com.br/2013/10/bradesco-ocupa-calcada-pedras-pontiagudas-evitar-mendigos.html","url":"http://t.co/2YkEsqC1qo"}],"hashtags":[{"indices":[44,53],"text":"Bradesco"}],"user_mentions":[{"indices":[17,29],"screen_name":"AloBradesco","id_str":"78317870","name":"Alô Bradesco","id":78317870},{"indices":[33,43],"screen_name":"ale_borba","id_str":"79571698","name":"Alê Borba","id":79571698}],"symbols":[]},"id_str":"387782406549536769","in_reply_to_user_id":null,"favorite_count":0,"contributors":null,"text":"Que imbecilidade @AloBradesco RT @ale_borba #Bradesco, sempre fudendo com a vida das pessoas! http://t.co/2YkEsqC1qo","id":387782406549536769,"place":null,"lang":"pt","user":{"utc_offset":-10800,"friends_count":695,"profile_image_url_https":"https://si0.twimg.com/profile_images/378800000562117908/cbf313f07a4748e5e6071ecbc29274b4_normal.png","profile_background_image_url":"http://a0.twimg.com/profile_background_images/610637649/8vtio5wafg5a8cddusn5.jpeg","listed_count":32,"default_profile_image":false,"favourites_count":447,"description":"Sou root da minha própria vida, mas esqueci a senha pra poder usar o sudo.","created_at":"Wed Jun 24 18:27:49 +0000 2009","is_translator":false,"profile_background_image_url_https":"https://si0.twimg.com/profile_background_images/610637649/8vtio5wafg5a8cddusn5.jpeg","protected":false,"screen_name":"helioloureiro","id_str":"50389191","profile_link_color":"2FC2EF","geo_enabled":true,"id":50389191,"profile_background_color":"1A1B1F","lang":"en","profile_sidebar_border_color":"181A1E","profile_text_color":"666666","verified":false,"profile_image_url":"http://a0.twimg.com/profile_images/378800000562117908/cbf313f07a4748e5e6071ecbc29274b4_normal.png","time_zone":"Brasilia","url":"http://helio.loureiro.eng.br","contributors_enabled":false,"profile_background_tile":true,"follow_request_sent":null,"statuses_count":40373,"profile_use_background_image":true,"followers_count":668,"following":null,"default_profile":false,"name":"Helio Loureiro","profile_sidebar_fill_color":"252429","location":"cd ~","notifications":null},"favorited":false}