{"in_reply_to_status_id_str":null,"in_reply_to_status_id":null,"possibly_sensitive":false,"coordinates":null,"truncated":false,"in_reply_to_user_id_str":null,"created_at":"Wed Oct 09 04:49:46 +0000 2013","source":"<a href=\"http://twitter.com/tweetbutton\" rel=\"nofollow\">Tweet Button<\/a>","retweet_count":0,"retweeted":false,"geo":null,"filter_level":"medium","in_reply_to_screen_name":null,"entities":{"urls":[{"display_url":"br.noticias.yahoo.com/blogs/vi-na-in\u2026","indices":[104,126],"expanded_url":"http://br.noticias.yahoo.com/blogs/vi-na-internet/bradesco-p%C3%B5e-pedras-pontiagudas-para-impedir-mendigos-deitarem-153059344.html","url":"http://t.co/qcprpZimOF"}],"hashtags":[{"indices":[0,9],"text":"Bradesco"}],"user_mentions":[{"indices":[131,139],"screen_name":"YahooBr","id_str":"31161322","name":"Yahoo! Brasil","id":31161322}],"symbols":[]},"id_str":"387802042162360320","in_reply_to_user_id":null,"favorite_count":0,"contributors":null,"text":"#Bradesco põe pedras pontiagudas em calçada para afastar mendigos de agência em Manaus | Yahoo Notícias http://t.co/qcprpZimOF via @YahooBR","id":387802042162360320,"place":null,"lang":"pt","user":{"utc_offset":-10800,"friends_count":664,"profile_image_url_https":"https://si0.twimg.com/profile_images/378800000098199435/5afd48e2d34949a49e7b76d06f78d026_normal.jpeg","profile_background_image_url":"http://abs.twimg.com/images/themes/theme14/bg.gif","listed_count":5,"default_profile_image":false,"favourites_count":15,"description":"Professor e um eterno estudante.","created_at":"Tue Sep 08 17:32:54 +0000 2009","is_translator":false,"profile_background_image_url_https":"https://abs.twimg.com/images/themes/theme14/bg.gif","protected":false,"screen_name":"WillDiasSS","id_str":"72611647","profile_link_color":"009999","geo_enabled":false,"id":72611647,"profile_background_color":"131516","lang":"pt","profile_sidebar_border_color":"000000","profile_text_color":"333333","verified":false,"profile_image_url":"http://a0.twimg.com/profile_images/378800000098199435/5afd48e2d34949a49e7b76d06f78d026_normal.jpeg","time_zone":"Brasilia","url":"http://ask.fm/WillDiasSS","contributors_enabled":false,"profile_banner_url":"https://pbs.twimg.com/profile_banners/72611647/1380178959","profile_background_tile":true,"follow_request_sent":null,"statuses_count":9086,"profile_use_background_image":true,"followers_count":576,"following":null,"default_profile":false,"name":"Willian Dias","profile_sidebar_fill_color":"EFEFEF","location":"Aparecida - Goiás - Brasil","notifications":null},"favorited":false}