{"in_reply_to_status_id_str":"387895582100320256","in_reply_to_status_id":387895582100320256,"coordinates":null,"truncated":false,"in_reply_to_user_id_str":"78317870","created_at":"Wed Oct 09 11:05:42 +0000 2013","source":"web","retweet_count":0,"retweeted":false,"geo":null,"filter_level":"medium","in_reply_to_screen_name":"AloBradesco","entities":{"urls":[],"hashtags":[],"user_mentions":[{"indices":[0,12],"screen_name":"AloBradesco","id_str":"78317870","name":"Alô Bradesco","id":78317870}],"symbols":[]},"id_str":"387896647679631360","in_reply_to_user_id":78317870,"favorite_count":0,"contributors":null,"text":"@AloBradesco ++ E eu não sei que senha usar :/","id":387896647679631360,"place":null,"lang":"pt","user":{"utc_offset":-10800,"friends_count":464,"profile_image_url_https":"https://si0.twimg.com/profile_images/378800000424227812/96bd1232f038036861f8e63b81af01a7_normal.jpeg","profile_background_image_url":"http://a0.twimg.com/profile_background_images/378800000090173671/dab5d980be46268409132939cad167e9.jpeg","listed_count":2,"default_profile_image":false,"favourites_count":68,"description":"#Deusacimadetudo","created_at":"Sun Nov 07 15:11:11 +0000 2010","is_translator":false,"profile_background_image_url_https":"https://si0.twimg.com/profile_background_images/378800000090173671/dab5d980be46268409132939cad167e9.jpeg","protected":false,"screen_name":"Mires_olb","id_str":"212957421","profile_link_color":"CC3366","geo_enabled":true,"id":212957421,"profile_background_color":"DBE9ED","lang":"pt","profile_sidebar_border_color":"FFFFFF","profile_text_color":"454545","verified":false,"profile_image_url":"http://a0.twimg.com/profile_images/378800000424227812/96bd1232f038036861f8e63b81af01a7_normal.jpeg","time_zone":"Brasilia","url":"https://www.facebook.com/tamires.oliveira.900","contributors_enabled":false,"profile_banner_url":"https://pbs.twimg.com/profile_banners/212957421/1376318655","profile_background_tile":true,"follow_request_sent":null,"statuses_count":11967,"profile_use_background_image":true,"followers_count":458,"following":null,"default_profile":false,"name":"Mih said: ","profile_sidebar_fill_color":"F0398C","location":"Garanhuns - PE","notifications":null},"favorited":false}