{"in_reply_to_status_id_str":null,"in_reply_to_status_id":null,"coordinates":null,"truncated":false,"in_reply_to_user_id_str":null,"created_at":"Wed Oct 09 16:36:41 +0000 2013","source":"<a href=\"http://twitter.com/download/android\" rel=\"nofollow\">Twitter for Android<\/a>","retweet_count":0,"retweeted":false,"geo":null,"filter_level":"medium","in_reply_to_screen_name":null,"entities":{"urls":[],"hashtags":[],"user_mentions":[{"indices":[12,24],"screen_name":"paodeacucar","id_str":"16424754","name":"Pão de Açúcar","id":16424754},{"indices":[27,39],"screen_name":"AloBradesco","id_str":"78317870","name":"Alô Bradesco","id":78317870}],"symbols":[]},"id_str":"387979943294279680","in_reply_to_user_id":null,"favorite_count":0,"contributors":null,"text":"Parabéns ao @paodeacucar e @AloBradesco  pela iniciativa! Gostamos desse feedback das nossas reclamações! E esperamos melhorias, claro!","id":387979943294279680,"place":null,"lang":"pt","user":{"utc_offset":-10800,"friends_count":231,"profile_image_url_https":"https://si0.twimg.com/profile_images/1632713940/bm2jHs2N_normal","profile_background_image_url":"http://a0.twimg.com/profile_background_images/268614365/estampa_xadrez.jpg","listed_count":4,"default_profile_image":false,"favourites_count":11,"description":"Me alugo para causar ciúme no outro, ocupar corações frustrados, relacionamentos casuais e afins. Trabalho por cerveja. Tratar por DM!","created_at":"Mon Apr 06 23:27:44 +0000 2009","is_translator":false,"profile_background_image_url_https":"https://si0.twimg.com/profile_background_images/268614365/estampa_xadrez.jpg","protected":false,"screen_name":"FredPinto","id_str":"29324874","profile_link_color":"0099CC","geo_enabled":true,"id":29324874,"profile_background_color":"FFF04D","lang":"pt","profile_sidebar_border_color":"FFF8AD","profile_text_color":"333333","verified":false,"profile_image_url":"http://a0.twimg.com/profile_images/1632713940/bm2jHs2N_normal","time_zone":"Brasilia","url":"http://www.facebook.com/frederico.pinto.35","contributors_enabled":false,"profile_background_tile":true,"follow_request_sent":null,"statuses_count":17708,"profile_use_background_image":true,"followers_count":200,"following":null,"default_profile":false,"name":"Frederico F. Pinto","profile_sidebar_fill_color":"F6FFD1","location":"Brasil","notifications":null},"favorited":false}