{"in_reply_to_status_id_str":null,"in_reply_to_status_id":null,"possibly_sensitive":false,"coordinates":null,"truncated":false,"in_reply_to_user_id_str":null,"created_at":"Wed Oct 09 17:37:15 +0000 2013","source":"<a href=\"http://www.tweetdeck.com\" rel=\"nofollow\">TweetDeck<\/a>","retweet_count":0,"retweeted":false,"geo":null,"filter_level":"medium","in_reply_to_screen_name":null,"entities":{"urls":[{"display_url":"folhasocial.com/2013/10/brades\u2026","indices":[60,82],"expanded_url":"http://www.folhasocial.com/2013/10/bradesco-cola-pedras-pontiagudas-para.html","url":"http://t.co/kp0gWteVDL"}],"hashtags":[],"user_mentions":[{"indices":[1,10],"screen_name":"Bradesco","id_str":"79184083","name":"Banco Bradesco","id":79184083}],"symbols":[]},"id_str":"387995184073424896","in_reply_to_user_id":null,"favorite_count":0,"contributors":null,"text":".@Bradesco: \"Quem tem, tem mais\". Quem não tem, se fode aí. http://t.co/kp0gWteVDL","id":387995184073424896,"place":null,"lang":"pt","user":{"utc_offset":-10800,"friends_count":950,"profile_image_url_https":"https://si0.twimg.com/profile_images/378800000515165992/ab0ae68c108339c3cefb84023ee7a14e_normal.jpeg","profile_background_image_url":"http://a0.twimg.com/profile_background_images/378800000080916303/5dcda8d1af6884dbe4ada7932c995db5.jpeg","listed_count":6,"default_profile_image":false,"favourites_count":528,"description":"ヾ(⌐■_■)ノ♪","created_at":"Thu May 07 11:19:42 +0000 2009","is_translator":false,"profile_background_image_url_https":"https://si0.twimg.com/profile_background_images/378800000080916303/5dcda8d1af6884dbe4ada7932c995db5.jpeg","protected":false,"screen_name":"christianobalz","id_str":"38411794","profile_link_color":"784D12","geo_enabled":false,"id":38411794,"profile_background_color":"DCEEC6","lang":"pt","profile_sidebar_border_color":"FFFFFF","profile_text_color":"3F6941","verified":false,"profile_image_url":"http://a0.twimg.com/profile_images/378800000515165992/ab0ae68c108339c3cefb84023ee7a14e_normal.jpeg","time_zone":"Brasilia","url":null,"contributors_enabled":false,"profile_banner_url":"https://pbs.twimg.com/profile_banners/38411794/1377176739","profile_background_tile":true,"follow_request_sent":null,"statuses_count":8217,"profile_use_background_image":true,"followers_count":299,"following":null,"default_profile":false,"name":"Christiano Balz","profile_sidebar_fill_color":"E3F4DA","location":"","notifications":null},"favorited":false}