{"in_reply_to_status_id_str":null,"in_reply_to_status_id":null,"coordinates":null,"truncated":false,"in_reply_to_user_id_str":null,"created_at":"Wed Oct 09 13:50:41 +0000 2013","source":"<a href=\"http://twitter.com/download/android\" rel=\"nofollow\">Twitter for Android<\/a>","retweet_count":0,"retweeted":false,"geo":null,"filter_level":"medium","in_reply_to_screen_name":null,"entities":{"urls":[],"hashtags":[],"user_mentions":[{"indices":[24,33],"screen_name":"Bradesco","id_str":"79184083","name":"Banco Bradesco","id":79184083}],"symbols":[]},"id_str":"387938166340341760","in_reply_to_user_id":null,"favorite_count":0,"contributors":null,"text":"cada vez odiando mais o @bradesco","id":387938166340341760,"place":null,"lang":"pt","user":{"utc_offset":-10800,"friends_count":130,"profile_image_url_https":"https://si0.twimg.com/profile_images/378800000564470213/543959d606c83cbe6b5592bd0b22f33a_normal.jpeg","profile_background_image_url":"http://a0.twimg.com/profile_background_images/856700647/ff5c971c3806749fd0eb7b799b82acdc.jpeg","listed_count":2,"default_profile_image":false,"favourites_count":892,"description":"you build up hope, but failure's all you've known","created_at":"Thu Oct 28 23:14:57 +0000 2010","is_translator":false,"profile_background_image_url_https":"https://si0.twimg.com/profile_background_images/856700647/ff5c971c3806749fd0eb7b799b82acdc.jpeg","protected":false,"screen_name":"tulioBarrosSg","id_str":"209308834","profile_link_color":"0084B4","geo_enabled":true,"id":209308834,"profile_background_color":"3A4347","lang":"en","profile_sidebar_border_color":"FFFFFF","profile_text_color":"0A1EFF","verified":false,"profile_image_url":"http://a0.twimg.com/profile_images/378800000564470213/543959d606c83cbe6b5592bd0b22f33a_normal.jpeg","time_zone":"Santiago","url":null,"contributors_enabled":false,"profile_banner_url":"https://pbs.twimg.com/profile_banners/209308834/1378944864","profile_background_tile":true,"follow_request_sent":null,"statuses_count":15123,"profile_use_background_image":true,"followers_count":340,"following":null,"default_profile":false,"name":"Tulio Barros Sgorlon","profile_sidebar_fill_color":"080B0D","location":"","notifications":null},"favorited":false}