{"in_reply_to_status_id_str":"387948294501978112","in_reply_to_status_id":387948294501978112,"coordinates":null,"truncated":false,"in_reply_to_user_id_str":"67196670","created_at":"Wed Oct 09 14:34:14 +0000 2013","source":"<a href=\"http://www.scup.com.br\" rel=\"nofollow\">Scup<\/a>","retweet_count":0,"retweeted":false,"geo":null,"filter_level":"medium","in_reply_to_screen_name":"FlavyaPereira","entities":{"urls":[],"hashtags":[],"user_mentions":[{"indices":[0,14],"screen_name":"FlavyaPereira","id_str":"67196670","name":"Flávya Pereira","id":67196670}],"symbols":[]},"id_str":"387949126820052992","in_reply_to_user_id":67196670,"favorite_count":0,"contributors":null,"text":"@FlavyaPereira Olá! Vc contatou o Fone Fácil?","id":387949126820052992,"place":null,"lang":"pt","user":{"utc_offset":-10800,"friends_count":16289,"profile_image_url_https":"https://si0.twimg.com/profile_images/1465923306/avatar_alobradesco_normal.png","profile_background_image_url":"http://a0.twimg.com/profile_background_images/378800000082154111/242b5dc081af24d865e6d65e3d27b24b.jpeg","listed_count":231,"default_profile_image":false,"favourites_count":55,"description":"Trabalhamos dia e noite para atender você, onde estiver e quando precisar. Use esse canal para interagir conosco e conte com a presença do Bradesco.","created_at":"Tue Sep 29 14:06:14 +0000 2009","is_translator":false,"profile_background_image_url_https":"https://si0.twimg.com/profile_background_images/378800000082154111/242b5dc081af24d865e6d65e3d27b24b.jpeg","protected":false,"screen_name":"AloBradesco","id_str":"78317870","profile_link_color":"757036","geo_enabled":false,"id":78317870,"profile_background_color":"A80F0F","lang":"pt","profile_sidebar_border_color":"FFFFFF","profile_text_color":"333333","verified":false,"profile_image_url":"http://a0.twimg.com/profile_images/1465923306/avatar_alobradesco_normal.png","time_zone":"Brasilia","url":"http://www.bradesco.com.br","contributors_enabled":false,"profile_banner_url":"https://pbs.twimg.com/profile_banners/78317870/1379846488","profile_background_tile":false,"follow_request_sent":null,"statuses_count":146389,"profile_use_background_image":true,"followers_count":20971,"following":null,"default_profile":false,"name":"Alô Bradesco","profile_sidebar_fill_color":"DDEEF6","location":"Brasil","notifications":null},"favorited":false}