{"in_reply_to_status_id_str":null,"in_reply_to_status_id":null,"coordinates":null,"truncated":false,"in_reply_to_user_id_str":null,"created_at":"Wed Oct 09 16:38:10 +0000 2013","source":"web","retweet_count":0,"retweeted":false,"geo":null,"filter_level":"medium","in_reply_to_screen_name":null,"entities":{"urls":[],"hashtags":[],"user_mentions":[{"indices":[19,28],"screen_name":"Bradesco","id_str":"79184083","name":"Banco Bradesco","id":79184083}],"symbols":[]},"id_str":"387980318600204288","in_reply_to_user_id":null,"favorite_count":0,"contributors":null,"text":"Essa propaganda do @Bradesco é a coisa mais irritante e escrota que já vi na vida! E olha que o Brasil é mestre em fazer comercial ruim!","id":387980318600204288,"place":{"country_code":"BR","country":"Brasil","full_name":"Ribeirão Preto, São Paulo","bounding_box":{"coordinates":[[[-47.989299,-21.368536],[-47.989299,-21.058036],[-47.646692,-21.058036],[-47.646692,-21.368536]]],"type":"Polygon"},"place_type":"city","name":"Ribeirão Preto","attributes":{},"id":"f0e55b3f11b41899","url":"https://api.twitter.com/1.1/geo/id/f0e55b3f11b41899.json"},"lang":"pt","user":{"utc_offset":-10800,"friends_count":121,"profile_image_url_https":"https://si0.twimg.com/profile_images/378800000549390207/27c04cfd3e62503604c7c80e18903ea2_normal.jpeg","profile_background_image_url":"http://a0.twimg.com/profile_background_images/266109495/capa_cd_twitter.jpg","listed_count":8,"default_profile_image":false,"favourites_count":74,"description":"Não repara, não que aqui eu sou eu mesma","created_at":"Wed Jul 15 02:43:39 +0000 2009","is_translator":false,"profile_background_image_url_https":"https://si0.twimg.com/profile_background_images/266109495/capa_cd_twitter.jpg","protected":false,"screen_name":"noellepenha","id_str":"56901068","profile_link_color":"0084B4","geo_enabled":true,"id":56901068,"profile_background_color":"9AE4E8","lang":"en","profile_sidebar_border_color":"FFFFFF","profile_text_color":"333333","verified":false,"profile_image_url":"http://a0.twimg.com/profile_images/378800000549390207/27c04cfd3e62503604c7c80e18903ea2_normal.jpeg","time_zone":"Brasilia","url":null,"contributors_enabled":false,"profile_banner_url":"https://pbs.twimg.com/profile_banners/56901068/1369620204","profile_background_tile":false,"follow_request_sent":null,"statuses_count":71422,"profile_use_background_image":true,"followers_count":452,"following":null,"default_profile":false,"name":"Noelle Penha","profile_sidebar_fill_color":"DDFFCC","location":"","notifications":null},"favorited":false}