{"in_reply_to_status_id_str":null,"in_reply_to_status_id":null,"coordinates":null,"truncated":false,"in_reply_to_user_id_str":null,"created_at":"Wed Oct 09 17:40:35 +0000 2013","source":"web","retweet_count":0,"retweeted":false,"geo":null,"filter_level":"medium","in_reply_to_screen_name":null,"entities":{"urls":[],"hashtags":[],"user_mentions":[{"indices":[124,133],"screen_name":"Bradesco","id_str":"79184083","name":"Banco Bradesco","id":79184083}],"symbols":[]},"id_str":"387996025689894912","in_reply_to_user_id":null,"favorite_count":0,"contributors":null,"text":"Nossa tá complicado para eu verificar o porque estão cobrando anuidade do meu cartão de credito sendo que nunca usei e  eai @Bradesco","id":387996025689894912,"place":null,"lang":"pt","user":{"utc_offset":-10800,"friends_count":33,"profile_image_url_https":"https://si0.twimg.com/profile_images/378800000565799380/b8f8537035f5bd71070a11fc9e10144b_normal.jpeg","profile_background_image_url":"http://a0.twimg.com/profile_background_images/803124480/87e8cbdba81717f1b20e000fee76583f.jpeg","listed_count":0,"default_profile_image":false,"favourites_count":193,"description":null,"created_at":"Mon Mar 29 02:09:07 +0000 2010","is_translator":false,"profile_background_image_url_https":"https://si0.twimg.com/profile_background_images/803124480/87e8cbdba81717f1b20e000fee76583f.jpeg","protected":false,"screen_name":"Danilomartir","id_str":"127393101","profile_link_color":"0A97B0","geo_enabled":true,"id":127393101,"profile_background_color":"0C5059","lang":"pt","profile_sidebar_border_color":"FFFFFF","profile_text_color":"634047","verified":false,"profile_image_url":"http://a0.twimg.com/profile_images/378800000565799380/b8f8537035f5bd71070a11fc9e10144b_normal.jpeg","time_zone":"Brasilia","url":"https://www.facebook.com/danilomartir","contributors_enabled":false,"profile_background_tile":false,"follow_request_sent":null,"statuses_count":1028,"profile_use_background_image":true,"followers_count":72,"following":null,"default_profile":false,"name":"Danilo Martir","profile_sidebar_fill_color":"E3E2DE","location":"Brasil, São Paulo","notifications":null},"favorited":false}