{"in_reply_to_status_id_str":null,"in_reply_to_status_id":null,"coordinates":null,"truncated":false,"in_reply_to_user_id_str":null,"created_at":"Wed Oct 09 15:01:17 +0000 2013","source":"<a href=\"http://twitter.com/download/android\" rel=\"nofollow\">Twitter for Android<\/a>","retweet_count":0,"retweeted":false,"geo":null,"filter_level":"medium","in_reply_to_screen_name":null,"entities":{"urls":[],"hashtags":[],"user_mentions":[{"indices":[15,24],"screen_name":"Bradesco","id_str":"79184083","name":"Banco Bradesco","id":79184083}],"symbols":[]},"id_str":"387955933646966785","in_reply_to_user_id":null,"favorite_count":0,"contributors":null,"text":"Atendimento no @Bradesco é péssimo!","id":387955933646966785,"place":null,"lang":"pt","user":{"utc_offset":-10800,"friends_count":360,"profile_image_url_https":"https://si0.twimg.com/profile_images/2889228974/284fa9ef3fcbc594b4123cefd7a0c27b_normal.jpeg","profile_background_image_url":"http://a0.twimg.com/profile_background_images/856193729/9c84b12bfa85858b1830d8e5619d83d2.jpeg","listed_count":0,"default_profile_image":false,"favourites_count":4,"description":"Simplesmente ariana!","created_at":"Sun Feb 13 10:00:10 +0000 2011","is_translator":false,"profile_background_image_url_https":"https://si0.twimg.com/profile_background_images/856193729/9c84b12bfa85858b1830d8e5619d83d2.jpeg","protected":false,"screen_name":"elmescania","id_str":"251533377","profile_link_color":"D61CD6","geo_enabled":false,"id":251533377,"profile_background_color":"F08DA9","lang":"en","profile_sidebar_border_color":"FFFFFF","profile_text_color":"C7C1BB","verified":false,"profile_image_url":"http://a0.twimg.com/profile_images/2889228974/284fa9ef3fcbc594b4123cefd7a0c27b_normal.jpeg","time_zone":"Brasilia","url":null,"contributors_enabled":false,"profile_banner_url":"https://pbs.twimg.com/profile_banners/251533377/1362353994","profile_background_tile":true,"follow_request_sent":null,"statuses_count":1081,"profile_use_background_image":true,"followers_count":159,"following":null,"default_profile":false,"name":"Angélica Elmescany","profile_sidebar_fill_color":"FAFAFA","location":"","notifications":null},"favorited":false}