{"in_reply_to_status_id_str":null,"in_reply_to_status_id":null,"coordinates":null,"truncated":false,"in_reply_to_user_id_str":null,"created_at":"Wed Oct 09 16:15:49 +0000 2013","source":"<a href=\"http://twitter.com/download/android\" rel=\"nofollow\">Twitter for Android<\/a>","retweet_count":0,"retweeted":false,"geo":null,"filter_level":"medium","in_reply_to_screen_name":null,"entities":{"urls":[],"hashtags":[],"user_mentions":[{"indices":[32,37],"screen_name":"itau","id_str":"179398386","name":"Itaú","id":179398386},{"indices":[44,53],"screen_name":"Bradesco","id_str":"79184083","name":"Banco Bradesco","id":79184083}],"symbols":[]},"id_str":"387974691157454848","in_reply_to_user_id":null,"favorite_count":0,"contributors":null,"text":"acho que vou abrir uma conta no @itau ou no @Bradesco ,ainda to em dúvida","id":387974691157454848,"place":null,"lang":"pt","user":{"utc_offset":-7200,"friends_count":811,"profile_image_url_https":"https://si0.twimg.com/profile_images/378800000525567896/9e2281786d10df534bc8eaa9f7773c51_normal.jpeg","profile_background_image_url":"http://a0.twimg.com/profile_background_images/859605266/8a34a7162405a9a9df0d5bd6bd463876.png","listed_count":118,"default_profile_image":false,"favourites_count":243,"description":"18 , futura fotógrafa | vencer e avançar,a luta só termina quando acaba!","created_at":"Wed Oct 28 04:16:05 +0000 2009","is_translator":false,"profile_background_image_url_https":"https://si0.twimg.com/profile_background_images/859605266/8a34a7162405a9a9df0d5bd6bd463876.png","protected":false,"screen_name":"heytutty","id_str":"85741451","profile_link_color":"F567CF","geo_enabled":true,"id":85741451,"profile_background_color":"F08BDC","lang":"en","profile_sidebar_border_color":"FFFFFF","profile_text_color":"F243F2","verified":false,"profile_image_url":"http://a0.twimg.com/profile_images/378800000525567896/9e2281786d10df534bc8eaa9f7773c51_normal.jpeg","time_zone":"Greenland","url":"http://instagram.com/heytutty","contributors_enabled":false,"profile_banner_url":"https://pbs.twimg.com/profile_banners/85741451/1380480182","profile_background_tile":true,"follow_request_sent":null,"statuses_count":72207,"profile_use_background_image":true,"followers_count":1065,"following":null,"default_profile":false,"name":"princess noise ","profile_sidebar_fill_color":"7AC3EE","location":"São Paulo","notifications":null},"favorited":false}