{"in_reply_to_status_id_str":"387948103674126336","in_reply_to_status_id":387948103674126336,"coordinates":null,"truncated":false,"in_reply_to_user_id_str":"79184083","created_at":"Wed Oct 09 14:30:55 +0000 2013","source":"web","retweet_count":0,"retweeted":false,"geo":null,"filter_level":"medium","in_reply_to_screen_name":"Bradesco","entities":{"urls":[],"hashtags":[],"user_mentions":[{"indices":[0,9],"screen_name":"Bradesco","id_str":"79184083","name":"Banco Bradesco","id":79184083}],"symbols":[]},"id_str":"387948294501978112","in_reply_to_user_id":79184083,"favorite_count":0,"contributors":null,"text":"@Bradesco Adoraria fazer todas as operações pelo tablet. Mas o Bradesco não libera...","id":387948294501978112,"place":null,"lang":"pt","user":{"utc_offset":-10800,"friends_count":988,"profile_image_url_https":"https://si0.twimg.com/profile_images/378800000555178595/3eedd0b2d59157213e8907b06e92c9df_normal.jpeg","profile_background_image_url":"http://a0.twimg.com/profile_background_images/378800000050738508/0d1d957bdc4319f87d54830cb8803657.jpeg","listed_count":23,"default_profile_image":false,"favourites_count":1632,"description":"Jornalista. Repórter e produtora de TV - Estudante de MBA em Agronegócios | Periodista. Reportera y productora de televisión. Estudiante de MBA en Agroindustria","created_at":"Thu Aug 20 02:05:04 +0000 2009","is_translator":false,"profile_background_image_url_https":"https://si0.twimg.com/profile_background_images/378800000050738508/0d1d957bdc4319f87d54830cb8803657.jpeg","protected":false,"screen_name":"FlavyaPereira","id_str":"67196670","profile_link_color":"0B244A","geo_enabled":true,"id":67196670,"profile_background_color":"7412B5","lang":"en-gb","profile_sidebar_border_color":"000000","profile_text_color":"120D12","verified":false,"profile_image_url":"http://a0.twimg.com/profile_images/378800000555178595/3eedd0b2d59157213e8907b06e92c9df_normal.jpeg","time_zone":"Brasilia","url":"http://www.youtube.com/channel/UCaqMweCzdTlyK049cOUDOfA","contributors_enabled":false,"profile_banner_url":"https://pbs.twimg.com/profile_banners/67196670/1368733693","profile_background_tile":false,"follow_request_sent":null,"statuses_count":72993,"profile_use_background_image":true,"followers_count":1157,"following":null,"default_profile":false,"name":"Flávya Pereira","profile_sidebar_fill_color":"6C2BC2","location":"Belo Horizonte/MG/Brasil","notifications":null},"favorited":false}