{"in_reply_to_status_id_str":null,"in_reply_to_status_id":null,"coordinates":null,"truncated":false,"in_reply_to_user_id_str":null,"created_at":"Thu Oct 10 00:02:38 +0000 2013","source":"web","retweet_count":1,"retweeted":false,"geo":null,"in_reply_to_screen_name":null,"entities":{"urls":[],"hashtags":[{"indices":[123,138],"text":"Bocanotrombone"}],"user_mentions":[{"indices":[8,19],"screen_name":"GugaNoblat","id_str":"69069168","name":"Guga Noblat","id":69069168},{"indices":[32,43],"screen_name":"Vivoemrede","id_str":"43218789","name":"Vivo em Rede","id":43218789},{"indices":[63,71],"screen_name":"DELITAS","id_str":"81438965","name":"DELITAS","id":81438965},{"indices":[110,122],"screen_name":"AloBradesco","id_str":"78317870","name":"Alô Bradesco","id":78317870}],"symbols":[]},"id_str":"388092171770810368","in_reply_to_user_id":null,"favorite_count":0,"contributors":null,"text":"Ontem o @GugaNoblat reclamou da @vivoemrede foi atendido. Hoje @Delitas reclama da American Express aparece o @AloBradesco #Bocanotrombone","id":388092171770810368,"place":null,"lang":"pt","user":{"utc_offset":-10800,"friends_count":1482,"profile_image_url_https":"https://si0.twimg.com/profile_images/378800000563357881/148709edc8ce634d8ea4377013427307_normal.jpeg","profile_background_image_url":"http://a0.twimg.com/profile_background_images/305675445/p8m3vh21-bwflowers.jpg","listed_count":11,"default_profile_image":false,"favourites_count":2769,"description":"\u201cDiante da vastidão do tempo e da imensidão do universo, é um imenso prazer para mim dividir um planeta e uma época com você.\u201d","created_at":"Mon Jun 29 18:26:33 +0000 2009","is_translator":false,"profile_background_image_url_https":"https://si0.twimg.com/profile_background_images/305675445/p8m3vh21-bwflowers.jpg","protected":false,"screen_name":"EllieSBr","id_str":"52140653","profile_link_color":"7A2279","geo_enabled":true,"id":52140653,"profile_background_color":"827280","lang":"en","profile_sidebar_border_color":"56A5B3","profile_text_color":"6B6060","verified":false,"profile_image_url":"http://a0.twimg.com/profile_images/378800000563357881/148709edc8ce634d8ea4377013427307_normal.jpeg","time_zone":"Brasilia","url":null,"contributors_enabled":false,"profile_background_tile":false,"follow_request_sent":null,"statuses_count":42955,"profile_use_background_image":true,"followers_count":480,"following":null,"default_profile":false,"name":"EllieSBr","profile_sidebar_fill_color":"C2AAAA","location":"Brasil","notifications":null},"favorited":false}