{"in_reply_to_status_id_str":null,"in_reply_to_status_id":null,"possibly_sensitive":false,"coordinates":null,"truncated":false,"in_reply_to_user_id_str":null,"created_at":"Wed Oct 09 20:25:17 +0000 2013","source":"web","retweet_count":0,"retweeted":false,"geo":null,"filter_level":"medium","in_reply_to_screen_name":null,"entities":{"urls":[{"display_url":"bit.ly/17Xno5K","indices":[118,140],"expanded_url":"http://bit.ly/17Xno5K","url":"http://t.co/Ye7W6btYx3"}],"hashtags":[],"user_mentions":[{"indices":[2,11],"screen_name":"Bradesco","id_str":"79184083","name":"Banco Bradesco","id":79184083}],"symbols":[]},"id_str":"388037470589161472","in_reply_to_user_id":null,"favorite_count":0,"contributors":null,"text":"O @Bradesco emitiu o 1º Cartão BNDES de Serra Nova Dourada. Entrega, amanhã, marcará chegada do produto a 100% do MT: http://t.co/Ye7W6btYx3","id":388037470589161472,"place":null,"lang":"pt","user":{"utc_offset":-10800,"friends_count":2669,"profile_image_url_https":"https://si0.twimg.com/profile_images/817700622/avatar_twitter_bndes_imprensa_normal.jpg","profile_background_image_url":"http://a0.twimg.com/profile_background_images/91515147/fundo_twitter_bndes_imprensa.jpg","listed_count":472,"default_profile_image":false,"favourites_count":0,"description":"Canal de divulgação junto à Imprensa. Entrevistas: imprensa@bndes.gov.br. Dúvidas: http://bndes.gov.br/faleconosco ou 0800 702 6337","created_at":"Mon Apr 05 18:38:41 +0000 2010","is_translator":false,"profile_background_image_url_https":"https://si0.twimg.com/profile_background_images/91515147/fundo_twitter_bndes_imprensa.jpg","protected":false,"screen_name":"bndes_imprensa","id_str":"129892683","profile_link_color":"36A391","geo_enabled":true,"id":129892683,"profile_background_color":"58857F","lang":"pt","profile_sidebar_border_color":"7D99BA","profile_text_color":"000000","verified":false,"profile_image_url":"http://a0.twimg.com/profile_images/817700622/avatar_twitter_bndes_imprensa_normal.jpg","time_zone":"Santiago","url":"http://www.bndes.gov.br","contributors_enabled":false,"profile_background_tile":false,"follow_request_sent":null,"statuses_count":2646,"profile_use_background_image":true,"followers_count":38904,"following":null,"default_profile":false,"name":"BNDES","profile_sidebar_fill_color":"D9EBE6","location":"Brasil","notifications":null},"favorited":false}