{"in_reply_to_status_id_str":null,"in_reply_to_status_id":null,"coordinates":null,"truncated":false,"in_reply_to_user_id_str":"79184083","created_at":"Wed Oct 09 18:14:03 +0000 2013","source":"web","retweet_count":0,"retweeted":false,"geo":null,"filter_level":"medium","in_reply_to_screen_name":"Bradesco","entities":{"urls":[],"hashtags":[],"user_mentions":[{"indices":[0,9],"screen_name":"Bradesco","id_str":"79184083","name":"Banco Bradesco","id":79184083}],"symbols":[]},"id_str":"388004446942146560","in_reply_to_user_id":79184083,"favorite_count":0,"contributors":null,"text":"@Bradesco Estou tentando pagar pelo internet banking 1 boleto da CEF que possui um X na linha digitável, mas a pág. não aceita. O q faço?","id":388004446942146560,"place":null,"lang":"pt","user":{"utc_offset":-10800,"friends_count":481,"profile_image_url_https":"https://si0.twimg.com/profile_images/1141068247/imagemtwitter3_normal.png","profile_background_image_url":"http://a0.twimg.com/profile_background_images/43446135/fundo.gif","listed_count":55,"default_profile_image":false,"favourites_count":1,"description":"Este é o Twitter do site NossoLook.  Administrado por Renata Salles - Espero que fiquem em contato! Assuntos: Maquiagem, Cursos, Beleza (Make up, Beauty).","created_at":"Fri Oct 02 04:49:24 +0000 2009","is_translator":false,"profile_background_image_url_https":"https://si0.twimg.com/profile_background_images/43446135/fundo.gif","protected":false,"screen_name":"NossoLook","id_str":"79097730","profile_link_color":"9D582E","geo_enabled":true,"id":79097730,"profile_background_color":"8B542B","lang":"pt","profile_sidebar_border_color":"D9B17E","profile_text_color":"333333","verified":false,"profile_image_url":"http://a0.twimg.com/profile_images/1141068247/imagemtwitter3_normal.png","time_zone":"Brasilia","url":"http://www.nossolook.com.br","contributors_enabled":false,"profile_background_tile":true,"follow_request_sent":null,"statuses_count":6880,"profile_use_background_image":true,"followers_count":2383,"following":null,"default_profile":false,"name":"Nosso Look - Renata","profile_sidebar_fill_color":"EADEAA","location":"","notifications":null},"favorited":false}