{"in_reply_to_status_id_str":"388043815770001409","in_reply_to_status_id":388043815770001409,"coordinates":null,"truncated":false,"in_reply_to_user_id_str":"72839847","created_at":"Wed Oct 09 20:53:18 +0000 2013","source":"web","retweet_count":0,"retweeted":false,"geo":null,"filter_level":"medium","in_reply_to_screen_name":"de_vieira","entities":{"urls":[],"hashtags":[],"user_mentions":[{"indices":[0,10],"screen_name":"de_vieira","id_str":"72839847","name":"Deise Vieira","id":72839847},{"indices":[11,20],"screen_name":"Bradesco","id_str":"79184083","name":"Banco Bradesco","id":79184083}],"symbols":[]},"id_str":"388044521725906944","in_reply_to_user_id":72839847,"favorite_count":0,"contributors":null,"text":"@de_vieira @Bradesco Registro por aqui também, Bradesco é o pior. Em todos os sentidos.","id":388044521725906944,"place":null,"lang":"pt","user":{"utc_offset":-10800,"friends_count":156,"profile_image_url_https":"https://si0.twimg.com/profile_images/378800000139128532/c187a4d34f8207bc4bbc4b140f6740cf_normal.jpeg","profile_background_image_url":"http://a0.twimg.com/profile_background_images/827248568/ab12a943a9d3fcb7e17225b4eead6c51.jpeg","listed_count":13,"default_profile_image":false,"favourites_count":100,"description":"'Eu não sei o que quero ser. Mas sei o que não quero me tornar'","created_at":"Sun Aug 23 05:06:13 +0000 2009","is_translator":false,"profile_background_image_url_https":"https://si0.twimg.com/profile_background_images/827248568/ab12a943a9d3fcb7e17225b4eead6c51.jpeg","protected":false,"screen_name":"oliveira_marii","id_str":"68077660","profile_link_color":"B00E5F","geo_enabled":false,"id":68077660,"profile_background_color":"FFFFFF","lang":"pt","profile_sidebar_border_color":"FFFFFF","profile_text_color":"030203","verified":false,"profile_image_url":"http://a0.twimg.com/profile_images/378800000139128532/c187a4d34f8207bc4bbc4b140f6740cf_normal.jpeg","time_zone":"Santiago","url":"http://bau-da-mari.blogspot.com/","contributors_enabled":false,"profile_banner_url":"https://pbs.twimg.com/profile_banners/68077660/1374685112","profile_background_tile":false,"follow_request_sent":null,"statuses_count":27218,"profile_use_background_image":true,"followers_count":331,"following":null,"default_profile":false,"name":"Marília Oliveira","profile_sidebar_fill_color":"F7F7C3","location":"Teresina-PI","notifications":null},"favorited":false}