{"in_reply_to_status_id_str":null,"in_reply_to_status_id":null,"possibly_sensitive":false,"coordinates":{"coordinates":[-34.91914007,-8.16781286],"type":"Point"},"truncated":false,"in_reply_to_user_id_str":null,"created_at":"Wed Oct 09 19:41:15 +0000 2013","source":"<a href=\"http://instagram.com\" rel=\"nofollow\">Instagram<\/a>","retweet_count":0,"retweeted":false,"geo":{"coordinates":[-8.16781286,-34.91914007],"type":"Point"},"filter_level":"medium","in_reply_to_screen_name":null,"entities":{"urls":[{"display_url":"instagram.com/p/fQj1dUTOR-/","indices":[99,121],"expanded_url":"http://instagram.com/p/fQj1dUTOR-/","url":"http://t.co/CraZmH45gf"}],"hashtags":[{"indices":[60,69],"text":"Bradesco"},{"indices":[87,93],"text":"greve"}],"user_mentions":[],"symbols":[]},"id_str":"388026392975532033","in_reply_to_user_id":null,"favorite_count":0,"contributors":null,"text":"Estou a quase 6 horas tentando pagar a fatura do meu cartão #Bradesco, esses bancos de #greve, ja\u2026 http://t.co/CraZmH45gf","id":388026392975532033,"place":{"country_code":"BR","country":"Brasil","full_name":"Jaboatão dos Guararapes, Pernambuco","bounding_box":{"coordinates":[[[-35.09776,-8.242254],[-35.09776,-8.054913],[-34.909714,-8.054913],[-34.909714,-8.242254]]],"type":"Polygon"},"place_type":"city","name":"Jaboatão dos Guararapes","attributes":{},"id":"bf35d6804909118a","url":"https://api.twitter.com/1.1/geo/id/bf35d6804909118a.json"},"lang":"pt","user":{"utc_offset":-7200,"friends_count":264,"profile_image_url_https":"https://si0.twimg.com/profile_images/1742567396/189954_153422148051792_100001520233017_330678_4265600_n_normal.jpg","profile_background_image_url":"http://a0.twimg.com/profile_background_images/576171327/dfrgnqbzk1hqd1os8fhl.jpeg","listed_count":41,"default_profile_image":false,"favourites_count":9,"description":"Hoje sei ser,o que a terra veio me ensinar\r\nSobre as coisas que vêm do coração\r\nPra que eu possa trazer para mim e pra você..\r\nLiberdade pra dentro da cabeça!","created_at":"Sat Jul 24 23:38:30 +0000 2010","is_translator":false,"profile_background_image_url_https":"https://si0.twimg.com/profile_background_images/576171327/dfrgnqbzk1hqd1os8fhl.jpeg","protected":false,"screen_name":"souldeko","id_str":"170480441","profile_link_color":"333333","geo_enabled":true,"id":170480441,"profile_background_color":"B2DFDA","lang":"pt","profile_sidebar_border_color":"EEEEEE","profile_text_color":"333333","verified":false,"profile_image_url":"http://a0.twimg.com/profile_images/1742567396/189954_153422148051792_100001520233017_330678_4265600_n_normal.jpg","time_zone":"Greenland","url":"http://www.facebook.com/souldeko","contributors_enabled":false,"profile_banner_url":"https://pbs.twimg.com/profile_banners/170480441/1348081489","profile_background_tile":false,"follow_request_sent":null,"statuses_count":12216,"profile_use_background_image":true,"followers_count":533,"following":null,"default_profile":false,"name":"André Rodrigues-Deko","profile_sidebar_fill_color":"F6F6F6","location":"Recife / Frankfurt ☜═㋡ ","notifications":null},"favorited":false}