{"in_reply_to_status_id_str":null,"in_reply_to_status_id":null,"coordinates":null,"truncated":false,"in_reply_to_user_id_str":null,"created_at":"Wed Oct 09 23:38:43 +0000 2013","source":"web","retweet_count":0,"retweeted":false,"geo":null,"filter_level":"medium","in_reply_to_screen_name":null,"entities":{"urls":[],"hashtags":[],"user_mentions":[{"indices":[52,65],"screen_name":"santander_br","id_str":"48700857","name":"Santander Brasil","id":48700857},{"indices":[66,71],"screen_name":"itau","id_str":"179398386","name":"Itaú","id":179398386},{"indices":[74,83],"screen_name":"Bradesco","id_str":"79184083","name":"Banco Bradesco","id":79184083}],"symbols":[]},"id_str":"388086149652021248","in_reply_to_user_id":null,"favorite_count":0,"contributors":null,"text":"Parece que não dá mais para comprar no exterior com @santander_br @itau e @Bradesco ¬¬ Migração para HSBC iniciada.","id":388086149652021248,"place":null,"lang":"pt","user":{"utc_offset":-10800,"friends_count":376,"profile_image_url_https":"https://si0.twimg.com/profile_images/2311817516/06c91ffe-78e2-447b-8e6c-eb066577701a_normal.png","profile_background_image_url":"http://abs.twimg.com/images/themes/theme1/bg.png","listed_count":2,"default_profile_image":false,"favourites_count":233,"description":"System Analyst at Grupo Ănima","created_at":"Tue Jan 13 00:30:53 +0000 2009","is_translator":false,"profile_background_image_url_https":"https://abs.twimg.com/images/themes/theme1/bg.png","protected":false,"screen_name":"refsaito","id_str":"18921988","profile_link_color":"0084B4","geo_enabled":true,"id":18921988,"profile_background_color":"C0DEED","lang":"pt","profile_sidebar_border_color":"C0DEED","profile_text_color":"333333","verified":false,"profile_image_url":"http://a0.twimg.com/profile_images/2311817516/06c91ffe-78e2-447b-8e6c-eb066577701a_normal.png","time_zone":"Brasilia","url":null,"contributors_enabled":false,"profile_background_tile":false,"follow_request_sent":null,"statuses_count":1932,"profile_use_background_image":true,"followers_count":131,"following":null,"default_profile":true,"name":"Renato Saito","profile_sidebar_fill_color":"DDEEF6","location":"Belo Horizonte, Minas Gerais","notifications":null},"favorited":false}