{"in_reply_to_status_id_str":null,"in_reply_to_status_id":null,"possibly_sensitive":false,"coordinates":null,"truncated":false,"in_reply_to_user_id_str":null,"created_at":"Wed Oct 09 21:31:03 +0000 2013","source":"<a href=\"http://www.google.com/\" rel=\"nofollow\">Google<\/a>","retweet_count":0,"retweeted":false,"geo":null,"filter_level":"medium","in_reply_to_screen_name":null,"entities":{"urls":[{"display_url":"goo.gl/fb/ZZxMB","indices":[94,116],"expanded_url":"http://goo.gl/fb/ZZxMB","url":"http://t.co/57PTQMDgIn"}],"hashtags":[{"indices":[23,32],"text":"Bradesco"}],"user_mentions":[],"symbols":[]},"id_str":"388054023750045697","in_reply_to_user_id":null,"favorite_count":0,"contributors":null,"text":"Desbloqueio de Cartões #Bradesco: Saiba como desbloquear o seu cartão Bradesco novo, ou caso\u2026 http://t.co/57PTQMDgIn","id":388054023750045697,"place":null,"lang":"pt","user":{"utc_offset":-10800,"friends_count":27,"profile_image_url_https":"https://si0.twimg.com/profile_images/431572181/enternauta_normal.png","profile_background_image_url":"http://abs.twimg.com/images/themes/theme7/bg.gif","listed_count":2,"default_profile_image":false,"favourites_count":0,"description":"Twitter de vários blogs da família EnterNauta","created_at":"Mon Feb 16 18:18:52 +0000 2009","is_translator":false,"profile_background_image_url_https":"https://abs.twimg.com/images/themes/theme7/bg.gif","protected":false,"screen_name":"enternauta","id_str":"21009819","profile_link_color":"990000","geo_enabled":false,"id":21009819,"profile_background_color":"EBEBEB","lang":"en","profile_sidebar_border_color":"DFDFDF","profile_text_color":"333333","verified":false,"profile_image_url":"http://a0.twimg.com/profile_images/431572181/enternauta_normal.png","time_zone":"Brasilia","url":"http://enternauta.com","contributors_enabled":false,"profile_background_tile":false,"follow_request_sent":null,"statuses_count":7821,"profile_use_background_image":true,"followers_count":97,"following":null,"default_profile":false,"name":"Enter Nauta","profile_sidebar_fill_color":"F3F3F3","location":"","notifications":null},"favorited":false}