{"in_reply_to_status_id_str":"388018680988463106","in_reply_to_status_id":388018680988463106,"possibly_sensitive":false,"coordinates":null,"truncated":false,"in_reply_to_user_id_str":"78317870","created_at":"Wed Oct 09 19:39:30 +0000 2013","source":"web","retweet_count":0,"retweeted":false,"geo":null,"filter_level":"medium","in_reply_to_screen_name":"AloBradesco","entities":{"urls":[],"hashtags":[],"media":[{"display_url":"pic.twitter.com/et7NzZ9hJz","indices":[42,64],"sizes":{"small":{"w":340,"h":165,"resize":"fit"},"large":{"w":1024,"h":497,"resize":"fit"},"thumb":{"w":150,"h":150,"resize":"crop"},"medium":{"w":600,"h":291,"resize":"fit"}},"id_str":"388025952262819840","expanded_url":"http://twitter.com/NossoLook/status/388025952258625536/photo/1","media_url_https":"https://pbs.twimg.com/media/BWKLjDhCEAAwSZS.jpg","id":388025952262819840,"type":"photo","media_url":"http://pbs.twimg.com/media/BWKLjDhCEAAwSZS.jpg","url":"http://t.co/et7NzZ9hJz"}],"user_mentions":[{"indices":[0,12],"screen_name":"AloBradesco","id_str":"78317870","name":"Alô Bradesco","id":78317870}],"symbols":[]},"id_str":"388025952258625536","in_reply_to_user_id":78317870,"favorite_count":0,"contributors":null,"text":"@AloBradesco Sim. Veja a linha digitável: http://t.co/et7NzZ9hJz","id":388025952258625536,"place":null,"lang":"pt","user":{"utc_offset":-10800,"friends_count":481,"profile_image_url_https":"https://si0.twimg.com/profile_images/1141068247/imagemtwitter3_normal.png","profile_background_image_url":"http://a0.twimg.com/profile_background_images/43446135/fundo.gif","listed_count":55,"default_profile_image":false,"favourites_count":1,"description":"Este é o Twitter do site NossoLook.  Administrado por Renata Salles - Espero que fiquem em contato! Assuntos: Maquiagem, Cursos, Beleza (Make up, Beauty).","created_at":"Fri Oct 02 04:49:24 +0000 2009","is_translator":false,"profile_background_image_url_https":"https://si0.twimg.com/profile_background_images/43446135/fundo.gif","protected":false,"screen_name":"NossoLook","id_str":"79097730","profile_link_color":"9D582E","geo_enabled":true,"id":79097730,"profile_background_color":"8B542B","lang":"pt","profile_sidebar_border_color":"D9B17E","profile_text_color":"333333","verified":false,"profile_image_url":"http://a0.twimg.com/profile_images/1141068247/imagemtwitter3_normal.png","time_zone":"Brasilia","url":"http://www.nossolook.com.br","contributors_enabled":false,"profile_background_tile":true,"follow_request_sent":null,"statuses_count":6883,"profile_use_background_image":true,"followers_count":2384,"following":null,"default_profile":false,"name":"Nosso Look - Renata","profile_sidebar_fill_color":"EADEAA","location":"","notifications":null},"favorited":false}