{"in_reply_to_status_id_str":"388078731329544192","in_reply_to_status_id":388078731329544192,"coordinates":null,"truncated":false,"in_reply_to_user_id_str":"78317870","created_at":"Wed Oct 09 23:11:38 +0000 2013","source":"web","retweet_count":0,"retweeted":false,"geo":null,"filter_level":"medium","in_reply_to_screen_name":"AloBradesco","entities":{"urls":[],"hashtags":[],"user_mentions":[{"indices":[0,12],"screen_name":"AloBradesco","id_str":"78317870","name":"Alô Bradesco","id":78317870}],"symbols":[]},"id_str":"388079336709840896","in_reply_to_user_id":78317870,"favorite_count":0,"contributors":null,"text":"@AloBradesco não está funcionando a opção \"falar com um de nossos atendentes\". Sou direcionado para o mesmo menu..","id":388079336709840896,"place":null,"lang":"pt","user":{"utc_offset":-10800,"friends_count":272,"profile_image_url_https":"https://si0.twimg.com/profile_images/378800000531874645/5ec517cacdafea641d86d6501bbdd890_normal.jpeg","profile_background_image_url":"http://a0.twimg.com/profile_background_images/378800000056914848/b0f42be6b42e74379c1b3b8261ee11f7.jpeg","listed_count":28,"default_profile_image":false,"favourites_count":195,"description":"Comentarista independente e extra-oficial de assuntos relacionados ao Cruzeiro E.C. Não gosta de futebol? Não é cruzeirense? Não siga.","created_at":"Sun May 03 02:58:31 +0000 2009","is_translator":false,"profile_background_image_url_https":"https://si0.twimg.com/profile_background_images/378800000056914848/b0f42be6b42e74379c1b3b8261ee11f7.jpeg","protected":false,"screen_name":"benhurcoimbra","id_str":"37348529","profile_link_color":"06054F","geo_enabled":true,"id":37348529,"profile_background_color":"010203","lang":"pt","profile_sidebar_border_color":"000000","profile_text_color":"333333","verified":false,"profile_image_url":"http://a0.twimg.com/profile_images/378800000531874645/5ec517cacdafea641d86d6501bbdd890_normal.jpeg","time_zone":"Brasilia","url":"http://www.facebook.com/benhurcoimbra","contributors_enabled":false,"profile_banner_url":"https://pbs.twimg.com/profile_banners/37348529/1378601770","profile_background_tile":true,"follow_request_sent":null,"statuses_count":33081,"profile_use_background_image":true,"followers_count":977,"following":null,"default_profile":false,"name":"Ben Hur Coimbra","profile_sidebar_fill_color":"F6F6F6","location":"Vale do Aço - Belo Horizonte","notifications":null},"favorited":false}