{"in_reply_to_status_id_str":"388033471832395776","in_reply_to_status_id":388033471832395776,"coordinates":null,"truncated":false,"in_reply_to_user_id_str":"78317870","created_at":"Wed Oct 09 20:11:05 +0000 2013","source":"<a href=\"http://twitter.com/tweetbutton\" rel=\"nofollow\">Tweet Button<\/a>","retweet_count":0,"retweeted":false,"geo":null,"filter_level":"medium","in_reply_to_screen_name":"AloBradesco","entities":{"urls":[],"hashtags":[],"user_mentions":[{"indices":[0,12],"screen_name":"AloBradesco","id_str":"78317870","name":"Alô Bradesco","id":78317870}],"symbols":[]},"id_str":"388033898682130432","in_reply_to_user_id":78317870,"favorite_count":0,"contributors":null,"text":"@AloBradesco  Ok, mesmo assim muito obrigada.  Vou ver o que consigo fazer.  Atendimento 10 de vcs hoje!","id":388033898682130432,"place":null,"lang":"pt","user":{"utc_offset":-10800,"friends_count":481,"profile_image_url_https":"https://si0.twimg.com/profile_images/1141068247/imagemtwitter3_normal.png","profile_background_image_url":"http://a0.twimg.com/profile_background_images/43446135/fundo.gif","listed_count":55,"default_profile_image":false,"favourites_count":1,"description":"Este é o Twitter do site NossoLook.  Administrado por Renata Salles - Espero que fiquem em contato! Assuntos: Maquiagem, Cursos, Beleza (Make up, Beauty).","created_at":"Fri Oct 02 04:49:24 +0000 2009","is_translator":false,"profile_background_image_url_https":"https://si0.twimg.com/profile_background_images/43446135/fundo.gif","protected":false,"screen_name":"NossoLook","id_str":"79097730","profile_link_color":"9D582E","geo_enabled":true,"id":79097730,"profile_background_color":"8B542B","lang":"pt","profile_sidebar_border_color":"D9B17E","profile_text_color":"333333","verified":false,"profile_image_url":"http://a0.twimg.com/profile_images/1141068247/imagemtwitter3_normal.png","time_zone":"Brasilia","url":"http://www.nossolook.com.br","contributors_enabled":false,"profile_background_tile":true,"follow_request_sent":null,"statuses_count":6885,"profile_use_background_image":true,"followers_count":2384,"following":null,"default_profile":false,"name":"Nosso Look - Renata","profile_sidebar_fill_color":"EADEAA","location":"","notifications":null},"favorited":false}