{"in_reply_to_status_id_str":"388094361256611840","in_reply_to_status_id":388094361256611840,"coordinates":null,"truncated":false,"in_reply_to_user_id_str":"78317870","created_at":"Thu Oct 10 00:14:39 +0000 2013","source":"web","retweet_count":0,"retweeted":false,"geo":null,"filter_level":"medium","in_reply_to_screen_name":"AloBradesco","entities":{"urls":[],"hashtags":[],"user_mentions":[{"indices":[0,12],"screen_name":"AloBradesco","id_str":"78317870","name":"Alô Bradesco","id":78317870}],"symbols":[]},"id_str":"388095195016753152","in_reply_to_user_id":78317870,"favorite_count":0,"contributors":null,"text":"@AloBradesco ´Mandei DM 2, aguardo solução!","id":388095195016753152,"place":null,"lang":"pt","user":{"utc_offset":-7200,"friends_count":141,"profile_image_url_https":"https://si0.twimg.com/profile_images/745761826/Euzinaha_D.O._normal.jpg","profile_background_image_url":"http://abs.twimg.com/images/themes/theme8/bg.gif","listed_count":154,"default_profile_image":false,"favourites_count":4,"description":"Delis Ortiz - Jornalista","created_at":"Sat Oct 10 20:51:36 +0000 2009","is_translator":false,"profile_background_image_url_https":"https://abs.twimg.com/images/themes/theme8/bg.gif","protected":false,"screen_name":"DELITAS","id_str":"81438965","profile_link_color":"9D582E","geo_enabled":false,"id":81438965,"profile_background_color":"8B542B","lang":"es","profile_sidebar_border_color":"D9B17E","profile_text_color":"333333","verified":false,"profile_image_url":"http://a0.twimg.com/profile_images/745761826/Euzinaha_D.O._normal.jpg","time_zone":"Greenland","url":null,"contributors_enabled":false,"profile_background_tile":true,"follow_request_sent":null,"statuses_count":2749,"profile_use_background_image":true,"followers_count":10206,"following":null,"default_profile":false,"name":"DELITAS","profile_sidebar_fill_color":"EADEAA","location":"Buenos Aires - Argentina","notifications":null},"favorited":false}