{"in_reply_to_status_id_str":null,"in_reply_to_status_id":null,"coordinates":null,"truncated":false,"in_reply_to_user_id_str":null,"created_at":"Wed Oct 09 20:50:29 +0000 2013","source":"web","retweet_count":0,"retweeted":false,"geo":null,"filter_level":"medium","in_reply_to_screen_name":null,"entities":{"urls":[],"hashtags":[],"user_mentions":[{"indices":[8,17],"screen_name":"Bradesco","id_str":"79184083","name":"Banco Bradesco","id":79184083}],"symbols":[]},"id_str":"388043815770001409","in_reply_to_user_id":null,"favorite_count":0,"contributors":null,"text":"Gente o @Bradesco colocou pedra pontiaguda na agência pra afastar mendigos e eu acho q a gnt tinha q quebrar essa agência inteirinha.","id":388043815770001409,"place":null,"lang":"pt","user":{"utc_offset":-10800,"friends_count":186,"profile_image_url_https":"https://si0.twimg.com/profile_images/378800000560502867/a6bc7f816ab47dc20c13660edc7705a8_normal.jpeg","profile_background_image_url":"http://a0.twimg.com/profile_background_images/227303079/pequeno-principe-03.jpg","listed_count":2,"default_profile_image":false,"favourites_count":144,"description":"Nutricionista, leitora, santista e acima de tudo, chata.","created_at":"Wed Sep 09 12:26:56 +0000 2009","is_translator":false,"profile_background_image_url_https":"https://si0.twimg.com/profile_background_images/227303079/pequeno-principe-03.jpg","protected":false,"screen_name":"de_vieira","id_str":"72839847","profile_link_color":"0084B4","geo_enabled":true,"id":72839847,"profile_background_color":"C0DEED","lang":"en","profile_sidebar_border_color":"C0DEED","profile_text_color":"333333","verified":false,"profile_image_url":"http://a0.twimg.com/profile_images/378800000560502867/a6bc7f816ab47dc20c13660edc7705a8_normal.jpeg","time_zone":"Brasilia","url":null,"contributors_enabled":false,"profile_banner_url":"https://pbs.twimg.com/profile_banners/72839847/1350185434","profile_background_tile":true,"follow_request_sent":null,"statuses_count":4895,"profile_use_background_image":true,"followers_count":127,"following":null,"default_profile":false,"name":"Deise Vieira","profile_sidebar_fill_color":"DDEEF6","location":"São Paulo","notifications":null},"favorited":false}