{"in_reply_to_status_id_str":"387948103674126336","in_reply_to_status_id":387948103674126336,"coordinates":null,"truncated":false,"in_reply_to_user_id_str":"79184083","created_at":"Wed Oct 09 22:35:14 +0000 2013","source":"web","retweet_count":0,"retweeted":false,"geo":null,"filter_level":"medium","in_reply_to_screen_name":"Bradesco","entities":{"urls":[],"hashtags":[],"user_mentions":[{"indices":[0,9],"screen_name":"Bradesco","id_str":"79184083","name":"Banco Bradesco","id":79184083}],"symbols":[]},"id_str":"388070176379260928","in_reply_to_user_id":79184083,"favorite_count":0,"contributors":null,"text":"@Bradesco O Bradesco em Parauapebas PA é uma vergonha!","id":388070176379260928,"place":null,"lang":"pt","user":{"utc_offset":-36000,"friends_count":41,"profile_image_url_https":"https://si0.twimg.com/profile_images/378800000381770727/408c713b57d399fbd9458a8227db27a9_normal.jpeg","profile_background_image_url":"http://abs.twimg.com/images/themes/theme1/bg.png","listed_count":0,"default_profile_image":false,"favourites_count":0,"description":"Sou um cara bacana","created_at":"Sat Jul 16 14:28:30 +0000 2011","is_translator":false,"profile_background_image_url_https":"https://abs.twimg.com/images/themes/theme1/bg.png","protected":false,"screen_name":"gtmetal7","id_str":"336566935","profile_link_color":"0084B4","geo_enabled":true,"id":336566935,"profile_background_color":"C0DEED","lang":"pt","profile_sidebar_border_color":"C0DEED","profile_text_color":"333333","verified":false,"profile_image_url":"http://a0.twimg.com/profile_images/378800000381770727/408c713b57d399fbd9458a8227db27a9_normal.jpeg","time_zone":"Hawaii","url":null,"contributors_enabled":false,"profile_background_tile":false,"follow_request_sent":null,"statuses_count":204,"profile_use_background_image":true,"followers_count":30,"following":null,"default_profile":true,"name":"Gilberto ","profile_sidebar_fill_color":"DDEEF6","location":"","notifications":null},"favorited":false}