{"in_reply_to_status_id_str":null,"in_reply_to_status_id":null,"coordinates":null,"truncated":false,"in_reply_to_user_id_str":null,"created_at":"Wed Oct 09 22:07:07 +0000 2013","source":"<a href=\"http://twitter.com/download/android\" rel=\"nofollow\">Twitter for Android<\/a>","retweet_count":0,"retweeted":false,"geo":null,"filter_level":"medium","in_reply_to_screen_name":null,"entities":{"urls":[],"hashtags":[{"indices":[45,54],"text":"BRADESCO"}],"user_mentions":[],"symbols":[]},"id_str":"388063100806905857","in_reply_to_user_id":null,"favorite_count":0,"contributors":null,"text":"Vamos treinar,porque o sonho não chega fácil #BRADESCO","id":388063100806905857,"place":null,"lang":"pt","user":{"utc_offset":null,"friends_count":58,"profile_image_url_https":"https://si0.twimg.com/profile_images/378800000563770125/67e2d0696baaf21a93c51cb2906d9ed9_normal.jpeg","profile_background_image_url":"http://abs.twimg.com/images/themes/theme1/bg.png","listed_count":0,"default_profile_image":false,"favourites_count":20,"description":"Pega a fita , tudo 2 ♪","created_at":"Thu Jun 27 17:27:55 +0000 2013","is_translator":false,"profile_background_image_url_https":"https://abs.twimg.com/images/themes/theme1/bg.png","protected":false,"screen_name":"Ianloureiro20","id_str":"1551116846","profile_link_color":"0084B4","geo_enabled":false,"id":1551116846,"profile_background_color":"C0DEED","lang":"en","profile_sidebar_border_color":"C0DEED","profile_text_color":"333333","verified":false,"profile_image_url":"http://a0.twimg.com/profile_images/378800000563770125/67e2d0696baaf21a93c51cb2906d9ed9_normal.jpeg","time_zone":null,"url":null,"contributors_enabled":false,"profile_banner_url":"https://pbs.twimg.com/profile_banners/1551116846/1381174887","profile_background_tile":false,"follow_request_sent":null,"statuses_count":198,"profile_use_background_image":true,"followers_count":37,"following":null,"default_profile":true,"name":"PatenteAlta","profile_sidebar_fill_color":"DDEEF6","location":"","notifications":null},"favorited":false}