{"in_reply_to_status_id_str":"388095646026436608","in_reply_to_status_id":388095646026436608,"coordinates":null,"truncated":false,"in_reply_to_user_id_str":"78317870","created_at":"Thu Oct 10 00:31:23 +0000 2013","source":"<a href=\"http://twitter.com/download/iphone\" rel=\"nofollow\">Twitter for iPhone<\/a>","retweet_count":0,"retweeted":false,"geo":null,"filter_level":"medium","in_reply_to_screen_name":"AloBradesco","entities":{"urls":[],"hashtags":[],"user_mentions":[{"indices":[0,12],"screen_name":"AloBradesco","id_str":"78317870","name":"Alô Bradesco","id":78317870},{"indices":[13,21],"screen_name":"DELITAS","id_str":"81438965","name":"DELITAS","id":81438965},{"indices":[50,64],"screen_name":"BancodoBrasil","id_str":"83723557","name":"Banco do Brasil","id":83723557}],"symbols":[]},"id_str":"388099405288865792","in_reply_to_user_id":78317870,"favorite_count":0,"contributors":null,"text":"@AloBradesco @DELITAS qualquer coisa venha para o @BancodoBrasil seria um prazer a melhor correspondente como minha cliente! Pense nisso","id":388099405288865792,"place":null,"lang":"pt","user":{"utc_offset":null,"friends_count":1541,"profile_image_url_https":"https://si0.twimg.com/profile_images/3406910769/9ec3b70d89ffe33c87c8df73ed84224e_normal.jpeg","profile_background_image_url":"http://abs.twimg.com/images/themes/theme1/bg.png","listed_count":0,"default_profile_image":false,"favourites_count":8,"description":"Oficial Walber Moraes, de peixes, alto astral, diretor/produtor da minha propria VIDA! P.S.: EX BBB (srsr)","created_at":"Sun May 15 04:56:52 +0000 2011","is_translator":false,"profile_background_image_url_https":"https://abs.twimg.com/images/themes/theme1/bg.png","protected":false,"screen_name":"WalberPM","id_str":"298908555","profile_link_color":"0084B4","geo_enabled":true,"id":298908555,"profile_background_color":"C0DEED","lang":"pt","profile_sidebar_border_color":"C0DEED","profile_text_color":"333333","verified":false,"profile_image_url":"http://a0.twimg.com/profile_images/3406910769/9ec3b70d89ffe33c87c8df73ed84224e_normal.jpeg","time_zone":null,"url":null,"contributors_enabled":false,"profile_banner_url":"https://pbs.twimg.com/profile_banners/298908555/1365824968","profile_background_tile":false,"follow_request_sent":null,"statuses_count":10515,"profile_use_background_image":true,"followers_count":363,"following":null,"default_profile":true,"name":"Walber M","profile_sidebar_fill_color":"DDEEF6","location":"ARACAJU/MACAPA","notifications":null},"favorited":false}