{"in_reply_to_status_id_str":null,"in_reply_to_status_id":null,"coordinates":null,"truncated":false,"in_reply_to_user_id_str":null,"created_at":"Wed Oct 09 19:05:43 +0000 2013","source":"web","retweet_count":0,"retweeted":false,"geo":null,"filter_level":"medium","in_reply_to_screen_name":null,"entities":{"urls":[],"hashtags":[],"user_mentions":[{"indices":[33,45],"screen_name":"AloBradesco","id_str":"78317870","name":"Alô Bradesco","id":78317870}],"symbols":[]},"id_str":"388017447069945856","in_reply_to_user_id":null,"favorite_count":0,"contributors":null,"text":"venho por meio desta reclamar do @AloBradesco q desde sábado promete me ligar pra me passar o token do app e até agora N_A_D_A","id":388017447069945856,"place":null,"lang":"pt","user":{"utc_offset":-10800,"friends_count":1536,"profile_image_url_https":"https://si0.twimg.com/profile_images/378800000548809397/2304d3a7655f89146ec77aadf4978248_normal.png","profile_background_image_url":"http://a0.twimg.com/profile_background_images/58747457/xa00b3671910325225e444fcbdfcfd63.png","listed_count":194,"default_profile_image":false,"favourites_count":4809,"description":"Eu me visto com as roupas e as armas do anarquismo primevo, e tento fazer uma diferença.","created_at":"Sat Sep 08 19:11:23 +0000 2007","is_translator":false,"profile_background_image_url_https":"https://si0.twimg.com/profile_background_images/58747457/xa00b3671910325225e444fcbdfcfd63.png","protected":false,"screen_name":"euamotubaina","id_str":"8750392","profile_link_color":"33DB38","geo_enabled":true,"id":8750392,"profile_background_color":"ECD078","lang":"en","profile_sidebar_border_color":"FFFFFF","profile_text_color":"D95B43","verified":false,"profile_image_url":"http://a0.twimg.com/profile_images/378800000548809397/2304d3a7655f89146ec77aadf4978248_normal.png","time_zone":"Brasilia","url":"http://flavors.me/euamotubaina","contributors_enabled":false,"profile_background_tile":true,"follow_request_sent":null,"statuses_count":41909,"profile_use_background_image":true,"followers_count":3635,"following":null,"default_profile":false,"name":"Eduardo","profile_sidebar_fill_color":"DDEEF6","location":"São Paulo","notifications":null},"favorited":false}