{"in_reply_to_status_id_str":null,"in_reply_to_status_id":null,"coordinates":null,"truncated":false,"in_reply_to_user_id_str":null,"created_at":"Wed Oct 09 19:50:11 +0000 2013","source":"<a href=\"http://www.tweetdeck.com\" rel=\"nofollow\">TweetDeck<\/a>","retweet_count":0,"retweeted":false,"geo":null,"filter_level":"medium","in_reply_to_screen_name":null,"entities":{"urls":[],"hashtags":[{"indices":[88,101],"text":"CORRENEGADIZ"},{"indices":[102,111],"text":"bradesco"},{"indices":[112,120],"text":"goiania"}],"user_mentions":[],"symbols":[]},"id_str":"388028638349635584","in_reply_to_user_id":null,"favorite_count":0,"contributors":null,"text":"A quem interessar: O Bradesco do Setor Marista, na Av. 85 está funcionando normalmente! #CORRENEGADIZ #bradesco #goiania","id":388028638349635584,"place":null,"lang":"pt","user":{"utc_offset":-10800,"friends_count":663,"profile_image_url_https":"https://si0.twimg.com/profile_images/3503263325/709db6f236196f42018fd2f16e1b88b4_normal.jpeg","profile_background_image_url":"http://a0.twimg.com/profile_background_images/378800000005357033/e70150c2d29c835e0c16d3d55f7b4a54.png","listed_count":25,"default_profile_image":false,"favourites_count":26,"description":"Designer, 29 anos, casado, pai orgulhoso de uma moça linda e fanático pelo São Paulo Futebol Clube!!!  -  Tumblr: http://arthurhenrique.tumblr.com/","created_at":"Wed Oct 24 02:21:57 +0000 2007","is_translator":false,"profile_background_image_url_https":"https://si0.twimg.com/profile_background_images/378800000005357033/e70150c2d29c835e0c16d3d55f7b4a54.png","protected":false,"screen_name":"arthurhr","id_str":"9642352","profile_link_color":"AF2D6C","geo_enabled":false,"id":9642352,"profile_background_color":"E6E6E6","lang":"pt","profile_sidebar_border_color":"FFFFFF","profile_text_color":"999999","verified":false,"profile_image_url":"http://a0.twimg.com/profile_images/3503263325/709db6f236196f42018fd2f16e1b88b4_normal.jpeg","time_zone":"Brasilia","url":"http://www.arthurhenrique.com","contributors_enabled":false,"profile_banner_url":"https://pbs.twimg.com/profile_banners/9642352/1356026095","profile_background_tile":false,"follow_request_sent":null,"statuses_count":5804,"profile_use_background_image":true,"followers_count":593,"following":null,"default_profile":false,"name":"Arthur Henrique","profile_sidebar_fill_color":"250616","location":"Goiânia, Goias, Brasil","notifications":null},"favorited":false}