{"in_reply_to_status_id_str":null,"in_reply_to_status_id":null,"possibly_sensitive":false,"coordinates":null,"truncated":false,"in_reply_to_user_id_str":"78317870","created_at":"Wed Oct 09 18:11:41 +0000 2013","source":"web","retweet_count":0,"retweeted":false,"geo":null,"filter_level":"medium","in_reply_to_screen_name":"AloBradesco","entities":{"urls":[],"hashtags":[],"media":[{"display_url":"pic.twitter.com/im7PFofylM","indices":[104,126],"sizes":{"small":{"w":340,"h":296,"resize":"fit"},"large":{"w":780,"h":680,"resize":"fit"},"thumb":{"w":150,"h":150,"resize":"crop"},"medium":{"w":600,"h":523,"resize":"fit"}},"id_str":"388003850335956992","expanded_url":"http://twitter.com/WallaceErick/status/388003850331762688/photo/1","media_url_https":"https://pbs.twimg.com/media/BWJ3cjbCMAAmAVp.png","id":388003850335956992,"type":"photo","media_url":"http://pbs.twimg.com/media/BWJ3cjbCMAAmAVp.png","url":"http://t.co/im7PFofylM"}],"user_mentions":[{"indices":[0,12],"screen_name":"AloBradesco","id_str":"78317870","name":"Alô Bradesco","id":78317870}],"symbols":[]},"id_str":"388003850331762688","in_reply_to_user_id":78317870,"favorite_count":0,"contributors":null,"text":"@AloBradesco, tentei essas opções. Ambas retornam que ñ concluiu a transação, pq o cartão foi recusado. http://t.co/im7PFofylM","id":388003850331762688,"place":null,"lang":"pt","user":{"utc_offset":-10800,"friends_count":133,"profile_image_url_https":"https://si0.twimg.com/profile_images/1280707497/adaasasa_normal.jpg","profile_background_image_url":"http://a0.twimg.com/profile_background_images/127492061/twitter.jpg","listed_count":6,"default_profile_image":false,"favourites_count":3,"description":"Front-End, Interface, Web, XHTML, HTML5, CSS, CSS3, jQuery, Wordpress, Magento, PHP, VTNC, PQP!","created_at":"Fri Apr 17 17:15:48 +0000 2009","is_translator":false,"profile_background_image_url_https":"https://si0.twimg.com/profile_background_images/127492061/twitter.jpg","protected":false,"screen_name":"WallaceErick","id_str":"32484669","profile_link_color":"FF0080","geo_enabled":true,"id":32484669,"profile_background_color":"101011","lang":"pt","profile_sidebar_border_color":"242424","profile_text_color":"737373","verified":false,"profile_image_url":"http://a0.twimg.com/profile_images/1280707497/adaasasa_normal.jpg","time_zone":"Brasilia","url":"http://www.wallaceerick.com.br","contributors_enabled":false,"profile_background_tile":false,"follow_request_sent":null,"statuses_count":2402,"profile_use_background_image":true,"followers_count":131,"following":null,"default_profile":false,"name":"Wallace Erick","profile_sidebar_fill_color":"000000","location":"Caieiras - São Paulo","notifications":null},"favorited":false}