{"in_reply_to_status_id_str":"388055410856689664","in_reply_to_status_id":388055410856689664,"coordinates":null,"truncated":false,"in_reply_to_user_id_str":"78317870","created_at":"Wed Oct 09 21:38:58 +0000 2013","source":"<a href=\"http://www.tweetdeck.com\" rel=\"nofollow\">TweetDeck<\/a>","retweet_count":0,"retweeted":false,"geo":null,"filter_level":"medium","in_reply_to_screen_name":"AloBradesco","entities":{"urls":[],"hashtags":[],"user_mentions":[{"indices":[0,12],"screen_name":"AloBradesco","id_str":"78317870","name":"Alô Bradesco","id":78317870}],"symbols":[]},"id_str":"388056017344294912","in_reply_to_user_id":78317870,"favorite_count":0,"contributors":null,"text":"@AloBradesco não precisa mais.","id":388056017344294912,"place":null,"lang":"pt","user":{"utc_offset":-10800,"friends_count":1341,"profile_image_url_https":"https://si0.twimg.com/profile_images/378800000566954149/f24075273a33f87d57edf65741a88f5a_normal.jpeg","profile_background_image_url":"http://a0.twimg.com/profile_background_images/645296144/hrdhsd97u86em357btjl.jpeg","listed_count":35,"default_profile_image":false,"favourites_count":434,"description":"Estou em liberdade condicional por bom comportamento.\r\nhttp://facebook.com/TattoodoErrado","created_at":"Mon Apr 27 20:22:37 +0000 2009","is_translator":false,"profile_background_image_url_https":"https://si0.twimg.com/profile_background_images/645296144/hrdhsd97u86em357btjl.jpeg","protected":false,"screen_name":"purosso","id_str":"35848715","profile_link_color":"2FC2EF","geo_enabled":true,"id":35848715,"profile_background_color":"1A1B1F","lang":"en","profile_sidebar_border_color":"FFFFFF","profile_text_color":"666666","verified":false,"profile_image_url":"http://a0.twimg.com/profile_images/378800000566954149/f24075273a33f87d57edf65741a88f5a_normal.jpeg","time_zone":"Santiago","url":"http://www.youtube.com/tattoodoerrado","contributors_enabled":false,"profile_banner_url":"https://pbs.twimg.com/profile_banners/35848715/1379459068","profile_background_tile":true,"follow_request_sent":null,"statuses_count":78555,"profile_use_background_image":true,"followers_count":3975,"following":null,"default_profile":false,"name":"Tattoodo Errado™","profile_sidebar_fill_color":"252429","location":"Curitiba Rock City/PR","notifications":null},"favorited":false}