{"in_reply_to_status_id_str":null,"in_reply_to_status_id":null,"coordinates":null,"truncated":false,"in_reply_to_user_id_str":"79184083","created_at":"Wed Oct 09 19:51:59 +0000 2013","source":"<a href=\"http://www.twitter.com\" rel=\"nofollow\">Twitter for Windows<\/a>","retweet_count":0,"retweeted":false,"geo":null,"filter_level":"medium","in_reply_to_screen_name":"Bradesco","entities":{"urls":[],"hashtags":[],"user_mentions":[{"indices":[0,9],"screen_name":"Bradesco","id_str":"79184083","name":"Banco Bradesco","id":79184083}],"symbols":[]},"id_str":"388029094321217536","in_reply_to_user_id":79184083,"favorite_count":0,"contributors":null,"text":"@Bradesco Boa tarde! porque não estou conseguindo falar com um atendente no fone fácil bradesco","id":388029094321217536,"place":null,"lang":"pt","user":{"utc_offset":-10800,"friends_count":76,"profile_image_url_https":"https://si0.twimg.com/profile_images/826325704/Imagem_016_orkut_normal.jpg","profile_background_image_url":"http://abs.twimg.com/images/themes/theme14/bg.gif","listed_count":0,"default_profile_image":false,"favourites_count":8,"description":null,"created_at":"Sat Feb 27 16:06:18 +0000 2010","is_translator":false,"profile_background_image_url_https":"https://abs.twimg.com/images/themes/theme14/bg.gif","protected":false,"screen_name":"rickgn","id_str":"118099999","profile_link_color":"009999","geo_enabled":false,"id":118099999,"profile_background_color":"131516","lang":"pt","profile_sidebar_border_color":"EEEEEE","profile_text_color":"333333","verified":false,"profile_image_url":"http://a0.twimg.com/profile_images/826325704/Imagem_016_orkut_normal.jpg","time_zone":"Brasilia","url":"http://www.facebook.com/ricknasci","contributors_enabled":false,"profile_banner_url":"https://pbs.twimg.com/profile_banners/118099999/1379445526","profile_background_tile":true,"follow_request_sent":null,"statuses_count":403,"profile_use_background_image":true,"followers_count":19,"following":null,"default_profile":false,"name":"Rickgn","profile_sidebar_fill_color":"EFEFEF","location":"São Paulo - Brasil","notifications":null},"favorited":false}