{"in_reply_to_status_id_str":null,"in_reply_to_status_id":null,"coordinates":null,"truncated":false,"in_reply_to_user_id_str":null,"created_at":"Thu Oct 10 01:49:35 +0000 2013","source":"web","retweet_count":0,"retweeted":false,"geo":null,"filter_level":"medium","in_reply_to_screen_name":null,"entities":{"urls":[],"hashtags":[{"indices":[69,78],"text":"Bradesco"}],"user_mentions":[],"symbols":[]},"id_str":"388119086435028992","in_reply_to_user_id":null,"favorite_count":0,"contributors":null,"text":"Minha Fatura Naum Chegou E Só Tenho Amanhã Pra Pagar Tenho Que Ir No #Bradesco Amanhã *-* Raiva Desse Banco Hein !","id":388119086435028992,"place":null,"lang":"pt","user":{"utc_offset":-10800,"friends_count":220,"profile_image_url_https":"https://si0.twimg.com/profile_images/378800000222343364/8c7d887a95e17b7009ff6fc454e60d2c_normal.jpeg","profile_background_image_url":"http://a0.twimg.com/profile_background_images/378800000057486447/9713812fd73d775c06d6f607bee57759.png","listed_count":2,"default_profile_image":false,"favourites_count":124,"description":"Sedutor,Ator,Cantor Um Garoto Que Ganhou Premio De Mais Sexy 2010  Paz Amor Um Pouco Sacanagem Playboy De (66) fã @DulceMaria   @RobbieAmell @cristiano @Beyonce","created_at":"Sun Apr 11 00:38:20 +0000 2010","is_translator":false,"profile_background_image_url_https":"https://si0.twimg.com/profile_background_images/378800000057486447/9713812fd73d775c06d6f607bee57759.png","protected":false,"screen_name":"Cle_Oficial","id_str":"131673335","profile_link_color":"14CEDB","geo_enabled":true,"id":131673335,"profile_background_color":"14CCBD","lang":"en","profile_sidebar_border_color":"000000","profile_text_color":"333333","verified":false,"profile_image_url":"http://a0.twimg.com/profile_images/378800000222343364/8c7d887a95e17b7009ff6fc454e60d2c_normal.jpeg","time_zone":"Brasilia","url":"http://www.twitter.com","contributors_enabled":false,"profile_banner_url":"https://pbs.twimg.com/profile_banners/131673335/1381018946","profile_background_tile":true,"follow_request_sent":null,"statuses_count":31543,"profile_use_background_image":true,"followers_count":1019,"following":null,"default_profile":false,"name":"Cleiton Portilla","profile_sidebar_fill_color":"DDEEF6","location":"São Paulo Brasil","notifications":null},"favorited":false}