{"in_reply_to_status_id_str":null,"in_reply_to_status_id":null,"coordinates":null,"truncated":false,"in_reply_to_user_id_str":null,"created_at":"Thu Oct 10 05:27:17 +0000 2013","source":"web","retweet_count":0,"retweeted":false,"geo":null,"filter_level":"medium","in_reply_to_screen_name":null,"entities":{"urls":[],"hashtags":[],"user_mentions":[{"indices":[2,11],"screen_name":"Bradesco","id_str":"79184083","name":"Banco Bradesco","id":79184083}],"symbols":[]},"id_str":"388173870236045312","in_reply_to_user_id":null,"favorite_count":0,"contributors":null,"text":"O @Bradesco ainda esta de greve?","id":388173870236045312,"place":null,"lang":"pt","user":{"utc_offset":-10800,"friends_count":343,"profile_image_url_https":"https://si0.twimg.com/profile_images/378800000431822076/fa8e4ec895eaac5cbfd00d23da536b46_normal.jpeg","profile_background_image_url":"http://a0.twimg.com/profile_background_images/203996812/529.jpg","listed_count":30,"default_profile_image":false,"favourites_count":11,"description":"No final das contas a gente não é o que a gente quer, a gente é o que a gente é.","created_at":"Mon Apr 06 02:43:29 +0000 2009","is_translator":false,"profile_background_image_url_https":"https://si0.twimg.com/profile_background_images/203996812/529.jpg","protected":false,"screen_name":"maacris","id_str":"29128111","profile_link_color":"2D2736","geo_enabled":true,"id":29128111,"profile_background_color":"B2DFDA","lang":"pt","profile_sidebar_border_color":"AB0FFF","profile_text_color":"333333","verified":false,"profile_image_url":"http://a0.twimg.com/profile_images/378800000431822076/fa8e4ec895eaac5cbfd00d23da536b46_normal.jpeg","time_zone":"Santiago","url":null,"contributors_enabled":false,"profile_banner_url":"https://pbs.twimg.com/profile_banners/29128111/1378086977","profile_background_tile":false,"follow_request_sent":null,"statuses_count":23417,"profile_use_background_image":true,"followers_count":813,"following":null,"default_profile":false,"name":"Mayara Cristina ","profile_sidebar_fill_color":"E5507E","location":"SOROCABA -SP ","notifications":null},"favorited":false}