{"in_reply_to_status_id_str":"388105346671456256","in_reply_to_status_id":388105346671456256,"coordinates":null,"truncated":false,"in_reply_to_user_id_str":"78317870","created_at":"Thu Oct 10 01:02:40 +0000 2013","source":"<a href=\"http://www.hootsuite.com\" rel=\"nofollow\">HootSuite<\/a>","retweet_count":0,"retweeted":false,"geo":null,"filter_level":"medium","in_reply_to_screen_name":"AloBradesco","entities":{"urls":[],"hashtags":[],"user_mentions":[{"indices":[0,12],"screen_name":"AloBradesco","id_str":"78317870","name":"Alô Bradesco","id":78317870}],"symbols":[]},"id_str":"388107278781800448","in_reply_to_user_id":78317870,"favorite_count":0,"contributors":null,"text":"@AloBradesco .. O cedente é o santander através do pagseguro.","id":388107278781800448,"place":null,"lang":"pt","user":{"utc_offset":-10800,"friends_count":293,"profile_image_url_https":"https://si0.twimg.com/profile_images/2849149284/c1c507b7f41aa8d645b037d871bebe16_normal.png","profile_background_image_url":"http://a0.twimg.com/profile_background_images/165735384/x21e66f219151dd514cdcd7d8e7bd854.jpg","listed_count":276,"default_profile_image":false,"favourites_count":58,"description":"Profissional de Comunicação Digital - Ex-CEO do Blog Marketing Digital 2.0. Social Media e Mobile Learning Researcher.","created_at":"Thu May 14 14:28:59 +0000 2009","is_translator":false,"profile_background_image_url_https":"https://si0.twimg.com/profile_background_images/165735384/x21e66f219151dd514cdcd7d8e7bd854.jpg","protected":false,"screen_name":"brunounix","id_str":"40004037","profile_link_color":"0D92E1","geo_enabled":true,"id":40004037,"profile_background_color":"FFFFFF","lang":"pt","profile_sidebar_border_color":"FFFFFF","profile_text_color":"F90000","verified":false,"profile_image_url":"http://a0.twimg.com/profile_images/2849149284/c1c507b7f41aa8d645b037d871bebe16_normal.png","time_zone":"Brasilia","url":"http://www.centuium.com/","contributors_enabled":false,"profile_banner_url":"https://pbs.twimg.com/profile_banners/40004037/1359067818","profile_background_tile":false,"follow_request_sent":null,"statuses_count":33136,"profile_use_background_image":true,"followers_count":4404,"following":null,"default_profile":false,"name":"Bruno de Souza","profile_sidebar_fill_color":"FFFFFF","location":"Cariacica  - ES - Brasil","notifications":null},"favorited":false}