{"in_reply_to_status_id_str":"385921480917131264","in_reply_to_status_id":385921480917131264,"coordinates":null,"truncated":false,"in_reply_to_user_id_str":"1688172894","created_at":"Thu Oct 10 01:50:07 +0000 2013","source":"<a href=\"http://twitter.com/download/android\" rel=\"nofollow\">Twitter for Android<\/a>","retweet_count":0,"retweeted":false,"geo":null,"filter_level":"medium","in_reply_to_screen_name":"DemiMeuMundo_o","entities":{"urls":[],"hashtags":[],"user_mentions":[{"indices":[0,15],"screen_name":"DemiMeuMundo_o","id_str":"1688172894","name":" Like a Skyscraper.\u2020","id":1688172894},{"indices":[16,21],"screen_name":"itau","id_str":"179398386","name":"Itaú","id":179398386},{"indices":[22,31],"screen_name":"Bradesco","id_str":"79184083","name":"Banco Bradesco","id":79184083}],"symbols":[]},"id_str":"388119220644741120","in_reply_to_user_id":1688172894,"favorite_count":0,"contributors":null,"text":"@DemiMeuMundo_o @itau @Bradesco pra demonstrar insatisfação nao tem necessidade de ser mal educada!","id":388119220644741120,"place":null,"lang":"pt","user":{"utc_offset":-10800,"friends_count":157,"profile_image_url_https":"https://si0.twimg.com/profile_images/2983046537/42e6f6453b2c1606bfd5469dfd59f7fe_normal.jpeg","profile_background_image_url":"http://abs.twimg.com/images/themes/theme1/bg.png","listed_count":0,"default_profile_image":false,"favourites_count":2,"description":null,"created_at":"Wed Nov 11 11:52:09 +0000 2009","is_translator":false,"profile_background_image_url_https":"https://abs.twimg.com/images/themes/theme1/bg.png","protected":false,"screen_name":"Thaisinhapkn","id_str":"89167183","profile_link_color":"0084B4","geo_enabled":false,"id":89167183,"profile_background_color":"C0DEED","lang":"pt","profile_sidebar_border_color":"C0DEED","profile_text_color":"333333","verified":false,"profile_image_url":"http://a0.twimg.com/profile_images/2983046537/42e6f6453b2c1606bfd5469dfd59f7fe_normal.jpeg","time_zone":"Brasilia","url":null,"contributors_enabled":false,"profile_background_tile":false,"follow_request_sent":null,"statuses_count":1100,"profile_use_background_image":true,"followers_count":24,"following":null,"default_profile":true,"name":"Thaisinha","profile_sidebar_fill_color":"DDEEF6","location":"","notifications":null},"favorited":false}