{"in_reply_to_status_id_str":null,"in_reply_to_status_id":null,"possibly_sensitive":false,"coordinates":null,"truncated":false,"in_reply_to_user_id_str":null,"created_at":"Thu Oct 10 02:32:41 +0000 2013","source":"<a href=\"http://www.facebook.com/twitter\" rel=\"nofollow\">Facebook<\/a>","retweet_count":0,"retweeted":false,"geo":null,"filter_level":"medium","in_reply_to_screen_name":null,"entities":{"urls":[{"display_url":"fb.me/17wzTcnCa","indices":[117,139],"expanded_url":"http://fb.me/17wzTcnCa","url":"http://t.co/lIdlkjk1Kc"}],"hashtags":[{"indices":[9,18],"text":"bradesco"}],"user_mentions":[],"symbols":[]},"id_str":"388129933132070912","in_reply_to_user_id":null,"favorite_count":0,"contributors":null,"text":"Parabéns #bradesco. Conseguiram provar muitas coisas nobres como avareza, desumanidade e falta de humanidade. Ah,... http://t.co/lIdlkjk1Kc","id":388129933132070912,"place":null,"lang":"pt","user":{"utc_offset":-10800,"friends_count":634,"profile_image_url_https":"https://si0.twimg.com/profile_images/378800000443288828/d056ad701c9b52e9db2872c1f1359733_normal.jpeg","profile_background_image_url":"http://a0.twimg.com/profile_background_images/614518694/epu8mcifwov67n0v8ozq.jpeg","listed_count":2,"default_profile_image":false,"favourites_count":1,"description":"Cantor | Backing Vocal | Professor de Canto | Compositor. Tel.: (21) 4107-1538. Celular: (21) 8369-6692 / (21) 9250-1643. E-mail: agenda@wellingtoncosta.com.br","created_at":"Mon Aug 31 16:15:33 +0000 2009","is_translator":false,"profile_background_image_url_https":"https://si0.twimg.com/profile_background_images/614518694/epu8mcifwov67n0v8ozq.jpeg","protected":false,"screen_name":"Wellcostta","id_str":"70430209","profile_link_color":"2E0CF0","geo_enabled":true,"id":70430209,"profile_background_color":"131516","lang":"pt","profile_sidebar_border_color":"FFFFFF","profile_text_color":"333333","verified":false,"profile_image_url":"http://a0.twimg.com/profile_images/378800000443288828/d056ad701c9b52e9db2872c1f1359733_normal.jpeg","time_zone":"Brasilia","url":"http://www.wellingtoncosta.com.br","contributors_enabled":false,"profile_banner_url":"https://pbs.twimg.com/profile_banners/70430209/1363200130","profile_background_tile":true,"follow_request_sent":null,"statuses_count":4361,"profile_use_background_image":true,"followers_count":359,"following":null,"default_profile":false,"name":"Wellington Costa","profile_sidebar_fill_color":"EFEFEF","location":"Rio de Janeiro","notifications":null},"favorited":false}