{"in_reply_to_status_id_str":null,"in_reply_to_status_id":null,"coordinates":null,"truncated":false,"in_reply_to_user_id_str":"192917918","created_at":"Thu Oct 10 01:31:37 +0000 2013","source":"<a href=\"http://twitter.com/download/iphone\" rel=\"nofollow\">Twitter for iPhone<\/a>","retweet_count":0,"retweeted":false,"geo":null,"filter_level":"medium","in_reply_to_screen_name":"DirceuMarchioli","entities":{"urls":[],"hashtags":[{"indices":[61,76],"text":"VaiCorinthians"}],"user_mentions":[{"indices":[0,16],"screen_name":"DirceuMarchioli","id_str":"192917918","name":"Dirceu Marchioli","id":192917918},{"indices":[17,26],"screen_name":"Bradesco","id_str":"79184083","name":"Banco Bradesco","id":79184083}],"symbols":[]},"id_str":"388114562714570752","in_reply_to_user_id":192917918,"favorite_count":0,"contributors":null,"text":"@DirceuMarchioli @Bradesco  marcos dos santos kanagawa Japão #VaiCorinthians 2x0 hoje hein","id":388114562714570752,"place":null,"lang":"pt","user":{"utc_offset":32400,"friends_count":724,"profile_image_url_https":"https://si0.twimg.com/profile_images/378800000557654680/7a6b44a652fabd115f80086f36c266a7_normal.jpeg","profile_background_image_url":"http://a0.twimg.com/profile_background_images/747769615/da3d94624c3fadb390382e742d70ff4d.jpeg","listed_count":4,"default_profile_image":false,"favourites_count":29,"description":"Más influências não existem. Cada um faz o que quer...","created_at":"Thu Sep 09 06:44:24 +0000 2010","is_translator":false,"profile_background_image_url_https":"https://si0.twimg.com/profile_background_images/747769615/da3d94624c3fadb390382e742d70ff4d.jpeg","protected":false,"screen_name":"Markinhosjp","id_str":"188644067","profile_link_color":"009999","geo_enabled":true,"id":188644067,"profile_background_color":"131516","lang":"pt","profile_sidebar_border_color":"FFFFFF","profile_text_color":"050505","verified":false,"profile_image_url":"http://a0.twimg.com/profile_images/378800000557654680/7a6b44a652fabd115f80086f36c266a7_normal.jpeg","time_zone":"Tokyo","url":null,"contributors_enabled":false,"profile_banner_url":"https://pbs.twimg.com/profile_banners/188644067/1376465246","profile_background_tile":true,"follow_request_sent":null,"statuses_count":9807,"profile_use_background_image":true,"followers_count":489,"following":null,"default_profile":false,"name":"MARCOS DOS SANTOS","profile_sidebar_fill_color":"850922","location":"KANAGAWA-KEN JAPÃO","notifications":null},"favorited":false}