{"in_reply_to_status_id_str":null,"in_reply_to_status_id":null,"coordinates":null,"truncated":false,"in_reply_to_user_id_str":"14213711","created_at":"Thu Oct 10 03:04:47 +0000 2013","source":"web","retweet_count":0,"retweeted":false,"geo":null,"filter_level":"medium","in_reply_to_screen_name":"DaniloGentili","entities":{"urls":[],"hashtags":[{"indices":[28,40],"text":"agoraetarde"},{"indices":[95,104],"text":"bradesco"}],"user_mentions":[{"indices":[0,14],"screen_name":"DaniloGentili","id_str":"14213711","name":"Danilo Gentili","id":14213711}],"symbols":[]},"id_str":"388138010660708353","in_reply_to_user_id":14213711,"favorite_count":0,"contributors":null,"text":"@DaniloGentili hj revendo o #agoraetarde de ontem pq dormi em algumas partes vi seu merchan do #bradesco tá ficando poderoso heim....","id":388138010660708353,"place":{"country_code":"BR","country":"Brasil","full_name":"Caçapava, São Paulo","bounding_box":{"coordinates":[[[-45.842691,-23.2385275],[-45.842691,-22.968666],[-45.593,-22.968666],[-45.593,-23.2385275]]],"type":"Polygon"},"place_type":"city","name":"Caçapava","attributes":{},"id":"769b08f849827258","url":"https://api.twitter.com/1.1/geo/id/769b08f849827258.json"},"lang":"pt","user":{"utc_offset":-10800,"friends_count":492,"profile_image_url_https":"https://si0.twimg.com/profile_images/378800000501247695/badc8278b475f3e1057afe40a5b6e70a_normal.jpeg","profile_background_image_url":"http://a0.twimg.com/profile_background_images/282020281/Foto068.jpg","listed_count":0,"default_profile_image":false,"favourites_count":7,"description":"A alegria evita mil males e prolonga a vida.\r\nEntão vou viver 1000 anos......","created_at":"Wed Apr 21 04:14:09 +0000 2010","is_translator":false,"profile_background_image_url_https":"https://si0.twimg.com/profile_background_images/282020281/Foto068.jpg","protected":false,"screen_name":"Fabyioliveira","id_str":"135380003","profile_link_color":"B82584","geo_enabled":true,"id":135380003,"profile_background_color":"115E0D","lang":"pt","profile_sidebar_border_color":"FFFFFF","profile_text_color":"333333","verified":false,"profile_image_url":"http://a0.twimg.com/profile_images/378800000501247695/badc8278b475f3e1057afe40a5b6e70a_normal.jpeg","time_zone":"Brasilia","url":"http://www.facebook.com.br/fabiana.deoliveira3","contributors_enabled":false,"profile_banner_url":"https://pbs.twimg.com/profile_banners/135380003/1380014756","profile_background_tile":true,"follow_request_sent":null,"statuses_count":5085,"profile_use_background_image":true,"followers_count":130,"following":null,"default_profile":false,"name":"Fabiana de Oliveira","profile_sidebar_fill_color":"F6F6F6","location":"São José dos Campos - SP","notifications":null},"favorited":false}