{"in_reply_to_status_id_str":null,"in_reply_to_status_id":null,"possibly_sensitive":false,"coordinates":null,"truncated":false,"in_reply_to_user_id_str":null,"created_at":"Thu Oct 10 11:46:44 +0000 2013","source":"<a href=\"http://twitter.com/download/iphone\" rel=\"nofollow\">Twitter for iPhone<\/a>","retweet_count":0,"retweeted":false,"geo":null,"filter_level":"medium","in_reply_to_screen_name":null,"entities":{"urls":[],"hashtags":[],"media":[{"display_url":"pic.twitter.com/SMRxCN4rN5","indices":[50,72],"sizes":{"small":{"w":340,"h":455,"resize":"fit"},"large":{"w":764,"h":1024,"resize":"fit"},"thumb":{"w":150,"h":150,"resize":"crop"},"medium":{"w":599,"h":804,"resize":"fit"}},"id_str":"388269361087406080","expanded_url":"http://twitter.com/Klonoa331/status/388269361339039744/photo/1","media_url_https":"https://pbs.twimg.com/media/BWNo7UDIYAAdth6.jpg","id":388269361087406080,"type":"photo","media_url":"http://pbs.twimg.com/media/BWNo7UDIYAAdth6.jpg","url":"http://t.co/SMRxCN4rN5"}],"user_mentions":[{"indices":[27,36],"screen_name":"Bradesco","id_str":"79184083","name":"Banco Bradesco","id":79184083},{"indices":[37,49],"screen_name":"AloBradesco","id_str":"78317870","name":"Alô Bradesco","id":78317870}],"symbols":[]},"id_str":"388269361339039744","in_reply_to_user_id":null,"favorite_count":0,"contributors":null,"text":"Olha soh oque eu encontrei @Bradesco @AloBradesco http://t.co/SMRxCN4rN5","id":388269361339039744,"place":null,"lang":"pt","user":{"utc_offset":-10800,"friends_count":89,"profile_image_url_https":"https://si0.twimg.com/profile_images/378800000414452518/982cdfdae7995777a41492a684e8c2e6_normal.jpeg","profile_background_image_url":"http://a0.twimg.com/profile_background_images/662597218/wesj4vp5wo8rf3od55xd.jpeg","listed_count":1,"default_profile_image":false,"favourites_count":76,"description":"In Love With @NathsMad ♥ . Senhor dos Ventos. Viajante dos Sonhos.","created_at":"Fri Mar 19 11:51:25 +0000 2010","is_translator":false,"profile_background_image_url_https":"https://si0.twimg.com/profile_background_images/662597218/wesj4vp5wo8rf3od55xd.jpeg","protected":false,"screen_name":"Klonoa331","id_str":"124438333","profile_link_color":"0084B4","geo_enabled":true,"id":124438333,"profile_background_color":"C0DEED","lang":"en","profile_sidebar_border_color":"FFFFFF","profile_text_color":"333333","verified":false,"profile_image_url":"http://a0.twimg.com/profile_images/378800000414452518/982cdfdae7995777a41492a684e8c2e6_normal.jpeg","time_zone":"Brasilia","url":null,"contributors_enabled":false,"profile_banner_url":"https://pbs.twimg.com/profile_banners/124438333/1359107902","profile_background_tile":true,"follow_request_sent":null,"statuses_count":18801,"profile_use_background_image":true,"followers_count":84,"following":null,"default_profile":false,"name":"My life as a 331!!","profile_sidebar_fill_color":"DDEEF6","location":"Campinas - SP","notifications":null},"favorited":false}