{"in_reply_to_status_id_str":null,"in_reply_to_status_id":null,"coordinates":null,"truncated":false,"in_reply_to_user_id_str":"79184083","created_at":"Thu Oct 10 13:16:53 +0000 2013","source":"web","retweet_count":0,"retweeted":false,"geo":null,"filter_level":"medium","in_reply_to_screen_name":"Bradesco","entities":{"urls":[],"hashtags":[],"user_mentions":[{"indices":[0,9],"screen_name":"Bradesco","id_str":"79184083","name":"Banco Bradesco","id":79184083}],"symbols":[]},"id_str":"388292051369877505","in_reply_to_user_id":79184083,"favorite_count":0,"contributors":null,"text":"@Bradesco  O site esta fora desde madrugada... algo a declarar?","id":388292051369877505,"place":null,"lang":"pt","user":{"utc_offset":-10800,"friends_count":312,"profile_image_url_https":"https://si0.twimg.com/profile_images/378800000006880052/69baf98a34ddfa14499b5da14b314a4c_normal.png","profile_background_image_url":"http://a0.twimg.com/profile_background_images/338301292/v-mask-vendetta-hot.jpg","listed_count":2,"default_profile_image":false,"favourites_count":0,"description":"Bom, aki so vou dizer uma coisa. e a unica coisa q tenho CERTEZA nesse mundo...\r\nHan shot first!!","created_at":"Tue Jun 23 23:40:40 +0000 2009","is_translator":false,"profile_background_image_url_https":"https://si0.twimg.com/profile_background_images/338301292/v-mask-vendetta-hot.jpg","protected":false,"screen_name":"kildred","id_str":"50142356","profile_link_color":"2FC2EF","geo_enabled":true,"id":50142356,"profile_background_color":"1A1B1F","lang":"pt","profile_sidebar_border_color":"181A1E","profile_text_color":"666666","verified":false,"profile_image_url":"http://a0.twimg.com/profile_images/378800000006880052/69baf98a34ddfa14499b5da14b314a4c_normal.png","time_zone":"Brasilia","url":null,"contributors_enabled":false,"profile_background_tile":false,"follow_request_sent":null,"statuses_count":6443,"profile_use_background_image":true,"followers_count":124,"following":null,"default_profile":false,"name":"Thiago Silva Barbosa","profile_sidebar_fill_color":"252429","location":"São Paulo","notifications":null},"favorited":false}