{"in_reply_to_status_id_str":null,"in_reply_to_status_id":null,"coordinates":null,"truncated":false,"in_reply_to_user_id_str":"79184083","created_at":"Thu Oct 10 12:38:53 +0000 2013","source":"web","retweet_count":0,"retweeted":false,"geo":null,"filter_level":"medium","in_reply_to_screen_name":"Bradesco","entities":{"urls":[],"hashtags":[],"user_mentions":[{"indices":[0,9],"screen_name":"Bradesco","id_str":"79184083","name":"Banco Bradesco","id":79184083}],"symbols":[]},"id_str":"388282488562278400","in_reply_to_user_id":79184083,"favorite_count":0,"contributors":null,"text":"@Bradesco Que está acontecendo com o banco hoje? nem na internet está funcionado o sistema?","id":388282488562278400,"place":null,"lang":"pt","user":{"utc_offset":-10800,"friends_count":246,"profile_image_url_https":"https://si0.twimg.com/profile_images/1845505880/Imagem_nova_normal.jpg","profile_background_image_url":"http://a0.twimg.com/profile_background_images/443410025/Final.jpg","listed_count":1,"default_profile_image":false,"favourites_count":0,"description":"Estagiário de Front End na @spicyweb | Estudante Técnico Multimídia Senac Consolação | 27 Anos Contrariando as Estatísticas","created_at":"Sat Apr 18 18:12:48 +0000 2009","is_translator":false,"profile_background_image_url_https":"https://si0.twimg.com/profile_background_images/443410025/Final.jpg","protected":false,"screen_name":"Paulo_Baronista","id_str":"32962513","profile_link_color":"1400AA","geo_enabled":true,"id":32962513,"profile_background_color":"FFFFFF","lang":"pt","profile_sidebar_border_color":"EEEEEE","profile_text_color":"333333","verified":false,"profile_image_url":"http://a0.twimg.com/profile_images/1845505880/Imagem_nova_normal.jpg","time_zone":"Brasilia","url":"http://paulobaronista.carbonmade.com/about","contributors_enabled":false,"profile_background_tile":false,"follow_request_sent":null,"statuses_count":2327,"profile_use_background_image":true,"followers_count":84,"following":null,"default_profile":false,"name":"Paulo Baronista","profile_sidebar_fill_color":"F6F6F6","location":"Ilha de Lost #Guarulhos/SP","notifications":null},"favorited":false}