{"in_reply_to_status_id_str":null,"in_reply_to_status_id":null,"coordinates":null,"truncated":false,"in_reply_to_user_id_str":null,"created_at":"Thu Oct 10 12:19:04 +0000 2013","source":"<a href=\"http://www.tweetdeck.com\" rel=\"nofollow\">TweetDeck<\/a>","retweet_count":0,"retweeted":false,"geo":null,"filter_level":"medium","in_reply_to_screen_name":null,"entities":{"urls":[],"hashtags":[],"user_mentions":[{"indices":[7,19],"screen_name":"AloBradesco","id_str":"78317870","name":"Alô Bradesco","id":78317870}],"symbols":[]},"id_str":"388277501660655616","in_reply_to_user_id":null,"favorite_count":0,"contributors":null,"text":"Porra, @AloBradesco! Todos os Caixas Eletrônicos em manutenção na minha agência e o Internet Banking indisponível. Assim não dá!","id":388277501660655616,"place":null,"lang":"pt","user":{"utc_offset":-10800,"friends_count":316,"profile_image_url_https":"https://si0.twimg.com/profile_images/378800000485252976/d586d2ab85fc85ddab6562434a5f2b85_normal.jpeg","profile_background_image_url":"http://a0.twimg.com/profile_background_images/378800000075418201/bdce177eaa4a4bfc5e9d6e79a54e60d6.jpeg","listed_count":1,"default_profile_image":false,"favourites_count":724,"description":"Minha liberdade ninguém pega. Vê se entende!","created_at":"Fri Jul 10 17:22:47 +0000 2009","is_translator":false,"profile_background_image_url_https":"https://si0.twimg.com/profile_background_images/378800000075418201/bdce177eaa4a4bfc5e9d6e79a54e60d6.jpeg","protected":false,"screen_name":"guizaotoquete","id_str":"55615255","profile_link_color":"F54F4F","geo_enabled":true,"id":55615255,"profile_background_color":"FFFFFF","lang":"pt","profile_sidebar_border_color":"FFFFFF","profile_text_color":"000000","verified":false,"profile_image_url":"http://a0.twimg.com/profile_images/378800000485252976/d586d2ab85fc85ddab6562434a5f2b85_normal.jpeg","time_zone":"Brasilia","url":"http://facebook.com/guizaotoquete","contributors_enabled":false,"profile_banner_url":"https://pbs.twimg.com/profile_banners/55615255/1378490382","profile_background_tile":false,"follow_request_sent":null,"statuses_count":13775,"profile_use_background_image":true,"followers_count":249,"following":null,"default_profile":false,"name":"Guizão","profile_sidebar_fill_color":"FFFFFF","location":"Rio Claro - SP | Brasil","notifications":null},"favorited":false}