{"in_reply_to_status_id_str":null,"in_reply_to_status_id":null,"coordinates":null,"truncated":false,"in_reply_to_user_id_str":"79184083","created_at":"Thu Oct 10 13:15:15 +0000 2013","source":"<a href=\"http://twitter.com/download/android\" rel=\"nofollow\">Twitter for Android<\/a>","retweet_count":0,"retweeted":false,"geo":null,"filter_level":"medium","in_reply_to_screen_name":"Bradesco","entities":{"urls":[],"hashtags":[],"user_mentions":[{"indices":[0,9],"screen_name":"Bradesco","id_str":"79184083","name":"Banco Bradesco","id":79184083}],"symbols":[]},"id_str":"388291639892262912","in_reply_to_user_id":79184083,"favorite_count":0,"contributors":null,"text":"@bradesco Fora do ar o Internet Banking há 1 hora... Alguma previsão de retorno?","id":388291639892262912,"place":null,"lang":"pt","user":{"utc_offset":-10800,"friends_count":63,"profile_image_url_https":"https://si0.twimg.com/profile_images/1157157409/alex_young_normal.jpg","profile_background_image_url":"http://a0.twimg.com/profile_background_images/48430446/ATT00000.gif","listed_count":0,"default_profile_image":false,"favourites_count":0,"description":"Paulistano, Santista, bem humorado e um eterno apaixonado...","created_at":"Sun May 03 22:15:23 +0000 2009","is_translator":false,"profile_background_image_url_https":"https://si0.twimg.com/profile_background_images/48430446/ATT00000.gif","protected":false,"screen_name":"allxms","id_str":"37516548","profile_link_color":"0084B4","geo_enabled":true,"id":37516548,"profile_background_color":"C0DEED","lang":"pt","profile_sidebar_border_color":"C0DEED","profile_text_color":"333333","verified":false,"profile_image_url":"http://a0.twimg.com/profile_images/1157157409/alex_young_normal.jpg","time_zone":"Brasilia","url":null,"contributors_enabled":false,"profile_background_tile":true,"follow_request_sent":null,"statuses_count":1560,"profile_use_background_image":true,"followers_count":42,"following":null,"default_profile":false,"name":"Alex Moreira","profile_sidebar_fill_color":"DDEEF6","location":"São Paulo - Brasil","notifications":null},"favorited":false}