{"in_reply_to_status_id_str":null,"in_reply_to_status_id":null,"coordinates":null,"truncated":false,"in_reply_to_user_id_str":null,"created_at":"Thu Oct 10 13:44:48 +0000 2013","source":"<a href=\"http://www.tweetdeck.com\" rel=\"nofollow\">TweetDeck<\/a>","retweet_count":0,"retweeted":false,"geo":null,"filter_level":"medium","in_reply_to_screen_name":null,"entities":{"urls":[],"hashtags":[{"indices":[49,58],"text":"Bradesco"},{"indices":[126,131],"text":"ITAÚ"}],"user_mentions":[],"symbols":[]},"id_str":"388299077269848064","in_reply_to_user_id":null,"favorite_count":0,"contributors":null,"text":"Vou tirar minha conta fisica prime e juridica do #Bradesco o quanto antes, o site perde conexão c Servidor todo dia...vou pro #ITAÚ","id":388299077269848064,"place":null,"lang":"pt","user":{"utc_offset":-10800,"friends_count":59,"profile_image_url_https":"https://si0.twimg.com/profile_images/1859975909/twt_normal.jpg","profile_background_image_url":"http://a0.twimg.com/profile_background_images/18556038/bg_twittergallery.jpg","listed_count":0,"default_profile_image":false,"favourites_count":5,"description":null,"created_at":"Fri May 15 18:30:24 +0000 2009","is_translator":false,"profile_background_image_url_https":"https://si0.twimg.com/profile_background_images/18556038/bg_twittergallery.jpg","protected":false,"screen_name":"pamydamasio","id_str":"40300809","profile_link_color":"BD1313","geo_enabled":true,"id":40300809,"profile_background_color":"000000","lang":"en","profile_sidebar_border_color":"000000","profile_text_color":"000000","verified":false,"profile_image_url":"http://a0.twimg.com/profile_images/1859975909/twt_normal.jpg","time_zone":"Brasilia","url":"http://www.flickr.com/photos/pameladamasio","contributors_enabled":false,"profile_background_tile":true,"follow_request_sent":null,"statuses_count":5015,"profile_use_background_image":true,"followers_count":97,"following":null,"default_profile":false,"name":"Pam Damasio","profile_sidebar_fill_color":"C2949C","location":"São Paulo","notifications":null},"favorited":false}