{"in_reply_to_status_id_str":null,"in_reply_to_status_id":null,"coordinates":null,"truncated":false,"in_reply_to_user_id_str":null,"created_at":"Thu Oct 10 12:43:30 +0000 2013","source":"<a href=\"http://www.WindowsPhone.com/\" rel=\"nofollow\">Windows Phone<\/a>","retweet_count":0,"retweeted":false,"geo":null,"filter_level":"medium","in_reply_to_screen_name":null,"entities":{"urls":[],"hashtags":[{"indices":[81,90],"text":"Bradesco"}],"user_mentions":[],"symbols":[]},"id_str":"388283648543571968","in_reply_to_user_id":null,"favorite_count":0,"contributors":null,"text":"É lamentável, além dos bancos em greve, atendimento pessoal continua indesejado. #Bradesco","id":388283648543571968,"place":null,"lang":"pt","user":{"utc_offset":-7200,"friends_count":1992,"profile_image_url_https":"https://si0.twimg.com/profile_images/2775746530/66bd0c213063c6bb942495e9be96160b_normal.jpeg","profile_background_image_url":"http://a0.twimg.com/profile_background_images/649845441/wdznmbekttjutr7xdjhp.jpeg","listed_count":4,"default_profile_image":false,"favourites_count":0,"description":"Nutricionista em Formação, Missólogo, Blogueiro, Filho, Amigo e Apaixonado por Moda. Criar este Twitter me permitiu extravasar minha sede de conhecimento.","created_at":"Thu Jan 14 05:29:45 +0000 2010","is_translator":false,"profile_background_image_url_https":"https://si0.twimg.com/profile_background_images/649845441/wdznmbekttjutr7xdjhp.jpeg","protected":false,"screen_name":"rumennig","id_str":"104722822","profile_link_color":"E02020","geo_enabled":true,"id":104722822,"profile_background_color":"7AF0DC","lang":"pt","profile_sidebar_border_color":"9895F0","profile_text_color":"0DA188","verified":false,"profile_image_url":"http://a0.twimg.com/profile_images/2775746530/66bd0c213063c6bb942495e9be96160b_normal.jpeg","time_zone":"Greenland","url":null,"contributors_enabled":false,"profile_background_tile":true,"follow_request_sent":null,"statuses_count":5467,"profile_use_background_image":true,"followers_count":852,"following":null,"default_profile":false,"name":"Rumennig Azevedo","profile_sidebar_fill_color":"56E3CC","location":"Mossoró","notifications":null},"favorited":false}