{"in_reply_to_status_id_str":null,"in_reply_to_status_id":null,"coordinates":null,"truncated":false,"in_reply_to_user_id_str":null,"created_at":"Thu Oct 10 12:28:58 +0000 2013","source":"web","retweet_count":0,"retweeted":false,"geo":null,"filter_level":"medium","in_reply_to_screen_name":null,"entities":{"urls":[],"hashtags":[{"indices":[10,19],"text":"bradesco"}],"user_mentions":[],"symbols":[]},"id_str":"388279991554686977","in_reply_to_user_id":null,"favorite_count":0,"contributors":null,"text":"O site do #bradesco fora do ar faz parte da greve? :@","id":388279991554686977,"place":null,"lang":"pt","user":{"utc_offset":-10800,"friends_count":183,"profile_image_url_https":"https://si0.twimg.com/profile_images/378800000559991804/e278123e244ce350ed743e136ac1855e_normal.jpeg","profile_background_image_url":"http://a0.twimg.com/profile_background_images/397162882/Caveirinha__-_.jpg","listed_count":1,"default_profile_image":false,"favourites_count":2,"description":"Mimada e alternativa.\r\nNão sou legal, mas também não estou te dando mole.","created_at":"Mon Jan 24 14:35:40 +0000 2011","is_translator":false,"profile_background_image_url_https":"https://si0.twimg.com/profile_background_images/397162882/Caveirinha__-_.jpg","protected":false,"screen_name":"Thaaamy_res","id_str":"242326987","profile_link_color":"B40B43","geo_enabled":false,"id":242326987,"profile_background_color":"000000","lang":"pt","profile_sidebar_border_color":"000000","profile_text_color":"362720","verified":false,"profile_image_url":"http://a0.twimg.com/profile_images/378800000559991804/e278123e244ce350ed743e136ac1855e_normal.jpeg","time_zone":"Brasilia","url":null,"contributors_enabled":false,"profile_banner_url":"https://pbs.twimg.com/profile_banners/242326987/1350854738","profile_background_tile":true,"follow_request_sent":null,"statuses_count":7619,"profile_use_background_image":true,"followers_count":130,"following":null,"default_profile":false,"name":"Thamyres C.","profile_sidebar_fill_color":"E5507E","location":"Rio de Janeiro - Brasil","notifications":null},"favorited":false}