{"in_reply_to_status_id_str":null,"in_reply_to_status_id":null,"possibly_sensitive":false,"coordinates":null,"truncated":false,"in_reply_to_user_id_str":null,"created_at":"Thu Oct 10 20:05:42 +0000 2013","source":"<a href=\"http://instagram.com\" rel=\"nofollow\">Instagram<\/a>","retweet_count":0,"retweeted":false,"geo":null,"filter_level":"medium","in_reply_to_screen_name":null,"entities":{"urls":[{"display_url":"instagram.com/p/fTLI5wJGLg/","indices":[92,114],"expanded_url":"http://instagram.com/p/fTLI5wJGLg/","url":"http://t.co/dDEmdAHrTD"}],"hashtags":[{"indices":[27,36],"text":"Bradesco"},{"indices":[37,50],"text":"MayaraXaviet"}],"user_mentions":[],"symbols":[]},"id_str":"388394932287062016","in_reply_to_user_id":null,"favorite_count":0,"contributors":null,"text":"Visita dos nossos gerentes #Bradesco #MayaraXaviet jorgeecavalcanti10 @ AÍ Cozinha Criativa http://t.co/dDEmdAHrTD","id":388394932287062016,"place":null,"lang":"pt","user":{"utc_offset":-10800,"friends_count":898,"profile_image_url_https":"https://si0.twimg.com/profile_images/1586551521/cortada_normal.JPG","profile_background_image_url":"http://a0.twimg.com/profile_background_images/778501973/d9635409e1c3e46f4e3463c7101b26a7.jpeg","listed_count":7,"default_profile_image":false,"favourites_count":7,"description":"Contato: 83 9957 3291 e 88726 9756","created_at":"Fri Sep 18 19:29:19 +0000 2009","is_translator":false,"profile_background_image_url_https":"https://si0.twimg.com/profile_background_images/778501973/d9635409e1c3e46f4e3463c7101b26a7.jpeg","protected":false,"screen_name":"adrianacook","id_str":"75362895","profile_link_color":"72B5AC","geo_enabled":false,"id":75362895,"profile_background_color":"141A1A","lang":"pt","profile_sidebar_border_color":"000000","profile_text_color":"E30707","verified":false,"profile_image_url":"http://a0.twimg.com/profile_images/1586551521/cortada_normal.JPG","time_zone":"Brasilia","url":"http://www.gourmetidos.com.br","contributors_enabled":false,"profile_background_tile":false,"follow_request_sent":null,"statuses_count":8218,"profile_use_background_image":true,"followers_count":664,"following":null,"default_profile":false,"name":"adrianacook","profile_sidebar_fill_color":"0A0A09","location":"João Pessoa-PB","notifications":null},"favorited":false}