{"in_reply_to_status_id_str":null,"in_reply_to_status_id":null,"coordinates":null,"truncated":false,"in_reply_to_user_id_str":null,"created_at":"Thu Oct 10 20:01:31 +0000 2013","source":"web","retweet_count":0,"retweeted":false,"geo":null,"filter_level":"medium","in_reply_to_screen_name":null,"entities":{"urls":[],"hashtags":[],"user_mentions":[{"indices":[6,15],"screen_name":"Bradesco","id_str":"79184083","name":"Banco Bradesco","id":79184083}],"symbols":[]},"id_str":"388393878828503040","in_reply_to_user_id":null,"favorite_count":0,"contributors":null,"text":"Dai o @Bradesco cadastra meu email pra eu receber meu saldo e alterações na cc, mas envia em pdf criptografado com senha que eu não tenho.","id":388393878828503040,"place":null,"lang":"pt","user":{"utc_offset":-10800,"friends_count":905,"profile_image_url_https":"https://si0.twimg.com/profile_images/378800000516097053/2376497a7bd3421e7fa883830bc1b162_normal.jpeg","profile_background_image_url":"http://a0.twimg.com/profile_background_images/145588110/fundo_final_2_c_pia.jpg","listed_count":85,"default_profile_image":false,"favourites_count":2,"description":null,"created_at":"Sat Oct 24 11:48:37 +0000 2009","is_translator":false,"profile_background_image_url_https":"https://si0.twimg.com/profile_background_images/145588110/fundo_final_2_c_pia.jpg","protected":false,"screen_name":"_ediborba","id_str":"84827770","profile_link_color":"404647","geo_enabled":true,"id":84827770,"profile_background_color":"000000","lang":"pt","profile_sidebar_border_color":"575454","profile_text_color":"756464","verified":false,"profile_image_url":"http://a0.twimg.com/profile_images/378800000516097053/2376497a7bd3421e7fa883830bc1b162_normal.jpeg","time_zone":"Brasilia","url":"http://chutalatta.com","contributors_enabled":false,"profile_background_tile":false,"follow_request_sent":null,"statuses_count":12333,"profile_use_background_image":true,"followers_count":1226,"following":null,"default_profile":false,"name":"Edilson Borba","profile_sidebar_fill_color":"000000","location":"Pirabicity-Joinville-SC","notifications":null},"favorited":false}