{"in_reply_to_status_id_str":null,"in_reply_to_status_id":null,"coordinates":null,"truncated":false,"in_reply_to_user_id_str":"79184083","created_at":"Thu Oct 10 14:56:00 +0000 2013","source":"<a href=\"http://twitter.com/download/android\" rel=\"nofollow\">Twitter for Android<\/a>","retweet_count":0,"retweeted":false,"geo":null,"filter_level":"medium","in_reply_to_screen_name":"Bradesco","entities":{"urls":[],"hashtags":[],"user_mentions":[{"indices":[0,9],"screen_name":"Bradesco","id_str":"79184083","name":"Banco Bradesco","id":79184083},{"indices":[36,45],"screen_name":"Bradesco","id_str":"79184083","name":"Banco Bradesco","id":79184083}],"symbols":[]},"id_str":"388316994820657152","in_reply_to_user_id":79184083,"favorite_count":0,"contributors":null,"text":"@Bradesco alguma pane no sistema do @Bradesco, na agência 1941 alegam estar fora do ar.","id":388316994820657152,"place":null,"lang":"pt","user":{"utc_offset":-10800,"friends_count":138,"profile_image_url_https":"https://si0.twimg.com/profile_images/2747744794/0920b28b5c4cb927f9f85922f4296e31_normal.jpeg","profile_background_image_url":"http://a0.twimg.com/profile_background_images/669901470/a2f0e233d852f6338654d010d6223ff0.jpeg","listed_count":1,"default_profile_image":false,"favourites_count":1,"description":"Alagoano, pai do Etevaldo, da Sophia e da Anna Elvira. Um cara que torce pelo Brasil!","created_at":"Mon Jul 06 10:48:58 +0000 2009","is_translator":false,"profile_background_image_url_https":"https://si0.twimg.com/profile_background_images/669901470/a2f0e233d852f6338654d010d6223ff0.jpeg","protected":false,"screen_name":"etevaldobalbino","id_str":"54174512","profile_link_color":"2F39ED","geo_enabled":true,"id":54174512,"profile_background_color":"1A1B1F","lang":"pt","profile_sidebar_border_color":"FFFFFF","profile_text_color":"666666","verified":false,"profile_image_url":"http://a0.twimg.com/profile_images/2747744794/0920b28b5c4cb927f9f85922f4296e31_normal.jpeg","time_zone":"Santiago","url":null,"contributors_enabled":false,"profile_background_tile":true,"follow_request_sent":null,"statuses_count":981,"profile_use_background_image":true,"followers_count":55,"following":null,"default_profile":false,"name":"Etevaldo Balbino","profile_sidebar_fill_color":"252429","location":"Sinop-MT/Brasil","notifications":null},"favorited":false}