{"in_reply_to_status_id_str":null,"in_reply_to_status_id":null,"coordinates":null,"truncated":false,"in_reply_to_user_id_str":"78317870","created_at":"Thu Oct 10 18:13:25 +0000 2013","source":"<a href=\"http://twitter.com/download/android\" rel=\"nofollow\">Twitter for Android<\/a>","retweet_count":0,"retweeted":false,"geo":null,"filter_level":"medium","in_reply_to_screen_name":"AloBradesco","entities":{"urls":[],"hashtags":[],"user_mentions":[{"indices":[0,12],"screen_name":"AloBradesco","id_str":"78317870","name":"Alô Bradesco","id":78317870}],"symbols":[]},"id_str":"388366673952391169","in_reply_to_user_id":78317870,"favorite_count":0,"contributors":null,"text":"@AloBradesco ao casar temos q levar a nova identidade ou apenas a cert d casamento?","id":388366673952391169,"place":null,"lang":"pt","user":{"utc_offset":-10800,"friends_count":331,"profile_image_url_https":"https://si0.twimg.com/profile_images/2535787719/w9djrkmfcbj75mfqtrty_normal.jpeg","profile_background_image_url":"http://a0.twimg.com/profile_background_images/196972138/v6.jpg","listed_count":2,"default_profile_image":false,"favourites_count":303,"description":"Quem me conhece sabe como sou e quem sou Só não se perca ao entrar no meu infinito particular! Só mandar Reply avisando que me seguiu que eu Follow You Back :)","created_at":"Tue Jun 16 10:59:17 +0000 2009","is_translator":false,"profile_background_image_url_https":"https://si0.twimg.com/profile_background_images/196972138/v6.jpg","protected":false,"screen_name":"ViviannOficial","id_str":"47597505","profile_link_color":"B40B43","geo_enabled":true,"id":47597505,"profile_background_color":"6B66FF","lang":"pt","profile_sidebar_border_color":"CC3366","profile_text_color":"CD11F2","verified":false,"profile_image_url":"http://a0.twimg.com/profile_images/2535787719/w9djrkmfcbj75mfqtrty_normal.jpeg","time_zone":"Brasilia","url":"http://eflog.net/viviann","contributors_enabled":false,"profile_banner_url":"https://pbs.twimg.com/profile_banners/47597505/1355526628","profile_background_tile":true,"follow_request_sent":null,"statuses_count":11476,"profile_use_background_image":true,"followers_count":204,"following":null,"default_profile":false,"name":"Viviann","profile_sidebar_fill_color":"E5507E","location":"RJ, Brasil","notifications":null},"favorited":false}