{"in_reply_to_status_id_str":null,"in_reply_to_status_id":null,"coordinates":null,"truncated":false,"in_reply_to_user_id_str":null,"created_at":"Thu Oct 10 18:45:49 +0000 2013","source":"web","retweet_count":0,"retweeted":false,"geo":null,"filter_level":"medium","in_reply_to_screen_name":null,"entities":{"urls":[],"hashtags":[],"user_mentions":[{"indices":[30,35],"screen_name":"itau","id_str":"179398386","name":"Itaú","id":179398386},{"indices":[39,48],"screen_name":"Bradesco","id_str":"79184083","name":"Banco Bradesco","id":79184083}],"symbols":[]},"id_str":"388374827146280960","in_reply_to_user_id":null,"favorite_count":0,"contributors":null,"text":"Qual melhor banco a escolher? @itau ou @Bradesco Quem me convencer ganhara mais um cliente.","id":388374827146280960,"place":null,"lang":"pt","user":{"utc_offset":-10800,"friends_count":256,"profile_image_url_https":"https://si0.twimg.com/profile_images/378800000560162981/def09ae39af2120cc3fb4e1ef73b5626_normal.jpeg","profile_background_image_url":"http://a0.twimg.com/profile_background_images/202243354/plano_de_fundo_para_twitter.jpg","listed_count":3,"default_profile_image":false,"favourites_count":20,"description":"Caricaturista de final de semana\r\nemail para contato: eriquigb@gmail.com","created_at":"Sun May 16 01:30:50 +0000 2010","is_translator":false,"profile_background_image_url_https":"https://si0.twimg.com/profile_background_images/202243354/plano_de_fundo_para_twitter.jpg","protected":false,"screen_name":"egbaldin","id_str":"144343600","profile_link_color":"FF0000","geo_enabled":true,"id":144343600,"profile_background_color":"0A0A0A","lang":"pt","profile_sidebar_border_color":"F2E195","profile_text_color":"0E0F0F","verified":false,"profile_image_url":"http://a0.twimg.com/profile_images/378800000560162981/def09ae39af2120cc3fb4e1ef73b5626_normal.jpeg","time_zone":"Brasilia","url":"http://criticascomrespeito.blogspot.com/","contributors_enabled":false,"profile_banner_url":"https://pbs.twimg.com/profile_banners/144343600/1367164979","profile_background_tile":true,"follow_request_sent":null,"statuses_count":9582,"profile_use_background_image":true,"followers_count":2574,"following":null,"default_profile":false,"name":"Eriqui Baldin","profile_sidebar_fill_color":"EDCD2B","location":"Cocal do Sul","notifications":null},"favorited":false}