{"in_reply_to_status_id_str":null,"in_reply_to_status_id":null,"coordinates":null,"truncated":false,"in_reply_to_user_id_str":null,"created_at":"Thu Oct 10 20:04:21 +0000 2013","source":"web","retweet_count":0,"retweeted":false,"geo":null,"filter_level":"medium","in_reply_to_screen_name":null,"entities":{"urls":[],"hashtags":[],"user_mentions":[{"indices":[11,20],"screen_name":"Bradesco","id_str":"79184083","name":"Banco Bradesco","id":79184083}],"symbols":[]},"id_str":"388394592585789441","in_reply_to_user_id":null,"favorite_count":0,"contributors":null,"text":"Este banco @Bradesco é PÉSSIMO,  atraso em minha vida!","id":388394592585789441,"place":null,"lang":"pt","user":{"utc_offset":null,"friends_count":328,"profile_image_url_https":"https://si0.twimg.com/profile_images/1904787986/393762_10150468474244457_725879456_8646215_1771129327_n_normal.jpg","profile_background_image_url":"http://abs.twimg.com/images/themes/theme1/bg.png","listed_count":1,"default_profile_image":false,"favourites_count":4,"description":"Sou cristã, missionária  da JOCUM Leicester , corintiana é claro!..e principalmente filha de Deus!","created_at":"Sat Mar 17 23:57:50 +0000 2012","is_translator":false,"profile_background_image_url_https":"https://abs.twimg.com/images/themes/theme1/bg.png","protected":false,"screen_name":"patitalindinha","id_str":"527956800","profile_link_color":"0084B4","geo_enabled":true,"id":527956800,"profile_background_color":"C0DEED","lang":"pt","profile_sidebar_border_color":"C0DEED","profile_text_color":"333333","verified":false,"profile_image_url":"http://a0.twimg.com/profile_images/1904787986/393762_10150468474244457_725879456_8646215_1771129327_n_normal.jpg","time_zone":null,"url":null,"contributors_enabled":false,"profile_background_tile":false,"follow_request_sent":null,"statuses_count":1367,"profile_use_background_image":true,"followers_count":91,"following":null,"default_profile":true,"name":"Patricia bicalho","profile_sidebar_fill_color":"DDEEF6","location":"Leicester,Inglaterra","notifications":null},"favorited":false}