{"in_reply_to_status_id_str":"388358171083157504","in_reply_to_status_id":388358171083157504,"coordinates":null,"truncated":false,"in_reply_to_user_id_str":"78317870","created_at":"Thu Oct 10 18:10:17 +0000 2013","source":"web","retweet_count":0,"retweeted":false,"geo":null,"filter_level":"medium","in_reply_to_screen_name":"AloBradesco","entities":{"urls":[],"hashtags":[],"user_mentions":[{"indices":[0,12],"screen_name":"AloBradesco","id_str":"78317870","name":"Alô Bradesco","id":78317870}],"symbols":[]},"id_str":"388365888249794560","in_reply_to_user_id":78317870,"favorite_count":0,"contributors":null,"text":"@AloBradesco Não entendi a relação de uma coisa com a outra.","id":388365888249794560,"place":null,"lang":"pt","user":{"utc_offset":-10800,"friends_count":396,"profile_image_url_https":"https://si0.twimg.com/profile_images/378800000205168539/cc0467754121d75189c7a3a2fdcee588_normal.jpeg","profile_background_image_url":"http://a0.twimg.com/profile_background_images/378800000089925253/75baaa1c3674ac50b03c2c0a0b9ee702.jpeg","listed_count":9,"default_profile_image":false,"favourites_count":21,"description":"Like a cat, a curious...","created_at":"Sun May 31 00:16:04 +0000 2009","is_translator":false,"profile_background_image_url_https":"https://si0.twimg.com/profile_background_images/378800000089925253/75baaa1c3674ac50b03c2c0a0b9ee702.jpeg","protected":false,"screen_name":"romhl","id_str":"43621999","profile_link_color":"8800FF","geo_enabled":true,"id":43621999,"profile_background_color":"131516","lang":"pt","profile_sidebar_border_color":"FFFFFF","profile_text_color":"FC0000","verified":false,"profile_image_url":"http://a0.twimg.com/profile_images/378800000205168539/cc0467754121d75189c7a3a2fdcee588_normal.jpeg","time_zone":"Brasilia","url":"http://specialspice.tumblr.com/","contributors_enabled":false,"profile_banner_url":"https://pbs.twimg.com/profile_banners/43621999/1369963257","profile_background_tile":true,"follow_request_sent":null,"statuses_count":21703,"profile_use_background_image":true,"followers_count":1184,"following":null,"default_profile":false,"name":"Rômullo Lopes Viana","profile_sidebar_fill_color":"000000","location":"Goiânia, Brasil","notifications":null},"favorited":false}