{"in_reply_to_status_id_str":null,"in_reply_to_status_id":null,"coordinates":null,"truncated":false,"in_reply_to_user_id_str":"78317870","created_at":"Thu Oct 10 20:23:56 +0000 2013","source":"<a href=\"https://mobile.twitter.com\" rel=\"nofollow\">Mobile Web (M2)<\/a>","retweet_count":0,"retweeted":false,"geo":null,"filter_level":"medium","in_reply_to_screen_name":"AloBradesco","entities":{"urls":[],"hashtags":[],"user_mentions":[{"indices":[0,12],"screen_name":"AloBradesco","id_str":"78317870","name":"Alô Bradesco","id":78317870}],"symbols":[]},"id_str":"388399519941287936","in_reply_to_user_id":78317870,"favorite_count":0,"contributors":null,"text":"@AloBradesco Recebo 20 emails por dia dizendo que meu cartão chave de segurança expirou, nem conta nesse banco eu tenho.","id":388399519941287936,"place":null,"lang":"pt","user":{"utc_offset":-10800,"friends_count":401,"profile_image_url_https":"https://si0.twimg.com/profile_images/3725450469/d0b33e01158c12d15a1c28497453160f_normal.jpeg","profile_background_image_url":"http://a0.twimg.com/profile_background_images/542977468/mac.jpg","listed_count":17,"default_profile_image":false,"favourites_count":599,"description":"Não é fácil fazer uma auto-biografia curta e apressada.","created_at":"Sat Jul 11 22:58:07 +0000 2009","is_translator":false,"profile_background_image_url_https":"https://si0.twimg.com/profile_background_images/542977468/mac.jpg","protected":false,"screen_name":"kaambrosio","id_str":"55954050","profile_link_color":"6B0D1A","geo_enabled":true,"id":55954050,"profile_background_color":"0F0000","lang":"en","profile_sidebar_border_color":"000000","profile_text_color":"333333","verified":false,"profile_image_url":"http://a0.twimg.com/profile_images/3725450469/d0b33e01158c12d15a1c28497453160f_normal.jpeg","time_zone":"Brasilia","url":null,"contributors_enabled":false,"profile_banner_url":"https://pbs.twimg.com/profile_banners/55954050/1350360650","profile_background_tile":true,"follow_request_sent":null,"statuses_count":27885,"profile_use_background_image":true,"followers_count":408,"following":null,"default_profile":false,"name":"Karen Ambrosio","profile_sidebar_fill_color":"F3F3F3","location":"Brasil","notifications":null},"favorited":false}