{"in_reply_to_status_id_str":null,"in_reply_to_status_id":null,"coordinates":null,"truncated":false,"in_reply_to_user_id_str":null,"created_at":"Thu Oct 10 19:56:41 +0000 2013","source":"web","retweet_count":0,"retweeted":false,"geo":null,"filter_level":"medium","in_reply_to_screen_name":null,"entities":{"urls":[],"hashtags":[],"user_mentions":[{"indices":[30,39],"screen_name":"Bradesco","id_str":"79184083","name":"Banco Bradesco","id":79184083}],"symbols":[]},"id_str":"388392664963362816","in_reply_to_user_id":null,"favorite_count":0,"contributors":null,"text":"Não consegui resolver nada no @Bradesco este ano. O banco só me atrapalhou. E acabo de receber email deles sentindo minha falta. Ironia...","id":388392664963362816,"place":null,"lang":"pt","user":{"utc_offset":null,"friends_count":267,"profile_image_url_https":"https://si0.twimg.com/profile_images/3311875712/11d7f176b2af9965eedb1556e67ff8b9_normal.jpeg","profile_background_image_url":"http://a0.twimg.com/profile_background_images/378800000032155825/0179f6b4c695002f6213c21314405f2c.jpeg","listed_count":0,"default_profile_image":false,"favourites_count":0,"description":null,"created_at":"Tue Feb 26 19:14:48 +0000 2013","is_translator":false,"profile_background_image_url_https":"https://si0.twimg.com/profile_background_images/378800000032155825/0179f6b4c695002f6213c21314405f2c.jpeg","protected":false,"screen_name":"isaacribeiro_","id_str":"1222768963","profile_link_color":"0084B4","geo_enabled":false,"id":1222768963,"profile_background_color":"C0DEED","lang":"pt","profile_sidebar_border_color":"FFFFFF","profile_text_color":"333333","verified":false,"profile_image_url":"http://a0.twimg.com/profile_images/3311875712/11d7f176b2af9965eedb1556e67ff8b9_normal.jpeg","time_zone":null,"url":null,"contributors_enabled":false,"profile_background_tile":true,"follow_request_sent":null,"statuses_count":96,"profile_use_background_image":true,"followers_count":70,"following":null,"default_profile":false,"name":"Isaac Ribeiro","profile_sidebar_fill_color":"DDEEF6","location":"","notifications":null},"favorited":false}