{"in_reply_to_status_id_str":"388352635100995584","in_reply_to_status_id":388352635100995584,"coordinates":null,"truncated":false,"in_reply_to_user_id_str":"78317870","created_at":"Thu Oct 10 17:28:52 +0000 2013","source":"<a href=\"http://www.tweetdeck.com\" rel=\"nofollow\">TweetDeck<\/a>","retweet_count":0,"retweeted":false,"geo":null,"filter_level":"medium","in_reply_to_screen_name":"AloBradesco","entities":{"urls":[],"hashtags":[],"user_mentions":[{"indices":[0,12],"screen_name":"AloBradesco","id_str":"78317870","name":"Alô Bradesco","id":78317870}],"symbols":[]},"id_str":"388355462951092224","in_reply_to_user_id":78317870,"favorite_count":0,"contributors":null,"text":"@AloBradesco Fica em Recife - PE, na Rua da Hora.","id":388355462951092224,"place":null,"lang":"pt","user":{"utc_offset":-10800,"friends_count":441,"profile_image_url_https":"https://si0.twimg.com/profile_images/3426580150/7bb54dc911af627999a199a30a9f7e7a_normal.jpeg","profile_background_image_url":"http://a0.twimg.com/profile_background_images/703574733/6585d9b99637aa32667a2c1b4c679296.jpeg","listed_count":14,"default_profile_image":false,"favourites_count":3028,"description":"Me interesso por quase tudo, gosto de quase nada. Ah, também percebo que a vida corre contra o tempo.","created_at":"Sat Apr 25 22:32:22 +0000 2009","is_translator":false,"profile_background_image_url_https":"https://si0.twimg.com/profile_background_images/703574733/6585d9b99637aa32667a2c1b4c679296.jpeg","protected":false,"screen_name":"AlvesJow","id_str":"35328996","profile_link_color":"009999","geo_enabled":true,"id":35328996,"profile_background_color":"131516","lang":"pt","profile_sidebar_border_color":"FFFFFF","profile_text_color":"333333","verified":false,"profile_image_url":"http://a0.twimg.com/profile_images/3426580150/7bb54dc911af627999a199a30a9f7e7a_normal.jpeg","time_zone":"Brasilia","url":null,"contributors_enabled":false,"profile_banner_url":"https://pbs.twimg.com/profile_banners/35328996/1352153240","profile_background_tile":false,"follow_request_sent":null,"statuses_count":26625,"profile_use_background_image":false,"followers_count":440,"following":null,"default_profile":false,"name":"Jonathan Alves","profile_sidebar_fill_color":"EFEFEF","location":"Recife","notifications":null},"favorited":false}