{"in_reply_to_status_id_str":null,"in_reply_to_status_id":null,"possibly_sensitive":false,"coordinates":null,"truncated":false,"in_reply_to_user_id_str":null,"created_at":"Thu Oct 10 18:02:08 +0000 2013","source":"<a href=\"http://www.facebook.com/twitter\" rel=\"nofollow\">Facebook<\/a>","retweet_count":0,"retweeted":false,"geo":null,"filter_level":"medium","in_reply_to_screen_name":null,"entities":{"urls":[{"display_url":"fb.me/2yUxtBkSb","indices":[114,136],"expanded_url":"http://fb.me/2yUxtBkSb","url":"http://t.co/XH1V9t62JL"}],"hashtags":[{"indices":[15,24],"text":"bradesco"}],"user_mentions":[],"symbols":[]},"id_str":"388363833690947584","in_reply_to_user_id":null,"favorite_count":0,"contributors":null,"text":"Na porcaria do #bradesco do Limão, além da greve, nenhuma máquina de deposito está funcionando, malditos. Quem... http://t.co/XH1V9t62JL","id":388363833690947584,"place":null,"lang":"pt","user":{"utc_offset":-10800,"friends_count":27,"profile_image_url_https":"https://si0.twimg.com/profile_images/378800000536703271/03d74a921059df7a0bc6e7f7912e0361_normal.jpeg","profile_background_image_url":"http://abs.twimg.com/images/themes/theme14/bg.gif","listed_count":5,"default_profile_image":false,"favourites_count":7,"description":"Programador, Músico e Quase Fotógrafo.","created_at":"Wed May 13 18:38:13 +0000 2009","is_translator":false,"profile_background_image_url_https":"https://abs.twimg.com/images/themes/theme14/bg.gif","protected":false,"screen_name":"flaviobei","id_str":"39813291","profile_link_color":"009999","geo_enabled":true,"id":39813291,"profile_background_color":"131516","lang":"en","profile_sidebar_border_color":"EEEEEE","profile_text_color":"333333","verified":false,"profile_image_url":"http://a0.twimg.com/profile_images/378800000536703271/03d74a921059df7a0bc6e7f7912e0361_normal.jpeg","time_zone":"Brasilia","url":"http://about.me/flaviobei","contributors_enabled":false,"profile_banner_url":"https://pbs.twimg.com/profile_banners/39813291/1380689658","profile_background_tile":true,"follow_request_sent":null,"statuses_count":8811,"profile_use_background_image":true,"followers_count":218,"following":null,"default_profile":false,"name":"flávio bei","profile_sidebar_fill_color":"EFEFEF","location":"São Paulo","notifications":null},"favorited":false}