{"in_reply_to_status_id_str":"388375417478205440","in_reply_to_status_id":388375417478205440,"coordinates":null,"truncated":false,"in_reply_to_user_id_str":"78317870","created_at":"Thu Oct 10 19:22:28 +0000 2013","source":"web","retweet_count":0,"retweeted":false,"geo":null,"filter_level":"medium","in_reply_to_screen_name":"AloBradesco","entities":{"urls":[],"hashtags":[],"user_mentions":[{"indices":[0,12],"screen_name":"AloBradesco","id_str":"78317870","name":"Alô Bradesco","id":78317870}],"symbols":[]},"id_str":"388384050164940802","in_reply_to_user_id":78317870,"favorite_count":0,"contributors":null,"text":"@AloBradesco por telefone estou com um problema e vcs tem que me ajudar !!!","id":388384050164940802,"place":null,"lang":"pt","user":{"utc_offset":-10800,"friends_count":519,"profile_image_url_https":"https://si0.twimg.com/profile_images/3444389602/4da641cd9d046dcf9525bbd33cd71686_normal.jpeg","profile_background_image_url":"http://abs.twimg.com/images/themes/theme14/bg.gif","listed_count":2,"default_profile_image":false,"favourites_count":14,"description":"Sou de Peixes, Publicitario e Feliz, o Senhor me deu a NOITE e dela faço minha Vida, Obrigado a todos !!!! \r\nhttp://www.facebook.com/dinho.albuquerque","created_at":"Sat Jul 18 05:07:04 +0000 2009","is_translator":false,"profile_background_image_url_https":"https://abs.twimg.com/images/themes/theme14/bg.gif","protected":false,"screen_name":"dinhoalbuqrq","id_str":"57860715","profile_link_color":"009999","geo_enabled":true,"id":57860715,"profile_background_color":"131516","lang":"pt","profile_sidebar_border_color":"EEEEEE","profile_text_color":"333333","verified":false,"profile_image_url":"http://a0.twimg.com/profile_images/3444389602/4da641cd9d046dcf9525bbd33cd71686_normal.jpeg","time_zone":"Brasilia","url":"http://www.cafeguaruja.com.br","contributors_enabled":false,"profile_banner_url":"https://pbs.twimg.com/profile_banners/57860715/1363151939","profile_background_tile":true,"follow_request_sent":null,"statuses_count":6063,"profile_use_background_image":true,"followers_count":818,"following":null,"default_profile":false,"name":"Dinho Albuquerque","profile_sidebar_fill_color":"EFEFEF","location":"-23.981653,-46.237616","notifications":null},"favorited":false}