{"in_reply_to_status_id_str":"388372442043129856","in_reply_to_status_id":388372442043129856,"coordinates":null,"truncated":false,"in_reply_to_user_id_str":"78317870","created_at":"Thu Oct 10 18:43:19 +0000 2013","source":"<a href=\"http://www.tweetdeck.com\" rel=\"nofollow\">TweetDeck<\/a>","retweet_count":0,"retweeted":false,"geo":null,"filter_level":"medium","in_reply_to_screen_name":"AloBradesco","entities":{"urls":[],"hashtags":[],"user_mentions":[{"indices":[0,12],"screen_name":"AloBradesco","id_str":"78317870","name":"Alô Bradesco","id":78317870}],"symbols":[]},"id_str":"388374200958070785","in_reply_to_user_id":78317870,"favorite_count":0,"contributors":null,"text":"@AloBradesco dm pra vcs","id":388374200958070785,"place":null,"lang":"pt","user":{"utc_offset":-10800,"friends_count":1102,"profile_image_url_https":"https://si0.twimg.com/profile_images/378800000474446261/a99b4b0202ae9dfcd2341b43d8e7e762_normal.png","profile_background_image_url":"http://a0.twimg.com/profile_background_images/344918034408410992/709a371451d87f80ccc81933218c1568.jpeg","listed_count":23,"default_profile_image":false,"favourites_count":9,"description":"Técnico em Informática, cristão, músico e paraense!","created_at":"Thu Apr 10 20:20:04 +0000 2008","is_translator":false,"profile_background_image_url_https":"https://si0.twimg.com/profile_background_images/344918034408410992/709a371451d87f80ccc81933218c1568.jpeg","protected":false,"screen_name":"smk_barbosa","id_str":"14354850","profile_link_color":"313659","geo_enabled":true,"id":14354850,"profile_background_color":"2B2C40","lang":"pt","profile_sidebar_border_color":"000000","profile_text_color":"333D66","verified":false,"profile_image_url":"http://a0.twimg.com/profile_images/378800000474446261/a99b4b0202ae9dfcd2341b43d8e7e762_normal.png","time_zone":"Brasilia","url":"http://about.me/samuelbarbosa","contributors_enabled":false,"profile_banner_url":"https://pbs.twimg.com/profile_banners/14354850/1361534381","profile_background_tile":true,"follow_request_sent":null,"statuses_count":6166,"profile_use_background_image":true,"followers_count":956,"following":null,"default_profile":false,"name":"Samuel Barbosa","profile_sidebar_fill_color":"394B6E","location":"Palmas","notifications":null},"favorited":false}