{"in_reply_to_status_id_str":"388371305713893376","in_reply_to_status_id":388371305713893376,"coordinates":null,"truncated":false,"in_reply_to_user_id_str":"78317870","created_at":"Thu Oct 10 18:34:28 +0000 2013","source":"<a href=\"https://mobile.twitter.com\" rel=\"nofollow\">Mobile Web (M2)<\/a>","retweet_count":0,"retweeted":false,"geo":null,"filter_level":"medium","in_reply_to_screen_name":"AloBradesco","entities":{"urls":[],"hashtags":[],"user_mentions":[{"indices":[0,12],"screen_name":"AloBradesco","id_str":"78317870","name":"Alô Bradesco","id":78317870}],"symbols":[]},"id_str":"388371971622592512","in_reply_to_user_id":78317870,"favorite_count":0,"contributors":null,"text":"@alobradesco Sim... 40040127, Preciso urgente dele.","id":388371971622592512,"place":null,"lang":"pt","user":{"utc_offset":-7200,"friends_count":888,"profile_image_url_https":"https://si0.twimg.com/profile_images/378800000522783507/ebccfa45aab23a4920d5aa4b984e1e65_normal.jpeg","profile_background_image_url":"http://a0.twimg.com/profile_background_images/378800000038279014/f8043f6939bfa1cf6198638d7b84b554.jpeg","listed_count":6,"default_profile_image":false,"favourites_count":1094,"description":"Meu alvo é Cristo!         Vascaína, Técnica em Construção Naval","created_at":"Mon Jan 11 01:18:37 +0000 2010","is_translator":false,"profile_background_image_url_https":"https://si0.twimg.com/profile_background_images/378800000038279014/f8043f6939bfa1cf6198638d7b84b554.jpeg","protected":false,"screen_name":"oliveiracella","id_str":"103716798","profile_link_color":"FF0000","geo_enabled":true,"id":103716798,"profile_background_color":"642D8B","lang":"pt","profile_sidebar_border_color":"FFFFFF","profile_text_color":"3D1957","verified":false,"profile_image_url":"http://a0.twimg.com/profile_images/378800000522783507/ebccfa45aab23a4920d5aa4b984e1e65_normal.jpeg","time_zone":"Greenland","url":null,"contributors_enabled":false,"profile_banner_url":"https://pbs.twimg.com/profile_banners/103716798/1380815215","profile_background_tile":true,"follow_request_sent":null,"statuses_count":25385,"profile_use_background_image":true,"followers_count":560,"following":null,"default_profile":false,"name":"Marcella Oliveira","profile_sidebar_fill_color":"7AC3EE","location":"Rio de Janeiro ","notifications":null},"favorited":false}