{"in_reply_to_status_id_str":null,"in_reply_to_status_id":null,"coordinates":null,"truncated":false,"in_reply_to_user_id_str":"79184083","created_at":"Thu Oct 10 15:20:26 +0000 2013","source":"<a href=\"http://twitter.com/download/iphone\" rel=\"nofollow\">Twitter for iPhone<\/a>","retweet_count":0,"retweeted":false,"geo":null,"filter_level":"medium","in_reply_to_screen_name":"Bradesco","entities":{"urls":[],"hashtags":[],"user_mentions":[{"indices":[0,9],"screen_name":"Bradesco","id_str":"79184083","name":"Banco Bradesco","id":79184083}],"symbols":[]},"id_str":"388323141824839680","in_reply_to_user_id":79184083,"favorite_count":0,"contributors":null,"text":"@Bradesco recusa credito sem dar explicação temos que acabar com esta ditadura dos Bancos é só processar que se dia na lista negra safados","id":388323141824839680,"place":null,"lang":"pt","user":{"utc_offset":-10800,"friends_count":1171,"profile_image_url_https":"https://si0.twimg.com/profile_images/1197189553/rosto_1_normal.JPG","profile_background_image_url":"http://abs.twimg.com/images/themes/theme15/bg.png","listed_count":31,"default_profile_image":false,"favourites_count":13,"description":"casado, advogado, santista e otimista","created_at":"Wed Jun 10 13:33:29 +0000 2009","is_translator":false,"profile_background_image_url_https":"https://abs.twimg.com/images/themes/theme15/bg.png","protected":false,"screen_name":"ORSIJR","id_str":"46111913","profile_link_color":"0084B4","geo_enabled":false,"id":46111913,"profile_background_color":"022330","lang":"en","profile_sidebar_border_color":"A8C7F7","profile_text_color":"333333","verified":false,"profile_image_url":"http://a0.twimg.com/profile_images/1197189553/rosto_1_normal.JPG","time_zone":"Santiago","url":"http://www.orsibarreto.com.br","contributors_enabled":false,"profile_background_tile":false,"follow_request_sent":null,"statuses_count":5056,"profile_use_background_image":true,"followers_count":677,"following":null,"default_profile":false,"name":"GILBERTO  MACHADO ","profile_sidebar_fill_color":"C0DFEC","location":"Sao Paulo - Brasil","notifications":null},"favorited":false}