{"in_reply_to_status_id_str":null,"in_reply_to_status_id":null,"coordinates":null,"truncated":false,"in_reply_to_user_id_str":null,"created_at":"Thu Oct 10 18:12:26 +0000 2013","source":"web","retweet_count":0,"retweeted":false,"geo":null,"filter_level":"medium","in_reply_to_screen_name":null,"entities":{"urls":[],"hashtags":[],"user_mentions":[{"indices":[14,23],"screen_name":"Bradesco","id_str":"79184083","name":"Banco Bradesco","id":79184083}],"symbols":[]},"id_str":"388366426085412864","in_reply_to_user_id":null,"favorite_count":0,"contributors":null,"text":"Que beleza, o @Bradesco invés de ajudar a vida de uma cadeirante, ele esta piorando. Não consigo resolver nada por telefone/web. DROGA!!!","id":388366426085412864,"place":null,"lang":"pt","user":{"utc_offset":-7200,"friends_count":204,"profile_image_url_https":"https://si0.twimg.com/profile_images/3786582238/15b3a0fdf54f88016cc442e9172116d8_normal.jpeg","profile_background_image_url":"http://a0.twimg.com/profile_background_images/378800000017572047/f2014caae9676d0b5dc365e36f450e3d.png","listed_count":5,"default_profile_image":false,"favourites_count":50,"description":"Carioca. 22 anos. Proprietária da loja online Acessórios Melancia, estudante de publicidade, viciada em jogos online e aspirante a escritora nas horas vagas.","created_at":"Mon Feb 08 06:41:30 +0000 2010","is_translator":false,"profile_background_image_url_https":"https://si0.twimg.com/profile_background_images/378800000017572047/f2014caae9676d0b5dc365e36f450e3d.png","protected":false,"screen_name":"RennataCorrea","id_str":"112363945","profile_link_color":"DE0B60","geo_enabled":true,"id":112363945,"profile_background_color":"EBDFEB","lang":"pt","profile_sidebar_border_color":"000000","profile_text_color":"2D8DD6","verified":false,"profile_image_url":"http://a0.twimg.com/profile_images/3786582238/15b3a0fdf54f88016cc442e9172116d8_normal.jpeg","time_zone":"Greenland","url":"http://www.facebook.com/#!/RennataCorrea","contributors_enabled":false,"profile_banner_url":"https://pbs.twimg.com/profile_banners/112363945/1373147994","profile_background_tile":true,"follow_request_sent":null,"statuses_count":422,"profile_use_background_image":true,"followers_count":216,"following":null,"default_profile":false,"name":"Rennata Corrêa","profile_sidebar_fill_color":"FAF7FA","location":"Brasil","notifications":null},"favorited":false}