{"in_reply_to_status_id_str":"388332958685614080","in_reply_to_status_id":388332958685614080,"coordinates":null,"truncated":false,"in_reply_to_user_id_str":"78317870","created_at":"Thu Oct 10 16:11:55 +0000 2013","source":"<a href=\"http://twitter.com/download/iphone\" rel=\"nofollow\">Twitter for iPhone<\/a>","retweet_count":0,"retweeted":false,"geo":null,"filter_level":"medium","in_reply_to_screen_name":"AloBradesco","entities":{"urls":[],"hashtags":[],"user_mentions":[{"indices":[0,12],"screen_name":"AloBradesco","id_str":"78317870","name":"Alô Bradesco","id":78317870}],"symbols":[]},"id_str":"388336099091030016","in_reply_to_user_id":78317870,"favorite_count":0,"contributors":null,"text":"@AloBradesco é um iPhone 5","id":388336099091030016,"place":null,"lang":"pt","user":{"utc_offset":-10800,"friends_count":615,"profile_image_url_https":"https://si0.twimg.com/profile_images/378800000416785791/2b99ea0696463ab5c2ac6600252e5d00_normal.jpeg","profile_background_image_url":"http://a0.twimg.com/profile_background_images/593560799/qy7luja5ptxfz3oc29ed.jpeg","listed_count":27,"default_profile_image":false,"favourites_count":523,"description":"MARATONISTA. Hapiness is only real when shared. Go run. Do an ironman. Dono do @radiocorsa e estagiario do @dinheirama","created_at":"Fri Nov 07 10:13:02 +0000 2008","is_translator":false,"profile_background_image_url_https":"https://si0.twimg.com/profile_background_images/593560799/qy7luja5ptxfz3oc29ed.jpeg","protected":false,"screen_name":"igor_oliveira","id_str":"17229151","profile_link_color":"0084B4","geo_enabled":true,"id":17229151,"profile_background_color":"9AE4E8","lang":"en","profile_sidebar_border_color":"EEEEEE","profile_text_color":"333333","verified":false,"profile_image_url":"http://a0.twimg.com/profile_images/378800000416785791/2b99ea0696463ab5c2ac6600252e5d00_normal.jpeg","time_zone":"Brasilia","url":"http://about.me/igor_oliveira","contributors_enabled":false,"profile_banner_url":"https://pbs.twimg.com/profile_banners/17229151/1378684920","profile_background_tile":true,"follow_request_sent":null,"statuses_count":106315,"profile_use_background_image":true,"followers_count":973,"following":null,"default_profile":false,"name":"Igor","profile_sidebar_fill_color":"EFEFEF","location":"Brazil","notifications":null},"favorited":false}