{"in_reply_to_status_id_str":null,"in_reply_to_status_id":null,"coordinates":null,"truncated":false,"in_reply_to_user_id_str":null,"created_at":"Thu Oct 10 14:05:31 +0000 2013","source":"web","retweet_count":0,"retweeted":false,"geo":null,"filter_level":"medium","in_reply_to_screen_name":null,"entities":{"urls":[],"hashtags":[],"user_mentions":[{"indices":[3,12],"screen_name":"Bradesco","id_str":"79184083","name":"Banco Bradesco","id":79184083}],"symbols":[]},"id_str":"388304290378289152","in_reply_to_user_id":null,"favorite_count":0,"contributors":null,"text":"Ae @Bradesco pq não consigo pagar minha fatura internacional pelo site ?","id":388304290378289152,"place":null,"lang":"pt","user":{"utc_offset":-10800,"friends_count":129,"profile_image_url_https":"https://si0.twimg.com/profile_images/378800000331916820/cb6bb606619babe4cd5578551f7c2348_normal.jpeg","profile_background_image_url":"http://a0.twimg.com/profile_background_images/378800000091424879/9438b2994e3b4caf39c70d0cf6704938.png","listed_count":6,"default_profile_image":false,"favourites_count":2,"description":"Nerd,Geek,Gamer e tentando ser algo chamado Youtuber XD\r\n\r\nhttp://www.centralkeys.com.br/?a_aid=090109","created_at":"Thu Sep 17 15:42:47 +0000 2009","is_translator":false,"profile_background_image_url_https":"https://si0.twimg.com/profile_background_images/378800000091424879/9438b2994e3b4caf39c70d0cf6704938.png","protected":false,"screen_name":"RafaGuitaBR","id_str":"75041318","profile_link_color":"009999","geo_enabled":false,"id":75041318,"profile_background_color":"131516","lang":"pt","profile_sidebar_border_color":"EEEEEE","profile_text_color":"333333","verified":false,"profile_image_url":"http://a0.twimg.com/profile_images/378800000331916820/cb6bb606619babe4cd5578551f7c2348_normal.jpeg","time_zone":"Santiago","url":"http://www.youtube.com/deguitar86","contributors_enabled":false,"profile_banner_url":"https://pbs.twimg.com/profile_banners/75041318/1348546456","profile_background_tile":false,"follow_request_sent":null,"statuses_count":20600,"profile_use_background_image":true,"followers_count":780,"following":null,"default_profile":false,"name":"Rafa Biasotto (◣_◢)","profile_sidebar_fill_color":"EFEFEF","location":"","notifications":null},"favorited":false}