{"in_reply_to_status_id_str":null,"in_reply_to_status_id":null,"coordinates":null,"truncated":false,"in_reply_to_user_id_str":"79184083","created_at":"Thu Oct 10 17:18:51 +0000 2013","source":"<a href=\"http://twitter.com/download/iphone\" rel=\"nofollow\">Twitter for iPhone<\/a>","retweet_count":0,"retweeted":false,"geo":null,"filter_level":"medium","in_reply_to_screen_name":"Bradesco","entities":{"urls":[],"hashtags":[],"user_mentions":[{"indices":[0,9],"screen_name":"Bradesco","id_str":"79184083","name":"Banco Bradesco","id":79184083}],"symbols":[]},"id_str":"388352940949651456","in_reply_to_user_id":79184083,"favorite_count":0,"contributors":null,"text":"@Bradesco As agências já estão funcionando normalmente em SP ou o sistema ainda esta oscilando?","id":388352940949651456,"place":null,"lang":"pt","user":{"utc_offset":-10800,"friends_count":182,"profile_image_url_https":"https://si0.twimg.com/profile_images/2386903504/image_normal.jpg","profile_background_image_url":"http://abs.twimg.com/images/themes/theme1/bg.png","listed_count":1,"default_profile_image":false,"favourites_count":0,"description":"Inconstante.","created_at":"Thu Jan 28 18:52:58 +0000 2010","is_translator":false,"profile_background_image_url_https":"https://abs.twimg.com/images/themes/theme1/bg.png","protected":false,"screen_name":"meninajana","id_str":"109340254","profile_link_color":"0084B4","geo_enabled":true,"id":109340254,"profile_background_color":"C0DEED","lang":"pt","profile_sidebar_border_color":"C0DEED","profile_text_color":"333333","verified":false,"profile_image_url":"http://a0.twimg.com/profile_images/2386903504/image_normal.jpg","time_zone":"Brasilia","url":null,"contributors_enabled":false,"profile_banner_url":"https://pbs.twimg.com/profile_banners/109340254/1355710817","profile_background_tile":false,"follow_request_sent":null,"statuses_count":2621,"profile_use_background_image":true,"followers_count":141,"following":null,"default_profile":true,"name":"Janaína Gomyde","profile_sidebar_fill_color":"DDEEF6","location":"São Paulo","notifications":null},"favorited":false}