{"in_reply_to_status_id_str":null,"in_reply_to_status_id":null,"coordinates":null,"truncated":false,"in_reply_to_user_id_str":null,"created_at":"Thu Oct 10 15:30:33 +0000 2013","source":"web","retweet_count":0,"retweeted":false,"geo":null,"filter_level":"medium","in_reply_to_screen_name":null,"entities":{"urls":[],"hashtags":[],"user_mentions":[{"indices":[44,56],"screen_name":"AloBradesco","id_str":"78317870","name":"Alô Bradesco","id":78317870}],"symbols":[]},"id_str":"388325689914449920","in_reply_to_user_id":null,"favorite_count":0,"contributors":null,"text":"Queria saber se tá dando pra fazer saque no @AloBradesco ou se todas as agências estão com problema...","id":388325689914449920,"place":null,"lang":"pt","user":{"utc_offset":-10800,"friends_count":404,"profile_image_url_https":"https://si0.twimg.com/profile_images/3741204844/aca0c4bee9f2b84c55388c0c6ccbd13e_normal.jpeg","profile_background_image_url":"http://a0.twimg.com/profile_background_images/745651772/595d4e673c0e2b0ae50302867d47295d.jpeg","listed_count":139,"default_profile_image":false,"favourites_count":1482,"description":"jogadorazinha de yoyo fureca","created_at":"Mon Jul 20 18:48:22 +0000 2009","is_translator":false,"profile_background_image_url_https":"https://si0.twimg.com/profile_background_images/745651772/595d4e673c0e2b0ae50302867d47295d.jpeg","protected":false,"screen_name":"Boliinho","id_str":"58553929","profile_link_color":"0C00B3","geo_enabled":true,"id":58553929,"profile_background_color":"C0DEED","lang":"en","profile_sidebar_border_color":"FFFFFF","profile_text_color":"A30DE3","verified":false,"profile_image_url":"http://a0.twimg.com/profile_images/3741204844/aca0c4bee9f2b84c55388c0c6ccbd13e_normal.jpeg","time_zone":"Brasilia","url":"http://boliinho.wordpress.com/","contributors_enabled":false,"profile_banner_url":"https://pbs.twimg.com/profile_banners/58553929/1370102022","profile_background_tile":false,"follow_request_sent":null,"statuses_count":77441,"profile_use_background_image":true,"followers_count":1474,"following":null,"default_profile":false,"name":"progenitora do caos","profile_sidebar_fill_color":"DDEEF6","location":"Friendzone","notifications":null},"favorited":false}