{"in_reply_to_status_id_str":null,"in_reply_to_status_id":null,"possibly_sensitive":false,"coordinates":null,"truncated":false,"in_reply_to_user_id_str":"78317870","created_at":"Thu Oct 10 18:15:19 +0000 2013","source":"<a href=\"http://www.tweetdeck.com\" rel=\"nofollow\">TweetDeck<\/a>","retweet_count":0,"retweeted":false,"geo":null,"filter_level":"medium","in_reply_to_screen_name":"AloBradesco","entities":{"urls":[{"display_url":"img822.imageshack.us/img822/6325/mz\u2026","indices":[35,57],"expanded_url":"http://img822.imageshack.us/img822/6325/mztu.png","url":"http://t.co/0aSnUviKny"}],"hashtags":[],"user_mentions":[{"indices":[0,12],"screen_name":"AloBradesco","id_str":"78317870","name":"Alô Bradesco","id":78317870}],"symbols":[]},"id_str":"388367155299090434","in_reply_to_user_id":78317870,"favorite_count":0,"contributors":null,"text":"@AloBradesco toma providência ai:  http://t.co/0aSnUviKny","id":388367155299090434,"place":null,"lang":"pt","user":{"utc_offset":-10800,"friends_count":247,"profile_image_url_https":"https://si0.twimg.com/profile_images/378800000384940614/5ad006a03c6ac6d023856774ecc8b7dc_normal.jpeg","profile_background_image_url":"http://a0.twimg.com/profile_background_images/541684546/bg.png","listed_count":30,"default_profile_image":false,"favourites_count":4,"description":"Sou o Lucas Felix tenho 21 anos, Blogueiro, ex-estudante, criador do http://HumorTaLouco.com entre outros blogs ! Contato: humortalouco@hotmail.com","created_at":"Sat Aug 07 14:41:54 +0000 2010","is_translator":false,"profile_background_image_url_https":"https://si0.twimg.com/profile_background_images/541684546/bg.png","protected":false,"screen_name":"HumorTaLouco","id_str":"175759249","profile_link_color":"14B8C7","geo_enabled":true,"id":175759249,"profile_background_color":"870000","lang":"pt","profile_sidebar_border_color":"181A1E","profile_text_color":"666666","verified":false,"profile_image_url":"http://a0.twimg.com/profile_images/378800000384940614/5ad006a03c6ac6d023856774ecc8b7dc_normal.jpeg","time_zone":"Brasilia","url":"http://www.humortalouco.com.br/","contributors_enabled":false,"profile_banner_url":"https://pbs.twimg.com/profile_banners/175759249/1347976357","profile_background_tile":false,"follow_request_sent":null,"statuses_count":38405,"profile_use_background_image":true,"followers_count":2278,"following":null,"default_profile":false,"name":"Lucas Felix","profile_sidebar_fill_color":"252429","location":"Goiânia - GO","notifications":null},"favorited":false}