{"in_reply_to_status_id_str":"388472471131017216","in_reply_to_status_id":388472471131017216,"coordinates":null,"truncated":false,"in_reply_to_user_id_str":"78317870","created_at":"Fri Oct 11 01:14:26 +0000 2013","source":"<a href=\"http://www.tweetdeck.com\" rel=\"nofollow\">TweetDeck<\/a>","retweet_count":0,"retweeted":false,"geo":null,"filter_level":"medium","in_reply_to_screen_name":"AloBradesco","entities":{"urls":[],"hashtags":[],"user_mentions":[{"indices":[0,12],"screen_name":"AloBradesco","id_str":"78317870","name":"Alô Bradesco","id":78317870}],"symbols":[]},"id_str":"388472626299285505","in_reply_to_user_id":78317870,"favorite_count":0,"contributors":null,"text":"@AloBradesco O problema é dar erro na hora de abrir mesmo. Engraçado que o problema é aleatório, não acontece toda vez.","id":388472626299285505,"place":null,"lang":"pt","user":{"utc_offset":-10800,"friends_count":468,"profile_image_url_https":"https://si0.twimg.com/profile_images/2713506325/f725e87e6aa08e208e1e06ecac8e626d_normal.jpeg","profile_background_image_url":"http://a0.twimg.com/profile_background_images/667978503/8cf5eb39ab53e0867deffc06876be3ed.jpeg","listed_count":72,"default_profile_image":false,"favourites_count":261,"description":"Criei o blog Midiatismo. Tento estar por dentro de tudo que envolva mobile, tecnologia, internet e publicidade. Usuário de Android :)","created_at":"Tue Feb 03 16:40:00 +0000 2009","is_translator":false,"profile_background_image_url_https":"https://si0.twimg.com/profile_background_images/667978503/8cf5eb39ab53e0867deffc06876be3ed.jpeg","protected":false,"screen_name":"eu_Dennis","id_str":"19982121","profile_link_color":"0084B4","geo_enabled":true,"id":19982121,"profile_background_color":"000000","lang":"en","profile_sidebar_border_color":"000000","profile_text_color":"333333","verified":false,"profile_image_url":"http://a0.twimg.com/profile_images/2713506325/f725e87e6aa08e208e1e06ecac8e626d_normal.jpeg","time_zone":"Brasilia","url":"http://dennisaltermann.com.br","contributors_enabled":false,"profile_banner_url":"https://pbs.twimg.com/profile_banners/19982121/1348454964","profile_background_tile":true,"follow_request_sent":null,"statuses_count":38437,"profile_use_background_image":true,"followers_count":1514,"following":null,"default_profile":false,"name":"Dennis Altermann","profile_sidebar_fill_color":"FFFFFF","location":"Santa Cruz do Sul, RS, Brasil","notifications":null},"favorited":false}