{"in_reply_to_status_id_str":"388487281255784448","in_reply_to_status_id":388487281255784448,"coordinates":null,"truncated":false,"in_reply_to_user_id_str":"1950110191","created_at":"Fri Oct 11 02:32:19 +0000 2013","source":"<a href=\"http://twitter.com/download/android\" rel=\"nofollow\">Twitter for Android<\/a>","retweet_count":0,"retweeted":false,"geo":null,"filter_level":"medium","in_reply_to_screen_name":"bradescocartoes","entities":{"urls":[],"hashtags":[],"user_mentions":[{"indices":[0,16],"screen_name":"bradescocartoes","id_str":"1950110191","name":"Bradesco Cartões ","id":1950110191},{"indices":[17,29],"screen_name":"AloBradesco","id_str":"78317870","name":"Alô Bradesco","id":78317870}],"symbols":[]},"id_str":"388492229012361216","in_reply_to_user_id":1950110191,"favorite_count":0,"contributors":null,"text":"@bradescocartoes @alobradesco App do celular não tá permitindo seguir agora. Amanhã mando dados por DM.","id":388492229012361216,"place":null,"lang":"pt","user":{"utc_offset":-10800,"friends_count":296,"profile_image_url_https":"https://si0.twimg.com/profile_images/1424013355/Edu_Twitter_bigger_normal.jpg","profile_background_image_url":"http://a0.twimg.com/profile_background_images/153856417/free_twitter_designer.jpg","listed_count":28,"default_profile_image":false,"favourites_count":27,"description":"Corinthiano de coração, ariano de nascimento e marketeiro por opção.","created_at":"Tue Jun 23 15:06:17 +0000 2009","is_translator":false,"profile_background_image_url_https":"https://si0.twimg.com/profile_background_images/153856417/free_twitter_designer.jpg","protected":false,"screen_name":"edufootball","id_str":"49999974","profile_link_color":"333333","geo_enabled":false,"id":49999974,"profile_background_color":"D2D6D6","lang":"pt","profile_sidebar_border_color":"333333","profile_text_color":"7D7F80","verified":false,"profile_image_url":"http://a0.twimg.com/profile_images/1424013355/Edu_Twitter_bigger_normal.jpg","time_zone":"Brasilia","url":"http://www.estacaomktesportivo.blogspot.com/","contributors_enabled":false,"profile_background_tile":false,"follow_request_sent":null,"statuses_count":9772,"profile_use_background_image":true,"followers_count":946,"following":null,"default_profile":false,"name":"Jose Eduardo","profile_sidebar_fill_color":"D2D6D6","location":"Rep. Popular do Corinthians","notifications":null},"favorited":false}