{"in_reply_to_status_id_str":"388492061558587393","in_reply_to_status_id":388492061558587393,"coordinates":null,"truncated":false,"in_reply_to_user_id_str":"67656004","created_at":"Fri Oct 11 02:33:21 +0000 2013","source":"<a href=\"http://twitter.com/download/iphone\" rel=\"nofollow\">Twitter for iPhone<\/a>","retweet_count":0,"retweeted":false,"geo":null,"filter_level":"medium","in_reply_to_screen_name":"ZAMENZA","entities":{"urls":[],"hashtags":[{"indices":[32,41],"text":"Bradesco"},{"indices":[74,84],"text":"SangueBom"}],"user_mentions":[{"indices":[0,8],"screen_name":"ZAMENZA","id_str":"67656004","name":"Sérgio Santos","id":67656004}],"symbols":[]},"id_str":"388492486148378624","in_reply_to_user_id":67656004,"favorite_count":0,"contributors":null,"text":"@ZAMENZA Em compensação esse do #Bradesco é o óhhhh... Parece a Renata de #SangueBom falando e eu penso NÃO abre cta no Bradesco :(","id":388492486148378624,"place":null,"lang":"pt","user":{"utc_offset":null,"friends_count":161,"profile_image_url_https":"https://si0.twimg.com/profile_images/3741579947/130cb5ffcdc8116c05800061781d8622_normal.jpeg","profile_background_image_url":"http://abs.twimg.com/images/themes/theme1/bg.png","listed_count":2,"default_profile_image":false,"favourites_count":4,"description":"Cada um sabe a dor e a delícia de ser o que é (Caetano)","created_at":"Sun Aug 30 02:11:56 +0000 2009","is_translator":false,"profile_background_image_url_https":"https://abs.twimg.com/images/themes/theme1/bg.png","protected":false,"screen_name":"lucianavarro","id_str":"70022892","profile_link_color":"0084B4","geo_enabled":false,"id":70022892,"profile_background_color":"C0DEED","lang":"en","profile_sidebar_border_color":"C0DEED","profile_text_color":"333333","verified":false,"profile_image_url":"http://a0.twimg.com/profile_images/3741579947/130cb5ffcdc8116c05800061781d8622_normal.jpeg","time_zone":null,"url":"http://lucianavarrobrasil.wordpress.com","contributors_enabled":false,"profile_banner_url":"https://pbs.twimg.com/profile_banners/70022892/1370110049","profile_background_tile":false,"follow_request_sent":null,"statuses_count":7421,"profile_use_background_image":true,"followers_count":83,"following":null,"default_profile":true,"name":"Lucia Navarro","profile_sidebar_fill_color":"DDEEF6","location":"","notifications":null},"favorited":false}