{"in_reply_to_status_id_str":null,"in_reply_to_status_id":null,"coordinates":{"coordinates":[-46.77667618,-23.54977623],"type":"Point"},"truncated":false,"in_reply_to_user_id_str":null,"created_at":"Fri Oct 11 00:38:00 +0000 2013","source":"<a href=\"http://twitter.com/download/iphone\" rel=\"nofollow\">Twitter for iPhone<\/a>","retweet_count":0,"retweeted":false,"geo":{"coordinates":[-23.54977623,-46.77667618],"type":"Point"},"filter_level":"medium","in_reply_to_screen_name":null,"entities":{"urls":[],"hashtags":[{"indices":[23,27],"text":"Elo"},{"indices":[31,40],"text":"Bradesco"}],"user_mentions":[],"symbols":[]},"id_str":"388463459186511872","in_reply_to_user_id":null,"favorite_count":0,"contributors":null,"text":"Bela merda esse cartão #Elo do #Bradesco. Agora vc faz compras,tem saldo na conta, + lugar nenhum aceita essa porcaria e vc passa vergonha.","id":388463459186511872,"place":{"country_code":"BR","country":"Brasil","full_name":"Osasco, São Paulo","bounding_box":{"coordinates":[[[-46.821862,-23.607363],[-46.821862,-23.459503],[-46.747106,-23.459503],[-46.747106,-23.607363]]],"type":"Polygon"},"place_type":"city","name":"Osasco","attributes":{},"id":"32e64dedd065063f","url":"https://api.twitter.com/1.1/geo/id/32e64dedd065063f.json"},"lang":"pt","user":{"utc_offset":-10800,"friends_count":321,"profile_image_url_https":"https://si0.twimg.com/profile_images/378800000418923238/fb2313a88a54f5c4561bb41154e71501_normal.jpeg","profile_background_image_url":"http://a0.twimg.com/profile_background_images/153257906/BG01.jpg","listed_count":6,"default_profile_image":false,"favourites_count":1,"description":"Sou Mineiro,sei de que lado vem a chuva,escuto o capim crescer.Se tiver poeira, eu vou na frente!Se tiver barro, vou atrás.E, se tiver porteira,Eu vou no meio!","created_at":"Wed Apr 15 03:05:56 +0000 2009","is_translator":false,"profile_background_image_url_https":"https://si0.twimg.com/profile_background_images/153257906/BG01.jpg","protected":false,"screen_name":"Kwizatzz","id_str":"31321011","profile_link_color":"3F4CD4","geo_enabled":true,"id":31321011,"profile_background_color":"050505","lang":"en","profile_sidebar_border_color":"FFFFFF","profile_text_color":"381702","verified":false,"profile_image_url":"http://a0.twimg.com/profile_images/378800000418923238/fb2313a88a54f5c4561bb41154e71501_normal.jpeg","time_zone":"Brasilia","url":"http://www.facebook.com/kwizatz","contributors_enabled":false,"profile_background_tile":true,"follow_request_sent":null,"statuses_count":16945,"profile_use_background_image":true,"followers_count":321,"following":null,"default_profile":false,"name":"Ulisses Soares","profile_sidebar_fill_color":"E8E8E8","location":"São Paulo","notifications":null},"favorited":false}