{"in_reply_to_status_id_str":null,"in_reply_to_status_id":null,"coordinates":null,"truncated":false,"in_reply_to_user_id_str":"179398386","created_at":"Thu Oct 10 21:42:56 +0000 2013","source":"web","retweet_count":0,"retweeted":false,"geo":null,"filter_level":"medium","in_reply_to_screen_name":"itau","entities":{"urls":[],"hashtags":[],"user_mentions":[{"indices":[0,5],"screen_name":"itau","id_str":"179398386","name":"Itaú","id":179398386},{"indices":[9,18],"screen_name":"Bradesco","id_str":"79184083","name":"Banco Bradesco","id":79184083}],"symbols":[]},"id_str":"388419401113796608","in_reply_to_user_id":179398386,"favorite_count":0,"contributors":null,"text":"@itau ou @Bradesco? qual é o melhor?","id":388419401113796608,"place":null,"lang":"pt","user":{"utc_offset":-10800,"friends_count":32,"profile_image_url_https":"https://si0.twimg.com/profile_images/378800000314828838/aa3ebc5ceb59e30861248a35af50f5fb_normal.jpeg","profile_background_image_url":"http://abs.twimg.com/images/themes/theme1/bg.png","listed_count":0,"default_profile_image":false,"favourites_count":0,"description":"Sempre pensando em você,comida3","created_at":"Fri Apr 13 14:27:01 +0000 2012","is_translator":false,"profile_background_image_url_https":"https://abs.twimg.com/images/themes/theme1/bg.png","protected":false,"screen_name":"natalia40112463","id_str":"552741013","profile_link_color":"0084B4","geo_enabled":false,"id":552741013,"profile_background_color":"C0DEED","lang":"pt","profile_sidebar_border_color":"C0DEED","profile_text_color":"333333","verified":false,"profile_image_url":"http://a0.twimg.com/profile_images/378800000314828838/aa3ebc5ceb59e30861248a35af50f5fb_normal.jpeg","time_zone":"Brasilia","url":null,"contributors_enabled":false,"profile_banner_url":"https://pbs.twimg.com/profile_banners/552741013/1376776762","profile_background_tile":false,"follow_request_sent":null,"statuses_count":4,"profile_use_background_image":true,"followers_count":7,"following":null,"default_profile":true,"name":"Nath Carol","profile_sidebar_fill_color":"DDEEF6","location":"","notifications":null},"favorited":false}