{"in_reply_to_status_id_str":null,"in_reply_to_status_id":null,"coordinates":null,"truncated":false,"in_reply_to_user_id_str":"79184083","created_at":"Fri Oct 11 01:15:54 +0000 2013","source":"web","retweet_count":0,"retweeted":false,"geo":null,"filter_level":"medium","in_reply_to_screen_name":"Bradesco","entities":{"urls":[],"hashtags":[],"user_mentions":[{"indices":[0,9],"screen_name":"Bradesco","id_str":"79184083","name":"Banco Bradesco","id":79184083}],"symbols":[]},"id_str":"388472996731428864","in_reply_to_user_id":79184083,"favorite_count":0,"contributors":null,"text":"@Bradesco Quero usar o cartão de crédito mas tá impossível. Agência diz que função tá ativa, Fone Fácil diz que cartão não existe. E agora?!","id":388472996731428864,"place":null,"lang":"pt","user":{"utc_offset":-10800,"friends_count":296,"profile_image_url_https":"https://si0.twimg.com/profile_images/1424013355/Edu_Twitter_bigger_normal.jpg","profile_background_image_url":"http://a0.twimg.com/profile_background_images/153856417/free_twitter_designer.jpg","listed_count":28,"default_profile_image":false,"favourites_count":27,"description":"Corinthiano de coração, ariano de nascimento e marketeiro por opção.","created_at":"Tue Jun 23 15:06:17 +0000 2009","is_translator":false,"profile_background_image_url_https":"https://si0.twimg.com/profile_background_images/153856417/free_twitter_designer.jpg","protected":false,"screen_name":"edufootball","id_str":"49999974","profile_link_color":"333333","geo_enabled":false,"id":49999974,"profile_background_color":"D2D6D6","lang":"pt","profile_sidebar_border_color":"333333","profile_text_color":"7D7F80","verified":false,"profile_image_url":"http://a0.twimg.com/profile_images/1424013355/Edu_Twitter_bigger_normal.jpg","time_zone":"Brasilia","url":"http://www.estacaomktesportivo.blogspot.com/","contributors_enabled":false,"profile_background_tile":false,"follow_request_sent":null,"statuses_count":9765,"profile_use_background_image":true,"followers_count":944,"following":null,"default_profile":false,"name":"Jose Eduardo","profile_sidebar_fill_color":"D2D6D6","location":"Rep. Popular do Corinthians","notifications":null},"favorited":false}