{"in_reply_to_status_id_str":null,"in_reply_to_status_id":null,"coordinates":null,"truncated":false,"in_reply_to_user_id_str":null,"created_at":"Fri Oct 11 02:32:27 +0000 2013","source":"web","retweet_count":0,"retweeted":false,"geo":null,"filter_level":"medium","in_reply_to_screen_name":null,"entities":{"urls":[],"hashtags":[{"indices":[79,88],"text":"Bradesco"}],"user_mentions":[],"symbols":[]},"id_str":"388492262818070529","in_reply_to_user_id":null,"favorite_count":0,"contributors":null,"text":"Fico torcendo pro seu Jair mandar ela enfiar essa tortinha de chocolate no cu! #Bradesco","id":388492262818070529,"place":null,"lang":"pt","user":{"utc_offset":-10800,"friends_count":263,"profile_image_url_https":"https://si0.twimg.com/profile_images/378800000465703452/04788596a571ad4020ade488e39cceca_normal.jpeg","profile_background_image_url":"http://a0.twimg.com/profile_background_images/422275086/k_pra_fotos.png","listed_count":4,"default_profile_image":false,"favourites_count":438,"description":"Um pierrot retrocesso meio bossa-nova e Rock n'roll","created_at":"Thu Mar 19 22:10:42 +0000 2009","is_translator":false,"profile_background_image_url_https":"https://si0.twimg.com/profile_background_images/422275086/k_pra_fotos.png","protected":false,"screen_name":"natfranco","id_str":"25394835","profile_link_color":"000000","geo_enabled":true,"id":25394835,"profile_background_color":"FFFFFF","lang":"en","profile_sidebar_border_color":"6ECC81","profile_text_color":"080101","verified":false,"profile_image_url":"http://a0.twimg.com/profile_images/378800000465703452/04788596a571ad4020ade488e39cceca_normal.jpeg","time_zone":"Santiago","url":"http://www.natashafranco.com","contributors_enabled":false,"profile_banner_url":"https://pbs.twimg.com/profile_banners/25394835/1361235931","profile_background_tile":false,"follow_request_sent":null,"statuses_count":9435,"profile_use_background_image":true,"followers_count":451,"following":null,"default_profile":false,"name":"Horda de zumbis","profile_sidebar_fill_color":"9FE388","location":"Brasil","notifications":null},"favorited":false}