{"in_reply_to_status_id_str":null,"in_reply_to_status_id":null,"coordinates":null,"truncated":false,"in_reply_to_user_id_str":"79184083","created_at":"Thu Oct 10 21:25:33 +0000 2013","source":"web","retweet_count":0,"retweeted":false,"geo":null,"filter_level":"medium","in_reply_to_screen_name":"Bradesco","entities":{"urls":[],"hashtags":[],"user_mentions":[{"indices":[0,9],"screen_name":"Bradesco","id_str":"79184083","name":"Banco Bradesco","id":79184083}],"symbols":[]},"id_str":"388415025821396992","in_reply_to_user_id":79184083,"favorite_count":0,"contributors":null,"text":"@Bradesco Como eu descubro qual agência não está em greve aqui em Curitiba?","id":388415025821396992,"place":null,"lang":"pt","user":{"utc_offset":null,"friends_count":392,"profile_image_url_https":"https://si0.twimg.com/profile_images/1344139158/FotoTwitter_normal.jpg","profile_background_image_url":"http://a0.twimg.com/profile_background_images/208844025/bg_83.jpg","listed_count":8,"default_profile_image":false,"favourites_count":1,"description":null,"created_at":"Fri Sep 04 18:22:24 +0000 2009","is_translator":false,"profile_background_image_url_https":"https://si0.twimg.com/profile_background_images/208844025/bg_83.jpg","protected":false,"screen_name":"AndreBazam","id_str":"71600933","profile_link_color":"2FC2EF","geo_enabled":false,"id":71600933,"profile_background_color":"1A1B1F","lang":"en","profile_sidebar_border_color":"181A1E","profile_text_color":"666666","verified":false,"profile_image_url":"http://a0.twimg.com/profile_images/1344139158/FotoTwitter_normal.jpg","time_zone":null,"url":null,"contributors_enabled":false,"profile_background_tile":true,"follow_request_sent":null,"statuses_count":3041,"profile_use_background_image":true,"followers_count":215,"following":null,"default_profile":false,"name":"André Bazam","profile_sidebar_fill_color":"252429","location":"Curitiba, PR","notifications":null},"favorited":false}