{"in_reply_to_status_id_str":null,"in_reply_to_status_id":null,"coordinates":null,"truncated":false,"in_reply_to_user_id_str":null,"created_at":"Fri Oct 11 01:03:33 +0000 2013","source":"web","retweet_count":0,"retweeted":false,"geo":null,"filter_level":"medium","in_reply_to_screen_name":null,"entities":{"urls":[],"hashtags":[],"user_mentions":[{"indices":[34,43],"screen_name":"Bradesco","id_str":"79184083","name":"Banco Bradesco","id":79184083}],"symbols":[]},"id_str":"388469890010472448","in_reply_to_user_id":null,"favorite_count":0,"contributors":null,"text":"Fui pagar uma conta pela U.R.A do @Bradesco mas parece q tmbm ta de greve...","id":388469890010472448,"place":null,"lang":"pt","user":{"utc_offset":-10800,"friends_count":503,"profile_image_url_https":"https://si0.twimg.com/profile_images/378800000247897466/a8af7656cbe1ca9546188712a012c504_normal.jpeg","profile_background_image_url":"http://a0.twimg.com/profile_background_images/873363630/494815295338c196d3bda0b658f35d2d.jpeg","listed_count":2,"default_profile_image":false,"favourites_count":19,"description":"Honestly, i'm trying to figure out what i want of the world,\r\nwhen i' discover i'll tell you","created_at":"Wed May 06 16:07:08 +0000 2009","is_translator":false,"profile_background_image_url_https":"https://si0.twimg.com/profile_background_images/873363630/494815295338c196d3bda0b658f35d2d.jpeg","protected":false,"screen_name":"SynnahVoom","id_str":"38211856","profile_link_color":"FF0000","geo_enabled":false,"id":38211856,"profile_background_color":"642D8B","lang":"pt","profile_sidebar_border_color":"FFFFFF","profile_text_color":"3D1957","verified":false,"profile_image_url":"http://a0.twimg.com/profile_images/378800000247897466/a8af7656cbe1ca9546188712a012c504_normal.jpeg","time_zone":"Santiago","url":"http://debaixodoventilador.blogspot.com.br/","contributors_enabled":false,"profile_banner_url":"https://pbs.twimg.com/profile_banners/38211856/1369084373","profile_background_tile":true,"follow_request_sent":null,"statuses_count":2643,"profile_use_background_image":true,"followers_count":116,"following":null,"default_profile":false,"name":"Synnah Voom","profile_sidebar_fill_color":"7AC3EE","location":"Brasil","notifications":null},"favorited":false}