{"in_reply_to_status_id_str":"388417869509193729","in_reply_to_status_id":388417869509193729,"coordinates":null,"truncated":false,"in_reply_to_user_id_str":"527956800","created_at":"Thu Oct 10 21:46:15 +0000 2013","source":"web","retweet_count":0,"retweeted":false,"geo":null,"filter_level":"medium","in_reply_to_screen_name":"patitalindinha","entities":{"urls":[],"hashtags":[],"user_mentions":[{"indices":[0,15],"screen_name":"patitalindinha","id_str":"527956800","name":"Patricia bicalho","id":527956800},{"indices":[16,25],"screen_name":"Bradesco","id_str":"79184083","name":"Banco Bradesco","id":79184083}],"symbols":[]},"id_str":"388420234450722816","in_reply_to_user_id":527956800,"favorite_count":0,"contributors":null,"text":"@patitalindinha @Bradesco aqui no Brasil tambem pagamos a ligação, infelizmente é um banco fraquinho.","id":388420234450722816,"place":null,"lang":"pt","user":{"utc_offset":null,"friends_count":224,"profile_image_url_https":"https://si0.twimg.com/profile_images/378800000462307900/20d2e9d84dfa18986084895a30379cb3_normal.jpeg","profile_background_image_url":"http://abs.twimg.com/images/themes/theme6/bg.gif","listed_count":0,"default_profile_image":false,"favourites_count":0,"description":null,"created_at":"Thu Jun 23 00:31:56 +0000 2011","is_translator":false,"profile_background_image_url_https":"https://abs.twimg.com/images/themes/theme6/bg.gif","protected":false,"screen_name":"oklezio","id_str":"322326472","profile_link_color":"FF3300","geo_enabled":false,"id":322326472,"profile_background_color":"709397","lang":"pt","profile_sidebar_border_color":"86A4A6","profile_text_color":"333333","verified":false,"profile_image_url":"http://a0.twimg.com/profile_images/378800000462307900/20d2e9d84dfa18986084895a30379cb3_normal.jpeg","time_zone":null,"url":null,"contributors_enabled":false,"profile_background_tile":false,"follow_request_sent":null,"statuses_count":68,"profile_use_background_image":true,"followers_count":17,"following":null,"default_profile":false,"name":"Flavio gomes","profile_sidebar_fill_color":"A0C5C7","location":"","notifications":null},"favorited":false}