{"in_reply_to_status_id_str":null,"in_reply_to_status_id":null,"coordinates":null,"truncated":false,"in_reply_to_user_id_str":null,"created_at":"Fri Oct 11 02:33:14 +0000 2013","source":"<a href=\"http://twitter.com/download/android\" rel=\"nofollow\">Twitter for Android<\/a>","retweet_count":0,"retweeted":false,"geo":null,"filter_level":"medium","in_reply_to_screen_name":null,"entities":{"urls":[],"hashtags":[{"indices":[77,86],"text":"Bradesco"}],"user_mentions":[],"symbols":[]},"id_str":"388492459023814656","in_reply_to_user_id":null,"favorite_count":0,"contributors":null,"text":"Vou tentar fazer essas pequenas economias pra comprar um carro. Vai nessa... #Bradesco","id":388492459023814656,"place":null,"lang":"pt","user":{"utc_offset":-7200,"friends_count":120,"profile_image_url_https":"https://si0.twimg.com/profile_images/378800000321551595/d5d55feed32bce73bf9676b8e108300f_normal.jpeg","profile_background_image_url":"http://a0.twimg.com/profile_background_images/292680566/xef4da13f66de8f826176e29cd47f3d1.jpg","listed_count":0,"default_profile_image":false,"favourites_count":4,"description":"1 deusa, 1 louca, 1 feiticeira","created_at":"Tue Oct 19 23:40:12 +0000 2010","is_translator":false,"profile_background_image_url_https":"https://si0.twimg.com/profile_background_images/292680566/xef4da13f66de8f826176e29cd47f3d1.jpg","protected":false,"screen_name":"_thaislaranja","id_str":"205009635","profile_link_color":"C95BA2","geo_enabled":true,"id":205009635,"profile_background_color":"140D08","lang":"en","profile_sidebar_border_color":"FFFFFF","profile_text_color":"FB5EA8","verified":false,"profile_image_url":"http://a0.twimg.com/profile_images/378800000321551595/d5d55feed32bce73bf9676b8e108300f_normal.jpeg","time_zone":"Greenland","url":null,"contributors_enabled":false,"profile_banner_url":"https://pbs.twimg.com/profile_banners/205009635/1374116015","profile_background_tile":false,"follow_request_sent":null,"statuses_count":14941,"profile_use_background_image":false,"followers_count":216,"following":null,"default_profile":false,"name":"Táta","profile_sidebar_fill_color":"FFFFFF","location":"Rio de Janeiro","notifications":null},"favorited":false}