{"in_reply_to_status_id_str":null,"in_reply_to_status_id":null,"coordinates":null,"truncated":false,"in_reply_to_user_id_str":null,"created_at":"Fri Oct 11 02:34:43 +0000 2013","source":"web","retweet_count":0,"retweeted":false,"geo":null,"filter_level":"medium","in_reply_to_screen_name":null,"entities":{"urls":[],"hashtags":[],"user_mentions":[{"indices":[57,66],"screen_name":"Bradesco","id_str":"79184083","name":"Banco Bradesco","id":79184083}],"symbols":[]},"id_str":"388492832220004353","in_reply_to_user_id":null,"favorite_count":0,"contributors":null,"text":"Gente quem foi que criou a propaganda do crédito pessoal @Bradesco ??? Superaram né! Insuportável, \"não me dá uma torta\" repeti 20 vezes.","id":388492832220004353,"place":null,"lang":"pt","user":{"utc_offset":3600,"friends_count":87,"profile_image_url_https":"https://si0.twimg.com/profile_images/3188658747/ae7501d366eb11907fa89c5e61b3fbd0_normal.jpeg","profile_background_image_url":"http://a0.twimg.com/profile_background_images/378800000090863624/61c78796190bbe011cd6575603bfc013.jpeg","listed_count":26,"default_profile_image":false,"favourites_count":3,"description":"Luiz Carlos Beltrame... Florianopolitano erradicado em São Paulo..","created_at":"Thu Aug 27 01:30:25 +0000 2009","is_translator":false,"profile_background_image_url_https":"https://si0.twimg.com/profile_background_images/378800000090863624/61c78796190bbe011cd6575603bfc013.jpeg","protected":false,"screen_name":"luizbeltrame_","id_str":"69161681","profile_link_color":"2A9696","geo_enabled":true,"id":69161681,"profile_background_color":"0E0F0F","lang":"en","profile_sidebar_border_color":"FFFFFF","profile_text_color":"3476C7","verified":false,"profile_image_url":"http://a0.twimg.com/profile_images/3188658747/ae7501d366eb11907fa89c5e61b3fbd0_normal.jpeg","time_zone":"London","url":"http://www.facebook.com/Luiz.Carlos.Beltrame","contributors_enabled":false,"profile_background_tile":true,"follow_request_sent":null,"statuses_count":9749,"profile_use_background_image":true,"followers_count":329,"following":null,"default_profile":false,"name":"Luiz Carlos Beltrame","profile_sidebar_fill_color":"252429","location":"Brasil","notifications":null},"favorited":false}