{"in_reply_to_status_id_str":null,"in_reply_to_status_id":null,"coordinates":null,"truncated":false,"in_reply_to_user_id_str":null,"created_at":"Thu Oct 10 22:54:14 +0000 2013","source":"<a href=\"http://www.tweetdeck.com\" rel=\"nofollow\">TweetDeck<\/a>","retweet_count":0,"retweeted":false,"geo":null,"filter_level":"medium","in_reply_to_screen_name":null,"entities":{"urls":[],"hashtags":[],"user_mentions":[{"indices":[34,46],"screen_name":"AloBradesco","id_str":"78317870","name":"Alô Bradesco","id":78317870}],"symbols":[]},"id_str":"388437343017127937","in_reply_to_user_id":null,"favorite_count":0,"contributors":null,"text":"\"Sentimos sua falta! Volte para o @AloBradesco Internet Banking\" sim, talvez quando pararem de praticar AGIOTAGEM com minha dívida","id":388437343017127937,"place":null,"lang":"pt","user":{"utc_offset":-10800,"friends_count":404,"profile_image_url_https":"https://si0.twimg.com/profile_images/378800000561751257/f7ea538406be728da30cfea25463e433_normal.png","profile_background_image_url":"http://a0.twimg.com/profile_background_images/436874500/BG_popbola.jpg","listed_count":160,"default_profile_image":false,"favourites_count":19872,"description":"VINI, vidi, vici. O tequileiro pretin da Anitta, jornaleiro, massagista e o terror das recalcadas. Você ainda não sabe, mas me odeia. Mexe a cadeira!","created_at":"Thu Apr 02 21:49:35 +0000 2009","is_translator":false,"profile_background_image_url_https":"https://si0.twimg.com/profile_background_images/436874500/BG_popbola.jpg","protected":false,"screen_name":"vinnysacramento","id_str":"28428318","profile_link_color":"0084B4","geo_enabled":true,"id":28428318,"profile_background_color":"C0DEED","lang":"en","profile_sidebar_border_color":"C0DEED","profile_text_color":"333333","verified":false,"profile_image_url":"http://a0.twimg.com/profile_images/378800000561751257/f7ea538406be728da30cfea25463e433_normal.png","time_zone":"Brasilia","url":"http://magroderuim.com.br","contributors_enabled":false,"profile_banner_url":"https://pbs.twimg.com/profile_banners/28428318/1370572035","profile_background_tile":false,"follow_request_sent":null,"statuses_count":270045,"profile_use_background_image":true,"followers_count":3716,"following":null,"default_profile":false,"name":"Vinícius Sacramento","profile_sidebar_fill_color":"57EFF2","location":"Rio de Janeiro","notifications":null},"favorited":false}