{"in_reply_to_status_id_str":"388396645320519680","in_reply_to_status_id":388396645320519680,"coordinates":null,"truncated":false,"in_reply_to_user_id_str":"78317870","created_at":"Thu Oct 10 20:26:45 +0000 2013","source":"web","retweet_count":0,"retweeted":false,"geo":null,"filter_level":"medium","in_reply_to_screen_name":"AloBradesco","entities":{"urls":[],"hashtags":[],"user_mentions":[{"indices":[0,12],"screen_name":"AloBradesco","id_str":"78317870","name":"Alô Bradesco","id":78317870}],"symbols":[]},"id_str":"388400228946038784","in_reply_to_user_id":78317870,"favorite_count":0,"contributors":null,"text":"@AloBradesco hahahaha lembrar agora. Obrigado ;)","id":388400228946038784,"place":null,"lang":"pt","user":{"utc_offset":-10800,"friends_count":905,"profile_image_url_https":"https://si0.twimg.com/profile_images/378800000516097053/2376497a7bd3421e7fa883830bc1b162_normal.jpeg","profile_background_image_url":"http://a0.twimg.com/profile_background_images/145588110/fundo_final_2_c_pia.jpg","listed_count":85,"default_profile_image":false,"favourites_count":2,"description":null,"created_at":"Sat Oct 24 11:48:37 +0000 2009","is_translator":false,"profile_background_image_url_https":"https://si0.twimg.com/profile_background_images/145588110/fundo_final_2_c_pia.jpg","protected":false,"screen_name":"_ediborba","id_str":"84827770","profile_link_color":"404647","geo_enabled":true,"id":84827770,"profile_background_color":"000000","lang":"pt","profile_sidebar_border_color":"575454","profile_text_color":"756464","verified":false,"profile_image_url":"http://a0.twimg.com/profile_images/378800000516097053/2376497a7bd3421e7fa883830bc1b162_normal.jpeg","time_zone":"Brasilia","url":"http://chutalatta.com","contributors_enabled":false,"profile_background_tile":false,"follow_request_sent":null,"statuses_count":12335,"profile_use_background_image":true,"followers_count":1226,"following":null,"default_profile":false,"name":"Edilson Borba","profile_sidebar_fill_color":"000000","location":"Pirabicity-Joinville-SC","notifications":null},"favorited":false}