{"in_reply_to_status_id_str":null,"in_reply_to_status_id":null,"coordinates":null,"truncated":false,"in_reply_to_user_id_str":null,"created_at":"Fri Oct 11 02:33:36 +0000 2013","source":"<a href=\"http://twitter.com/#!/download/ipad\" rel=\"nofollow\">Twitter for iPad<\/a>","retweet_count":0,"retweeted":false,"geo":null,"filter_level":"medium","in_reply_to_screen_name":null,"entities":{"urls":[],"hashtags":[{"indices":[63,72],"text":"bradesco"},{"indices":[73,76],"text":"ad"},{"indices":[77,93],"text":"porissosoupobre"}],"user_mentions":[],"symbols":[]},"id_str":"388492549679501312","in_reply_to_user_id":null,"favorite_count":0,"contributors":null,"text":"Oi seu Jair, não me da essa cerveja. Mentira, passa já pra cá! #bradesco #ad #porissosoupobre","id":388492549679501312,"place":null,"lang":"pt","user":{"utc_offset":-10800,"friends_count":193,"profile_image_url_https":"https://si0.twimg.com/profile_images/378800000567545112/9f226e4d3b0c4b91a8c59c444e78d57d_normal.jpeg","profile_background_image_url":"http://a0.twimg.com/profile_background_images/202798033/160.gif","listed_count":11,"default_profile_image":false,"favourites_count":13,"description":"A vida inteira eu quis um verso simples pra transformar o que eu digo.","created_at":"Sat Aug 30 03:15:07 +0000 2008","is_translator":false,"profile_background_image_url_https":"https://si0.twimg.com/profile_background_images/202798033/160.gif","protected":false,"screen_name":"erico_","id_str":"16051004","profile_link_color":"EB2812","geo_enabled":true,"id":16051004,"profile_background_color":"ACDED6","lang":"en","profile_sidebar_border_color":"EEEEEE","profile_text_color":"2BDAED","verified":false,"profile_image_url":"http://a0.twimg.com/profile_images/378800000567545112/9f226e4d3b0c4b91a8c59c444e78d57d_normal.jpeg","time_zone":"Brasilia","url":"http://fb.com/ericolf","contributors_enabled":false,"profile_banner_url":"https://pbs.twimg.com/profile_banners/16051004/1348097826","profile_background_tile":true,"follow_request_sent":null,"statuses_count":5206,"profile_use_background_image":true,"followers_count":224,"following":null,"default_profile":false,"name":"Érico Leonel","profile_sidebar_fill_color":"C0DFEC","location":"Curitiba","notifications":null},"favorited":false}