{"in_reply_to_status_id_str":null,"in_reply_to_status_id":null,"coordinates":null,"truncated":false,"in_reply_to_user_id_str":null,"created_at":"Fri Oct 11 03:43:07 +0000 2013","source":"web","retweet_count":0,"retweeted":false,"geo":null,"filter_level":"medium","in_reply_to_screen_name":null,"entities":{"urls":[],"hashtags":[],"user_mentions":[{"indices":[14,19],"screen_name":"itau","id_str":"179398386","name":"Itaú","id":179398386},{"indices":[21,34],"screen_name":"santander_br","id_str":"48700857","name":"Santander Brasil","id":48700857},{"indices":[37,46],"screen_name":"Bradesco","id_str":"79184083","name":"Banco Bradesco","id":79184083}],"symbols":[]},"id_str":"388510045714923520","in_reply_to_user_id":null,"favorite_count":0,"contributors":null,"text":"Já sei porque @itau, @santander_br e @Bradesco bloqueiam transações em reais de lojas de aplicativos! PRA FATURAR COM A VARIAÇÃO CAMBIAL!","id":388510045714923520,"place":null,"lang":"pt","user":{"utc_offset":-10800,"friends_count":919,"profile_image_url_https":"https://si0.twimg.com/profile_images/2783788866/400a5cf1ff21f512ab97dacbf1f68329_normal.png","profile_background_image_url":"http://abs.twimg.com/images/themes/theme14/bg.gif","listed_count":6,"default_profile_image":false,"favourites_count":31,"description":"Sou mais um Zé Louquinho no Mundo: Bancário, Fatecano, Professor de Informática e às vezes, artista.","created_at":"Sun Jan 04 16:37:33 +0000 2009","is_translator":false,"profile_background_image_url_https":"https://abs.twimg.com/images/themes/theme14/bg.gif","protected":false,"screen_name":"kazzttor","id_str":"18605102","profile_link_color":"009999","geo_enabled":true,"id":18605102,"profile_background_color":"131516","lang":"pt","profile_sidebar_border_color":"EEEEEE","profile_text_color":"333333","verified":false,"profile_image_url":"http://a0.twimg.com/profile_images/2783788866/400a5cf1ff21f512ab97dacbf1f68329_normal.png","time_zone":"Brasilia","url":"http://blog.kazzttor.com.br","contributors_enabled":false,"profile_banner_url":"https://pbs.twimg.com/profile_banners/18605102/1368415100","profile_background_tile":true,"follow_request_sent":null,"statuses_count":15057,"profile_use_background_image":true,"followers_count":329,"following":null,"default_profile":false,"name":"André Arruda","profile_sidebar_fill_color":"EFEFEF","location":"Diadema - SP, Brasil","notifications":null},"favorited":false}