{"in_reply_to_status_id_str":null,"in_reply_to_status_id":null,"coordinates":null,"truncated":false,"in_reply_to_user_id_str":"78317870","created_at":"Fri Oct 11 03:26:28 +0000 2013","source":"web","retweet_count":0,"retweeted":false,"geo":null,"filter_level":"medium","in_reply_to_screen_name":"AloBradesco","entities":{"urls":[],"hashtags":[],"user_mentions":[{"indices":[0,12],"screen_name":"AloBradesco","id_str":"78317870","name":"Alô Bradesco","id":78317870}],"symbols":[]},"id_str":"388505854414036993","in_reply_to_user_id":78317870,"favorite_count":0,"contributors":null,"text":"@AloBradesco DM, verificar por favor","id":388505854414036993,"place":{"country_code":"BR","country":"Brasil","full_name":"Açu, Rio Grande do Norte","bounding_box":{"coordinates":[[[-37.170115,-5.860861],[-37.170115,-5.292822],[-36.836702,-5.292822],[-36.836702,-5.860861]]],"type":"Polygon"},"place_type":"city","name":"Açu","attributes":{},"id":"097eece9ddf95214","url":"https://api.twitter.com/1.1/geo/id/097eece9ddf95214.json"},"lang":"pt","user":{"utc_offset":-10800,"friends_count":395,"profile_image_url_https":"https://si0.twimg.com/profile_images/378800000225145822/d5505f321bbab9852735c62be9bf5fc5_normal.jpeg","profile_background_image_url":"http://a0.twimg.com/profile_background_images/458490945/xdb3a76456855452b1d09e64c297ba2a.png","listed_count":1,"default_profile_image":false,"favourites_count":4,"description":"Assuense, 20, Futuro Advogado e membro da luta pelos direitos humanos e causas sociais. / WHATSAPP: 84 9622.9367","created_at":"Wed Dec 16 18:52:49 +0000 2009","is_translator":false,"profile_background_image_url_https":"https://si0.twimg.com/profile_background_images/458490945/xdb3a76456855452b1d09e64c297ba2a.png","protected":false,"screen_name":"MatheusFelip_","id_str":"97266453","profile_link_color":"D13E28","geo_enabled":true,"id":97266453,"profile_background_color":"A6A06C","lang":"pt","profile_sidebar_border_color":"FFFFFF","profile_text_color":"9E3737","verified":false,"profile_image_url":"http://a0.twimg.com/profile_images/378800000225145822/d5505f321bbab9852735c62be9bf5fc5_normal.jpeg","time_zone":"Brasilia","url":"https://www.facebook.com/Matheus.Felip","contributors_enabled":false,"profile_banner_url":"https://pbs.twimg.com/profile_banners/97266453/1349108575","profile_background_tile":true,"follow_request_sent":null,"statuses_count":16579,"profile_use_background_image":true,"followers_count":788,"following":null,"default_profile":false,"name":"Matheus Felipe","profile_sidebar_fill_color":"753043","location":"Açu/RN","notifications":null},"favorited":false}