{"in_reply_to_status_id_str":"388671091528699904","in_reply_to_status_id":388671091528699904,"coordinates":null,"truncated":false,"in_reply_to_user_id_str":"78317870","created_at":"Fri Oct 11 14:25:29 +0000 2013","source":"<a href=\"http://itunes.apple.com/us/app/twitter/id409789998?mt=12\" rel=\"nofollow\">Twitter for Mac<\/a>","retweet_count":0,"retweeted":false,"geo":null,"filter_level":"medium","in_reply_to_screen_name":"AloBradesco","entities":{"urls":[],"hashtags":[],"user_mentions":[{"indices":[0,12],"screen_name":"AloBradesco","id_str":"78317870","name":"Alô Bradesco","id":78317870}],"symbols":[]},"id_str":"388671701615382529","in_reply_to_user_id":78317870,"favorite_count":0,"contributors":null,"text":"@AloBradesco Obrigado, pessoal. Ótima sexta feira.","id":388671701615382529,"place":null,"lang":"pt","user":{"utc_offset":-10800,"friends_count":55,"profile_image_url_https":"https://si0.twimg.com/profile_images/378800000516092277/b9221783661a1a8a3e86a21ff7a4767e_normal.jpeg","profile_background_image_url":"http://a0.twimg.com/profile_background_images/718617339/701305084cc27cf8377f7c92cc31c599.jpeg","listed_count":55,"default_profile_image":false,"favourites_count":203,"description":"A arte é a confissão de que só a vida não basta. Aquele cara do Braincast, da Colosseo Design e do B9.","created_at":"Mon Sep 29 21:20:41 +0000 2008","is_translator":false,"profile_background_image_url_https":"https://si0.twimg.com/profile_background_images/718617339/701305084cc27cf8377f7c92cc31c599.jpeg","protected":false,"screen_name":"saulomileti","id_str":"16518773","profile_link_color":"000000","geo_enabled":false,"id":16518773,"profile_background_color":"000000","lang":"pt","profile_sidebar_border_color":"000000","profile_text_color":"4A4F57","verified":false,"profile_image_url":"http://a0.twimg.com/profile_images/378800000516092277/b9221783661a1a8a3e86a21ff7a4767e_normal.jpeg","time_zone":"Brasilia","url":"http://www.colosseo.com.br","contributors_enabled":false,"profile_banner_url":"https://pbs.twimg.com/profile_banners/16518773/1380318113","profile_background_tile":true,"follow_request_sent":null,"statuses_count":9730,"profile_use_background_image":true,"followers_count":2564,"following":null,"default_profile":false,"name":"Saulo Mileti","profile_sidebar_fill_color":"EDF1F2","location":"São Paulo","notifications":null},"favorited":false}