{"in_reply_to_status_id_str":null,"in_reply_to_status_id":null,"coordinates":null,"truncated":false,"in_reply_to_user_id_str":null,"created_at":"Fri Oct 11 13:11:27 +0000 2013","source":"web","retweet_count":0,"retweeted":false,"geo":null,"filter_level":"medium","in_reply_to_screen_name":null,"entities":{"urls":[],"hashtags":[],"user_mentions":[{"indices":[34,43],"screen_name":"Bradesco","id_str":"79184083","name":"Banco Bradesco","id":79184083}],"symbols":[]},"id_str":"388653068868280320","in_reply_to_user_id":null,"favorite_count":0,"contributors":null,"text":"Queria tanto abrir minha conta no @Bradesco mas essa greve não deixa...acho que vou desistir...","id":388653068868280320,"place":null,"lang":"pt","user":{"utc_offset":-7200,"friends_count":65,"profile_image_url_https":"https://si0.twimg.com/profile_images/3501772999/c197fc19d459edbaee4deedb79e285b3_normal.jpeg","profile_background_image_url":"http://a0.twimg.com/profile_background_images/551113764/wondla.jpg","listed_count":0,"default_profile_image":false,"favourites_count":11,"description":"=)","created_at":"Mon Jan 17 14:05:28 +0000 2011","is_translator":false,"profile_background_image_url_https":"https://si0.twimg.com/profile_background_images/551113764/wondla.jpg","protected":false,"screen_name":"flaviomian","id_str":"239384006","profile_link_color":"2F5409","geo_enabled":true,"id":239384006,"profile_background_color":"070812","lang":"pt","profile_sidebar_border_color":"C0DEED","profile_text_color":"333333","verified":false,"profile_image_url":"http://a0.twimg.com/profile_images/3501772999/c197fc19d459edbaee4deedb79e285b3_normal.jpeg","time_zone":"Greenland","url":null,"contributors_enabled":false,"profile_background_tile":false,"follow_request_sent":null,"statuses_count":1785,"profile_use_background_image":true,"followers_count":92,"following":null,"default_profile":false,"name":"Flavio Mian","profile_sidebar_fill_color":"DDEEF6","location":"Campinas, SP, Brazil","notifications":null},"favorited":false}