{"in_reply_to_status_id_str":null,"in_reply_to_status_id":null,"coordinates":null,"truncated":false,"in_reply_to_user_id_str":null,"created_at":"Fri Oct 11 11:24:10 +0000 2013","source":"<a href=\"https://mobile.twitter.com\" rel=\"nofollow\">Mobile Web (M2)<\/a>","retweet_count":0,"retweeted":false,"geo":null,"filter_level":"medium","in_reply_to_screen_name":null,"entities":{"urls":[],"hashtags":[],"user_mentions":[{"indices":[2,11],"screen_name":"Bradesco","id_str":"79184083","name":"Banco Bradesco","id":79184083}],"symbols":[]},"id_str":"388626073581543424","in_reply_to_user_id":null,"favorite_count":0,"contributors":null,"text":"O @bradesco só me da dor de cabeca, manda logo meu cartao! -.-","id":388626073581543424,"place":null,"lang":"pt","user":{"utc_offset":-10800,"friends_count":209,"profile_image_url_https":"https://si0.twimg.com/profile_images/3180453840/ab3bb307bc34f65c8b024175aa959cc8_normal.jpeg","profile_background_image_url":"http://a0.twimg.com/profile_background_images/444924672/Fundo_twitter.jpg","listed_count":3,"default_profile_image":false,"favourites_count":48,"description":"http://finalmenteimparcial.webnode.com/","created_at":"Tue Jan 26 15:54:13 +0000 2010","is_translator":false,"profile_background_image_url_https":"https://si0.twimg.com/profile_background_images/444924672/Fundo_twitter.jpg","protected":false,"screen_name":"SEPphill","id_str":"108640081","profile_link_color":"0084B4","geo_enabled":true,"id":108640081,"profile_background_color":"C0DEED","lang":"pt","profile_sidebar_border_color":"C0DEED","profile_text_color":"333333","verified":false,"profile_image_url":"http://a0.twimg.com/profile_images/3180453840/ab3bb307bc34f65c8b024175aa959cc8_normal.jpeg","time_zone":"Brasilia","url":null,"contributors_enabled":false,"profile_banner_url":"https://pbs.twimg.com/profile_banners/108640081/1357739344","profile_background_tile":false,"follow_request_sent":null,"statuses_count":3896,"profile_use_background_image":true,"followers_count":104,"following":null,"default_profile":false,"name":"Fellipe Sartori","profile_sidebar_fill_color":"DDEEF6","location":"Brasil","notifications":null},"favorited":false}