{"in_reply_to_status_id_str":null,"in_reply_to_status_id":null,"coordinates":{"coordinates":[-38.49143219,-3.74877167],"type":"Point"},"truncated":false,"in_reply_to_user_id_str":null,"created_at":"Fri Oct 11 12:42:39 +0000 2013","source":"<a href=\"http://www.apple.com\" rel=\"nofollow\">iOS<\/a>","retweet_count":0,"retweeted":false,"geo":{"coordinates":[-3.74877167,-38.49143219],"type":"Point"},"filter_level":"medium","in_reply_to_screen_name":null,"entities":{"urls":[],"hashtags":[],"user_mentions":[{"indices":[13,22],"screen_name":"Bradesco","id_str":"79184083","name":"Banco Bradesco","id":79184083},{"indices":[23,35],"screen_name":"AloBradesco","id_str":"78317870","name":"Alô Bradesco","id":78317870}],"symbols":[]},"id_str":"388645824840089600","in_reply_to_user_id":null,"favorite_count":0,"contributors":null,"text":"Absurdo hein @bradesco @alobradesco, seis caixas eletrônicos em manutenção ao mesmo tempo? Assim não dá.","id":388645824840089600,"place":{"country_code":"BR","country":"Brasil","full_name":"Fortaleza, Ceará","bounding_box":{"coordinates":[[[-38.638212,-3.88818],[-38.638212,-3.691356],[-38.401568,-3.691356],[-38.401568,-3.88818]]],"type":"Polygon"},"place_type":"city","name":"Fortaleza","attributes":{},"id":"d16815010421ff73","url":"https://api.twitter.com/1.1/geo/id/d16815010421ff73.json"},"lang":"pt","user":{"utc_offset":-10800,"friends_count":130,"profile_image_url_https":"https://si0.twimg.com/profile_images/3302578450/3c918fce2260956601511acba5fe3ab1_normal.jpeg","profile_background_image_url":"http://abs.twimg.com/images/themes/theme1/bg.png","listed_count":8,"default_profile_image":false,"favourites_count":559,"description":"Um menino-homem, tentando Viver a Vida nesse mundo de meu Deus, mesmo que ela não seja escrita pelo Manoel Carlos e nem se passe no Leblon no horário das 8.","created_at":"Wed Jul 15 06:16:06 +0000 2009","is_translator":false,"profile_background_image_url_https":"https://abs.twimg.com/images/themes/theme1/bg.png","protected":false,"screen_name":"allanguh","id_str":"56943927","profile_link_color":"0084B4","geo_enabled":true,"id":56943927,"profile_background_color":"C0DEED","lang":"en","profile_sidebar_border_color":"C0DEED","profile_text_color":"333333","verified":false,"profile_image_url":"http://a0.twimg.com/profile_images/3302578450/3c918fce2260956601511acba5fe3ab1_normal.jpeg","time_zone":"Brasilia","url":null,"contributors_enabled":false,"profile_banner_url":"https://pbs.twimg.com/profile_banners/56943927/1363114010","profile_background_tile":false,"follow_request_sent":null,"statuses_count":18160,"profile_use_background_image":true,"followers_count":195,"following":null,"default_profile":true,"name":"Allan de França","profile_sidebar_fill_color":"DDEEF6","location":"Fortaleza","notifications":null},"favorited":false}