{"in_reply_to_status_id_str":null,"in_reply_to_status_id":null,"coordinates":null,"truncated":false,"in_reply_to_user_id_str":"79184083","created_at":"Fri Oct 11 15:08:27 +0000 2013","source":"web","retweet_count":0,"retweeted":false,"geo":null,"filter_level":"medium","in_reply_to_screen_name":"Bradesco","entities":{"urls":[],"hashtags":[],"user_mentions":[{"indices":[0,9],"screen_name":"Bradesco","id_str":"79184083","name":"Banco Bradesco","id":79184083},{"indices":[10,22],"screen_name":"AloBradesco","id_str":"78317870","name":"Alô Bradesco","id":78317870}],"symbols":[]},"id_str":"388682516149723136","in_reply_to_user_id":79184083,"favorite_count":0,"contributors":null,"text":"@Bradesco @AloBradesco  Atendimento rápido e eficaz !! Obrigado !!","id":388682516149723136,"place":null,"lang":"pt","user":{"utc_offset":-10800,"friends_count":300,"profile_image_url_https":"https://si0.twimg.com/profile_images/565148326/OgAAAHxDSAiMunkSAQpv6rBq_TdtvrLz8_CKimj2pFoL6VRmbhEh9C6EX_FH6htbsoorPzq0pMsLjAaPgtmWJgxT-isAm1T1UNB_bnJf7TUCFIwxLwWq5QNyvhGe_normal.jpg","profile_background_image_url":"http://a0.twimg.com/profile_background_images/163338555/OgAAAKR3Yw5bjNAgYV_U1TP19G2fVanFO9fhK7l6AzMmQdffmhjb387bTWnlmhxmoQWGwB0JQBy4p0xMyEkh-do0aXQAm1T1ULUQlopUytEQVtRSOP9H9pTQD53c.jpg","listed_count":0,"default_profile_image":false,"favourites_count":29,"description":"Contador, professor, santista fanatico, livre e de bons costumes e alguem que sempre busca um mundo melhor.","created_at":"Mon Aug 03 23:46:39 +0000 2009","is_translator":false,"profile_background_image_url_https":"https://si0.twimg.com/profile_background_images/163338555/OgAAAKR3Yw5bjNAgYV_U1TP19G2fVanFO9fhK7l6AzMmQdffmhjb387bTWnlmhxmoQWGwB0JQBy4p0xMyEkh-do0aXQAm1T1ULUQlopUytEQVtRSOP9H9pTQD53c.jpg","protected":false,"screen_name":"andresfccwb","id_str":"62657607","profile_link_color":"0084B4","geo_enabled":true,"id":62657607,"profile_background_color":"C0DEED","lang":"pt","profile_sidebar_border_color":"C0DEED","profile_text_color":"333333","verified":false,"profile_image_url":"http://a0.twimg.com/profile_images/565148326/OgAAAHxDSAiMunkSAQpv6rBq_TdtvrLz8_CKimj2pFoL6VRmbhEh9C6EX_FH6htbsoorPzq0pMsLjAaPgtmWJgxT-isAm1T1UNB_bnJf7TUCFIwxLwWq5QNyvhGe_normal.jpg","time_zone":"Santiago","url":null,"contributors_enabled":false,"profile_background_tile":false,"follow_request_sent":null,"statuses_count":3261,"profile_use_background_image":true,"followers_count":199,"following":null,"default_profile":false,"name":"Andre Vitor","profile_sidebar_fill_color":"DDEEF6","location":"","notifications":null},"favorited":false}