{"in_reply_to_status_id_str":null,"in_reply_to_status_id":null,"coordinates":null,"truncated":false,"in_reply_to_user_id_str":null,"created_at":"Fri Oct 11 15:22:41 +0000 2013","source":"<a href=\"http://www.tweetdeck.com\" rel=\"nofollow\">TweetDeck<\/a>","retweet_count":0,"retweeted":false,"geo":null,"filter_level":"medium","in_reply_to_screen_name":null,"entities":{"urls":[],"hashtags":[],"user_mentions":[{"indices":[39,51],"screen_name":"AloBradesco","id_str":"78317870","name":"Alô Bradesco","id":78317870}],"symbols":[]},"id_str":"388686096785100800","in_reply_to_user_id":null,"favorite_count":0,"contributors":null,"text":"Bradesco Fone Não-Tão-Fácil-Assim. (cc @AloBradesco)","id":388686096785100800,"place":null,"lang":"pt","user":{"utc_offset":-10800,"friends_count":118,"profile_image_url_https":"https://si0.twimg.com/profile_images/378800000470104134/23847d70215b89b6706d065d522b502a_normal.jpeg","profile_background_image_url":"http://abs.twimg.com/images/themes/theme1/bg.png","listed_count":23,"default_profile_image":false,"favourites_count":38,"description":"Eu só quero meu Passatempo recheado no final do mês.","created_at":"Sun Jun 01 13:20:46 +0000 2008","is_translator":false,"profile_background_image_url_https":"https://abs.twimg.com/images/themes/theme1/bg.png","protected":false,"screen_name":"jaderubini","id_str":"14971403","profile_link_color":"019FDA","geo_enabled":true,"id":14971403,"profile_background_color":"F2F2F2","lang":"en","profile_sidebar_border_color":"FFFFFF","profile_text_color":"555555","verified":false,"profile_image_url":"http://a0.twimg.com/profile_images/378800000470104134/23847d70215b89b6706d065d522b502a_normal.jpeg","time_zone":"Brasilia","url":"http://fb.com/jaderubini","contributors_enabled":false,"profile_banner_url":"https://pbs.twimg.com/profile_banners/14971403/1358732053","profile_background_tile":false,"follow_request_sent":null,"statuses_count":24695,"profile_use_background_image":false,"followers_count":674,"following":null,"default_profile":false,"name":"Jader Rubini","profile_sidebar_fill_color":"FFFFFF","location":"São Paulo","notifications":null},"favorited":false}