{"in_reply_to_status_id_str":null,"in_reply_to_status_id":null,"coordinates":null,"truncated":false,"in_reply_to_user_id_str":"78317870","created_at":"Fri Oct 11 14:17:07 +0000 2013","source":"web","retweet_count":0,"retweeted":false,"geo":null,"filter_level":"medium","in_reply_to_screen_name":"AloBradesco","entities":{"urls":[],"hashtags":[],"user_mentions":[{"indices":[0,12],"screen_name":"AloBradesco","id_str":"78317870","name":"Alô Bradesco","id":78317870}],"symbols":[]},"id_str":"388669596498026496","in_reply_to_user_id":78317870,"favorite_count":0,"contributors":null,"text":"@AloBradesco Olá, recebi ligação do número 11 99485-1243 oferecendo cartão. Estranhei algumas perguntas e desliguei. É de vocês esse número?","id":388669596498026496,"place":null,"lang":"pt","user":{"utc_offset":-10800,"friends_count":8,"profile_image_url_https":"https://si0.twimg.com/profile_images/1143469576/OgAAAF9RfqiPE2O7SG9Qxs28jIMizTp4bn3Ms0j_LVqGuJlyZlpuOfHm54vPo1iGPklEfRewcuXBELoDkIYpjmnOGggAm1T1UDFkV_hUVJppywTIIeE-5LqRAC6k_normal.jpg","profile_background_image_url":"http://abs.twimg.com/images/themes/theme5/bg.gif","listed_count":1,"default_profile_image":false,"favourites_count":0,"description":"Bacharel em Administração-Finanças / UNIASSELVI. Regulador de Sinistros / Funenseg. Corretor de Seguros / SUSEP.","created_at":"Thu Jun 25 23:17:38 +0000 2009","is_translator":false,"profile_background_image_url_https":"https://abs.twimg.com/images/themes/theme5/bg.gif","protected":false,"screen_name":"mauriciosjunior","id_str":"50809702","profile_link_color":"D02B55","geo_enabled":false,"id":50809702,"profile_background_color":"352726","lang":"pt","profile_sidebar_border_color":"829D5E","profile_text_color":"3E4415","verified":false,"profile_image_url":"http://a0.twimg.com/profile_images/1143469576/OgAAAF9RfqiPE2O7SG9Qxs28jIMizTp4bn3Ms0j_LVqGuJlyZlpuOfHm54vPo1iGPklEfRewcuXBELoDkIYpjmnOGggAm1T1UDFkV_hUVJppywTIIeE-5LqRAC6k_normal.jpg","time_zone":"Brasilia","url":"https://www.facebook.com/MauricioDaSilvaJunior","contributors_enabled":false,"profile_background_tile":false,"follow_request_sent":null,"statuses_count":5718,"profile_use_background_image":true,"followers_count":162,"following":null,"default_profile":false,"name":"Maurício da S.Junior","profile_sidebar_fill_color":"99CC33","location":"Blumenau SC Brasil","notifications":null},"favorited":false}