{"in_reply_to_status_id_str":null,"in_reply_to_status_id":null,"possibly_sensitive":false,"coordinates":null,"truncated":false,"in_reply_to_user_id_str":null,"created_at":"Fri Oct 11 18:26:21 +0000 2013","source":"<a href=\"http://twitter.com/download/iphone\" rel=\"nofollow\">Twitter for iPhone<\/a>","retweet_count":0,"retweeted":false,"geo":null,"filter_level":"medium","in_reply_to_screen_name":null,"entities":{"urls":[],"hashtags":[],"media":[{"display_url":"pic.twitter.com/o8qcccSBQk","indices":[60,82],"sizes":{"small":{"w":340,"h":452,"resize":"fit"},"large":{"w":769,"h":1024,"resize":"fit"},"thumb":{"w":150,"h":150,"resize":"crop"},"medium":{"w":599,"h":798,"resize":"fit"}},"id_str":"388732317302538241","expanded_url":"http://twitter.com/aleimperial/status/388732317424181248/photo/1","media_url_https":"https://pbs.twimg.com/media/BWUN-6WIQAEL3cY.jpg","id":388732317302538241,"type":"photo","media_url":"http://pbs.twimg.com/media/BWUN-6WIQAEL3cY.jpg","url":"http://t.co/o8qcccSBQk"}],"user_mentions":[{"indices":[9,21],"screen_name":"AloBradesco","id_str":"78317870","name":"Alô Bradesco","id":78317870},{"indices":[22,31],"screen_name":"Bradesco","id_str":"79184083","name":"Banco Bradesco","id":79184083}],"symbols":[]},"id_str":"388732317424181248","in_reply_to_user_id":null,"favorite_count":0,"contributors":null,"text":"Obrigado @AloBradesco @Bradesco tudo resolvido rapidamente. http://t.co/o8qcccSBQk","id":388732317424181248,"place":null,"lang":"pt","user":{"utc_offset":-10800,"friends_count":249,"profile_image_url_https":"https://si0.twimg.com/profile_images/2724867652/ef4aa5193dcaee9e01fb49ae0e3bc9cf_normal.jpeg","profile_background_image_url":"http://a0.twimg.com/profile_background_images/284994982/OgAAAN7LWLBsbvJFdRQB2e7SfHjGO2QhRXexHuTOXEU40k_LdF7Tw1nXahI9waG1YYPkpqV4AwJ75C-CcN6kYezJnp4Am1T1UABmrXVJCgiBeIpaUH2ZB6uYLqR8.jpg","listed_count":3,"default_profile_image":false,"favourites_count":10,"description":null,"created_at":"Tue May 12 13:13:58 +0000 2009","is_translator":false,"profile_background_image_url_https":"https://si0.twimg.com/profile_background_images/284994982/OgAAAN7LWLBsbvJFdRQB2e7SfHjGO2QhRXexHuTOXEU40k_LdF7Tw1nXahI9waG1YYPkpqV4AwJ75C-CcN6kYezJnp4Am1T1UABmrXVJCgiBeIpaUH2ZB6uYLqR8.jpg","protected":false,"screen_name":"aleimperial","id_str":"39495613","profile_link_color":"0084B4","geo_enabled":true,"id":39495613,"profile_background_color":"C0DEED","lang":"en","profile_sidebar_border_color":"C0DEED","profile_text_color":"333333","verified":false,"profile_image_url":"http://a0.twimg.com/profile_images/2724867652/ef4aa5193dcaee9e01fb49ae0e3bc9cf_normal.jpeg","time_zone":"Brasilia","url":"http://www.motoreseacao.com.br","contributors_enabled":false,"profile_banner_url":"https://pbs.twimg.com/profile_banners/39495613/1350385997","profile_background_tile":false,"follow_request_sent":null,"statuses_count":3885,"profile_use_background_image":true,"followers_count":248,"following":null,"default_profile":false,"name":"Alessandro Imperial","profile_sidebar_fill_color":"DDEEF6","location":"Natal - RN","notifications":null},"favorited":false}