{"in_reply_to_status_id_str":"388735463793520640","in_reply_to_status_id":388735463793520640,"coordinates":null,"truncated":false,"in_reply_to_user_id_str":"10473102","created_at":"Fri Oct 11 18:39:34 +0000 2013","source":"<a href=\"https://chrome.google.com/extensions/detail/encaiiljifbdbjlphpgpiimidegddhic\" rel=\"nofollow\">Silver Bird<\/a>","retweet_count":0,"retweeted":false,"geo":null,"filter_level":"medium","in_reply_to_screen_name":"diegoholiveira","entities":{"urls":[],"hashtags":[],"user_mentions":[{"indices":[0,15],"screen_name":"diegoholiveira","id_str":"10473102","name":"Diego Henrique","id":10473102},{"indices":[58,67],"screen_name":"Bradesco","id_str":"79184083","name":"Banco Bradesco","id":79184083}],"symbols":[]},"id_str":"388735643226234880","in_reply_to_user_id":10473102,"favorite_count":0,"contributors":null,"text":"@diegoholiveira tentei abrir a reclamação na ouvidoria do @bradesco mas eles só aceitam se eu tiver uma reclamação no sac.","id":388735643226234880,"place":null,"lang":"pt","user":{"utc_offset":-10800,"friends_count":825,"profile_image_url_https":"https://si0.twimg.com/profile_images/1801733730/264472_10150206590158127_580778126_7203772_683834_n_normal.jpg","profile_background_image_url":"http://a0.twimg.com/profile_background_images/4630828/2494035573_7eeb97c28c_o.png","listed_count":63,"default_profile_image":false,"favourites_count":708,"description":"Pensador Brasileiro. Escritor mineiro, de codigos, no http://use.lesslabs.org. É guitarrista, no Guitar Hero e piloto de Kart, no Mario Kart, nas horas vagas.","created_at":"Wed Aug 08 02:38:48 +0000 2007","is_translator":false,"profile_background_image_url_https":"https://si0.twimg.com/profile_background_images/4630828/2494035573_7eeb97c28c_o.png","protected":false,"screen_name":"licio","id_str":"8044162","profile_link_color":"0000FF","geo_enabled":true,"id":8044162,"profile_background_color":"9AE4E8","lang":"en","profile_sidebar_border_color":"87BC44","profile_text_color":"000000","verified":false,"profile_image_url":"http://a0.twimg.com/profile_images/1801733730/264472_10150206590158127_580778126_7203772_683834_n_normal.jpg","time_zone":"Brasilia","url":"https://plus.google.com/103327178278111902620","contributors_enabled":false,"profile_banner_url":"https://pbs.twimg.com/profile_banners/8044162/1348167493","profile_background_tile":true,"follow_request_sent":null,"statuses_count":20915,"profile_use_background_image":true,"followers_count":1387,"following":null,"default_profile":false,"name":".licio","profile_sidebar_fill_color":"E0FF92","location":"Barueri","notifications":null},"favorited":false}