{"in_reply_to_status_id_str":"388735643226234880","in_reply_to_status_id":388735643226234880,"coordinates":null,"truncated":false,"in_reply_to_user_id_str":"8044162","created_at":"Fri Oct 11 18:41:04 +0000 2013","source":"<a href=\"http://www.tweetdeck.com\" rel=\"nofollow\">TweetDeck<\/a>","retweet_count":0,"retweeted":false,"geo":null,"filter_level":"medium","in_reply_to_screen_name":"licio","entities":{"urls":[],"hashtags":[],"user_mentions":[{"indices":[0,6],"screen_name":"licio","id_str":"8044162","name":".licio","id":8044162},{"indices":[7,22],"screen_name":"diegoholiveira","id_str":"10473102","name":"Diego Henrique","id":10473102},{"indices":[23,32],"screen_name":"Bradesco","id_str":"79184083","name":"Banco Bradesco","id":79184083},{"indices":[35,40],"screen_name":"itau","id_str":"179398386","name":"Itaú","id":179398386}],"symbols":[]},"id_str":"388736021082288129","in_reply_to_user_id":8044162,"favorite_count":0,"contributors":null,"text":"@licio @diegoholiveira @bradesco o @itau é igual nisso...","id":388736021082288129,"place":null,"lang":"pt","user":{"utc_offset":-10800,"friends_count":646,"profile_image_url_https":"https://si0.twimg.com/profile_images/378800000116730307/f1c5fc9c4812cf0728e9440c0e2c4bac_normal.jpeg","profile_background_image_url":"http://a0.twimg.com/profile_background_images/39974968/u.gif","listed_count":64,"default_profile_image":false,"favourites_count":194,"description":"Software Developer \u2022 Data Science interested \u2022 Articulista \u2022 Blogger \u2022 Gamer \u2022 Otaku \u2022 noiva do @sir_luke ♥ \u2022  Arroz de festa de eventos","created_at":"Thu Mar 05 18:18:40 +0000 2009","is_translator":false,"profile_background_image_url_https":"https://si0.twimg.com/profile_background_images/39974968/u.gif","protected":false,"screen_name":"MayogaX","id_str":"22954336","profile_link_color":"009999","geo_enabled":true,"id":22954336,"profile_background_color":"131516","lang":"en","profile_sidebar_border_color":"FFFFFF","profile_text_color":"333333","verified":false,"profile_image_url":"http://a0.twimg.com/profile_images/378800000116730307/f1c5fc9c4812cf0728e9440c0e2c4bac_normal.jpeg","time_zone":"Brasilia","url":"http://dev.mayogax.me","contributors_enabled":false,"profile_banner_url":"https://pbs.twimg.com/profile_banners/22954336/1367531199","profile_background_tile":true,"follow_request_sent":null,"statuses_count":11400,"profile_use_background_image":false,"followers_count":942,"following":null,"default_profile":false,"name":"Priscila Mayumi Sato","profile_sidebar_fill_color":"EFEFEF","location":"Brasil","notifications":null},"favorited":false}