{"in_reply_to_status_id_str":null,"in_reply_to_status_id":null,"coordinates":null,"truncated":false,"in_reply_to_user_id_str":null,"created_at":"Fri Oct 11 18:34:51 +0000 2013","source":"web","retweet_count":0,"retweeted":false,"geo":null,"filter_level":"medium","in_reply_to_screen_name":null,"entities":{"urls":[],"hashtags":[],"user_mentions":[{"indices":[28,37],"screen_name":"Bradesco","id_str":"79184083","name":"Banco Bradesco","id":79184083}],"symbols":[]},"id_str":"388734456300728320","in_reply_to_user_id":null,"favorite_count":0,"contributors":null,"text":"Recebo emails constantes do @bradesco sobre pendências financeiras sendo que jamais tive conta lá","id":388734456300728320,"place":null,"lang":"pt","user":{"utc_offset":null,"friends_count":86,"profile_image_url_https":"https://si0.twimg.com/profile_images/378800000562946444/f83797c922770da65b78f3ded66bbba2_normal.png","profile_background_image_url":"http://a0.twimg.com/profile_background_images/378800000089958076/dc48e59e5a8dfdf518bc6a598747f513.jpeg","listed_count":0,"default_profile_image":false,"favourites_count":14,"description":"I'm @kriscrush and that's how I live now  ♥ http://t.co/CIWEQGvMgY ♥","created_at":"Mon Oct 07 15:51:59 +0000 2013","is_translator":false,"profile_background_image_url_https":"https://si0.twimg.com/profile_background_images/378800000089958076/dc48e59e5a8dfdf518bc6a598747f513.jpeg","protected":false,"screen_name":"Sasten4ever","id_str":"1944512936","profile_link_color":"0084B4","geo_enabled":false,"id":1944512936,"profile_background_color":"C0DEED","lang":"pt","profile_sidebar_border_color":"FFFFFF","profile_text_color":"333333","verified":false,"profile_image_url":"http://a0.twimg.com/profile_images/378800000562946444/f83797c922770da65b78f3ded66bbba2_normal.png","time_zone":null,"url":"https://www.facebook.com/sastenfans","contributors_enabled":false,"profile_banner_url":"https://pbs.twimg.com/profile_banners/1944512936/1381161415","profile_background_tile":true,"follow_request_sent":null,"statuses_count":656,"profile_use_background_image":true,"followers_count":23,"following":null,"default_profile":false,"name":"Sasten","profile_sidebar_fill_color":"DDEEF6","location":"Sastenland","notifications":null},"favorited":false}