{"in_reply_to_status_id_str":null,"in_reply_to_status_id":null,"coordinates":null,"truncated":false,"in_reply_to_user_id_str":null,"created_at":"Fri Oct 11 17:00:08 +0000 2013","source":"web","retweet_count":0,"retweeted":false,"geo":null,"filter_level":"medium","in_reply_to_screen_name":null,"entities":{"urls":[],"hashtags":[],"user_mentions":[{"indices":[25,34],"screen_name":"Bradesco","id_str":"79184083","name":"Banco Bradesco","id":79184083}],"symbols":[]},"id_str":"388710622205972480","in_reply_to_user_id":null,"favorite_count":0,"contributors":null,"text":"fiz as pazes com o banco @Bradesco e meu novo conselho é que sempre procurem suas agências em vez do fone fácil","id":388710622205972480,"place":null,"lang":"pt","user":{"utc_offset":-10800,"friends_count":925,"profile_image_url_https":"https://si0.twimg.com/profile_images/1455417247/31990_398529308003_608398003_4377286_923703_n_normal.jpg","profile_background_image_url":"http://a0.twimg.com/profile_background_images/137820950/100895863_5810066e52.jpg","listed_count":373,"default_profile_image":false,"favourites_count":36974,"description":"divirtam-se por mim","created_at":"Tue Aug 28 19:18:12 +0000 2007","is_translator":false,"profile_background_image_url_https":"https://si0.twimg.com/profile_background_images/137820950/100895863_5810066e52.jpg","protected":false,"screen_name":"anaguadalupe","id_str":"8493302","profile_link_color":"140C01","geo_enabled":true,"id":8493302,"profile_background_color":"9F7B6F","lang":"en","profile_sidebar_border_color":"000000","profile_text_color":"141212","verified":false,"profile_image_url":"http://a0.twimg.com/profile_images/1455417247/31990_398529308003_608398003_4377286_923703_n_normal.jpg","time_zone":"Brasilia","url":"http://welcomehomeroxy.wordpress.com","contributors_enabled":false,"profile_banner_url":"https://pbs.twimg.com/profile_banners/8493302/1356748914","profile_background_tile":true,"follow_request_sent":null,"statuses_count":19003,"profile_use_background_image":true,"followers_count":8958,"following":null,"default_profile":false,"name":"ana guadaloopy","profile_sidebar_fill_color":"FEFBF1","location":"são paulo & paraná","notifications":null},"favorited":false}