{"in_reply_to_status_id_str":null,"in_reply_to_status_id":null,"coordinates":null,"truncated":false,"in_reply_to_user_id_str":null,"created_at":"Sat Sep 14 03:28:07 +0000 2013","source":"web","retweet_count":0,"retweeted":false,"geo":null,"filter_level":"medium","in_reply_to_screen_name":null,"entities":{"urls":[],"hashtags":[],"user_mentions":[{"indices":[40,44],"screen_name":"tim","id_str":"76133","name":"Tim Bradshaw","id":76133}],"symbols":[]},"id_str":"378721798252011520","in_reply_to_user_id":null,"favorite_count":0,"contributors":null,"text":"Desculpa aí as outras operadoras, mas a @Tim está arrasando com suas promoções e excelência na qualidade.","id":378721798252011520,"place":{"country_code":"BR","country":"Brasil","full_name":"Condeúba, Bahia","bounding_box":{"coordinates":[[[-42.290634,-15.187147],[-42.290634,-14.609854],[-41.831601,-14.609854],[-41.831601,-15.187147]]],"type":"Polygon"},"place_type":"city","name":"Condeúba","attributes":{},"id":"ba3a7c2d4bcad062","url":"https://api.twitter.com/1.1/geo/id/ba3a7c2d4bcad062.json"},"lang":"pt","user":{"utc_offset":null,"friends_count":85,"profile_image_url_https":"https://si0.twimg.com/profile_images/378800000075872835/c598e7b9e44730c99349e864bc0ce28c_normal.jpeg","profile_background_image_url":"http://abs.twimg.com/images/themes/theme1/bg.png","listed_count":0,"default_profile_image":false,"favourites_count":0,"description":null,"created_at":"Wed Apr 07 15:44:45 +0000 2010","is_translator":false,"profile_background_image_url_https":"https://abs.twimg.com/images/themes/theme1/bg.png","protected":false,"screen_name":"giselegd","id_str":"130537358","profile_link_color":"0084B4","geo_enabled":true,"id":130537358,"profile_background_color":"C0DEED","lang":"en","profile_sidebar_border_color":"C0DEED","profile_text_color":"333333","verified":false,"profile_image_url":"http://a0.twimg.com/profile_images/378800000075872835/c598e7b9e44730c99349e864bc0ce28c_normal.jpeg","time_zone":null,"url":null,"contributors_enabled":false,"profile_banner_url":"https://pbs.twimg.com/profile_banners/130537358/1372734771","profile_background_tile":false,"follow_request_sent":null,"statuses_count":34,"profile_use_background_image":true,"followers_count":5,"following":null,"default_profile":true,"name":"giselegih","profile_sidebar_fill_color":"DDEEF6","location":"","notifications":null},"favorited":false}