{"in_reply_to_status_id_str":"381933390012088321","in_reply_to_status_id":381933390012088321,"coordinates":null,"truncated":false,"in_reply_to_user_id_str":"179398386","created_at":"Mon Sep 23 00:11:23 +0000 2013","source":"web","retweet_count":0,"retweeted":false,"geo":null,"filter_level":"medium","in_reply_to_screen_name":"itau","entities":{"urls":[],"hashtags":[],"user_mentions":[{"indices":[0,5],"screen_name":"itau","id_str":"179398386","name":"Itaú","id":179398386}],"symbols":[]},"id_str":"381933779150848001","in_reply_to_user_id":179398386,"favorite_count":0,"contributors":null,"text":"@itau queria sabe o que a demi passou","id":381933779150848001,"place":null,"lang":"pt","user":{"utc_offset":null,"friends_count":13,"profile_image_url_https":"https://si0.twimg.com/profile_images/3047538445/8a7d100c6ba885ebd1806ab9ff8579f8_normal.jpeg","profile_background_image_url":"http://a0.twimg.com/profile_background_images/751599216/850eaaca81faff6267247a40e0d7cbda.jpeg","listed_count":4,"default_profile_image":false,"favourites_count":47,"description":"que deus seja lovato","created_at":"Mon Dec 31 01:19:34 +0000 2012","is_translator":false,"profile_background_image_url_https":"https://si0.twimg.com/profile_background_images/751599216/850eaaca81faff6267247a40e0d7cbda.jpeg","protected":false,"screen_name":"diariounbroken","id_str":"1049198210","profile_link_color":"E63CE6","geo_enabled":true,"id":1049198210,"profile_background_color":"FFFFFF","lang":"en","profile_sidebar_border_color":"FFFFFF","profile_text_color":"333333","verified":false,"profile_image_url":"http://a0.twimg.com/profile_images/3047538445/8a7d100c6ba885ebd1806ab9ff8579f8_normal.jpeg","time_zone":null,"url":null,"contributors_enabled":false,"profile_banner_url":"https://pbs.twimg.com/profile_banners/1049198210/1356917075","profile_background_tile":false,"follow_request_sent":null,"statuses_count":209,"profile_use_background_image":true,"followers_count":1729,"following":null,"default_profile":false,"name":"diario de lovatic","profile_sidebar_fill_color":"DDEEF6","location":"la la land","notifications":null},"favorited":false}