{"in_reply_to_status_id_str":null,"in_reply_to_status_id":null,"coordinates":null,"truncated":false,"in_reply_to_user_id_str":null,"created_at":"Mon Sep 23 09:14:37 +0000 2013","source":"<a href=\"http://twitter.com/download/android\" rel=\"nofollow\">Twitter for Android<\/a>","retweet_count":0,"retweeted":false,"geo":null,"filter_level":"medium","in_reply_to_screen_name":null,"entities":{"urls":[],"hashtags":[{"indices":[14,22],"text":"TIMBETA"},{"indices":[23,31],"text":"BETALAB"},{"indices":[32,47],"text":"BLABLABLÂMETRO"},{"indices":[48,67],"text":"OPERACAOTIMBETALAB"},{"indices":[68,84],"text":"operacaoTimBeta"}],"user_mentions":[{"indices":[1,5],"screen_name":"tim","id_str":"76133","name":"Tim Bradshaw","id":76133}],"symbols":[]},"id_str":"382070487398240256","in_reply_to_user_id":null,"favorite_count":0,"contributors":null,"text":"\"@TIM#BETALAB #TIMBETA #BETALAB #BLABLABLÂMETRO #OPERACAOTIMBETALAB #operacaoTimBeta Sigo todos e Retweeto ! ajude-me* Bom Dia galera !!!","id":382070487398240256,"place":null,"lang":"pt","user":{"utc_offset":-7200,"friends_count":1557,"profile_image_url_https":"https://si0.twimg.com/profile_images/378800000125214775/e2680a1039be861667ad5b0d880f19a6_normal.jpeg","profile_background_image_url":"http://abs.twimg.com/images/themes/theme15/bg.png","listed_count":1,"default_profile_image":false,"favourites_count":2,"description":"─╔╗╦╔╗╔╗──╦╗╔═──╗╔╔╗╦.╔╦╗. ╔╗─ ─╚╗║║╦║║──║║╠═──║║║║║─║─╠╣─ ─╚╝╩╚╝╚╝──╩╝╚═──╚╝╚╝╚═╚─╝╩─","created_at":"Sat Jun 27 20:37:46 +0000 2009","is_translator":false,"profile_background_image_url_https":"https://abs.twimg.com/images/themes/theme15/bg.png","protected":false,"screen_name":"Danilodbm","id_str":"51548874","profile_link_color":"0084B4","geo_enabled":false,"id":51548874,"profile_background_color":"022330","lang":"es","profile_sidebar_border_color":"A8C7F7","profile_text_color":"333333","verified":false,"profile_image_url":"http://a0.twimg.com/profile_images/378800000125214775/e2680a1039be861667ad5b0d880f19a6_normal.jpeg","time_zone":"Greenland","url":null,"contributors_enabled":false,"profile_background_tile":false,"follow_request_sent":null,"statuses_count":1047,"profile_use_background_image":true,"followers_count":652,"following":null,"default_profile":false,"name":"Danilo @TIM BETA","profile_sidebar_fill_color":"C0DFEC","location":"Tim Beta","notifications":null},"favorited":false}