{"in_reply_to_status_id_str":null,"in_reply_to_status_id":null,"in_reply_to_user_id_str":null,"created_at":"Mon Sep 23 14:57:20 +0000 2013","source":"<a href=\"https://ads.twitter.com\" rel=\"nofollow\">Twitter Ads<\/a>","retweet_count":0,"retweeted":false,"geo":null,"filter_level":"medium","in_reply_to_screen_name":null,"id_str":"382156736510959616","in_reply_to_user_id":null,"favorite_count":0,"text":"O ruivo tem uma mensagem pra você, que adora sair favoritando por aí. #favoritei http://t.co/kDOLWujjz0","id":382156736510959616,"place":null,"lang":"pt","favorited":false,"possibly_sensitive":false,"coordinates":null,"truncated":false,"entities":{"urls":[{"display_url":"vivo.tl/19k8G72","indices":[81,103],"expanded_url":"http://vivo.tl/19k8G72","url":"http://t.co/kDOLWujjz0"}],"hashtags":[{"indices":[70,80],"text":"favoritei"}],"user_mentions":[],"symbols":[]},"contributors":null,"scopes":{"followers":false},"user":{"utc_offset":-10800,"friends_count":49058,"profile_image_url_https":"https://si0.twimg.com/profile_images/2114220342/AVATAR_normal.png","profile_background_image_url":"http://a0.twimg.com/profile_background_images/378800000066280200/41fde1f0cf761d517bb17ca71e1d92a9.jpeg","listed_count":2196,"default_profile_image":false,"favourites_count":5,"description":"Twitter oficial da Vivo | Aqui você se informa e tira dúvidas sobre nossos produtos e serviços em telefonia e internet móvel ou fixa \\o/","created_at":"Thu May 28 22:58:35 +0000 2009","is_translator":false,"profile_background_image_url_https":"https://si0.twimg.com/profile_background_images/378800000066280200/41fde1f0cf761d517bb17ca71e1d92a9.jpeg","protected":false,"screen_name":"Vivoemrede","id_str":"43218789","profile_link_color":"93A644","geo_enabled":false,"id":43218789,"profile_background_color":"B2DFDA","lang":"pt","profile_sidebar_border_color":"FFFFFF","profile_text_color":"333333","verified":true,"profile_image_url":"http://a0.twimg.com/profile_images/2114220342/AVATAR_normal.png","time_zone":"Brasilia","url":"http://www.vivo.com.br","contributors_enabled":false,"profile_background_tile":false,"follow_request_sent":null,"statuses_count":40088,"profile_use_background_image":true,"followers_count":374531,"following":null,"default_profile":false,"name":"Vivo em Rede","profile_sidebar_fill_color":"F0EDED","location":"","notifications":null}}