{"in_reply_to_status_id_str":"382314789047107584","in_reply_to_status_id":382314789047107584,"coordinates":null,"truncated":false,"in_reply_to_user_id_str":"179398386","created_at":"Tue Sep 24 01:27:46 +0000 2013","source":"web","retweet_count":0,"retweeted":false,"geo":null,"filter_level":"medium","in_reply_to_screen_name":"itau","entities":{"urls":[],"hashtags":[],"user_mentions":[{"indices":[0,5],"screen_name":"itau","id_str":"179398386","name":"Itaú","id":179398386}],"symbols":[]},"id_str":"382315391176810496","in_reply_to_user_id":179398386,"favorite_count":0,"contributors":null,"text":"@itau entao meu nome é Caitlin e eu gostaria de saber se posso estacionar meu jet ski na vaga pra deficientes?","id":382315391176810496,"place":null,"lang":"pt","user":{"utc_offset":-10800,"friends_count":6623,"profile_image_url_https":"https://si0.twimg.com/profile_images/378800000488300827/0b50293eb3ddd6447f8858a183068d8c_normal.png","profile_background_image_url":"http://a0.twimg.com/profile_background_images/378800000056712834/aff6319f22e82722312085e00cdd3838.jpeg","listed_count":106,"default_profile_image":false,"favourites_count":1969,"description":"rainha que é rainha deixa a plebe latindo","created_at":"Tue Apr 03 03:57:37 +0000 2012","is_translator":false,"profile_background_image_url_https":"https://si0.twimg.com/profile_background_images/378800000056712834/aff6319f22e82722312085e00cdd3838.jpeg","protected":false,"screen_name":"selenawhy","id_str":"543955735","profile_link_color":"D02B55","geo_enabled":false,"id":543955735,"profile_background_color":"352726","lang":"pt","profile_sidebar_border_color":"FFFFFF","profile_text_color":"3E4415","verified":false,"profile_image_url":"http://a0.twimg.com/profile_images/378800000488300827/0b50293eb3ddd6447f8858a183068d8c_normal.png","time_zone":"Brasilia","url":null,"contributors_enabled":false,"profile_banner_url":"https://pbs.twimg.com/profile_banners/543955735/1379785337","profile_background_tile":true,"follow_request_sent":null,"statuses_count":4082,"profile_use_background_image":true,"followers_count":12718,"following":null,"default_profile":false,"name":"noela","profile_sidebar_fill_color":"99CC33","location":"","notifications":null},"favorited":false}