{"in_reply_to_status_id_str":null,"in_reply_to_status_id":null,"coordinates":null,"truncated":false,"in_reply_to_user_id_str":null,"created_at":"Tue Sep 24 21:46:34 +0000 2013","source":"web","retweet_count":0,"retweeted":false,"geo":null,"filter_level":"medium","in_reply_to_screen_name":null,"entities":{"urls":[],"hashtags":[],"user_mentions":[{"indices":[47,52],"screen_name":"itau","id_str":"179398386","name":"Itaú","id":179398386}],"symbols":[]},"id_str":"382622111040155648","in_reply_to_user_id":null,"favorite_count":0,"contributors":null,"text":"Diz aí, pra quem vc mandaria um: \u201cEu não sou o @itau, mas sou feito pra vc\u201d hj? ;-)","id":382622111040155648,"place":null,"lang":"pt","user":{"utc_offset":-10800,"friends_count":951,"profile_image_url_https":"https://si0.twimg.com/profile_images/1675163179/twitter_normal.png","profile_background_image_url":"http://a0.twimg.com/profile_background_images/687141119/f5ee43ed1083de1037daffab2a2dc9c3.jpeg","listed_count":329,"default_profile_image":false,"favourites_count":59,"description":"Perfil oficial do Itaú no Twitter, feito para apresentar nossas novidades, ouvir e aprender com você.","created_at":"Tue Aug 17 05:22:21 +0000 2010","is_translator":false,"profile_background_image_url_https":"https://si0.twimg.com/profile_background_images/687141119/f5ee43ed1083de1037daffab2a2dc9c3.jpeg","protected":false,"screen_name":"itau","id_str":"179398386","profile_link_color":"003399","geo_enabled":false,"id":179398386,"profile_background_color":"FFFFFF","lang":"pt","profile_sidebar_border_color":"FFFFFF","profile_text_color":"FF9900","verified":true,"profile_image_url":"http://a0.twimg.com/profile_images/1675163179/twitter_normal.png","time_zone":"Brasilia","url":null,"contributors_enabled":false,"profile_banner_url":"https://pbs.twimg.com/profile_banners/179398386/1379423872","profile_background_tile":false,"follow_request_sent":null,"statuses_count":8912,"profile_use_background_image":true,"followers_count":99170,"following":null,"default_profile":false,"name":"Itaú","profile_sidebar_fill_color":"FFFFFF","location":"","notifications":null},"favorited":false}