{"in_reply_to_status_id_str":null,"in_reply_to_status_id":null,"possibly_sensitive":false,"coordinates":null,"truncated":false,"in_reply_to_user_id_str":null,"created_at":"Wed Sep 25 12:27:55 +0000 2013","source":"<a href=\"http://twitter.com/tweetbutton\" rel=\"nofollow\">Tweet Button<\/a>","retweet_count":0,"retweeted":false,"geo":null,"filter_level":"medium","in_reply_to_screen_name":null,"entities":{"urls":[{"display_url":"kienyke.com/noticias/caos-\u2026","indices":[55,77],"expanded_url":"http://www.kienyke.com/noticias/caos-en-servicio-de-celulares-claro/","url":"http://t.co/MnZ0CGS562"}],"hashtags":[{"indices":[0,16],"text":"NoticiasKienyKe"},{"indices":[47,53],"text":"Claro"}],"user_mentions":[],"symbols":[]},"id_str":"382843907228188672","in_reply_to_user_id":null,"favorite_count":0,"contributors":null,"text":"#NoticiasKienyKe Caos en servicio de celulares #Claro. http://t.co/MnZ0CGS562","id":382843907228188672,"place":null,"lang":"es","user":{"utc_offset":-18000,"friends_count":291,"profile_image_url_https":"https://si0.twimg.com/profile_images/3118204460/bc519cbeeb689bda2d3d7f5756a31844_normal.png","profile_background_image_url":"http://a0.twimg.com/profile_background_images/847267701/a455cae3b40e0007b8298c2353fc42ca.jpeg","listed_count":1125,"default_profile_image":false,"favourites_count":3,"description":"Kienyke es una publicación independiente, inspirada en la curiosidad. Encuentra noticias, blogs, tendencias y fotos. El placer de saber, ver y oír más.","created_at":"Wed Sep 15 17:04:20 +0000 2010","is_translator":false,"profile_background_image_url_https":"https://si0.twimg.com/profile_background_images/847267701/a455cae3b40e0007b8298c2353fc42ca.jpeg","protected":false,"screen_name":"kienyke","id_str":"191116947","profile_link_color":"0084B4","geo_enabled":false,"id":191116947,"profile_background_color":"C0DEED","lang":"es","profile_sidebar_border_color":"FFFFFF","profile_text_color":"333333","verified":true,"profile_image_url":"http://a0.twimg.com/profile_images/3118204460/bc519cbeeb689bda2d3d7f5756a31844_normal.png","time_zone":"Bogota","url":"http://www.kienyke.com","contributors_enabled":false,"profile_banner_url":"https://pbs.twimg.com/profile_banners/191116947/1366390338","profile_background_tile":false,"follow_request_sent":null,"statuses_count":55963,"profile_use_background_image":true,"followers_count":115555,"following":null,"default_profile":false,"name":"Kienyke","profile_sidebar_fill_color":"DDEEF6","location":"Colombia","notifications":null},"favorited":false}