{"in_reply_to_status_id_str":null,"in_reply_to_status_id":null,"possibly_sensitive":false,"coordinates":null,"truncated":false,"in_reply_to_user_id_str":null,"created_at":"Thu Sep 26 16:12:48 +0000 2013","source":"<a href=\"http://twitter.com/download/android\" rel=\"nofollow\">Twitter for Android<\/a>","retweet_count":0,"retweeted":false,"geo":null,"filter_level":"medium","in_reply_to_screen_name":null,"entities":{"urls":[],"hashtags":[],"media":[{"display_url":"pic.twitter.com/j9FZSSoMw6","indices":[47,69],"sizes":{"small":{"w":340,"h":604,"resize":"fit"},"large":{"w":540,"h":960,"resize":"fit"},"thumb":{"w":150,"h":150,"resize":"crop"},"medium":{"w":540,"h":960,"resize":"fit"}},"id_str":"383262890574106624","expanded_url":"http://twitter.com/phael_photo/status/383262890653798400/photo/1","media_url_https":"https://pbs.twimg.com/media/BVGfkYBCUAAy8ML.jpg","id":383262890574106624,"type":"photo","media_url":"http://pbs.twimg.com/media/BVGfkYBCUAAy8ML.jpg","url":"http://t.co/j9FZSSoMw6"}],"user_mentions":[{"indices":[6,11],"screen_name":"itau","id_str":"179398386","name":"Itaú","id":179398386}],"symbols":[]},"id_str":"383262890653798400","in_reply_to_user_id":null,"favorite_count":0,"contributors":null,"text":"Banco @itau sempre foi o melhor no atendimento http://t.co/j9FZSSoMw6","id":383262890653798400,"place":null,"lang":"pt","user":{"utc_offset":-10800,"friends_count":214,"profile_image_url_https":"https://si0.twimg.com/profile_images/378800000413342494/e9e378ac64bcc3c383c0f59287f405d7_normal.jpeg","profile_background_image_url":"http://a0.twimg.com/profile_background_images/378800000016699186/bbf0cd144d90ce367b4c3db9ba958137.jpeg","listed_count":77,"default_profile_image":false,"favourites_count":489,"description":"Suas fotos podem mostrar como você enxerga o mundo, pode mostrar o que você sente, e podem mostrar como você queria que as coisas fossem! Sinta e clique!","created_at":"Fri Aug 20 19:36:47 +0000 2010","is_translator":false,"profile_background_image_url_https":"https://si0.twimg.com/profile_background_images/378800000016699186/bbf0cd144d90ce367b4c3db9ba958137.jpeg","protected":false,"screen_name":"phael_photo","id_str":"180895823","profile_link_color":"111CEB","geo_enabled":false,"id":180895823,"profile_background_color":"16CFE3","lang":"pt","profile_sidebar_border_color":"FFFFFF","profile_text_color":"000500","verified":false,"profile_image_url":"http://a0.twimg.com/profile_images/378800000413342494/e9e378ac64bcc3c383c0f59287f405d7_normal.jpeg","time_zone":"Brasilia","url":"http://www.workfotos.wordpress.com","contributors_enabled":false,"profile_banner_url":"https://pbs.twimg.com/profile_banners/180895823/1373050232","profile_background_tile":true,"follow_request_sent":null,"statuses_count":88474,"profile_use_background_image":true,"followers_count":6396,"following":null,"default_profile":false,"name":"Psycho Killer","profile_sidebar_fill_color":"545454","location":"Lavender Town ","notifications":null},"favorited":false}