{"in_reply_to_status_id_str":null,"in_reply_to_status_id":null,"coordinates":null,"truncated":false,"in_reply_to_user_id_str":"48700857","created_at":"Fri Sep 27 00:35:25 +0000 2013","source":"<a href=\"http://twitter.com/download/android\" rel=\"nofollow\">Twitter for Android<\/a>","retweet_count":0,"retweeted":false,"geo":null,"filter_level":"medium","in_reply_to_screen_name":"santander_br","entities":{"urls":[],"hashtags":[],"user_mentions":[{"indices":[0,13],"screen_name":"santander_br","id_str":"48700857","name":"Santander Brasil","id":48700857},{"indices":[14,19],"screen_name":"itau","id_str":"179398386","name":"Itaú","id":179398386},{"indices":[20,29],"screen_name":"Bradesco","id_str":"79184083","name":"Banco Bradesco","id":79184083}],"symbols":[]},"id_str":"383389377994711040","in_reply_to_user_id":48700857,"favorite_count":0,"contributors":null,"text":"@santander_br @itau @Bradesco faço uma conta AGORA no banco de quem responder: After all this time?","id":383389377994711040,"place":null,"lang":"pt","user":{"utc_offset":-10800,"friends_count":589,"profile_image_url_https":"https://si0.twimg.com/profile_images/3528809613/cf303df65792682ed7feeea8573bf858_normal.png","profile_background_image_url":"http://a0.twimg.com/profile_background_images/378800000021529767/a0a612a1670d7d87c423c53d4ea50c32.jpeg","listed_count":13,"default_profile_image":false,"favourites_count":1179,"description":"Gryffindor. Divergent. Tribute.16. RJ. Redator e aspirante a escritor. Sente orgulho por ter conhecido o Felton na Premiere de HP7.2. Always ♡","created_at":"Mon Feb 20 21:23:10 +0000 2012","is_translator":false,"profile_background_image_url_https":"https://si0.twimg.com/profile_background_images/378800000021529767/a0a612a1670d7d87c423c53d4ea50c32.jpeg","protected":false,"screen_name":"FuckPotter","id_str":"498266767","profile_link_color":"3D21B8","geo_enabled":false,"id":498266767,"profile_background_color":"050505","lang":"en","profile_sidebar_border_color":"000000","profile_text_color":"333333","verified":false,"profile_image_url":"http://a0.twimg.com/profile_images/3528809613/cf303df65792682ed7feeea8573bf858_normal.png","time_zone":"Brasilia","url":"http://www.arevolucao.net","contributors_enabled":false,"profile_banner_url":"https://pbs.twimg.com/profile_banners/498266767/1373588627","profile_background_tile":false,"follow_request_sent":null,"statuses_count":55036,"profile_use_background_image":true,"followers_count":2171,"following":null,"default_profile":false,"name":"after all this time?","profile_sidebar_fill_color":"DDEEF6","location":"Hogwarts","notifications":null},"favorited":false}