{"in_reply_to_status_id_str":null,"in_reply_to_status_id":null,"coordinates":null,"truncated":false,"in_reply_to_user_id_str":null,"created_at":"Sun Sep 29 18:34:29 +0000 2013","source":"<a href=\"http://twitter.com/download/android\" rel=\"nofollow\">Twitter for Android<\/a>","retweet_count":0,"retweeted":false,"geo":null,"filter_level":"medium","in_reply_to_screen_name":null,"entities":{"urls":[],"hashtags":[],"user_mentions":[{"indices":[6,12],"screen_name":"CAIXA","id_str":"229191436","name":"CAIXA","id":229191436}],"symbols":[]},"id_str":"384385708355751936","in_reply_to_user_id":null,"favorite_count":0,"contributors":null,"text":"Alooo @CAIXA , vamos colocar a função de cartão de credito no aplicativo, não custa nada! Todos bancos tem, menos vcs!","id":384385708355751936,"place":null,"lang":"pt","user":{"utc_offset":-10800,"friends_count":466,"profile_image_url_https":"https://si0.twimg.com/profile_images/3274380168/32fcb38acbe00517850d8d23d396e58d_normal.jpeg","profile_background_image_url":"http://a0.twimg.com/profile_background_images/266330659/OgAAAC81ZXfVRI2iPgvn_ooC7iD4F8jN2yvt-7JZsl2ZkRBQeIrW8uMIxImccIM0sIagzTk57U-9vLh2MHAAyBRu1nwAm1T1UGgxuidDv9Yd-q2oYXs66qhQanyn.jpg","listed_count":1,"default_profile_image":false,"favourites_count":15,"description":"Representante comercial,estudante de marketing e torcedor do Fortaleza.","created_at":"Wed Jun 10 01:58:48 +0000 2009","is_translator":false,"profile_background_image_url_https":"https://si0.twimg.com/profile_background_images/266330659/OgAAAC81ZXfVRI2iPgvn_ooC7iD4F8jN2yvt-7JZsl2ZkRBQeIrW8uMIxImccIM0sIagzTk57U-9vLh2MHAAyBRu1nwAm1T1UGgxuidDv9Yd-q2oYXs66qhQanyn.jpg","protected":false,"screen_name":"ItaloSaraiva","id_str":"46008537","profile_link_color":"2FC2EF","geo_enabled":true,"id":46008537,"profile_background_color":"1A1B1F","lang":"pt","profile_sidebar_border_color":"181A1E","profile_text_color":"666666","verified":false,"profile_image_url":"http://a0.twimg.com/profile_images/3274380168/32fcb38acbe00517850d8d23d396e58d_normal.jpeg","time_zone":"Brasilia","url":null,"contributors_enabled":false,"profile_background_tile":false,"follow_request_sent":null,"statuses_count":1234,"profile_use_background_image":true,"followers_count":129,"following":null,"default_profile":false,"name":"Ítalo Saraiva","profile_sidebar_fill_color":"252429","location":"Fortaleza Brasil","notifications":null},"favorited":false}