{"in_reply_to_status_id_str":"384877331183304705","in_reply_to_status_id":384877331183304705,"coordinates":null,"truncated":false,"in_reply_to_user_id_str":"33389032","created_at":"Tue Oct 01 03:16:08 +0000 2013","source":"<a href=\"http://twitter.com/download/iphone\" rel=\"nofollow\">Twitter for iPhone<\/a>","retweet_count":0,"retweeted":false,"geo":null,"filter_level":"medium","in_reply_to_screen_name":"afonsosenos","entities":{"urls":[],"hashtags":[],"user_mentions":[{"indices":[0,12],"screen_name":"afonsosenos","id_str":"33389032","name":"iFonso","id":33389032},{"indices":[13,23],"screen_name":"skybrasil","id_str":"16725545","name":"SKY Brasil","id":16725545}],"symbols":[]},"id_str":"384879376036556800","in_reply_to_user_id":33389032,"favorite_count":0,"contributors":null,"text":"@afonsosenos @skybrasil humm! obrigado!","id":384879376036556800,"place":null,"lang":"pt","user":{"utc_offset":null,"friends_count":1641,"profile_image_url_https":"https://si0.twimg.com/profile_images/378800000470673348/da099d8ccda414d4e3ceadb09c7f6d41_normal.jpeg","profile_background_image_url":"http://a0.twimg.com/profile_background_images/831114583/e3af79a93790e4bda5429af5ba9e49c0.gif","listed_count":52,"default_profile_image":false,"favourites_count":1908,"description":"Peixes + Leão | Almost Architect","created_at":"Mon Apr 19 21:41:30 +0000 2010","is_translator":false,"profile_background_image_url_https":"https://si0.twimg.com/profile_background_images/831114583/e3af79a93790e4bda5429af5ba9e49c0.gif","protected":false,"screen_name":"Vichugo82","id_str":"134930141","profile_link_color":"D97038","geo_enabled":true,"id":134930141,"profile_background_color":"E1EDED","lang":"en","profile_sidebar_border_color":"000000","profile_text_color":"BAAD58","verified":false,"profile_image_url":"http://a0.twimg.com/profile_images/378800000470673348/da099d8ccda414d4e3ceadb09c7f6d41_normal.jpeg","time_zone":null,"url":"http://www.facebook.com/profile.php?id=100000333111407","contributors_enabled":false,"profile_banner_url":"https://pbs.twimg.com/profile_banners/134930141/1379726508","profile_background_tile":true,"follow_request_sent":null,"statuses_count":80398,"profile_use_background_image":true,"followers_count":1318,"following":null,"default_profile":false,"name":"Victor Hugo","profile_sidebar_fill_color":"000000","location":"RJ \u2022 JF \u2022 SSA - BRASIL","notifications":null},"favorited":false}