{"in_reply_to_status_id_str":"349221094726701060","in_reply_to_status_id":349221094726701060,"coordinates":null,"truncated":false,"in_reply_to_user_id_str":"22679577","created_at":"Tue Oct 01 04:05:32 +0000 2013","source":"<a href=\"http://twitter.com/download/android\" rel=\"nofollow\">Twitter for Android<\/a>","retweet_count":0,"retweeted":false,"geo":null,"filter_level":"medium","in_reply_to_screen_name":"ClaroBlog","entities":{"urls":[],"hashtags":[],"user_mentions":[{"indices":[0,10],"screen_name":"ClaroBlog","id_str":"22679577","name":"ClaroBlog","id":22679577}],"symbols":[]},"id_str":"384891808020721664","in_reply_to_user_id":22679577,"favorite_count":0,"contributors":null,"text":"@ClaroBlog Não teve melhorias nenhuma na região de Dracena SP. Internet lá ainda 2G... vergonha","id":384891808020721664,"place":null,"lang":"pt","user":{"utc_offset":-10800,"friends_count":1981,"profile_image_url_https":"https://si0.twimg.com/profile_images/344513261566821919/ae5dade824ab77996d9d25194d824019_normal.jpeg","profile_background_image_url":"http://a0.twimg.com/profile_background_images/406196648/SANTOS.jpg","listed_count":15,"default_profile_image":false,"favourites_count":26,"description":null,"created_at":"Thu Jun 04 23:59:46 +0000 2009","is_translator":false,"profile_background_image_url_https":"https://si0.twimg.com/profile_background_images/406196648/SANTOS.jpg","protected":false,"screen_name":"Elberton","id_str":"44767602","profile_link_color":"04047A","geo_enabled":true,"id":44767602,"profile_background_color":"051C8A","lang":"pt","profile_sidebar_border_color":"FAC905","profile_text_color":"000000","verified":false,"profile_image_url":"http://a0.twimg.com/profile_images/344513261566821919/ae5dade824ab77996d9d25194d824019_normal.jpeg","time_zone":"Brasilia","url":"http://www.instagram.com/elberton","contributors_enabled":false,"profile_background_tile":true,"follow_request_sent":null,"statuses_count":3030,"profile_use_background_image":true,"followers_count":777,"following":null,"default_profile":false,"name":"Elberton","profile_sidebar_fill_color":"999999","location":"Jundiaí","notifications":null},"favorited":false}