{"in_reply_to_status_id_str":null,"in_reply_to_status_id":null,"coordinates":null,"truncated":false,"in_reply_to_user_id_str":null,"created_at":"Tue Oct 01 03:12:15 +0000 2013","source":"<a href=\"https://mobile.twitter.com\" rel=\"nofollow\">Mobile Web (M2)<\/a>","retweet_count":0,"retweeted":false,"geo":null,"filter_level":"medium","in_reply_to_screen_name":null,"entities":{"urls":[],"hashtags":[{"indices":[70,73],"text":"vó"},{"indices":[74,78],"text":"não"},{"indices":[79,84],"text":"vivo"},{"indices":[85,89],"text":"sem"}],"user_mentions":[],"symbols":[]},"id_str":"384878396724887552","in_reply_to_user_id":null,"favorite_count":0,"contributors":null,"text":"e cada vez q eu tô perto dela percebo q é fundamental na minha vida.. #vó #não #vivo #sem","id":384878396724887552,"place":null,"lang":"pt","user":{"utc_offset":-10800,"friends_count":149,"profile_image_url_https":"https://si0.twimg.com/profile_images/3652274349/aacfbaa24587591dafc7d5272cc60c4b_normal.jpeg","profile_background_image_url":"http://abs.twimg.com/images/themes/theme1/bg.png","listed_count":0,"default_profile_image":false,"favourites_count":6,"description":null,"created_at":"Thu Jul 26 20:53:40 +0000 2012","is_translator":false,"profile_background_image_url_https":"https://abs.twimg.com/images/themes/theme1/bg.png","protected":false,"screen_name":"samaraandjulio","id_str":"718747099","profile_link_color":"0084B4","geo_enabled":true,"id":718747099,"profile_background_color":"C0DEED","lang":"pt","profile_sidebar_border_color":"C0DEED","profile_text_color":"333333","verified":false,"profile_image_url":"http://a0.twimg.com/profile_images/3652274349/aacfbaa24587591dafc7d5272cc60c4b_normal.jpeg","time_zone":"Brasilia","url":null,"contributors_enabled":false,"profile_banner_url":"https://pbs.twimg.com/profile_banners/718747099/1368408782","profile_background_tile":false,"follow_request_sent":null,"statuses_count":505,"profile_use_background_image":true,"followers_count":18,"following":null,"default_profile":true,"name":"Samara Rodrigues","profile_sidebar_fill_color":"DDEEF6","location":"","notifications":null},"favorited":false}