{"in_reply_to_status_id_str":null,"in_reply_to_status_id":null,"coordinates":null,"truncated":false,"in_reply_to_user_id_str":null,"created_at":"Tue Oct 01 03:47:24 +0000 2013","source":"<a href=\"http://twitter.com/download/android\" rel=\"nofollow\">Twitter for Android<\/a>","retweet_count":0,"retweeted":false,"geo":null,"filter_level":"medium","in_reply_to_screen_name":null,"entities":{"urls":[],"hashtags":[{"indices":[91,96],"text":"Vivo"},{"indices":[97,102],"text":"Fail"},{"indices":[103,112],"text":"VivoFail"}],"user_mentions":[],"symbols":[]},"id_str":"384887244651528192","in_reply_to_user_id":null,"favorite_count":0,"contributors":null,"text":"A Vivo estava um lixo nas últimas semanas. Mas hj resolveu parar de vez... complicado eim! #Vivo #Fail #VivoFail","id":384887244651528192,"place":null,"lang":"pt","user":{"utc_offset":-10800,"friends_count":1097,"profile_image_url_https":"https://si0.twimg.com/profile_images/1463609289/mayconterno_normal.jpg","profile_background_image_url":"http://abs.twimg.com/images/themes/theme14/bg.gif","listed_count":13,"default_profile_image":false,"favourites_count":24,"description":"Jornalista, pós-granduando em Jornalismo Político. Assessor de Comunicação Social da Câmara Municipal de Presidente Prudente","created_at":"Fri May 16 19:58:40 +0000 2008","is_translator":false,"profile_background_image_url_https":"https://abs.twimg.com/images/themes/theme14/bg.gif","protected":false,"screen_name":"mayconmorano","id_str":"14803336","profile_link_color":"009999","geo_enabled":false,"id":14803336,"profile_background_color":"131516","lang":"pt","profile_sidebar_border_color":"EEEEEE","profile_text_color":"333333","verified":false,"profile_image_url":"http://a0.twimg.com/profile_images/1463609289/mayconterno_normal.jpg","time_zone":"Brasilia","url":"http://www.mayconmorano.com","contributors_enabled":false,"profile_background_tile":true,"follow_request_sent":null,"statuses_count":8857,"profile_use_background_image":true,"followers_count":846,"following":null,"default_profile":false,"name":"mayconmorano","profile_sidebar_fill_color":"EFEFEF","location":"Presidente Prudente - SP","notifications":null},"favorited":false}