{"in_reply_to_status_id_str":null,"in_reply_to_status_id":null,"coordinates":null,"truncated":false,"in_reply_to_user_id_str":null,"created_at":"Tue Oct 01 03:07:53 +0000 2013","source":"<a href=\"http://twitter.com/download/android\" rel=\"nofollow\">Twitter for Android<\/a>","retweet_count":0,"retweeted":false,"geo":null,"filter_level":"medium","in_reply_to_screen_name":null,"entities":{"urls":[],"hashtags":[],"user_mentions":[{"indices":[27,37],"screen_name":"skybrasil","id_str":"16725545","name":"SKY Brasil","id":16725545},{"indices":[80,90],"screen_name":"MTVBrasil","id_str":"8163442","name":"MTV ","id":8163442}],"symbols":[]},"id_str":"384877298031529984","in_reply_to_user_id":null,"favorite_count":0,"contributors":null,"text":"Porém no canal 86 que pela @skybrasil quem ocupava era o Vh1 Ja pertence a nova @MTVBrasil","id":384877298031529984,"place":null,"lang":"pt","user":{"utc_offset":-10800,"friends_count":799,"profile_image_url_https":"https://si0.twimg.com/profile_images/378800000478045843/68b586b7efc170d1ad878ed916d9869e_normal.jpeg","profile_background_image_url":"http://a0.twimg.com/profile_background_images/378800000077980632/dbdb288dbafbfd48a22f67dc239c2f19.jpeg","listed_count":153,"default_profile_image":false,"favourites_count":3,"description":"Não vivo para que a minha presença seja notada, mas para que a minha falta seja sentida. ♂ 23\n anos! Casado","created_at":"Wed Feb 17 03:10:39 +0000 2010","is_translator":false,"profile_background_image_url_https":"https://si0.twimg.com/profile_background_images/378800000077980632/dbdb288dbafbfd48a22f67dc239c2f19.jpeg","protected":false,"screen_name":"TiagoTucker_","id_str":"114940194","profile_link_color":"057A05","geo_enabled":true,"id":114940194,"profile_background_color":"F5FAF9","lang":"en","profile_sidebar_border_color":"FFFFFF","profile_text_color":"0F43AB","verified":false,"profile_image_url":"http://a0.twimg.com/profile_images/378800000478045843/68b586b7efc170d1ad878ed916d9869e_normal.jpeg","time_zone":"Brasilia","url":"http://www.facebook.com/TiagoTucker","contributors_enabled":false,"profile_banner_url":"https://pbs.twimg.com/profile_banners/114940194/1379595431","profile_background_tile":true,"follow_request_sent":null,"statuses_count":10774,"profile_use_background_image":true,"followers_count":2152,"following":null,"default_profile":false,"name":"Tiago Tucker","profile_sidebar_fill_color":"0A0A0A","location":"Brasil - Pernambuco","notifications":null},"favorited":false}