{"in_reply_to_status_id_str":"384877866573647872","in_reply_to_status_id":384877866573647872,"coordinates":null,"truncated":false,"in_reply_to_user_id_str":"348640865","created_at":"Tue Oct 01 03:44:08 +0000 2013","source":"web","retweet_count":0,"retweeted":false,"geo":null,"filter_level":"medium","in_reply_to_screen_name":"Adrian1_Tavares","entities":{"urls":[],"hashtags":[],"user_mentions":[{"indices":[18,34],"screen_name":"Adrian1_Tavares","id_str":"348640865","name":"Adryanzs _Tavares","id":348640865}],"symbols":[]},"id_str":"384886422781448193","in_reply_to_user_id":348640865,"favorite_count":0,"contributors":null,"text":"A partir de hoje, @Adrian1_Tavares o canal TV Abril entrará no lugar da MTV Brasil, no canal 174, e a nova MTV (SD) entrará (...)","id":384886422781448193,"place":null,"lang":"pt","user":{"utc_offset":-10800,"friends_count":14093,"profile_image_url_https":"https://si0.twimg.com/profile_images/3064764816/2ce6a70fa1732bccabd85cfbe8ffc057_normal.jpeg","profile_background_image_url":"http://a0.twimg.com/profile_background_images/755243492/71c375d518c9ae0cb83b46cda507a846.jpeg","listed_count":85,"default_profile_image":false,"favourites_count":61,"description":"Bem-vindo ao perfil oficial de atendimento da SKY Brasil. Estamos aqui para tirar as dúvidas e ajudar no que for preciso. SKY HDTV É ISSO!","created_at":"Mon Jun 27 13:44:31 +0000 2011","is_translator":false,"profile_background_image_url_https":"https://si0.twimg.com/profile_background_images/755243492/71c375d518c9ae0cb83b46cda507a846.jpeg","protected":false,"screen_name":"SKYresponde","id_str":"324945570","profile_link_color":"AD0C0C","geo_enabled":false,"id":324945570,"profile_background_color":"AD0C0C","lang":"pt","profile_sidebar_border_color":"FFFFFF","profile_text_color":"333333","verified":false,"profile_image_url":"http://a0.twimg.com/profile_images/3064764816/2ce6a70fa1732bccabd85cfbe8ffc057_normal.jpeg","time_zone":"Brasilia","url":"http://www.sky.com.br","contributors_enabled":false,"profile_banner_url":"https://pbs.twimg.com/profile_banners/324945570/1357315302","profile_background_tile":true,"follow_request_sent":null,"statuses_count":192167,"profile_use_background_image":true,"followers_count":18038,"following":null,"default_profile":false,"name":"SKY Responde","profile_sidebar_fill_color":"DDEEF6","location":"","notifications":null},"favorited":false}