{"in_reply_to_status_id_str":null,"in_reply_to_status_id":null,"coordinates":null,"truncated":false,"in_reply_to_user_id_str":null,"created_at":"Tue Oct 01 04:05:55 +0000 2013","source":"web","retweet_count":0,"retweeted":false,"geo":null,"filter_level":"medium","in_reply_to_screen_name":null,"entities":{"urls":[],"hashtags":[],"user_mentions":[{"indices":[3,14],"screen_name":"Vivoemrede","id_str":"43218789","name":"Vivo em Rede","id":43218789}],"symbols":[]},"id_str":"384891905739202560","in_reply_to_user_id":null,"favorite_count":0,"contributors":null,"text":"ei @Vivoemrede tem 3h que meu cel tá sem sinal... e aí?","id":384891905739202560,"place":null,"lang":"pt","user":{"utc_offset":-10800,"friends_count":288,"profile_image_url_https":"https://si0.twimg.com/profile_images/378800000526238057/eed4bee134710afe4d0840a4e4012f9c_normal.jpeg","profile_background_image_url":"http://a0.twimg.com/profile_background_images/850736167/d9c9890b778dce76668a4abd2c9897f6.jpeg","listed_count":289,"default_profile_image":false,"favourites_count":1016,"description":"Humorista, roteirista do Morning Show da RedeTv! e precursor do fim do mundo. É obrigação do humorista, não agradar a todos.","created_at":"Sun May 10 14:37:36 +0000 2009","is_translator":false,"profile_background_image_url_https":"https://si0.twimg.com/profile_background_images/850736167/d9c9890b778dce76668a4abd2c9897f6.jpeg","protected":false,"screen_name":"FabioGuere","id_str":"39054648","profile_link_color":"D11453","geo_enabled":false,"id":39054648,"profile_background_color":"022330","lang":"pt","profile_sidebar_border_color":"FFFFFF","profile_text_color":"010426","verified":false,"profile_image_url":"http://a0.twimg.com/profile_images/378800000526238057/eed4bee134710afe4d0840a4e4012f9c_normal.jpeg","time_zone":"Santiago","url":"http://www.fabioguere.com.br","contributors_enabled":false,"profile_banner_url":"https://pbs.twimg.com/profile_banners/39054648/1351804844","profile_background_tile":true,"follow_request_sent":null,"statuses_count":29628,"profile_use_background_image":true,"followers_count":27229,"following":null,"default_profile":false,"name":"Fábio Güeré","profile_sidebar_fill_color":"F7FAFA","location":"Sampa","notifications":null},"favorited":false}