{"in_reply_to_status_id_str":null,"in_reply_to_status_id":null,"coordinates":null,"truncated":false,"in_reply_to_user_id_str":null,"created_at":"Tue Oct 01 03:21:16 +0000 2013","source":"<a href=\"http://www.tweetdeck.com\" rel=\"nofollow\">TweetDeck<\/a>","retweet_count":0,"retweeted":false,"geo":null,"filter_level":"medium","in_reply_to_screen_name":null,"entities":{"urls":[],"hashtags":[{"indices":[133,138],"text":"Vivo"}],"user_mentions":[{"indices":[108,123],"screen_name":"Anatel_Informa","id_str":"475795236","name":"Anatel Informa","id":475795236}],"symbols":[]},"id_str":"384880666980020224","in_reply_to_user_id":null,"favorite_count":0,"contributors":null,"text":"Pronto, n sabia q o serviço de portabilidade de celular dava tanta dor de cabeça. Reclamação protocolada na @Anatel_Informa contra a #Vivo.","id":384880666980020224,"place":null,"lang":"pt","user":{"utc_offset":-10800,"friends_count":1264,"profile_image_url_https":"https://si0.twimg.com/profile_images/3150698339/16b0a689c443059051f5954ca191521f_normal.jpeg","profile_background_image_url":"http://abs.twimg.com/images/themes/theme14/bg.gif","listed_count":14,"default_profile_image":false,"favourites_count":3,"description":"Jornalista especialista em comunicação pela UFMG. Assessor de imprensa e mestre de cerimônias.","created_at":"Fri Jun 26 09:45:50 +0000 2009","is_translator":false,"profile_background_image_url_https":"https://abs.twimg.com/images/themes/theme14/bg.gif","protected":false,"screen_name":"fabiusalvim","id_str":"50995650","profile_link_color":"009999","geo_enabled":false,"id":50995650,"profile_background_color":"131516","lang":"pt","profile_sidebar_border_color":"EEEEEE","profile_text_color":"333333","verified":false,"profile_image_url":"http://a0.twimg.com/profile_images/3150698339/16b0a689c443059051f5954ca191521f_normal.jpeg","time_zone":"Brasilia","url":null,"contributors_enabled":false,"profile_background_tile":true,"follow_request_sent":null,"statuses_count":2649,"profile_use_background_image":true,"followers_count":810,"following":null,"default_profile":false,"name":"Fabius Alvim","profile_sidebar_fill_color":"EFEFEF","location":"Contagem - BH - Itaúna","notifications":null},"favorited":false}