{"in_reply_to_status_id_str":"384884053691748352","in_reply_to_status_id":384884053691748352,"coordinates":null,"truncated":false,"in_reply_to_user_id_str":"176181716","created_at":"Tue Oct 01 03:40:21 +0000 2013","source":"<a href=\"http://twitter.com/#!/download/ipad\" rel=\"nofollow\">Twitter for iPad<\/a>","retweet_count":0,"retweeted":false,"geo":null,"filter_level":"medium","in_reply_to_screen_name":"celia_forte","entities":{"urls":[],"hashtags":[],"user_mentions":[{"indices":[0,12],"screen_name":"celia_forte","id_str":"176181716","name":"Célia Forte","id":176181716},{"indices":[13,23],"screen_name":"ClaroBlog","id_str":"22679577","name":"ClaroBlog","id":22679577}],"symbols":[]},"id_str":"384885471660486656","in_reply_to_user_id":176181716,"favorite_count":0,"contributors":null,"text":"@celia_forte @ClaroBlog pensei ate q era meu cel.....","id":384885471660486656,"place":null,"lang":"pt","user":{"utc_offset":-10800,"friends_count":1956,"profile_image_url_https":"https://si0.twimg.com/profile_images/1362192549/DSC01487_normal.JPG","profile_background_image_url":"http://a0.twimg.com/profile_background_images/509448660/009.JPG","listed_count":3,"default_profile_image":false,"favourites_count":14,"description":null,"created_at":"Fri Oct 29 02:39:39 +0000 2010","is_translator":false,"profile_background_image_url_https":"https://si0.twimg.com/profile_background_images/509448660/009.JPG","protected":false,"screen_name":"arofeliz","id_str":"209384333","profile_link_color":"B40B43","geo_enabled":false,"id":209384333,"profile_background_color":"FF6699","lang":"pt","profile_sidebar_border_color":"CC3366","profile_text_color":"362720","verified":false,"profile_image_url":"http://a0.twimg.com/profile_images/1362192549/DSC01487_normal.JPG","time_zone":"Brasilia","url":null,"contributors_enabled":false,"profile_background_tile":true,"follow_request_sent":null,"statuses_count":10905,"profile_use_background_image":true,"followers_count":617,"following":null,"default_profile":false,"name":"Rosa Borges","profile_sidebar_fill_color":"E5507E","location":"","notifications":null},"favorited":false}