{"in_reply_to_status_id_str":null,"in_reply_to_status_id":null,"coordinates":null,"truncated":false,"in_reply_to_user_id_str":null,"created_at":"Tue Oct 01 03:05:20 +0000 2013","source":"web","retweet_count":0,"retweeted":false,"geo":null,"filter_level":"medium","in_reply_to_screen_name":null,"entities":{"urls":[],"hashtags":[],"user_mentions":[{"indices":[27,39],"screen_name":"SKYresponde","id_str":"324945570","name":"SKY Responde","id":324945570}],"symbols":[]},"id_str":"384876659452551169","in_reply_to_user_id":null,"favorite_count":0,"contributors":null,"text":"Já era a Vh1 na SKY, valeu @SKYresponde. Cada vez mais pensando em mudar de operadora.","id":384876659452551169,"place":null,"lang":"pt","user":{"utc_offset":-10800,"friends_count":327,"profile_image_url_https":"https://si0.twimg.com/profile_images/3520057091/08a99661c4afaa37eb2705e29b7db96b_normal.jpeg","profile_background_image_url":"http://a0.twimg.com/profile_background_images/700907537/a746c9f2973d7e4d323c49ace1046a7c.jpeg","listed_count":6,"default_profile_image":false,"favourites_count":53,"description":"Renan Fernandes Alves de Lima, 20 anos. Fotógrafo(amado. Ignorante, ciumento, egoísta e extremamente BIPOLAR. Prazer.","created_at":"Tue Jun 01 21:26:13 +0000 2010","is_translator":false,"profile_background_image_url_https":"https://si0.twimg.com/profile_background_images/700907537/a746c9f2973d7e4d323c49ace1046a7c.jpeg","protected":false,"screen_name":"RenanFeernandes","id_str":"150798399","profile_link_color":"3D3D3D","geo_enabled":false,"id":150798399,"profile_background_color":"FFF0C2","lang":"pt","profile_sidebar_border_color":"FFFFFF","profile_text_color":"000000","verified":false,"profile_image_url":"http://a0.twimg.com/profile_images/3520057091/08a99661c4afaa37eb2705e29b7db96b_normal.jpeg","time_zone":"Brasilia","url":"http://Flickr.com/Rnan_","contributors_enabled":false,"profile_banner_url":"https://pbs.twimg.com/profile_banners/150798399/1369962025","profile_background_tile":true,"follow_request_sent":null,"statuses_count":22167,"profile_use_background_image":true,"followers_count":1217,"following":null,"default_profile":false,"name":"Renan Fernandes","profile_sidebar_fill_color":"B8D1E0","location":"London/UK","notifications":null},"favorited":false}