{"in_reply_to_status_id_str":null,"in_reply_to_status_id":null,"coordinates":null,"truncated":false,"in_reply_to_user_id_str":"324945570","created_at":"Tue Oct 01 03:08:54 +0000 2013","source":"<a href=\"http://itunes.apple.com/us/app/twitter/id409789998?mt=12\" rel=\"nofollow\">Twitter for Mac<\/a>","retweet_count":0,"retweeted":false,"geo":null,"filter_level":"medium","in_reply_to_screen_name":"SKYresponde","entities":{"urls":[],"hashtags":[],"user_mentions":[{"indices":[0,12],"screen_name":"SKYresponde","id_str":"324945570","name":"SKY Responde","id":324945570}],"symbols":[]},"id_str":"384877556346146816","in_reply_to_user_id":324945570,"favorite_count":0,"contributors":null,"text":"@SKYresponde Cadê a ESPN HD Sky!? Palhaçada com os assinantes!","id":384877556346146816,"place":null,"lang":"pt","user":{"utc_offset":-10800,"friends_count":425,"profile_image_url_https":"https://si0.twimg.com/profile_images/3569080345/1143fb7a4eb61f17231f3794e8f65eaf_normal.jpeg","profile_background_image_url":"http://a0.twimg.com/profile_background_images/419544260/runDMC.png","listed_count":6,"default_profile_image":false,"favourites_count":119,"description":"Go BIG or Go HOME.","created_at":"Sat Jun 20 14:57:30 +0000 2009","is_translator":false,"profile_background_image_url_https":"https://si0.twimg.com/profile_background_images/419544260/runDMC.png","protected":false,"screen_name":"dani8_","id_str":"49024544","profile_link_color":"4BB300","geo_enabled":true,"id":49024544,"profile_background_color":"000000","lang":"pt","profile_sidebar_border_color":"FFFFFF","profile_text_color":"333333","verified":false,"profile_image_url":"http://a0.twimg.com/profile_images/3569080345/1143fb7a4eb61f17231f3794e8f65eaf_normal.jpeg","time_zone":"Brasilia","url":"http://www.facebook.com/Danisantana8","contributors_enabled":false,"profile_background_tile":false,"follow_request_sent":null,"statuses_count":23248,"profile_use_background_image":true,"followers_count":368,"following":null,"default_profile":false,"name":"Daniel  Santana","profile_sidebar_fill_color":"FFFFFF","location":"SP-BRAZA! ","notifications":null},"favorited":false}