{"in_reply_to_status_id_str":null,"in_reply_to_status_id":null,"coordinates":null,"truncated":false,"in_reply_to_user_id_str":"16725545","created_at":"Tue Oct 01 03:11:11 +0000 2013","source":"<a href=\"http://twitter.com/download/iphone\" rel=\"nofollow\">Twitter for iPhone<\/a>","retweet_count":0,"retweeted":false,"geo":null,"filter_level":"medium","in_reply_to_screen_name":"skybrasil","entities":{"urls":[],"hashtags":[{"indices":[34,39],"text":"espn"}],"user_mentions":[{"indices":[0,10],"screen_name":"skybrasil","id_str":"16725545","name":"SKY Brasil","id":16725545}],"symbols":[]},"id_str":"384878128289812480","in_reply_to_user_id":16725545,"favorite_count":0,"contributors":null,"text":"@skybrasil só tenho 1 canal HD da #espn ?","id":384878128289812480,"place":null,"lang":"pt","user":{"utc_offset":-10800,"friends_count":1947,"profile_image_url_https":"https://si0.twimg.com/profile_images/378800000530071166/bc4c93b4a3add826efbcc3fe22d36ea8_normal.jpeg","profile_background_image_url":"http://a0.twimg.com/profile_background_images/378800000085501659/db9b0cbcf71c5fdc399bde8ad58a01a1.jpeg","listed_count":4,"default_profile_image":false,"favourites_count":664,"description":"Editor do @NFLPICK6. Eu gosto de Campari e tenho menos de 70 anos!! Alguém mais gosta também?","created_at":"Thu Mar 19 05:43:04 +0000 2009","is_translator":false,"profile_background_image_url_https":"https://si0.twimg.com/profile_background_images/378800000085501659/db9b0cbcf71c5fdc399bde8ad58a01a1.jpeg","protected":false,"screen_name":"lucasbonini","id_str":"25245997","profile_link_color":"009999","geo_enabled":true,"id":25245997,"profile_background_color":"131516","lang":"pt","profile_sidebar_border_color":"FFFFFF","profile_text_color":"333333","verified":false,"profile_image_url":"http://a0.twimg.com/profile_images/378800000530071166/bc4c93b4a3add826efbcc3fe22d36ea8_normal.jpeg","time_zone":"Brasilia","url":"https://facebook.com/thepick6","contributors_enabled":false,"profile_banner_url":"https://pbs.twimg.com/profile_banners/25245997/1380561667","profile_background_tile":true,"follow_request_sent":null,"statuses_count":5247,"profile_use_background_image":true,"followers_count":309,"following":null,"default_profile":false,"name":"Lucas Bonini","profile_sidebar_fill_color":"EFEFEF","location":"São Paulo","notifications":null},"favorited":false}