{"in_reply_to_status_id_str":null,"in_reply_to_status_id":null,"coordinates":null,"truncated":false,"in_reply_to_user_id_str":"324945570","created_at":"Tue Oct 01 04:17:18 +0000 2013","source":"<a href=\"https://chrome.google.com/extensions/detail/encaiiljifbdbjlphpgpiimidegddhic\" rel=\"nofollow\">Silver Bird<\/a>","retweet_count":0,"retweeted":false,"geo":null,"filter_level":"medium","in_reply_to_screen_name":"SKYresponde","entities":{"urls":[],"hashtags":[],"user_mentions":[{"indices":[0,12],"screen_name":"SKYresponde","id_str":"324945570","name":"SKY Responde","id":324945570}],"symbols":[]},"id_str":"384894768771506176","in_reply_to_user_id":324945570,"favorite_count":0,"contributors":null,"text":"@SKYresponde O que houve com o VH1 em SD? Saiu da grade?","id":384894768771506176,"place":null,"lang":"pt","user":{"utc_offset":-10800,"friends_count":195,"profile_image_url_https":"https://si0.twimg.com/profile_images/2915242559/30d7f91a271e5211906d5d5e559eb8b9_normal.jpeg","profile_background_image_url":"http://a0.twimg.com/profile_background_images/353163003/olimpico.jpg","listed_count":6,"default_profile_image":false,"favourites_count":15,"description":"Penso, logo discordo de minha opinião anterior.","created_at":"Thu Jan 29 18:04:32 +0000 2009","is_translator":false,"profile_background_image_url_https":"https://si0.twimg.com/profile_background_images/353163003/olimpico.jpg","protected":false,"screen_name":"FelipeNeves","id_str":"19723681","profile_link_color":"0084B4","geo_enabled":true,"id":19723681,"profile_background_color":"9AE4E8","lang":"pt","profile_sidebar_border_color":"0091FF","profile_text_color":"919191","verified":false,"profile_image_url":"http://a0.twimg.com/profile_images/2915242559/30d7f91a271e5211906d5d5e559eb8b9_normal.jpeg","time_zone":"Brasilia","url":null,"contributors_enabled":false,"profile_banner_url":"https://pbs.twimg.com/profile_banners/19723681/1350752499","profile_background_tile":false,"follow_request_sent":null,"statuses_count":11420,"profile_use_background_image":true,"followers_count":241,"following":null,"default_profile":false,"name":"Felipe Neves","profile_sidebar_fill_color":"000000","location":"Porto Alegre - Brasil","notifications":null},"favorited":false}