{"in_reply_to_status_id_str":null,"in_reply_to_status_id":null,"coordinates":null,"truncated":false,"in_reply_to_user_id_str":null,"created_at":"Tue Oct 01 03:07:52 +0000 2013","source":"web","retweet_count":0,"retweeted":false,"geo":null,"filter_level":"medium","in_reply_to_screen_name":null,"entities":{"urls":[],"hashtags":[],"user_mentions":[{"indices":[8,18],"screen_name":"MTVBrasil","id_str":"8163442","name":"MTV ","id":8163442},{"indices":[34,44],"screen_name":"skybrasil","id_str":"16725545","name":"SKY Brasil","id":16725545}],"symbols":[]},"id_str":"384877296315662336","in_reply_to_user_id":null,"favorite_count":0,"contributors":null,"text":"agora a @MTVBrasil  e canal 86 na @skybrasil","id":384877296315662336,"place":{"country_code":"BR","country":"Brasil","full_name":"Rio de Janeiro, Rio de Janeiro","bounding_box":{"coordinates":[[[-43.795449,-23.08302],[-43.795449,-22.749044],[-43.099381,-22.749044],[-43.099381,-23.08302]]],"type":"Polygon"},"place_type":"city","name":"Rio de Janeiro","attributes":{},"id":"97bcdfca1a2dca59","url":"https://api.twitter.com/1.1/geo/id/97bcdfca1a2dca59.json"},"lang":"pt","user":{"utc_offset":-10800,"friends_count":683,"profile_image_url_https":"https://si0.twimg.com/profile_images/378800000403299181/4a607e6460b1f00dbe7792f7f8c3daee_normal.jpeg","profile_background_image_url":"http://a0.twimg.com/profile_background_images/733903213/20a3bc05157275fc8ca02a7c4375ac39.jpeg","listed_count":20,"default_profile_image":false,"favourites_count":150,"description":"http://about.me/tonass","created_at":"Wed May 06 23:52:26 +0000 2009","is_translator":false,"profile_background_image_url_https":"https://si0.twimg.com/profile_background_images/733903213/20a3bc05157275fc8ca02a7c4375ac39.jpeg","protected":false,"screen_name":"tonofproof","id_str":"38312204","profile_link_color":"10C4D1","geo_enabled":true,"id":38312204,"profile_background_color":"000000","lang":"en","profile_sidebar_border_color":"FFFFFF","profile_text_color":"4435B5","verified":false,"profile_image_url":"http://a0.twimg.com/profile_images/378800000403299181/4a607e6460b1f00dbe7792f7f8c3daee_normal.jpeg","time_zone":"Brasilia","url":null,"contributors_enabled":false,"profile_banner_url":"https://pbs.twimg.com/profile_banners/38312204/1379885561","profile_background_tile":true,"follow_request_sent":null,"statuses_count":26134,"profile_use_background_image":true,"followers_count":538,"following":null,"default_profile":false,"name":"Everton ","profile_sidebar_fill_color":"FFFFFF","location":"Belém ","notifications":null},"favorited":false}