{"in_reply_to_status_id_str":null,"in_reply_to_status_id":null,"coordinates":null,"truncated":false,"in_reply_to_user_id_str":null,"created_at":"Tue Oct 01 03:21:20 +0000 2013","source":"<a href=\"https://mobile.twitter.com\" rel=\"nofollow\">Mobile Web (M2)<\/a>","retweet_count":0,"retweeted":false,"geo":null,"filter_level":"medium","in_reply_to_screen_name":null,"entities":{"urls":[],"hashtags":[{"indices":[43,48],"text":"vivo"}],"user_mentions":[],"symbols":[]},"id_str":"384880685485666304","in_reply_to_user_id":null,"favorite_count":0,"contributors":null,"text":"É só minha internet da vivo que esta ruim? #vivo","id":384880685485666304,"place":null,"lang":"pt","user":{"utc_offset":-10800,"friends_count":123,"profile_image_url_https":"https://si0.twimg.com/profile_images/1963060458/420592_369219093095878_100000233716469_1472429_393362487_n_normal.jpg","profile_background_image_url":"http://a0.twimg.com/profile_background_images/378800000022063622/c4bb1b1d92ce4e55ca9dd1d9fdd3153d.jpeg","listed_count":2,"default_profile_image":false,"favourites_count":17,"description":null,"created_at":"Mon Aug 03 00:07:59 +0000 2009","is_translator":false,"profile_background_image_url_https":"https://si0.twimg.com/profile_background_images/378800000022063622/c4bb1b1d92ce4e55ca9dd1d9fdd3153d.jpeg","protected":false,"screen_name":"vieirabia","id_str":"62385252","profile_link_color":"B40B43","geo_enabled":true,"id":62385252,"profile_background_color":"FF6699","lang":"en","profile_sidebar_border_color":"FFFFFF","profile_text_color":"362720","verified":false,"profile_image_url":"http://a0.twimg.com/profile_images/1963060458/420592_369219093095878_100000233716469_1472429_393362487_n_normal.jpg","time_zone":"Santiago","url":"http://www.facebook.com/vieirabia","contributors_enabled":false,"profile_banner_url":"https://pbs.twimg.com/profile_banners/62385252/1373647812","profile_background_tile":true,"follow_request_sent":null,"statuses_count":17543,"profile_use_background_image":true,"followers_count":213,"following":null,"default_profile":false,"name":"Beatriz Vieira","profile_sidebar_fill_color":"E5507E","location":"","notifications":null},"favorited":false}