{"in_reply_to_status_id_str":null,"in_reply_to_status_id":null,"coordinates":null,"truncated":false,"in_reply_to_user_id_str":null,"created_at":"Tue Oct 01 04:28:22 +0000 2013","source":"<a href=\"http://twitter.com/download/iphone\" rel=\"nofollow\">Twitter for iPhone<\/a>","retweet_count":0,"retweeted":false,"geo":null,"filter_level":"medium","in_reply_to_screen_name":null,"entities":{"urls":[],"hashtags":[],"user_mentions":[{"indices":[21,33],"screen_name":"SKYresponde","id_str":"324945570","name":"SKY Responde","id":324945570}],"symbols":[]},"id_str":"384897552946315264","in_reply_to_user_id":null,"favorite_count":0,"contributors":null,"text":"Já tem MTV na SKY??? @SKYresponde","id":384897552946315264,"place":null,"lang":"pt","user":{"utc_offset":-10800,"friends_count":1257,"profile_image_url_https":"https://si0.twimg.com/profile_images/378800000430395548/1ed7d6c40dab5124140a79f2d76f63f1_normal.jpeg","profile_background_image_url":"http://a0.twimg.com/profile_background_images/877937036/dd3a0a763e1838d5b3b2b3b92b8a8a4a.jpeg","listed_count":124,"default_profile_image":false,"favourites_count":806,"description":"alf mas não teimoso","created_at":"Wed May 12 01:08:45 +0000 2010","is_translator":false,"profile_background_image_url_https":"https://si0.twimg.com/profile_background_images/877937036/dd3a0a763e1838d5b3b2b3b92b8a8a4a.jpeg","protected":false,"screen_name":"thiagoalf","id_str":"142888914","profile_link_color":"68118A","geo_enabled":true,"id":142888914,"profile_background_color":"AAAAAA","lang":"en","profile_sidebar_border_color":"FFFFFF","profile_text_color":"D60808","verified":false,"profile_image_url":"http://a0.twimg.com/profile_images/378800000430395548/1ed7d6c40dab5124140a79f2d76f63f1_normal.jpeg","time_zone":"Santiago","url":"http://thiagofreitas1.tumblr.com/http://thiagofreitas1.tumblr.com/","contributors_enabled":false,"profile_banner_url":"https://pbs.twimg.com/profile_banners/142888914/1369447829","profile_background_tile":true,"follow_request_sent":null,"statuses_count":46211,"profile_use_background_image":true,"followers_count":7236,"following":null,"default_profile":false,"name":"Thiago ⚓","profile_sidebar_fill_color":"DDEEF6","location":"Instagram: thiagoafreitass","notifications":null},"favorited":false}