{"in_reply_to_status_id_str":null,"in_reply_to_status_id":null,"coordinates":null,"truncated":false,"in_reply_to_user_id_str":null,"created_at":"Tue Oct 01 03:19:16 +0000 2013","source":"<a href=\"http://twitter.com/download/iphone\" rel=\"nofollow\">Twitter for iPhone<\/a>","retweet_count":0,"retweeted":false,"geo":null,"filter_level":"medium","in_reply_to_screen_name":null,"entities":{"urls":[],"hashtags":[],"user_mentions":[{"indices":[9,21],"screen_name":"SKYresponde","id_str":"324945570","name":"SKY Responde","id":324945570}],"symbols":[]},"id_str":"384880164720893952","in_reply_to_user_id":null,"favorite_count":0,"contributors":null,"text":"Acho q a @SKYresponde deveria ter colocado o Esporte Interativo ao invés dessa TV Abril.","id":384880164720893952,"place":null,"lang":"pt","user":{"utc_offset":-10800,"friends_count":244,"profile_image_url_https":"https://si0.twimg.com/profile_images/3494297020/ba2600b8f54d49507b280b7c649cb572_normal.jpeg","profile_background_image_url":"http://abs.twimg.com/images/themes/theme1/bg.png","listed_count":1,"default_profile_image":false,"favourites_count":30,"description":"Humor inteligente com pequenos erros de PT-Br.","created_at":"Fri Jul 17 17:18:11 +0000 2009","is_translator":false,"profile_background_image_url_https":"https://abs.twimg.com/images/themes/theme1/bg.png","protected":false,"screen_name":"pampinha_junior","id_str":"57699031","profile_link_color":"0084B4","geo_enabled":true,"id":57699031,"profile_background_color":"C0DEED","lang":"pt","profile_sidebar_border_color":"C0DEED","profile_text_color":"333333","verified":false,"profile_image_url":"http://a0.twimg.com/profile_images/3494297020/ba2600b8f54d49507b280b7c649cb572_normal.jpeg","time_zone":"Brasilia","url":null,"contributors_enabled":false,"profile_banner_url":"https://pbs.twimg.com/profile_banners/57699031/1365430889","profile_background_tile":false,"follow_request_sent":null,"statuses_count":21440,"profile_use_background_image":true,"followers_count":260,"following":null,"default_profile":true,"name":"Pampinha Junior","profile_sidebar_fill_color":"DDEEF6","location":"Boa Vissta-RR","notifications":null},"favorited":false}