{"in_reply_to_status_id_str":null,"in_reply_to_status_id":null,"coordinates":null,"truncated":false,"in_reply_to_user_id_str":"16725545","created_at":"Tue Oct 01 10:06:14 +0000 2013","source":"<a href=\"http://twitter.com/download/android\" rel=\"nofollow\">Twitter for Android<\/a>","retweet_count":0,"retweeted":false,"geo":null,"filter_level":"medium","in_reply_to_screen_name":"skybrasil","entities":{"urls":[],"hashtags":[],"user_mentions":[{"indices":[0,10],"screen_name":"skybrasil","id_str":"16725545","name":"SKY Brasil","id":16725545}],"symbols":[]},"id_str":"384982578870386688","in_reply_to_user_id":16725545,"favorite_count":0,"contributors":null,"text":"@skybrasil Cadê o Vh1 HD? Com música sem comercial :(","id":384982578870386688,"place":null,"lang":"pt","user":{"utc_offset":-7200,"friends_count":292,"profile_image_url_https":"https://si0.twimg.com/profile_images/2037321537/100_2221_-_C_pia_normal.JPG","profile_background_image_url":"http://a0.twimg.com/profile_background_images/447369321/misc-twitter-background-1.png","listed_count":4,"default_profile_image":false,"favourites_count":3,"description":"Cheio de adjetivos: bons e ruins pq ninguém é perfeito. Atualizado por mim mesmo, e meus pseudônimos. http://www.facebook.com/leanjackson","created_at":"Wed Dec 23 03:05:47 +0000 2009","is_translator":false,"profile_background_image_url_https":"https://si0.twimg.com/profile_background_images/447369321/misc-twitter-background-1.png","protected":false,"screen_name":"Lean_lima","id_str":"98779871","profile_link_color":"0AFA7E","geo_enabled":true,"id":98779871,"profile_background_color":"1CFFAC","lang":"en","profile_sidebar_border_color":"04A9D6","profile_text_color":"003B21","verified":false,"profile_image_url":"http://a0.twimg.com/profile_images/2037321537/100_2221_-_C_pia_normal.JPG","time_zone":"Greenland","url":null,"contributors_enabled":false,"profile_banner_url":"https://pbs.twimg.com/profile_banners/98779871/1359341179","profile_background_tile":true,"follow_request_sent":null,"statuses_count":8468,"profile_use_background_image":true,"followers_count":187,"following":null,"default_profile":false,"name":"Lean","profile_sidebar_fill_color":"E6F6F9","location":"João Pessoa","notifications":null},"favorited":false}