{"in_reply_to_status_id_str":null,"in_reply_to_status_id":null,"coordinates":{"coordinates":[-47.06543933,-22.90916344],"type":"Point"},"truncated":false,"in_reply_to_user_id_str":null,"created_at":"Tue Oct 01 11:11:19 +0000 2013","source":"<a href=\"http://twitter.com/download/iphone\" rel=\"nofollow\">Twitter for iPhone<\/a>","retweet_count":0,"retweeted":false,"geo":{"coordinates":[-22.90916344,-47.06543933],"type":"Point"},"filter_level":"medium","in_reply_to_screen_name":null,"entities":{"urls":[],"hashtags":[],"user_mentions":[{"indices":[15,27],"screen_name":"ClaroBrasil","id_str":"141310797","name":"Claro Brasil","id":141310797}],"symbols":[]},"id_str":"384998959129063424","in_reply_to_user_id":null,"favorite_count":0,"contributors":null,"text":"Quando chove a @ClaroBrasil explode? Cade meu sinal?","id":384998959129063424,"place":{"country_code":"BR","country":"Brasil","full_name":"Campinas, São Paulo","bounding_box":{"coordinates":[[[-47.245117,-23.06113],[-47.245117,-22.729279],[-46.815387,-22.729279],[-46.815387,-23.06113]]],"type":"Polygon"},"place_type":"city","name":"Campinas","attributes":{},"id":"0933c11f6b472a2b","url":"https://api.twitter.com/1.1/geo/id/0933c11f6b472a2b.json"},"lang":"pt","user":{"utc_offset":-10800,"friends_count":16,"profile_image_url_https":"https://si0.twimg.com/profile_images/378800000080058231/07c5c5edc6e0da571a6b7b96fb10dc4c_normal.jpeg","profile_background_image_url":"http://abs.twimg.com/images/themes/theme1/bg.png","listed_count":0,"default_profile_image":false,"favourites_count":6,"description":"Sobrevivente ao fim mundo e Candidato a engenheiro de computação","created_at":"Tue Feb 26 01:20:00 +0000 2008","is_translator":false,"profile_background_image_url_https":"https://abs.twimg.com/images/themes/theme1/bg.png","protected":false,"screen_name":"andrade_ovidio","id_str":"13977562","profile_link_color":"0084B4","geo_enabled":true,"id":13977562,"profile_background_color":"C0DEED","lang":"pt","profile_sidebar_border_color":"C0DEED","profile_text_color":"333333","verified":false,"profile_image_url":"http://a0.twimg.com/profile_images/378800000080058231/07c5c5edc6e0da571a6b7b96fb10dc4c_normal.jpeg","time_zone":"Brasilia","url":null,"contributors_enabled":false,"profile_banner_url":"https://pbs.twimg.com/profile_banners/13977562/1351300107","profile_background_tile":false,"follow_request_sent":null,"statuses_count":1704,"profile_use_background_image":true,"followers_count":185,"following":null,"default_profile":true,"name":"Ovídio Andrade;","profile_sidebar_fill_color":"DDEEF6","location":"Brasil","notifications":null},"favorited":false}