{"in_reply_to_status_id_str":null,"in_reply_to_status_id":null,"coordinates":null,"truncated":false,"in_reply_to_user_id_str":null,"created_at":"Tue Oct 01 10:35:42 +0000 2013","source":"<a href=\"http://www.tweetdeck.com\" rel=\"nofollow\">TweetDeck<\/a>","retweet_count":0,"retweeted":false,"geo":null,"filter_level":"medium","in_reply_to_screen_name":null,"entities":{"urls":[],"hashtags":[],"user_mentions":[{"indices":[18,25],"screen_name":"digaoi","id_str":"17487043","name":"Diga Oi!","id":17487043},{"indices":[44,51],"screen_name":"rosana","id_str":"3948041","name":"rosana hermann ","id":3948041}],"symbols":[]},"id_str":"384989994596573186","in_reply_to_user_id":null,"favorite_count":0,"contributors":null,"text":"Pergunto isto pra @digaoi  todos os dias RT @rosana: Cordei kd internet?","id":384989994596573186,"place":null,"lang":"pt","user":{"utc_offset":-10800,"friends_count":1734,"profile_image_url_https":"https://si0.twimg.com/profile_images/378800000190558015/a843e8577d295c4d419e7c68898212be_normal.jpeg","profile_background_image_url":"http://a0.twimg.com/profile_background_images/70517874/Fundo_Twitter.jpg","listed_count":52,"default_profile_image":false,"favourites_count":11,"description":"Vivendo a vida 1 Byte de cada vez\r\nConcebido em 8bits;\r\nBugado no mundo real..\r\nDeu TILT? Bate na lateral...","created_at":"Thu Sep 03 18:32:35 +0000 2009","is_translator":false,"profile_background_image_url_https":"https://si0.twimg.com/profile_background_images/70517874/Fundo_Twitter.jpg","protected":false,"screen_name":"jinblack","id_str":"71323795","profile_link_color":"FF0000","geo_enabled":true,"id":71323795,"profile_background_color":"C0DEED","lang":"pt","profile_sidebar_border_color":"000000","profile_text_color":"333333","verified":false,"profile_image_url":"http://a0.twimg.com/profile_images/378800000190558015/a843e8577d295c4d419e7c68898212be_normal.jpeg","time_zone":"Brasilia","url":"http://www.jinspiration.wordpress.com","contributors_enabled":false,"profile_banner_url":"https://pbs.twimg.com/profile_banners/71323795/1347987949","profile_background_tile":false,"follow_request_sent":null,"statuses_count":53650,"profile_use_background_image":true,"followers_count":3321,"following":null,"default_profile":false,"name":"JinBlack","profile_sidebar_fill_color":"7DE3FF","location":"Blumenau - SC - Brasil","notifications":null},"favorited":false}