{"in_reply_to_status_id_str":null,"in_reply_to_status_id":null,"coordinates":null,"truncated":false,"in_reply_to_user_id_str":"475795236","created_at":"Tue Oct 01 10:44:20 +0000 2013","source":"web","retweet_count":0,"retweeted":false,"geo":null,"filter_level":"medium","in_reply_to_screen_name":"Anatel_Informa","entities":{"urls":[],"hashtags":[{"indices":[102,107],"text":"fail"},{"indices":[108,114],"text":"claro"}],"user_mentions":[{"indices":[0,15],"screen_name":"Anatel_Informa","id_str":"475795236","name":"Anatel Informa","id":475795236},{"indices":[115,125],"screen_name":"ClaroBlog","id_str":"22679577","name":"ClaroBlog","id":22679577},{"indices":[126,139],"screen_name":"ClaroRonaldo","id_str":"22677822","name":"Claro Ronaldo","id":22677822}],"symbols":[]},"id_str":"384992168923758592","in_reply_to_user_id":475795236,"favorite_count":0,"contributors":null,"text":"@Anatel_Informa A operadora Claro dificulta ao máximo o cancelamento de planos. E vcs, fazem o que? | #fail #claro @ClaroBlog @ClaroRonaldo","id":384992168923758592,"place":null,"lang":"pt","user":{"utc_offset":-10800,"friends_count":247,"profile_image_url_https":"https://si0.twimg.com/profile_images/378800000239865995/362b7219eab50704c5770521ef1bb9b7_normal.jpeg","profile_background_image_url":"http://a0.twimg.com/profile_background_images/709197150/d301cb2f72872ea6145f9ddda472099e.png","listed_count":10,"default_profile_image":false,"favourites_count":1909,"description":"Crabby socialist, FOSS activist, and a hypocritical Roman Catholic.","created_at":"Sun Aug 30 12:28:26 +0000 2009","is_translator":false,"profile_background_image_url_https":"https://si0.twimg.com/profile_background_images/709197150/d301cb2f72872ea6145f9ddda472099e.png","protected":false,"screen_name":"mbjunior","id_str":"70110256","profile_link_color":"0084B4","geo_enabled":false,"id":70110256,"profile_background_color":"C0DEED","lang":"en","profile_sidebar_border_color":"FFFFFF","profile_text_color":"333333","verified":false,"profile_image_url":"http://a0.twimg.com/profile_images/378800000239865995/362b7219eab50704c5770521ef1bb9b7_normal.jpeg","time_zone":"Brasilia","url":"http://www.18digital.com.br/","contributors_enabled":false,"profile_banner_url":"https://pbs.twimg.com/profile_banners/70110256/1355411060","profile_background_tile":false,"follow_request_sent":null,"statuses_count":9688,"profile_use_background_image":true,"followers_count":185,"following":null,"default_profile":false,"name":"Marcio B. Jr.","profile_sidebar_fill_color":"FCFCFC","location":"Brazil","notifications":null},"favorited":false}