{"in_reply_to_status_id_str":null,"in_reply_to_status_id":null,"coordinates":null,"truncated":false,"in_reply_to_user_id_str":"17487043","created_at":"Tue Oct 01 10:58:42 +0000 2013","source":"web","retweet_count":0,"retweeted":false,"geo":null,"filter_level":"medium","in_reply_to_screen_name":"digaoi","entities":{"urls":[],"hashtags":[],"user_mentions":[{"indices":[0,7],"screen_name":"digaoi","id_str":"17487043","name":"Diga Oi!","id":17487043}],"symbols":[]},"id_str":"384995783612702720","in_reply_to_user_id":17487043,"favorite_count":0,"contributors":null,"text":"@digaoi MD. Por favor, respondam dessa vez.","id":384995783612702720,"place":{"country_code":"BR","country":"Brasil","full_name":"Ceará, Brasil","bounding_box":{"coordinates":[[[-41.436515,-7.858058],[-41.436515,-2.784254],[-37.250065,-2.784254],[-37.250065,-7.858058]]],"type":"Polygon"},"place_type":"admin","name":"Ceará","attributes":{},"id":"7a0985d843b92380","url":"https://api.twitter.com/1.1/geo/id/7a0985d843b92380.json"},"lang":"pt","user":{"utc_offset":3600,"friends_count":1967,"profile_image_url_https":"https://si0.twimg.com/profile_images/2857401052/5c338bbfdd7ff4cf1a02adc4587b97e7_normal.jpeg","profile_background_image_url":"http://abs.twimg.com/images/themes/theme1/bg.png","listed_count":11,"default_profile_image":false,"favourites_count":23,"description":"Casado, 2 filhas, jornalista, ateu, um dos fundadores da Torcida Organizada Cearamor (TOC) e, obviamente, torcedor do CEARÁ SPORTING CLUB","created_at":"Sat Feb 12 17:57:12 +0000 2011","is_translator":false,"profile_background_image_url_https":"https://abs.twimg.com/images/themes/theme1/bg.png","protected":false,"screen_name":"FBCSC","id_str":"251221225","profile_link_color":"0084B4","geo_enabled":true,"id":251221225,"profile_background_color":"C0DEED","lang":"pt","profile_sidebar_border_color":"FFFFFF","profile_text_color":"333333","verified":false,"profile_image_url":"http://a0.twimg.com/profile_images/2857401052/5c338bbfdd7ff4cf1a02adc4587b97e7_normal.jpeg","time_zone":"London","url":null,"contributors_enabled":false,"profile_banner_url":"https://pbs.twimg.com/profile_banners/251221225/1374718599","profile_background_tile":false,"follow_request_sent":null,"statuses_count":11447,"profile_use_background_image":true,"followers_count":700,"following":null,"default_profile":false,"name":"Fernando Barbosa","profile_sidebar_fill_color":"DDEEF6","location":"Capital do Ceará","notifications":null},"favorited":false}