{"in_reply_to_status_id_str":null,"in_reply_to_status_id":null,"coordinates":null,"truncated":false,"in_reply_to_user_id_str":"874120338","created_at":"Tue Oct 01 06:36:25 +0000 2013","source":"web","retweet_count":0,"retweeted":false,"geo":null,"filter_level":"medium","in_reply_to_screen_name":"Itaucard","entities":{"urls":[],"hashtags":[],"user_mentions":[{"indices":[0,9],"screen_name":"Itaucard","id_str":"874120338","name":"Itaucard","id":874120338}],"symbols":[]},"id_str":"384929779087990784","in_reply_to_user_id":874120338,"favorite_count":0,"contributors":null,"text":"@Itaucard Estou fora do Brasil e não consigo utilizar meu cartão. Alguma solução para um cliente que deseja usar seu cartão internacional?","id":384929779087990784,"place":null,"lang":"pt","user":{"utc_offset":-10800,"friends_count":342,"profile_image_url_https":"https://si0.twimg.com/profile_images/3362000475/79d44143a2b3a1016366fd4d9a4a8961_normal.jpeg","profile_background_image_url":"http://abs.twimg.com/images/themes/theme15/bg.png","listed_count":14,"default_profile_image":false,"favourites_count":2,"description":"Atleta Profissional de Futebol","created_at":"Thu Jun 10 18:47:34 +0000 2010","is_translator":false,"profile_background_image_url_https":"https://abs.twimg.com/images/themes/theme15/bg.png","protected":false,"screen_name":"marcio_teruel","id_str":"154237861","profile_link_color":"0084B4","geo_enabled":true,"id":154237861,"profile_background_color":"022330","lang":"en","profile_sidebar_border_color":"A8C7F7","profile_text_color":"333333","verified":false,"profile_image_url":"http://a0.twimg.com/profile_images/3362000475/79d44143a2b3a1016366fd4d9a4a8961_normal.jpeg","time_zone":"Brasilia","url":"http://www.marcioteruel.com","contributors_enabled":false,"profile_banner_url":"https://pbs.twimg.com/profile_banners/154237861/1379686492","profile_background_tile":false,"follow_request_sent":null,"statuses_count":7252,"profile_use_background_image":true,"followers_count":1460,"following":null,"default_profile":false,"name":"Márcio Teruel","profile_sidebar_fill_color":"C0DFEC","location":"","notifications":null},"favorited":false}