{"in_reply_to_status_id_str":null,"in_reply_to_status_id":null,"coordinates":null,"truncated":false,"in_reply_to_user_id_str":null,"created_at":"Tue Oct 01 08:55:55 +0000 2013","source":"<a href=\"http://twitter.com/download/android\" rel=\"nofollow\">Twitter for Android<\/a>","retweet_count":0,"retweeted":false,"geo":null,"filter_level":"medium","in_reply_to_screen_name":null,"entities":{"urls":[],"hashtags":[],"user_mentions":[{"indices":[16,28],"screen_name":"ClaroBrasil","id_str":"141310797","name":"Claro Brasil","id":141310797}],"symbols":[]},"id_str":"384964886855696384","in_reply_to_user_id":null,"favorite_count":0,"contributors":null,"text":"Cadê o sinal??? @ClaroBrasil","id":384964886855696384,"place":null,"lang":"pt","user":{"utc_offset":-10800,"friends_count":56,"profile_image_url_https":"https://si0.twimg.com/profile_images/3782796191/5baf17f713499e1b7a5ba51d55a28ed4_normal.jpeg","profile_background_image_url":"http://a0.twimg.com/profile_background_images/378800000085679892/54de22c16dbfd7fde63a9ee591395ce6.jpeg","listed_count":5,"default_profile_image":false,"favourites_count":301,"description":"When the rich wage war it's the poor who die","created_at":"Sat Oct 16 12:14:48 +0000 2010","is_translator":false,"profile_background_image_url_https":"https://si0.twimg.com/profile_background_images/378800000085679892/54de22c16dbfd7fde63a9ee591395ce6.jpeg","protected":false,"screen_name":"1stalker_","id_str":"203498557","profile_link_color":"1EDDEB","geo_enabled":false,"id":203498557,"profile_background_color":"0B0D0D","lang":"pt","profile_sidebar_border_color":"FFFFFF","profile_text_color":"333333","verified":false,"profile_image_url":"http://a0.twimg.com/profile_images/3782796191/5baf17f713499e1b7a5ba51d55a28ed4_normal.jpeg","time_zone":"Santiago","url":null,"contributors_enabled":false,"profile_banner_url":"https://pbs.twimg.com/profile_banners/203498557/1380582759","profile_background_tile":true,"follow_request_sent":null,"statuses_count":32189,"profile_use_background_image":true,"followers_count":373,"following":null,"default_profile":false,"name":"Lucas. ","profile_sidebar_fill_color":"FFFFFF","location":"No coração da @1blonde_ ♥ ","notifications":null},"favorited":false}