{"in_reply_to_status_id_str":"384901338083364864","in_reply_to_status_id":384901338083364864,"coordinates":{"coordinates":[-60.0013393,-3.1263525],"type":"Point"},"truncated":false,"in_reply_to_user_id_str":"136099977","created_at":"Tue Oct 01 04:46:04 +0000 2013","source":"<a href=\"http://twitter.com/download/android\" rel=\"nofollow\">Twitter for Android<\/a>","retweet_count":0,"retweeted":false,"geo":{"coordinates":[-3.1263525,-60.0013393],"type":"Point"},"filter_level":"medium","in_reply_to_screen_name":"paulohaydenf","entities":{"urls":[],"hashtags":[],"user_mentions":[{"indices":[0,13],"screen_name":"paulohaydenf","id_str":"136099977","name":"HAYDEN FERNANDES","id":136099977},{"indices":[51,56],"screen_name":"vivo","id_str":"8451242","name":"vivo","id":8451242}],"symbols":[]},"id_str":"384902007020326912","in_reply_to_user_id":136099977,"favorite_count":0,"contributors":null,"text":"@paulohaydenf estamos só com a internet sofrida da @Vivo","id":384902007020326912,"place":{"country_code":"BR","country":"Brasil","full_name":"Manaus, Amazonas","bounding_box":{"coordinates":[[[-60.802071,-3.221228],[-60.802071,-1.923622],[-59.15858,-1.923622],[-59.15858,-3.221228]]],"type":"Polygon"},"place_type":"city","name":"Manaus","attributes":{},"id":"45e3bce63f2beeee","url":"https://api.twitter.com/1.1/geo/id/45e3bce63f2beeee.json"},"lang":"pt","user":{"utc_offset":-10800,"friends_count":193,"profile_image_url_https":"https://si0.twimg.com/profile_images/378800000427529984/fe77db03253e63da4ad587b1c2151428_normal.jpeg","profile_background_image_url":"http://a0.twimg.com/profile_background_images/208344399/fundo-pixel-art-2.png","listed_count":19,"default_profile_image":false,"favourites_count":15,"description":"[ERROR]","created_at":"Mon May 18 23:15:28 +0000 2009","is_translator":false,"profile_background_image_url_https":"https://si0.twimg.com/profile_background_images/208344399/fundo-pixel-art-2.png","protected":false,"screen_name":"its_giliard","id_str":"40996245","profile_link_color":"AB0931","geo_enabled":true,"id":40996245,"profile_background_color":"0A0C0D","lang":"pt","profile_sidebar_border_color":"E7F5EB","profile_text_color":"18AB11","verified":false,"profile_image_url":"http://a0.twimg.com/profile_images/378800000427529984/fe77db03253e63da4ad587b1c2151428_normal.jpeg","time_zone":"Brasilia","url":"http://facebook.com/giliardmoura","contributors_enabled":false,"profile_banner_url":"https://pbs.twimg.com/profile_banners/40996245/1357317487","profile_background_tile":true,"follow_request_sent":null,"statuses_count":6026,"profile_use_background_image":true,"followers_count":733,"following":null,"default_profile":false,"name":"giliard","profile_sidebar_fill_color":"F4F0F5","location":"Mao","notifications":null},"favorited":false}