{"in_reply_to_status_id_str":null,"in_reply_to_status_id":null,"coordinates":null,"truncated":false,"in_reply_to_user_id_str":null,"created_at":"Tue Oct 01 09:29:28 +0000 2013","source":"<a href=\"http://twitter.com/download/android\" rel=\"nofollow\">Twitter for Android<\/a>","retweet_count":0,"retweeted":false,"geo":null,"filter_level":"medium","in_reply_to_screen_name":null,"entities":{"urls":[],"hashtags":[],"user_mentions":[{"indices":[19,33],"screen_name":"BancodoBrasil","id_str":"83723557","name":"Banco do Brasil","id":83723557}],"symbols":[]},"id_str":"384973327645036544","in_reply_to_user_id":null,"favorite_count":0,"contributors":null,"text":"Quero agradecer ao @BancodoBrasil pela ineficiência ate nas redes sociais, parabéns!","id":384973327645036544,"place":null,"lang":"pt","user":{"utc_offset":-7200,"friends_count":2664,"profile_image_url_https":"https://si0.twimg.com/profile_images/378800000502264917/5777ea1c0dd6ebe1dfb0c04f2db15728_normal.jpeg","profile_background_image_url":"http://a0.twimg.com/profile_background_images/583112024/7inw1ehdyiqik1z5xpa9.jpeg","listed_count":5,"default_profile_image":false,"favourites_count":51,"description":"fingo de cordeiro, só pra comer o lobo!","created_at":"Sun Jan 02 18:09:17 +0000 2011","is_translator":false,"profile_background_image_url_https":"https://si0.twimg.com/profile_background_images/583112024/7inw1ehdyiqik1z5xpa9.jpeg","protected":false,"screen_name":"felipheklein","id_str":"233238180","profile_link_color":"009999","geo_enabled":true,"id":233238180,"profile_background_color":"131516","lang":"pt","profile_sidebar_border_color":"EEEEEE","profile_text_color":"333333","verified":false,"profile_image_url":"http://a0.twimg.com/profile_images/378800000502264917/5777ea1c0dd6ebe1dfb0c04f2db15728_normal.jpeg","time_zone":"Greenland","url":"http://felipheklein.wordpress.com","contributors_enabled":false,"profile_banner_url":"https://pbs.twimg.com/profile_banners/233238180/1370965975","profile_background_tile":true,"follow_request_sent":null,"statuses_count":11542,"profile_use_background_image":true,"followers_count":2405,"following":null,"default_profile":false,"name":"André ","profile_sidebar_fill_color":"EFEFEF","location":"Natal/Rn","notifications":null},"favorited":false}