{"in_reply_to_status_id_str":null,"in_reply_to_status_id":null,"possibly_sensitive":false,"coordinates":{"coordinates":[-48.4152782,-1.39030675],"type":"Point"},"truncated":false,"in_reply_to_user_id_str":null,"created_at":"Tue Oct 01 09:40:31 +0000 2013","source":"<a href=\"http://foursquare.com\" rel=\"nofollow\">foursquare<\/a>","retweet_count":0,"retweeted":false,"geo":{"coordinates":[-1.39030675,-48.4152782],"type":"Point"},"filter_level":"medium","in_reply_to_screen_name":null,"entities":{"urls":[{"display_url":"4sq.com/1bpaPki","indices":[49,71],"expanded_url":"http://4sq.com/1bpaPki","url":"http://t.co/ce5Ge364ab"}],"hashtags":[],"user_mentions":[{"indices":[7,13],"screen_name":"CAIXA","id_str":"229191436","name":"CAIXA","id":229191436}],"symbols":[]},"id_str":"384976107105447936","in_reply_to_user_id":null,"favorite_count":0,"contributors":null,"text":"I'm at @Caixa Econômica Federal (Ananindeua, PA) http://t.co/ce5Ge364ab","id":384976107105447936,"place":{"country_code":"BR","country":"Brasil","full_name":"Ananindeua, Pará","bounding_box":{"coordinates":[[[-48.440172,-1.465523],[-48.440172,-1.223149],[-48.321967,-1.223149],[-48.321967,-1.465523]]],"type":"Polygon"},"place_type":"city","name":"Ananindeua","attributes":{},"id":"ed74cc748183253a","url":"https://api.twitter.com/1.1/geo/id/ed74cc748183253a.json"},"lang":"pt","user":{"utc_offset":-10800,"friends_count":191,"profile_image_url_https":"https://si0.twimg.com/profile_images/378800000530433668/0ad5acae3bc00d11fa9adf1514896d8e_normal.jpeg","profile_background_image_url":"http://a0.twimg.com/profile_background_images/378800000062480842/918f55900674e9a3ba90b280eecfdcdd.jpeg","listed_count":0,"default_profile_image":false,"favourites_count":8,"description":"Nunca despreze o que possui, pois quando quiseres novamente poderá ter perdido para sempre..","created_at":"Thu Jan 12 14:04:56 +0000 2012","is_translator":false,"profile_background_image_url_https":"https://si0.twimg.com/profile_background_images/378800000062480842/918f55900674e9a3ba90b280eecfdcdd.jpeg","protected":false,"screen_name":"JehdyPaula21","id_str":"462043616","profile_link_color":"FF1966","geo_enabled":true,"id":462043616,"profile_background_color":"6E5960","lang":"pt","profile_sidebar_border_color":"FFFFFF","profile_text_color":"000000","verified":false,"profile_image_url":"http://a0.twimg.com/profile_images/378800000530433668/0ad5acae3bc00d11fa9adf1514896d8e_normal.jpeg","time_zone":"Brasilia","url":"http://www.facebook.com/jehdypaula","contributors_enabled":false,"profile_banner_url":"https://pbs.twimg.com/profile_banners/462043616/1380568149","profile_background_tile":true,"follow_request_sent":null,"statuses_count":125,"profile_use_background_image":true,"followers_count":36,"following":null,"default_profile":false,"name":"Jéssica Barroso ","profile_sidebar_fill_color":"E34FB4","location":"","notifications":null},"favorited":false}