{"in_reply_to_status_id_str":"384894699980337152","in_reply_to_status_id":384894699980337152,"coordinates":null,"truncated":false,"in_reply_to_user_id_str":"324945570","created_at":"Tue Oct 01 05:48:52 +0000 2013","source":"<a href=\"http://twitter.com/download/iphone\" rel=\"nofollow\">Twitter for iPhone<\/a>","retweet_count":0,"retweeted":false,"geo":null,"filter_level":"medium","in_reply_to_screen_name":"SKYresponde","entities":{"urls":[],"hashtags":[],"user_mentions":[{"indices":[0,12],"screen_name":"SKYresponde","id_str":"324945570","name":"SKY Responde","id":324945570}],"symbols":[]},"id_str":"384917812080574464","in_reply_to_user_id":324945570,"favorite_count":0,"contributors":null,"text":"@SKYresponde Oi :) obrigado pela atenção!","id":384917812080574464,"place":null,"lang":"pt","user":{"utc_offset":null,"friends_count":1641,"profile_image_url_https":"https://si0.twimg.com/profile_images/378800000470673348/da099d8ccda414d4e3ceadb09c7f6d41_normal.jpeg","profile_background_image_url":"http://a0.twimg.com/profile_background_images/831114583/e3af79a93790e4bda5429af5ba9e49c0.gif","listed_count":52,"default_profile_image":false,"favourites_count":1909,"description":"Peixes + Leão | Almost Architect","created_at":"Mon Apr 19 21:41:30 +0000 2010","is_translator":false,"profile_background_image_url_https":"https://si0.twimg.com/profile_background_images/831114583/e3af79a93790e4bda5429af5ba9e49c0.gif","protected":false,"screen_name":"Vichugo82","id_str":"134930141","profile_link_color":"D97038","geo_enabled":true,"id":134930141,"profile_background_color":"E1EDED","lang":"en","profile_sidebar_border_color":"000000","profile_text_color":"BAAD58","verified":false,"profile_image_url":"http://a0.twimg.com/profile_images/378800000470673348/da099d8ccda414d4e3ceadb09c7f6d41_normal.jpeg","time_zone":null,"url":"http://www.facebook.com/profile.php?id=100000333111407","contributors_enabled":false,"profile_banner_url":"https://pbs.twimg.com/profile_banners/134930141/1379726508","profile_background_tile":true,"follow_request_sent":null,"statuses_count":80404,"profile_use_background_image":true,"followers_count":1318,"following":null,"default_profile":false,"name":"Victor Hugo","profile_sidebar_fill_color":"000000","location":"RJ \u2022 JF \u2022 SSA - BRASIL","notifications":null},"favorited":false}