{"in_reply_to_status_id_str":null,"in_reply_to_status_id":null,"coordinates":null,"truncated":false,"in_reply_to_user_id_str":"76133","created_at":"Tue Oct 01 09:32:06 +0000 2013","source":"<a href=\"http://twitter.com/download/iphone\" rel=\"nofollow\">Twitter for iPhone<\/a>","retweet_count":0,"retweeted":false,"geo":null,"filter_level":"medium","in_reply_to_screen_name":"tim","entities":{"urls":[],"hashtags":[],"user_mentions":[{"indices":[0,4],"screen_name":"tim","id_str":"76133","name":"Tim Bradshaw","id":76133}],"symbols":[]},"id_str":"384973991787900928","in_reply_to_user_id":76133,"favorite_count":0,"contributors":null,"text":"@tim pq vc faz isso","id":384973991787900928,"place":null,"lang":"pt","user":{"utc_offset":-10800,"friends_count":344,"profile_image_url_https":"https://si0.twimg.com/profile_images/378800000432203303/696d7890f798b4df98168a7cfb7393e0_normal.jpeg","profile_background_image_url":"http://a0.twimg.com/profile_background_images/735217986/0b90e394a7cf3885b47bccb32bd464b3.jpeg","listed_count":2,"default_profile_image":false,"favourites_count":256,"description":"✟ ✞ perfil protegido contra as inimigas ✞ ✟","created_at":"Sat Jun 12 01:18:27 +0000 2010","is_translator":false,"profile_background_image_url_https":"https://si0.twimg.com/profile_background_images/735217986/0b90e394a7cf3885b47bccb32bd464b3.jpeg","protected":false,"screen_name":"1boapessoa","id_str":"154719828","profile_link_color":"A8A679","geo_enabled":true,"id":154719828,"profile_background_color":"FFFFFF","lang":"pt","profile_sidebar_border_color":"FFFFFF","profile_text_color":"808080","verified":false,"profile_image_url":"http://a0.twimg.com/profile_images/378800000432203303/696d7890f798b4df98168a7cfb7393e0_normal.jpeg","time_zone":"Brasilia","url":"http://Instagram.com/bawtf","contributors_enabled":false,"profile_banner_url":"https://pbs.twimg.com/profile_banners/154719828/1377135947","profile_background_tile":false,"follow_request_sent":null,"statuses_count":48644,"profile_use_background_image":false,"followers_count":702,"following":null,"default_profile":false,"name":"bárbara","profile_sidebar_fill_color":"7AC3EE","location":"","notifications":null},"favorited":false}