{"in_reply_to_status_id_str":null,"in_reply_to_status_id":null,"coordinates":null,"truncated":false,"in_reply_to_user_id_str":null,"created_at":"Tue Oct 01 09:36:01 +0000 2013","source":"<a href=\"http://twitter.com/download/iphone\" rel=\"nofollow\">Twitter for iPhone<\/a>","retweet_count":0,"retweeted":false,"geo":null,"filter_level":"medium","in_reply_to_screen_name":null,"entities":{"urls":[],"hashtags":[],"user_mentions":[{"indices":[61,72],"screen_name":"Vivoemrede","id_str":"43218789","name":"Vivo em Rede","id":43218789},{"indices":[87,98],"screen_name":"Vivoemrede","id_str":"43218789","name":"Vivo em Rede","id":43218789},{"indices":[110,121],"screen_name":"Vivoemrede","id_str":"43218789","name":"Vivo em Rede","id":43218789}],"symbols":[]},"id_str":"384974976732127232","in_reply_to_user_id":null,"favorite_count":0,"contributors":null,"text":"E depois de um bom relacionamento, posso afirmar sem medo: a @vivoemrede não presta! A @Vivoemrede é podre! A @Vivoemrede é escrota, ladra","id":384974976732127232,"place":null,"lang":"pt","user":{"utc_offset":-10800,"friends_count":382,"profile_image_url_https":"https://si0.twimg.com/profile_images/378800000519650689/8499989f1873a1e7051f9940e91e3632_normal.jpeg","profile_background_image_url":"http://a0.twimg.com/profile_background_images/874849971/ced418e4c6aff18cf7e146744d891e66.jpeg","listed_count":13,"default_profile_image":false,"favourites_count":925,"description":"Produtor de TV e editor de texto. Tio da Rafa. Padrinho do Heitor. A @ que falta na sua timeline...","created_at":"Mon Jun 15 01:57:54 +0000 2009","is_translator":false,"profile_background_image_url_https":"https://si0.twimg.com/profile_background_images/874849971/ced418e4c6aff18cf7e146744d891e66.jpeg","protected":false,"screen_name":"LucaSubvergido","id_str":"47231046","profile_link_color":"946E28","geo_enabled":true,"id":47231046,"profile_background_color":"1A1B1F","lang":"pt","profile_sidebar_border_color":"FFFFFF","profile_text_color":"666666","verified":false,"profile_image_url":"http://a0.twimg.com/profile_images/378800000519650689/8499989f1873a1e7051f9940e91e3632_normal.jpeg","time_zone":"Santiago","url":"http://meadiciona.com/lucasubvergido","contributors_enabled":false,"profile_banner_url":"https://pbs.twimg.com/profile_banners/47231046/1373631712","profile_background_tile":true,"follow_request_sent":null,"statuses_count":47340,"profile_use_background_image":true,"followers_count":557,"following":null,"default_profile":false,"name":"Lucas Lopes","profile_sidebar_fill_color":"252429","location":"SP","notifications":null},"favorited":false}