{"in_reply_to_status_id_str":null,"in_reply_to_status_id":null,"possibly_sensitive":false,"coordinates":null,"truncated":false,"in_reply_to_user_id_str":null,"created_at":"Tue Oct 01 11:14:42 +0000 2013","source":"<a href=\"http://instagram.com\" rel=\"nofollow\">Instagram<\/a>","retweet_count":0,"retweeted":false,"geo":null,"filter_level":"medium","in_reply_to_screen_name":null,"entities":{"urls":[{"display_url":"instagram.com/p/e7DL2CORCB/","indices":[102,124],"expanded_url":"http://instagram.com/p/e7DL2CORCB/","url":"http://t.co/mkJiNtmojy"}],"hashtags":[{"indices":[11,19],"text":"October"},{"indices":[20,26],"text":"Hello"},{"indices":[27,38],"text":"bienvenido"},{"indices":[39,49],"text":"meencanta"},{"indices":[50,53],"text":"Oi"},{"indices":[54,61],"text":"Brasil"},{"indices":[62,69],"text":"México"},{"indices":[70,77],"text":"taptap"},{"indices":[78,86],"text":"hashtag"},{"indices":[87,100],"text":"aniversarios"}],"user_mentions":[],"symbols":[]},"id_str":"384999812300804096","in_reply_to_user_id":null,"favorite_count":0,"contributors":null,"text":"Bem-vindo. #October #Hello #bienvenido #meencanta #Oi #Brasil #México #taptap #hashtag #aniversarios\u2026 http://t.co/mkJiNtmojy","id":384999812300804096,"place":null,"lang":"pt","user":{"utc_offset":-21600,"friends_count":276,"profile_image_url_https":"https://si0.twimg.com/profile_images/378800000270198374/f8ba926dd19ba4bef59334b6db9a525a_normal.jpeg","profile_background_image_url":"http://a0.twimg.com/profile_background_images/690571643/ee2e19622468c8964f62f5fb225812ce.jpeg","listed_count":2,"default_profile_image":false,"favourites_count":570,"description":"ƒσℓℓσω ☞ GOD. ;) You are Beautiful... No Matter what they say.","created_at":"Thu Jan 21 17:38:54 +0000 2010","is_translator":false,"profile_background_image_url_https":"https://si0.twimg.com/profile_background_images/690571643/ee2e19622468c8964f62f5fb225812ce.jpeg","protected":false,"screen_name":"mavhiiwOnka","id_str":"107145103","profile_link_color":"0084B4","geo_enabled":true,"id":107145103,"profile_background_color":"C0DEED","lang":"en","profile_sidebar_border_color":"FFFFFF","profile_text_color":"333333","verified":false,"profile_image_url":"http://a0.twimg.com/profile_images/378800000270198374/f8ba926dd19ba4bef59334b6db9a525a_normal.jpeg","time_zone":"Mountain Time (US & Canada)","url":null,"contributors_enabled":false,"profile_banner_url":"https://pbs.twimg.com/profile_banners/107145103/1364572436","profile_background_tile":true,"follow_request_sent":null,"statuses_count":8569,"profile_use_background_image":true,"followers_count":266,"following":null,"default_profile":false,"name":"Mavhii wOnka","profile_sidebar_fill_color":"DDEEF6","location":"Brazil","notifications":null},"favorited":false}