{"in_reply_to_status_id_str":null,"in_reply_to_status_id":null,"coordinates":null,"truncated":false,"in_reply_to_user_id_str":null,"created_at":"Tue Oct 01 15:02:06 +0000 2013","source":"web","retweet_count":0,"retweeted":false,"geo":null,"filter_level":"medium","in_reply_to_screen_name":null,"entities":{"urls":[],"hashtags":[],"user_mentions":[{"indices":[27,33],"screen_name":"CAIXA","id_str":"229191436","name":"CAIXA","id":229191436}],"symbols":[]},"id_str":"385057036968271872","in_reply_to_user_id":null,"favorite_count":0,"contributors":null,"text":"Quero fazer meu fies mas a @CAIXA  inda tá em greve?","id":385057036968271872,"place":null,"lang":"pt","user":{"utc_offset":-10800,"friends_count":53,"profile_image_url_https":"https://si0.twimg.com/profile_images/378800000392299416/cbe1e908a149d80c55651f91b14cf2a4_normal.jpeg","profile_background_image_url":"http://a0.twimg.com/profile_background_images/333110510/LuanaGif.gif","listed_count":0,"default_profile_image":false,"favourites_count":36,"description":"Viva a vida sem arrependimentos.","created_at":"Sat Jul 04 15:58:04 +0000 2009","is_translator":false,"profile_background_image_url_https":"https://si0.twimg.com/profile_background_images/333110510/LuanaGif.gif","protected":false,"screen_name":"luanappp","id_str":"53697399","profile_link_color":"009999","geo_enabled":true,"id":53697399,"profile_background_color":"131516","lang":"pt","profile_sidebar_border_color":"EEEEEE","profile_text_color":"333333","verified":false,"profile_image_url":"http://a0.twimg.com/profile_images/378800000392299416/cbe1e908a149d80c55651f91b14cf2a4_normal.jpeg","time_zone":"Brasilia","url":null,"contributors_enabled":false,"profile_banner_url":"https://pbs.twimg.com/profile_banners/53697399/1376924819","profile_background_tile":true,"follow_request_sent":null,"statuses_count":7732,"profile_use_background_image":true,"followers_count":71,"following":null,"default_profile":false,"name":"Luana PPP  ","profile_sidebar_fill_color":"EFEFEF","location":"Fortaleza","notifications":null},"favorited":false}