{"in_reply_to_status_id_str":null,"in_reply_to_status_id":null,"coordinates":null,"truncated":false,"in_reply_to_user_id_str":null,"created_at":"Tue Oct 01 12:14:53 +0000 2013","source":"<a href=\"http://twitter.com/download/iphone\" rel=\"nofollow\">Twitter for iPhone<\/a>","retweet_count":0,"retweeted":false,"geo":null,"filter_level":"medium","in_reply_to_screen_name":null,"entities":{"urls":[],"hashtags":[{"indices":[16,21],"text":"VIVO"},{"indices":[107,111],"text":"TIM"}],"user_mentions":[],"symbols":[]},"id_str":"385014958352003072","in_reply_to_user_id":null,"favorite_count":0,"contributors":null,"text":"NA BOA, A 3G DA #VIVO É A MAIOR VAGABUNDAGEM DA ENGANAÇÃO QUE EXISTE NA TELEFONIA CELULAR DO PLANETA! A DA #TIM É INCOMPARAVELMENTE MELHOR!","id":385014958352003072,"place":null,"lang":"pt","user":{"utc_offset":-10800,"friends_count":1368,"profile_image_url_https":"https://si0.twimg.com/profile_images/3546518004/c98b465132e515e651bef87bff4a6aa8_normal.jpeg","profile_background_image_url":"http://a0.twimg.com/profile_background_images/868257944/7f46e32fb47082af39ab81eda115e5b6.jpeg","listed_count":7,"default_profile_image":false,"favourites_count":28,"description":"Diretor de Publicidade e Relações Institucionais da Revista Forças Armadas.\r\nFacebook:\r\nhttp://www.facebook.com/lucionasnoites","created_at":"Fri Jul 03 14:40:19 +0000 2009","is_translator":false,"profile_background_image_url_https":"https://si0.twimg.com/profile_background_images/868257944/7f46e32fb47082af39ab81eda115e5b6.jpeg","protected":false,"screen_name":"lucioazevedo","id_str":"53401480","profile_link_color":"538EE6","geo_enabled":true,"id":53401480,"profile_background_color":"2854AD","lang":"pt","profile_sidebar_border_color":"FFFFFF","profile_text_color":"0829CC","verified":false,"profile_image_url":"http://a0.twimg.com/profile_images/3546518004/c98b465132e515e651bef87bff4a6aa8_normal.jpeg","time_zone":"Brasilia","url":"http://www.youtube.com/user/lucioazevedo","contributors_enabled":false,"profile_banner_url":"https://pbs.twimg.com/profile_banners/53401480/1359540532","profile_background_tile":true,"follow_request_sent":null,"statuses_count":20156,"profile_use_background_image":true,"followers_count":965,"following":null,"default_profile":false,"name":"Lucio Azevedo","profile_sidebar_fill_color":"252429","location":"Rio de Janeiro-Brasil","notifications":null},"favorited":false}