{"in_reply_to_status_id_str":null,"in_reply_to_status_id":null,"coordinates":null,"truncated":false,"in_reply_to_user_id_str":null,"created_at":"Tue Oct 01 16:49:09 +0000 2013","source":"web","retweet_count":0,"retweeted":false,"geo":null,"filter_level":"medium","in_reply_to_screen_name":null,"entities":{"urls":[],"hashtags":[],"user_mentions":[{"indices":[43,57],"screen_name":"BancodoBrasil","id_str":"83723557","name":"Banco do Brasil","id":83723557}],"symbols":[]},"id_str":"385083978849349633","in_reply_to_user_id":null,"favorite_count":0,"contributors":null,"text":"Se eu não receber minha bolsa por causa do @BancodoBrasil , juro que eu vou ferrar com eles.","id":385083978849349633,"place":null,"lang":"pt","user":{"utc_offset":-36000,"friends_count":467,"profile_image_url_https":"https://si0.twimg.com/profile_images/378800000531929211/efa3209df9ce94ceab2e2d18cee3b943_normal.jpeg","profile_background_image_url":"http://a0.twimg.com/profile_background_images/378800000085739437/ea137e2751a22b53761efb07d3edd307.jpeg","listed_count":216,"default_profile_image":false,"favourites_count":82,"description":"https://www.facebook.com/littl3lies","created_at":"Sun Aug 30 19:25:53 +0000 2009","is_translator":false,"profile_background_image_url_https":"https://si0.twimg.com/profile_background_images/378800000085739437/ea137e2751a22b53761efb07d3edd307.jpeg","protected":false,"screen_name":"Littl3Lies","id_str":"70192510","profile_link_color":"D1273E","geo_enabled":true,"id":70192510,"profile_background_color":"000000","lang":"en","profile_sidebar_border_color":"000000","profile_text_color":"808080","verified":false,"profile_image_url":"http://a0.twimg.com/profile_images/378800000531929211/efa3209df9ce94ceab2e2d18cee3b943_normal.jpeg","time_zone":"Hawaii","url":"http://instagram.com/pinklybb","contributors_enabled":false,"profile_banner_url":"https://pbs.twimg.com/profile_banners/70192510/1380594543","profile_background_tile":true,"follow_request_sent":null,"statuses_count":104443,"profile_use_background_image":true,"followers_count":4419,"following":null,"default_profile":false,"name":"Bruna  \u2020","profile_sidebar_fill_color":"FFFFFF","location":"Araraquara, Brazil","notifications":null},"favorited":false}