{"in_reply_to_status_id_str":null,"in_reply_to_status_id":null,"coordinates":null,"truncated":false,"in_reply_to_user_id_str":"874120338","created_at":"Tue Oct 01 13:48:57 +0000 2013","source":"web","retweet_count":0,"retweeted":false,"geo":null,"filter_level":"medium","in_reply_to_screen_name":"Itaucard","entities":{"urls":[],"hashtags":[],"user_mentions":[{"indices":[0,9],"screen_name":"Itaucard","id_str":"874120338","name":"Itaucard","id":874120338}],"symbols":[]},"id_str":"385038629438906368","in_reply_to_user_id":874120338,"favorite_count":0,"contributors":null,"text":"@Itaucard não tenho mais a senha pra conseguir falar por telefone. estou muito braba.","id":385038629438906368,"place":null,"lang":"pt","user":{"utc_offset":-10800,"friends_count":754,"profile_image_url_https":"https://si0.twimg.com/profile_images/2702742382/e78873c6f6e88e0dab09b99d538a41c3_normal.jpeg","profile_background_image_url":"http://abs.twimg.com/images/themes/theme13/bg.gif","listed_count":0,"default_profile_image":false,"favourites_count":2,"description":null,"created_at":"Fri Dec 04 13:36:09 +0000 2009","is_translator":false,"profile_background_image_url_https":"https://abs.twimg.com/images/themes/theme13/bg.gif","protected":false,"screen_name":"henriettemotta","id_str":"94559646","profile_link_color":"93A644","geo_enabled":false,"id":94559646,"profile_background_color":"B2DFDA","lang":"pt","profile_sidebar_border_color":"EEEEEE","profile_text_color":"333333","verified":false,"profile_image_url":"http://a0.twimg.com/profile_images/2702742382/e78873c6f6e88e0dab09b99d538a41c3_normal.jpeg","time_zone":"Brasilia","url":null,"contributors_enabled":false,"profile_background_tile":false,"follow_request_sent":null,"statuses_count":413,"profile_use_background_image":true,"followers_count":260,"following":null,"default_profile":false,"name":"henriette motta ","profile_sidebar_fill_color":"FFFFFF","location":"","notifications":null},"favorited":false}