{"in_reply_to_status_id_str":null,"in_reply_to_status_id":null,"possibly_sensitive":false,"coordinates":null,"truncated":false,"in_reply_to_user_id_str":null,"created_at":"Tue Oct 01 16:33:10 +0000 2013","source":"<a href=\"http://instagram.com\" rel=\"nofollow\">Instagram<\/a>","retweet_count":0,"retweeted":false,"geo":null,"filter_level":"medium","in_reply_to_screen_name":null,"entities":{"urls":[{"display_url":"instagram.com/p/e7n8qUIbO-/","indices":[97,119],"expanded_url":"http://instagram.com/p/e7n8qUIbO-/","url":"http://t.co/hWInnYVvmi"}],"hashtags":[{"indices":[57,70],"text":"feitopravoce"},{"indices":[71,83],"text":"feitopramim"},{"indices":[84,89],"text":"itau"},{"indices":[90,95],"text":"1ano"}],"user_mentions":[],"symbols":[]},"id_str":"385079957594333184","in_reply_to_user_id":null,"favorite_count":0,"contributors":null,"text":"Presente para os aniversariantes.. Hmmm Feliz um ano!!!  #feitopravoce #feitopramim #itau #1ano\u2026 http://t.co/hWInnYVvmi","id":385079957594333184,"place":null,"lang":"pt","user":{"utc_offset":-10800,"friends_count":210,"profile_image_url_https":"https://si0.twimg.com/profile_images/2521934182/qarqjx28o86ydl5n8y9a_normal.jpeg","profile_background_image_url":"http://a0.twimg.com/profile_background_images/621719734/prbztiw9e1fojwdcrq7u.jpeg","listed_count":2,"default_profile_image":false,"favourites_count":6,"description":"Estudante de jornalismo.Amo escrever,compor,cantar e tocar.Acredito em Deus,no amor e no bom humor. Um belo sorriso pode salvar o dia.","created_at":"Sun Aug 30 22:31:53 +0000 2009","is_translator":false,"profile_background_image_url_https":"https://si0.twimg.com/profile_background_images/621719734/prbztiw9e1fojwdcrq7u.jpeg","protected":false,"screen_name":"milene_morgado","id_str":"70232661","profile_link_color":"2FC2EF","geo_enabled":true,"id":70232661,"profile_background_color":"ECF00E","lang":"es","profile_sidebar_border_color":"181A1E","profile_text_color":"666666","verified":false,"profile_image_url":"http://a0.twimg.com/profile_images/2521934182/qarqjx28o86ydl5n8y9a_normal.jpeg","time_zone":"Brasilia","url":null,"contributors_enabled":false,"profile_background_tile":true,"follow_request_sent":null,"statuses_count":2685,"profile_use_background_image":true,"followers_count":128,"following":null,"default_profile":false,"name":"Milene Morgado","profile_sidebar_fill_color":"252429","location":"Brasil","notifications":null},"favorited":false}