{"in_reply_to_status_id_str":null,"in_reply_to_status_id":null,"coordinates":null,"truncated":false,"in_reply_to_user_id_str":"17487043","created_at":"Tue Oct 01 16:55:37 +0000 2013","source":"<a href=\"http://www.tweetdeck.com\" rel=\"nofollow\">TweetDeck<\/a>","retweet_count":0,"retweeted":false,"geo":null,"filter_level":"medium","in_reply_to_screen_name":"digaoi","entities":{"urls":[],"hashtags":[],"user_mentions":[{"indices":[0,7],"screen_name":"digaoi","id_str":"17487043","name":"Diga Oi!","id":17487043}],"symbols":[]},"id_str":"385085606243467264","in_reply_to_user_id":17487043,"favorite_count":0,"contributors":null,"text":"@digaoi Dou duas horas para entrarem em contato comigo antes que eu os acione judicialmente. A coisa está séria.","id":385085606243467264,"place":null,"lang":"pt","user":{"utc_offset":-10800,"friends_count":506,"profile_image_url_https":"https://si0.twimg.com/profile_images/1617221127/marcao_peq_normal.jpg","profile_background_image_url":"http://a0.twimg.com/profile_background_images/201369014/eu.jpg","listed_count":4,"default_profile_image":false,"favourites_count":0,"description":"Locutor de rádio, apresentador de TV e editor de áudio e vídeo. Corinthiano e paulistano mas catarinense de coração.","created_at":"Fri Apr 17 19:46:47 +0000 2009","is_translator":false,"profile_background_image_url_https":"https://si0.twimg.com/profile_background_images/201369014/eu.jpg","protected":false,"screen_name":"marcobeirao","id_str":"32540369","profile_link_color":"93A644","geo_enabled":true,"id":32540369,"profile_background_color":"B2DFDA","lang":"pt","profile_sidebar_border_color":"EEEEEE","profile_text_color":"333333","verified":false,"profile_image_url":"http://a0.twimg.com/profile_images/1617221127/marcao_peq_normal.jpg","time_zone":"Brasilia","url":"http://programainterferencia.wordpress.com/","contributors_enabled":false,"profile_background_tile":true,"follow_request_sent":null,"statuses_count":12576,"profile_use_background_image":true,"followers_count":531,"following":null,"default_profile":false,"name":"Marcão Beirão","profile_sidebar_fill_color":"FFFFFF","location":"Rio do Sul - SC","notifications":null},"favorited":false}