{"in_reply_to_status_id_str":null,"in_reply_to_status_id":null,"possibly_sensitive":false,"coordinates":null,"truncated":false,"in_reply_to_user_id_str":null,"created_at":"Tue Oct 01 17:24:51 +0000 2013","source":"web","retweet_count":0,"retweeted":false,"geo":null,"filter_level":"medium","in_reply_to_screen_name":null,"entities":{"urls":[{"display_url":"patoshoje.com.br/noticias/patos\u2026","indices":[60,82],"expanded_url":"http://patoshoje.com.br/noticias/patos-de-minas/19526-apos-20-anos-greve-bancaria-fecha-agencias-particulares-em-patos-de-minas.html","url":"http://t.co/IX2Jb44O3i"}],"hashtags":[],"user_mentions":[{"indices":[32,37],"screen_name":"itau","id_str":"179398386","name":"Itaú","id":179398386}],"symbols":[]},"id_str":"385092963740553217","in_reply_to_user_id":null,"favorite_count":0,"contributors":null,"text":"se no ceu tem pipoca eu não sei @itau mas aqui na greve tem http://t.co/IX2Jb44O3i","id":385092963740553217,"place":{"country_code":"BR","country":"Brasil","full_name":"Patos de Minas, Minas Gerais","bounding_box":{"coordinates":[[[-47.005925,-19.0149109],[-47.005925,-18.258367],[-45.828407,-18.258367],[-45.828407,-19.0149109]]],"type":"Polygon"},"place_type":"city","name":"Patos de Minas","attributes":{},"id":"6cd721fcc1ee5b2d","url":"https://api.twitter.com/1.1/geo/id/6cd721fcc1ee5b2d.json"},"lang":"pt","user":{"utc_offset":-10800,"friends_count":214,"profile_image_url_https":"https://si0.twimg.com/profile_images/378800000466337381/947bd71d675b3ee4438dbcd8c2b42388_normal.jpeg","profile_background_image_url":"http://a0.twimg.com/profile_background_images/427314468/BG_LAURA.jpg","listed_count":64,"default_profile_image":false,"favourites_count":113,"description":null,"created_at":"Wed Jul 01 11:59:19 +0000 2009","is_translator":false,"profile_background_image_url_https":"https://si0.twimg.com/profile_background_images/427314468/BG_LAURA.jpg","protected":false,"screen_name":"lau_ras","id_str":"52704535","profile_link_color":"1F98C7","geo_enabled":true,"id":52704535,"profile_background_color":"C6E2EE","lang":"en","profile_sidebar_border_color":"FFFFFF","profile_text_color":"663B12","verified":false,"profile_image_url":"http://a0.twimg.com/profile_images/378800000466337381/947bd71d675b3ee4438dbcd8c2b42388_normal.jpeg","time_zone":"Brasilia","url":"http://pt.flavors.me/laurams","contributors_enabled":false,"profile_background_tile":false,"follow_request_sent":null,"statuses_count":58058,"profile_use_background_image":true,"followers_count":700,"following":null,"default_profile":false,"name":"laura maria ™","profile_sidebar_fill_color":"DAECF4","location":"Patos de Minas - MG","notifications":null},"favorited":false}