{"in_reply_to_status_id_str":null,"in_reply_to_status_id":null,"possibly_sensitive":false,"coordinates":{"coordinates":[-46.6962719,-23.60622807],"type":"Point"},"truncated":false,"in_reply_to_user_id_str":null,"created_at":"Tue Oct 01 14:49:12 +0000 2013","source":"<a href=\"http://foursquare.com\" rel=\"nofollow\">foursquare<\/a>","retweet_count":0,"retweeted":false,"geo":{"coordinates":[-23.60622807,-46.6962719],"type":"Point"},"filter_level":"medium","in_reply_to_screen_name":null,"entities":{"urls":[{"display_url":"4sq.com/1fFPR5L","indices":[65,87],"expanded_url":"http://4sq.com/1fFPR5L","url":"http://t.co/F7Fv3hEbOX"}],"hashtags":[],"user_mentions":[{"indices":[32,44],"screen_name":"ClaroBrasil","id_str":"141310797","name":"Claro Brasil","id":141310797},{"indices":[48,64],"screen_name":"deboraaferreira","id_str":"83045676","name":"Débi ","id":83045676}],"symbols":[]},"id_str":"385053792708079616","in_reply_to_user_id":null,"favorite_count":0,"contributors":null,"text":"I'm at Claro Telecomunicações - @clarobrasil w/ @deboraaferreira http://t.co/F7Fv3hEbOX","id":385053792708079616,"place":{"country_code":"BR","country":"Brasil","full_name":"São Paulo, São Paulo","bounding_box":{"coordinates":[[[-46.826039,-24.008814],[-46.826039,-23.356792],[-46.365052,-23.356792],[-46.365052,-24.008814]]],"type":"Polygon"},"place_type":"city","name":"São Paulo","attributes":{},"id":"68e019afec7d0ba5","url":"https://api.twitter.com/1.1/geo/id/68e019afec7d0ba5.json"},"lang":"pt","user":{"utc_offset":-10800,"friends_count":328,"profile_image_url_https":"https://si0.twimg.com/profile_images/2183146288/image_normal.jpg","profile_background_image_url":"http://a0.twimg.com/profile_background_images/2483416/arco-rua-augusta-2.jpg","listed_count":1,"default_profile_image":false,"favourites_count":214,"description":"Eu sou... \r\nNão mais o que fui...\r\nMas sou eu.","created_at":"Fri May 02 22:14:35 +0000 2008","is_translator":false,"profile_background_image_url_https":"https://si0.twimg.com/profile_background_images/2483416/arco-rua-augusta-2.jpg","protected":false,"screen_name":"bodas","id_str":"14631848","profile_link_color":"1E0EA4","geo_enabled":true,"id":14631848,"profile_background_color":"F0F0F0","lang":"en","profile_sidebar_border_color":"7445BA","profile_text_color":"000000","verified":false,"profile_image_url":"http://a0.twimg.com/profile_images/2183146288/image_normal.jpg","time_zone":"Brasilia","url":"http://rodrigobodas.tumblr.com/","contributors_enabled":false,"profile_background_tile":true,"follow_request_sent":null,"statuses_count":8325,"profile_use_background_image":true,"followers_count":286,"following":null,"default_profile":false,"name":"Rodrigo Figueiredo","profile_sidebar_fill_color":"E4E4F7","location":"São Paulo","notifications":null},"favorited":false}