{"in_reply_to_status_id_str":null,"in_reply_to_status_id":null,"coordinates":null,"truncated":false,"in_reply_to_user_id_str":null,"created_at":"Tue Oct 01 14:47:25 +0000 2013","source":"web","retweet_count":0,"retweeted":false,"geo":null,"filter_level":"medium","in_reply_to_screen_name":null,"entities":{"urls":[],"hashtags":[{"indices":[0,9],"text":"bradesco"}],"user_mentions":[],"symbols":[]},"id_str":"385053343543853056","in_reply_to_user_id":null,"favorite_count":0,"contributors":null,"text":"#bradesco vâmo dar atenção 25747906, vâmo fazer jus as taxas cobradas hein?","id":385053343543853056,"place":null,"lang":"pt","user":{"utc_offset":-10800,"friends_count":187,"profile_image_url_https":"https://si0.twimg.com/profile_images/1441218698/1_normal.jpg","profile_background_image_url":"http://abs.twimg.com/images/themes/theme1/bg.png","listed_count":2,"default_profile_image":false,"favourites_count":8,"description":"Sys Admin\r\nApreciador das coisas boas da vida!","created_at":"Sat Oct 31 14:42:47 +0000 2009","is_translator":false,"profile_background_image_url_https":"https://abs.twimg.com/images/themes/theme1/bg.png","protected":false,"screen_name":"jeliasmoreira","id_str":"86539475","profile_link_color":"0084B4","geo_enabled":true,"id":86539475,"profile_background_color":"C0DEED","lang":"en","profile_sidebar_border_color":"C0DEED","profile_text_color":"333333","verified":false,"profile_image_url":"http://a0.twimg.com/profile_images/1441218698/1_normal.jpg","time_zone":"Brasilia","url":null,"contributors_enabled":false,"profile_background_tile":false,"follow_request_sent":null,"statuses_count":1655,"profile_use_background_image":true,"followers_count":106,"following":null,"default_profile":true,"name":" Elias Moreira","profile_sidebar_fill_color":"DDEEF6","location":"Salvador/Bahia","notifications":null},"favorited":false}