{"in_reply_to_status_id_str":null,"in_reply_to_status_id":null,"coordinates":null,"truncated":false,"in_reply_to_user_id_str":null,"created_at":"Tue Oct 01 14:38:22 +0000 2013","source":"web","retweet_count":0,"retweeted":false,"geo":null,"filter_level":"medium","in_reply_to_screen_name":null,"entities":{"urls":[],"hashtags":[],"user_mentions":[{"indices":[22,32],"screen_name":"TIMBrasil","id_str":"62572858","name":"TIM BRASIL","id":62572858},{"indices":[49,61],"screen_name":"ClaroBrasil","id_str":"141310797","name":"Claro Brasil","id":141310797}],"symbols":[]},"id_str":"385051063977381888","in_reply_to_user_id":null,"favorite_count":0,"contributors":null,"text":"Enfim, quase livre da @TIMBrasil! Vamos ver se a @ClaroBrasil me dará menos dores de cabeça.","id":385051063977381888,"place":null,"lang":"pt","user":{"utc_offset":null,"friends_count":168,"profile_image_url_https":"https://si0.twimg.com/profile_images/2725224409/bed8de860ca74ece84117ec11b108c31_normal.jpeg","profile_background_image_url":"http://a0.twimg.com/profile_background_images/710628252/35d68b4dd5e3d9574997faf3e16fd02f.jpeg","listed_count":0,"default_profile_image":false,"favourites_count":54,"description":"Pai da Michelle, e outras coisas mais :)","created_at":"Mon Oct 08 03:26:33 +0000 2012","is_translator":false,"profile_background_image_url_https":"https://si0.twimg.com/profile_background_images/710628252/35d68b4dd5e3d9574997faf3e16fd02f.jpeg","protected":false,"screen_name":"allysonallenlp","id_str":"867357217","profile_link_color":"B30600","geo_enabled":true,"id":867357217,"profile_background_color":"0E0F0F","lang":"pt","profile_sidebar_border_color":"FFFFFF","profile_text_color":"333333","verified":false,"profile_image_url":"http://a0.twimg.com/profile_images/2725224409/bed8de860ca74ece84117ec11b108c31_normal.jpeg","time_zone":null,"url":null,"contributors_enabled":false,"profile_banner_url":"https://pbs.twimg.com/profile_banners/867357217/1354898753","profile_background_tile":false,"follow_request_sent":null,"statuses_count":967,"profile_use_background_image":true,"followers_count":35,"following":null,"default_profile":false,"name":"Allyson Allen","profile_sidebar_fill_color":"DDEEF6","location":"Belém","notifications":null},"favorited":false}