{"in_reply_to_status_id_str":null,"in_reply_to_status_id":null,"coordinates":null,"truncated":false,"in_reply_to_user_id_str":null,"created_at":"Tue Oct 01 14:56:22 +0000 2013","source":"<a href=\"http://www.myplume.com/\" rel=\"nofollow\">Plume for Android<\/a>","retweet_count":0,"retweeted":false,"geo":null,"filter_level":"medium","in_reply_to_screen_name":null,"entities":{"urls":[],"hashtags":[],"user_mentions":[{"indices":[52,63],"screen_name":"Vivoemrede","id_str":"43218789","name":"Vivo em Rede","id":43218789}],"symbols":[]},"id_str":"385055593666711552","in_reply_to_user_id":null,"favorite_count":0,"contributors":null,"text":"Pensa numa loja online ruim. Agora acessa a loja da @vivoemrede e vê que pode ser ainda pior do que tu pensou!","id":385055593666711552,"place":null,"lang":"pt","user":{"utc_offset":-10800,"friends_count":257,"profile_image_url_https":"https://si0.twimg.com/profile_images/378800000192884252/db8ddc7699b0a3593649f1020f4856e4_normal.jpeg","profile_background_image_url":"http://a0.twimg.com/profile_background_images/290622591/twilk_background_4e20c5fc1b36b.jpg","listed_count":3,"default_profile_image":false,"favourites_count":178,"description":"Nerd entusiasta de software livre. Testador de software por profissão e programador Android nas horas vagas.","created_at":"Thu Apr 16 00:27:35 +0000 2009","is_translator":false,"profile_background_image_url_https":"https://si0.twimg.com/profile_background_images/290622591/twilk_background_4e20c5fc1b36b.jpg","protected":false,"screen_name":"mstrey","id_str":"31574108","profile_link_color":"2FC2EF","geo_enabled":true,"id":31574108,"profile_background_color":"1A1B1F","lang":"en","profile_sidebar_border_color":"181A1E","profile_text_color":"666666","verified":false,"profile_image_url":"http://a0.twimg.com/profile_images/378800000192884252/db8ddc7699b0a3593649f1020f4856e4_normal.jpeg","time_zone":"Brasilia","url":"http://about.me/mstrey","contributors_enabled":false,"profile_background_tile":true,"follow_request_sent":null,"statuses_count":5848,"profile_use_background_image":false,"followers_count":194,"following":null,"default_profile":false,"name":"Maicon Strey","profile_sidebar_fill_color":"252429","location":"","notifications":null},"favorited":false}