{"in_reply_to_status_id_str":null,"in_reply_to_status_id":null,"coordinates":null,"truncated":false,"in_reply_to_user_id_str":"874120338","created_at":"Tue Oct 01 17:40:27 +0000 2013","source":"<a href=\"http://twitter.com/download/android\" rel=\"nofollow\">Twitter for Android<\/a>","retweet_count":0,"retweeted":false,"geo":null,"filter_level":"medium","in_reply_to_screen_name":"Itaucard","entities":{"urls":[],"hashtags":[],"user_mentions":[{"indices":[0,9],"screen_name":"Itaucard","id_str":"874120338","name":"Itaucard","id":874120338}],"symbols":[]},"id_str":"385096887185203200","in_reply_to_user_id":874120338,"favorite_count":0,"contributors":null,"text":"@Itaucard Boa tarde! Sou cliente e tb participo do Sempre Presente. Preciso transferir meus pontos p Multiplus e não sei como. Ajuda!","id":385096887185203200,"place":null,"lang":"pt","user":{"utc_offset":-18000,"friends_count":450,"profile_image_url_https":"https://si0.twimg.com/profile_images/2667655402/8d36434da30bc71674c021650ecbf977_normal.jpeg","profile_background_image_url":"http://abs.twimg.com/images/themes/theme11/bg.gif","listed_count":3,"default_profile_image":false,"favourites_count":1180,"description":"Serva do Senhor Jesus Cristo.Uma mulher que decidiu crer no Deus do Impossivel!Vale a pena esperar nEle!","created_at":"Thu Apr 22 15:30:28 +0000 2010","is_translator":false,"profile_background_image_url_https":"https://abs.twimg.com/images/themes/theme11/bg.gif","protected":false,"screen_name":"pat12sena","id_str":"135929189","profile_link_color":"B40B43","geo_enabled":true,"id":135929189,"profile_background_color":"FF6699","lang":"pt","profile_sidebar_border_color":"CC3366","profile_text_color":"362720","verified":false,"profile_image_url":"http://a0.twimg.com/profile_images/2667655402/8d36434da30bc71674c021650ecbf977_normal.jpeg","time_zone":"Quito","url":null,"contributors_enabled":false,"profile_banner_url":"https://pbs.twimg.com/profile_banners/135929189/1376750417","profile_background_tile":true,"follow_request_sent":null,"statuses_count":11525,"profile_use_background_image":true,"followers_count":235,"following":null,"default_profile":false,"name":"PATRICIA B. L. SENA","profile_sidebar_fill_color":"E5507E","location":"Boa Vista-RR, no momento","notifications":null},"favorited":false}