{"in_reply_to_status_id_str":null,"in_reply_to_status_id":null,"possibly_sensitive":false,"coordinates":null,"truncated":false,"in_reply_to_user_id_str":null,"created_at":"Tue Oct 01 13:41:18 +0000 2013","source":"<a href=\"http://instagram.com\" rel=\"nofollow\">Instagram<\/a>","retweet_count":0,"retweeted":false,"geo":null,"filter_level":"medium","in_reply_to_screen_name":null,"entities":{"urls":[{"display_url":"instagram.com/p/e7UNjdJUrZ/","indices":[54,76],"expanded_url":"http://instagram.com/p/e7UNjdJUrZ/","url":"http://t.co/2zN65H2aI9"}],"hashtags":[{"indices":[0,14],"text":"bancodobrasil"}],"user_mentions":[],"symbols":[]},"id_str":"385036704455065600","in_reply_to_user_id":null,"favorite_count":0,"contributors":null,"text":"#bancodobrasil. Bom pra quem mas de 1:30 esperando :( http://t.co/2zN65H2aI9","id":385036704455065600,"place":null,"lang":"pt","user":{"utc_offset":-10800,"friends_count":167,"profile_image_url_https":"https://si0.twimg.com/profile_images/3407054973/80dcfa6ae1f0ec82bba524a23c780ccc_normal.jpeg","profile_background_image_url":"http://a0.twimg.com/profile_background_images/886927247/b703b47f3d61fda99666c5e313f6a0b6.jpeg","listed_count":3,"default_profile_image":false,"favourites_count":3,"description":"Buscai primeiro O Reino de Deus, e a sua justiça, e todas essas coisas vos serão acrescentadas.\r\n\r\nMT 6:33","created_at":"Sun Mar 07 19:58:23 +0000 2010","is_translator":false,"profile_background_image_url_https":"https://si0.twimg.com/profile_background_images/886927247/b703b47f3d61fda99666c5e313f6a0b6.jpeg","protected":false,"screen_name":"mayoumaya","id_str":"120859285","profile_link_color":"1A1A1A","geo_enabled":true,"id":120859285,"profile_background_color":"070808","lang":"pt","profile_sidebar_border_color":"FFFFFF","profile_text_color":"333333","verified":false,"profile_image_url":"http://a0.twimg.com/profile_images/3407054973/80dcfa6ae1f0ec82bba524a23c780ccc_normal.jpeg","time_zone":"Santiago","url":null,"contributors_enabled":false,"profile_banner_url":"https://pbs.twimg.com/profile_banners/120859285/1370493165","profile_background_tile":true,"follow_request_sent":null,"statuses_count":2568,"profile_use_background_image":true,"followers_count":49,"following":null,"default_profile":false,"name":"mayara correia","profile_sidebar_fill_color":"F6F6F6","location":"BRAZIL","notifications":null},"favorited":false}