{"in_reply_to_status_id_str":null,"in_reply_to_status_id":null,"coordinates":null,"truncated":false,"in_reply_to_user_id_str":"874120338","created_at":"Tue Oct 01 12:20:21 +0000 2013","source":"web","retweet_count":0,"retweeted":false,"geo":null,"filter_level":"medium","in_reply_to_screen_name":"Itaucard","entities":{"urls":[],"hashtags":[],"user_mentions":[{"indices":[0,9],"screen_name":"Itaucard","id_str":"874120338","name":"Itaucard","id":874120338},{"indices":[44,59],"screen_name":"hoteispontocom","id_str":"74178956","name":"Hoteispontocom","id":74178956}],"symbols":[]},"id_str":"385016333508681728","in_reply_to_user_id":874120338,"favorite_count":0,"contributors":null,"text":"@Itaucard estou com problema de reembolso . @hoteispontocom fez reembolso dia 02/09 e até o momento não consta","id":385016333508681728,"place":null,"lang":"pt","user":{"utc_offset":-10800,"friends_count":400,"profile_image_url_https":"https://si0.twimg.com/profile_images/1553697214/van_gogh_normal.jpg","profile_background_image_url":"http://abs.twimg.com/images/themes/theme1/bg.png","listed_count":2,"default_profile_image":false,"favourites_count":39,"description":null,"created_at":"Mon Jun 21 14:34:35 +0000 2010","is_translator":false,"profile_background_image_url_https":"https://abs.twimg.com/images/themes/theme1/bg.png","protected":false,"screen_name":"vaogogo","id_str":"158013347","profile_link_color":"0084B4","geo_enabled":true,"id":158013347,"profile_background_color":"C0DEED","lang":"en","profile_sidebar_border_color":"C0DEED","profile_text_color":"333333","verified":false,"profile_image_url":"http://a0.twimg.com/profile_images/1553697214/van_gogh_normal.jpg","time_zone":"Santiago","url":null,"contributors_enabled":false,"profile_background_tile":false,"follow_request_sent":null,"statuses_count":1090,"profile_use_background_image":true,"followers_count":99,"following":null,"default_profile":true,"name":"vaogogo","profile_sidebar_fill_color":"DDEEF6","location":"","notifications":null},"favorited":false}