{"in_reply_to_status_id_str":null,"in_reply_to_status_id":null,"coordinates":null,"truncated":false,"in_reply_to_user_id_str":"141310797","created_at":"Tue Oct 01 15:09:01 +0000 2013","source":"<a href=\"http://twitter.com/download/iphone\" rel=\"nofollow\">Twitter for iPhone<\/a>","retweet_count":0,"retweeted":false,"geo":null,"filter_level":"medium","in_reply_to_screen_name":"ClaroBrasil","entities":{"urls":[],"hashtags":[],"user_mentions":[{"indices":[0,12],"screen_name":"ClaroBrasil","id_str":"141310797","name":"Claro Brasil","id":141310797}],"symbols":[]},"id_str":"385058778099769344","in_reply_to_user_id":141310797,"favorite_count":0,"contributors":null,"text":"@ClaroBrasil estou desde o dia 27/09 sem sinal no meu bairro !","id":385058778099769344,"place":null,"lang":"pt","user":{"utc_offset":-10800,"friends_count":13,"profile_image_url_https":"https://si0.twimg.com/profile_images/1120526470/k_normal.jpg","profile_background_image_url":"http://abs.twimg.com/images/themes/theme7/bg.gif","listed_count":1,"default_profile_image":false,"favourites_count":2,"description":null,"created_at":"Sun Sep 05 16:29:25 +0000 2010","is_translator":false,"profile_background_image_url_https":"https://abs.twimg.com/images/themes/theme7/bg.gif","protected":false,"screen_name":"kakaunovaes17","id_str":"187221539","profile_link_color":"990000","geo_enabled":true,"id":187221539,"profile_background_color":"EBEBEB","lang":"en","profile_sidebar_border_color":"DFDFDF","profile_text_color":"333333","verified":false,"profile_image_url":"http://a0.twimg.com/profile_images/1120526470/k_normal.jpg","time_zone":"Santiago","url":null,"contributors_enabled":false,"profile_background_tile":false,"follow_request_sent":null,"statuses_count":105,"profile_use_background_image":true,"followers_count":23,"following":null,"default_profile":false,"name":"Karine Novaes","profile_sidebar_fill_color":"F3F3F3","location":"","notifications":null},"favorited":false}