{"in_reply_to_status_id_str":null,"in_reply_to_status_id":null,"coordinates":null,"truncated":false,"in_reply_to_user_id_str":null,"created_at":"Tue Oct 01 11:57:32 +0000 2013","source":"<a href=\"http://www.tweetdeck.com\" rel=\"nofollow\">TweetDeck<\/a>","retweet_count":0,"retweeted":false,"geo":null,"filter_level":"medium","in_reply_to_screen_name":null,"entities":{"urls":[],"hashtags":[{"indices":[0,5],"text":"Itaú"}],"user_mentions":[],"symbols":[]},"id_str":"385010592068550656","in_reply_to_user_id":null,"favorite_count":0,"contributors":null,"text":"#Itaú manda SMS pra avisar de débitos e saques na conta corrente; poreriam avisar de créditos também.","id":385010592068550656,"place":null,"lang":"pt","user":{"utc_offset":-10800,"friends_count":185,"profile_image_url_https":"https://si0.twimg.com/profile_images/2269611303/pwzj8hshwk8hubffyu8h_normal.jpeg","profile_background_image_url":"http://a0.twimg.com/profile_background_images/629818308/zo1vw0sr8c2yqaaulcjr.jpeg","listed_count":1,"default_profile_image":false,"favourites_count":88,"description":"Nerd profissional.","created_at":"Sat Jun 27 21:35:29 +0000 2009","is_translator":false,"profile_background_image_url_https":"https://si0.twimg.com/profile_background_images/629818308/zo1vw0sr8c2yqaaulcjr.jpeg","protected":false,"screen_name":"emdreis","id_str":"51563485","profile_link_color":"1F98C7","geo_enabled":true,"id":51563485,"profile_background_color":"F0CA88","lang":"pt","profile_sidebar_border_color":"C6E2EE","profile_text_color":"663B12","verified":false,"profile_image_url":"http://a0.twimg.com/profile_images/2269611303/pwzj8hshwk8hubffyu8h_normal.jpeg","time_zone":"Brasilia","url":null,"contributors_enabled":false,"profile_banner_url":"https://pbs.twimg.com/profile_banners/51563485/1348182907","profile_background_tile":false,"follow_request_sent":null,"statuses_count":6158,"profile_use_background_image":true,"followers_count":107,"following":null,"default_profile":false,"name":"Elcio Reis","profile_sidebar_fill_color":"DAECF4","location":"São Paulo ","notifications":null},"favorited":false}