{"in_reply_to_status_id_str":null,"in_reply_to_status_id":null,"coordinates":null,"truncated":false,"in_reply_to_user_id_str":null,"created_at":"Tue Oct 01 11:31:58 +0000 2013","source":"<a href=\"http://www.hootsuite.com\" rel=\"nofollow\">HootSuite<\/a>","retweet_count":0,"retweeted":false,"geo":null,"filter_level":"medium","in_reply_to_screen_name":null,"entities":{"urls":[],"hashtags":[{"indices":[55,61],"text":"Claro"}],"user_mentions":[],"symbols":[]},"id_str":"385004154051362816","in_reply_to_user_id":null,"favorite_count":0,"contributors":null,"text":"As trevas se vão\nBarreiras se vão\nPor causa da tua luz\n#Claro","id":385004154051362816,"place":null,"lang":"pt","user":{"utc_offset":-10800,"friends_count":286,"profile_image_url_https":"https://si0.twimg.com/profile_images/378800000189270108/0fbf682a2d3ccfb56070e9fad6099e07_normal.jpeg","profile_background_image_url":"http://a0.twimg.com/profile_background_images/614926153/n7jpbdnk7xctb2u1gj3r.jpeg","listed_count":5,"default_profile_image":false,"favourites_count":2,"description":"W Junior | Cantor, Compositor e Ministro do Evangelho","created_at":"Wed Apr 21 12:38:50 +0000 2010","is_translator":false,"profile_background_image_url_https":"https://si0.twimg.com/profile_background_images/614926153/n7jpbdnk7xctb2u1gj3r.jpeg","protected":false,"screen_name":"WJunior_Oficial","id_str":"135483373","profile_link_color":"918500","geo_enabled":true,"id":135483373,"profile_background_color":"FFFFFF","lang":"pt","profile_sidebar_border_color":"787878","profile_text_color":"141414","verified":false,"profile_image_url":"http://a0.twimg.com/profile_images/378800000189270108/0fbf682a2d3ccfb56070e9fad6099e07_normal.jpeg","time_zone":"Brasilia","url":"http://www.wjunioroficial.com.br","contributors_enabled":false,"profile_banner_url":"https://pbs.twimg.com/profile_banners/135483373/1374813803","profile_background_tile":false,"follow_request_sent":null,"statuses_count":6281,"profile_use_background_image":true,"followers_count":823,"following":null,"default_profile":false,"name":"W. Junior","profile_sidebar_fill_color":"52443A","location":"Belo Horizonte/Brasil","notifications":null},"favorited":false}