{"in_reply_to_status_id_str":null,"in_reply_to_status_id":null,"coordinates":null,"truncated":false,"in_reply_to_user_id_str":null,"created_at":"Tue Oct 01 16:39:30 +0000 2013","source":"<a href=\"http://twitter.com/download/android\" rel=\"nofollow\">Twitter for Android<\/a>","retweet_count":0,"retweeted":false,"geo":null,"filter_level":"medium","in_reply_to_screen_name":null,"entities":{"urls":[],"hashtags":[{"indices":[8,14],"text":"Claro"},{"indices":[59,66],"text":"sejoga"}],"user_mentions":[],"symbols":[]},"id_str":"385081547411718144","in_reply_to_user_id":null,"favorite_count":0,"contributors":null,"text":"Agora a #Claro \"banca\" o acesso ao Twitter ? Aí sim, hein? #sejoga","id":385081547411718144,"place":null,"lang":"pt","user":{"utc_offset":-10800,"friends_count":499,"profile_image_url_https":"https://si0.twimg.com/profile_images/378800000462918071/72a533b8efabd8de0337ab3e6e17998c_normal.jpeg","profile_background_image_url":"http://a0.twimg.com/profile_background_images/679450278/a191bf34c0f876fbe69568b7c9afd50f.jpeg","listed_count":37,"default_profile_image":false,"favourites_count":78,"description":"A nerd, #Danimal, Fan of anything made by Disney / Pixar!, Sãopaulina, Not-so-secret admirer of @DanaDelany ...","created_at":"Tue Dec 30 00:37:04 +0000 2008","is_translator":false,"profile_background_image_url_https":"https://si0.twimg.com/profile_background_images/679450278/a191bf34c0f876fbe69568b7c9afd50f.jpeg","protected":false,"screen_name":"NathyVilla","id_str":"18464533","profile_link_color":"F03E7F","geo_enabled":true,"id":18464533,"profile_background_color":"000000","lang":"pt","profile_sidebar_border_color":"FFFFFF","profile_text_color":"B9B9B9","verified":false,"profile_image_url":"http://a0.twimg.com/profile_images/378800000462918071/72a533b8efabd8de0337ab3e6e17998c_normal.jpeg","time_zone":"Brasilia","url":null,"contributors_enabled":false,"profile_banner_url":"https://pbs.twimg.com/profile_banners/18464533/1380423912","profile_background_tile":true,"follow_request_sent":null,"statuses_count":28467,"profile_use_background_image":true,"followers_count":861,"following":null,"default_profile":false,"name":"Nathália Vila","profile_sidebar_fill_color":"0F0F0F","location":"Ribeirão Preto / SP / Brazil","notifications":null},"favorited":false}