{"in_reply_to_status_id_str":"384787816720642049","in_reply_to_status_id":384787816720642049,"coordinates":null,"truncated":false,"in_reply_to_user_id_str":"44372571","created_at":"Tue Oct 01 14:01:13 +0000 2013","source":"web","retweet_count":0,"retweeted":false,"geo":null,"filter_level":"medium","in_reply_to_screen_name":"celsoportiolli","entities":{"urls":[],"hashtags":[],"user_mentions":[{"indices":[0,15],"screen_name":"celsoportiolli","id_str":"44372571","name":"Celso Portiolli","id":44372571},{"indices":[16,19],"screen_name":"oi","id_str":"323432118","name":"Oi","id":323432118}],"symbols":[]},"id_str":"385041714244640768","in_reply_to_user_id":44372571,"favorite_count":0,"contributors":null,"text":"@celsoportiolli @oi td bem ai vc tem","id":385041714244640768,"place":null,"lang":"pt","user":{"utc_offset":-7200,"friends_count":262,"profile_image_url_https":"https://si0.twimg.com/profile_images/2439107992/19ce28d8-5d78-4460-b5ab-132d8b5200c7_normal.png","profile_background_image_url":"http://a0.twimg.com/profile_background_images/378800000078454427/4ce5dc0d51ec6d10c5468389f490b304.jpeg","listed_count":0,"default_profile_image":false,"favourites_count":142,"description":"oi","created_at":"Thu Apr 14 18:25:26 +0000 2011","is_translator":false,"profile_background_image_url_https":"https://si0.twimg.com/profile_background_images/378800000078454427/4ce5dc0d51ec6d10c5468389f490b304.jpeg","protected":false,"screen_name":"paulolido","id_str":"282184954","profile_link_color":"FF0000","geo_enabled":false,"id":282184954,"profile_background_color":"642D8B","lang":"pt","profile_sidebar_border_color":"000000","profile_text_color":"3D1957","verified":false,"profile_image_url":"http://a0.twimg.com/profile_images/2439107992/19ce28d8-5d78-4460-b5ab-132d8b5200c7_normal.png","time_zone":"Greenland","url":"http://google.com.br","contributors_enabled":false,"profile_banner_url":"https://pbs.twimg.com/profile_banners/282184954/1364933741","profile_background_tile":true,"follow_request_sent":null,"statuses_count":1314,"profile_use_background_image":true,"followers_count":55,"following":null,"default_profile":false,"name":"paulo cesar","profile_sidebar_fill_color":"7AC3EE","location":"paulolido","notifications":null},"favorited":false}