{"in_reply_to_status_id_str":null,"in_reply_to_status_id":null,"coordinates":null,"truncated":false,"in_reply_to_user_id_str":null,"created_at":"Tue Oct 01 13:56:19 +0000 2013","source":"<a href=\"http://twitter.com/download/android\" rel=\"nofollow\">Twitter for Android<\/a>","retweet_count":0,"retweeted":false,"geo":null,"filter_level":"medium","in_reply_to_screen_name":null,"entities":{"urls":[],"hashtags":[],"user_mentions":[{"indices":[12,22],"screen_name":"TIMBrasil","id_str":"62572858","name":"TIM BRASIL","id":62572858}],"symbols":[]},"id_str":"385040484793868288","in_reply_to_user_id":null,"favorite_count":0,"contributors":null,"text":"Internet da @TIMBrasil está uma droga. Pra 'variar'... ;/","id":385040484793868288,"place":null,"lang":"pt","user":{"utc_offset":-10800,"friends_count":525,"profile_image_url_https":"https://si0.twimg.com/profile_images/3712904664/24c5162041d1f3ecafbae4a7e95a7eb0_normal.jpeg","profile_background_image_url":"http://a0.twimg.com/profile_background_images/841872455/d6c79c889d7b5a09b3a6c576f1f4971f.png","listed_count":7,"default_profile_image":false,"favourites_count":5661,"description":"A verdadeira felicidade está em valorizar as coisas simples da vida. | TeamFK ;)","created_at":"Wed Jan 21 18:26:22 +0000 2009","is_translator":false,"profile_background_image_url_https":"https://si0.twimg.com/profile_background_images/841872455/d6c79c889d7b5a09b3a6c576f1f4971f.png","protected":false,"screen_name":"rafyfa","id_str":"19299548","profile_link_color":"4F3517","geo_enabled":true,"id":19299548,"profile_background_color":"000000","lang":"pt","profile_sidebar_border_color":"FFFFFF","profile_text_color":"E4D498","verified":false,"profile_image_url":"http://a0.twimg.com/profile_images/3712904664/24c5162041d1f3ecafbae4a7e95a7eb0_normal.jpeg","time_zone":"Brasilia","url":"http://instagram.com/rafyfa","contributors_enabled":false,"profile_banner_url":"https://pbs.twimg.com/profile_banners/19299548/1376443079","profile_background_tile":false,"follow_request_sent":null,"statuses_count":38024,"profile_use_background_image":true,"followers_count":1037,"following":null,"default_profile":false,"name":"Rafaela Fernandes","profile_sidebar_fill_color":"000000","location":"João Pessoa | Brasília/Brasil","notifications":null},"favorited":false}