{"in_reply_to_status_id_str":null,"in_reply_to_status_id":null,"possibly_sensitive":false,"coordinates":null,"truncated":false,"in_reply_to_user_id_str":null,"created_at":"Tue Oct 01 14:16:14 +0000 2013","source":"<a href=\"http://instagram.com\" rel=\"nofollow\">Instagram<\/a>","retweet_count":0,"retweeted":false,"geo":null,"filter_level":"medium","in_reply_to_screen_name":null,"entities":{"urls":[{"display_url":"instagram.com/p/e7XsHsmS1a/","indices":[61,83],"expanded_url":"http://instagram.com/p/e7XsHsmS1a/","url":"http://t.co/4cYW5cpFGB"}],"hashtags":[{"indices":[21,28],"text":"4GPlus"},{"indices":[32,37],"text":"VIVO"}],"user_mentions":[],"symbols":[]},"id_str":"385045495099695104","in_reply_to_user_id":null,"favorite_count":0,"contributors":null,"text":"Agora sim!! Internet #4GPlus da #VIVO bombando no celular ;) http://t.co/4cYW5cpFGB","id":385045495099695104,"place":null,"lang":"pt","user":{"utc_offset":-10800,"friends_count":1078,"profile_image_url_https":"https://si0.twimg.com/profile_images/378800000166062135/fafdd15dc469ab7215d7a7f53465fa13_normal.jpeg","profile_background_image_url":"http://abs.twimg.com/images/themes/theme9/bg.gif","listed_count":52,"default_profile_image":false,"favourites_count":1425,"description":"Sou Líder técnico, desenvolvedor, empreendedor e curador de desenvolvimento da Campus Party Brasil e Rede Innova.","created_at":"Wed Jan 09 15:33:03 +0000 2008","is_translator":false,"profile_background_image_url_https":"https://abs.twimg.com/images/themes/theme9/bg.gif","protected":false,"screen_name":"wupsbr","id_str":"12030102","profile_link_color":"2FC2EF","geo_enabled":true,"id":12030102,"profile_background_color":"1A1B1F","lang":"pt","profile_sidebar_border_color":"FFFFFF","profile_text_color":"666666","verified":false,"profile_image_url":"http://a0.twimg.com/profile_images/378800000166062135/fafdd15dc469ab7215d7a7f53465fa13_normal.jpeg","time_zone":"Brasilia","url":"http://wupsbr.com/","contributors_enabled":false,"profile_banner_url":"https://pbs.twimg.com/profile_banners/12030102/1349030246","profile_background_tile":false,"follow_request_sent":null,"statuses_count":5146,"profile_use_background_image":true,"followers_count":1080,"following":null,"default_profile":false,"name":"David Ruiz","profile_sidebar_fill_color":"252429","location":"São Paulo, São Paulo, Brasil","notifications":null},"favorited":false}