{"in_reply_to_status_id_str":null,"in_reply_to_status_id":null,"coordinates":null,"truncated":false,"in_reply_to_user_id_str":"229191436","created_at":"Tue Oct 01 12:41:06 +0000 2013","source":"<a href=\"https://mobile.twitter.com\" rel=\"nofollow\">Mobile Web (M2)<\/a>","retweet_count":0,"retweeted":false,"geo":null,"filter_level":"medium","in_reply_to_screen_name":"CAIXA","entities":{"urls":[],"hashtags":[],"user_mentions":[{"indices":[0,6],"screen_name":"CAIXA","id_str":"229191436","name":"CAIXA","id":229191436}],"symbols":[]},"id_str":"385021555090399232","in_reply_to_user_id":229191436,"favorite_count":0,"contributors":null,"text":"@CAIXA como faço pra sacar meu fgts, com greve?","id":385021555090399232,"place":null,"lang":"pt","user":{"utc_offset":-10800,"friends_count":203,"profile_image_url_https":"https://si0.twimg.com/profile_images/1567954575/W_normal.JPG","profile_background_image_url":"http://a0.twimg.com/profile_background_images/73861646/3637116041_70f5bd897e_o.jpg","listed_count":3,"default_profile_image":false,"favourites_count":113,"description":null,"created_at":"Mon Apr 27 15:33:00 +0000 2009","is_translator":false,"profile_background_image_url_https":"https://si0.twimg.com/profile_background_images/73861646/3637116041_70f5bd897e_o.jpg","protected":false,"screen_name":"watsonrb","id_str":"35770670","profile_link_color":"FF0009","geo_enabled":true,"id":35770670,"profile_background_color":"000000","lang":"pt","profile_sidebar_border_color":"FFFFFF","profile_text_color":"000000","verified":false,"profile_image_url":"http://a0.twimg.com/profile_images/1567954575/W_normal.JPG","time_zone":"Brasilia","url":null,"contributors_enabled":false,"profile_background_tile":true,"follow_request_sent":null,"statuses_count":5506,"profile_use_background_image":true,"followers_count":107,"following":null,"default_profile":false,"name":"W. Régis Belinazi","profile_sidebar_fill_color":"5C100D","location":"Sorocaba - SP","notifications":null},"favorited":false}