{"in_reply_to_status_id_str":"385059069666394112","in_reply_to_status_id":385059069666394112,"coordinates":null,"truncated":false,"in_reply_to_user_id_str":"22679577","created_at":"Tue Oct 01 17:51:07 +0000 2013","source":"<a href=\"http://twitter.com/download/android\" rel=\"nofollow\">Twitter for Android<\/a>","retweet_count":0,"retweeted":false,"geo":null,"filter_level":"medium","in_reply_to_screen_name":"ClaroBlog","entities":{"urls":[],"hashtags":[],"user_mentions":[{"indices":[0,10],"screen_name":"ClaroBlog","id_str":"22679577","name":"ClaroBlog","id":22679577}],"symbols":[]},"id_str":"385099570524749824","in_reply_to_user_id":22679577,"favorite_count":0,"contributors":null,"text":"@ClaroBlog ja resolvi ... tirei o chip dos 2 aparelhos desliguei e liguei ... e voltou ao normal .Obrigado !","id":385099570524749824,"place":null,"lang":"pt","user":{"utc_offset":-10800,"friends_count":768,"profile_image_url_https":"https://si0.twimg.com/profile_images/2705981587/da6703b6e03b66da4888b2208b1fb346_normal.jpeg","profile_background_image_url":"http://a0.twimg.com/profile_background_images/288871296/20022011539.jpg","listed_count":0,"default_profile_image":false,"favourites_count":13,"description":"SANTÁSTICO !!!! Só quem é sabe !!!!","created_at":"Fri May 01 01:27:31 +0000 2009","is_translator":false,"profile_background_image_url_https":"https://si0.twimg.com/profile_background_images/288871296/20022011539.jpg","protected":false,"screen_name":"betomassis","id_str":"36842576","profile_link_color":"E63E68","geo_enabled":true,"id":36842576,"profile_background_color":"141413","lang":"pt","profile_sidebar_border_color":"131414","profile_text_color":"E6DAE6","verified":false,"profile_image_url":"http://a0.twimg.com/profile_images/2705981587/da6703b6e03b66da4888b2208b1fb346_normal.jpeg","time_zone":"Brasilia","url":"http://www.santosfc.com.br","contributors_enabled":false,"profile_banner_url":"https://pbs.twimg.com/profile_banners/36842576/1360331169","profile_background_tile":true,"follow_request_sent":null,"statuses_count":6310,"profile_use_background_image":true,"followers_count":148,"following":null,"default_profile":false,"name":"BETO MASSIS","profile_sidebar_fill_color":"0F0F0E","location":"São Paulo - Brasil","notifications":null},"favorited":false}