{"in_reply_to_status_id_str":null,"in_reply_to_status_id":null,"coordinates":null,"truncated":false,"in_reply_to_user_id_str":"229191436","created_at":"Tue Oct 01 13:03:56 +0000 2013","source":"web","retweet_count":0,"retweeted":false,"geo":null,"filter_level":"medium","in_reply_to_screen_name":"CAIXA","entities":{"urls":[],"hashtags":[],"user_mentions":[{"indices":[0,6],"screen_name":"CAIXA","id_str":"229191436","name":"CAIXA","id":229191436}],"symbols":[]},"id_str":"385027301714317312","in_reply_to_user_id":229191436,"favorite_count":0,"contributors":null,"text":"@CAIXA êee vamos acabar com a greve vamos... pq eu preciso ir a uma agência pra fazer algumas coisas ¬¬'","id":385027301714317312,"place":null,"lang":"pt","user":{"utc_offset":-10800,"friends_count":107,"profile_image_url_https":"https://si0.twimg.com/profile_images/2573582743/asp4ng9y6x5sggl9jmw5_normal.jpeg","profile_background_image_url":"http://a0.twimg.com/profile_background_images/814282949/fd7d6c4bcc6f080f52db44fffae9250c.jpeg","listed_count":1,"default_profile_image":false,"favourites_count":47,"description":"....","created_at":"Sun Mar 18 22:51:49 +0000 2012","is_translator":false,"profile_background_image_url_https":"https://si0.twimg.com/profile_background_images/814282949/fd7d6c4bcc6f080f52db44fffae9250c.jpeg","protected":false,"screen_name":"Jeeh_Snovais","id_str":"528914284","profile_link_color":"009AB9","geo_enabled":true,"id":528914284,"profile_background_color":"7B00B8","lang":"pt","profile_sidebar_border_color":"000000","profile_text_color":"362720","verified":false,"profile_image_url":"http://a0.twimg.com/profile_images/2573582743/asp4ng9y6x5sggl9jmw5_normal.jpeg","time_zone":"Brasilia","url":null,"contributors_enabled":false,"profile_banner_url":"https://pbs.twimg.com/profile_banners/528914284/1363264054","profile_background_tile":false,"follow_request_sent":null,"statuses_count":876,"profile_use_background_image":true,"followers_count":45,"following":null,"default_profile":false,"name":"Jeeh_Santana","profile_sidebar_fill_color":"E5507E","location":"Carapicuiba","notifications":null},"favorited":false}