{"in_reply_to_status_id_str":null,"in_reply_to_status_id":null,"coordinates":null,"truncated":false,"in_reply_to_user_id_str":"16725545","created_at":"Tue Oct 01 14:08:14 +0000 2013","source":"web","retweet_count":0,"retweeted":false,"geo":null,"filter_level":"medium","in_reply_to_screen_name":"skybrasil","entities":{"urls":[],"hashtags":[],"user_mentions":[{"indices":[0,10],"screen_name":"skybrasil","id_str":"16725545","name":"SKY Brasil","id":16725545}],"symbols":[]},"id_str":"385043481715957762","in_reply_to_user_id":16725545,"favorite_count":0,"contributors":null,"text":"@skybrasil tenho 08 aparelhos!!! 8 aparelhos!!! e ninguém resolve nada. É o fim da picada. Tem que cancelar essa porra","id":385043481715957762,"place":null,"lang":"pt","user":{"utc_offset":-10800,"friends_count":744,"profile_image_url_https":"https://si0.twimg.com/profile_images/378800000261089308/1156affd04c01678bbf0b26f0a00a87e_normal.jpeg","profile_background_image_url":"http://a0.twimg.com/profile_background_images/858513786/d2493b19ad92ad72ad52e6395a562052.jpeg","listed_count":2,"default_profile_image":false,"favourites_count":670,"description":".'. Pai da @anaclaraBAL, amante da Cacau, GREMISTA. SEMPRE! VAMOOO TRICOLOR .'.","created_at":"Fri Apr 17 16:48:08 +0000 2009","is_translator":false,"profile_background_image_url_https":"https://si0.twimg.com/profile_background_images/858513786/d2493b19ad92ad72ad52e6395a562052.jpeg","protected":false,"screen_name":"felipelenzi","id_str":"32474799","profile_link_color":"0084B4","geo_enabled":true,"id":32474799,"profile_background_color":"C0DEED","lang":"pt","profile_sidebar_border_color":"FFFFFF","profile_text_color":"333333","verified":false,"profile_image_url":"http://a0.twimg.com/profile_images/378800000261089308/1156affd04c01678bbf0b26f0a00a87e_normal.jpeg","time_zone":"Brasilia","url":null,"contributors_enabled":false,"profile_banner_url":"https://pbs.twimg.com/profile_banners/32474799/1367531266","profile_background_tile":false,"follow_request_sent":null,"statuses_count":7602,"profile_use_background_image":false,"followers_count":304,"following":null,"default_profile":false,"name":"Felipe Lenzi","profile_sidebar_fill_color":"DDEEF6","location":"New Silver","notifications":null},"favorited":false}