{"in_reply_to_status_id_str":null,"in_reply_to_status_id":null,"coordinates":null,"truncated":false,"in_reply_to_user_id_str":null,"created_at":"Tue Oct 01 14:15:52 +0000 2013","source":"<a href=\"http://twitter.com/download/android\" rel=\"nofollow\">Twitter for Android<\/a>","retweet_count":0,"retweeted":false,"geo":null,"filter_level":"medium","in_reply_to_screen_name":null,"entities":{"urls":[],"hashtags":[{"indices":[68,73],"text":"Vivo"}],"user_mentions":[{"indices":[114,125],"screen_name":"Vivoemrede","id_str":"43218789","name":"Vivo em Rede","id":43218789}],"symbols":[]},"id_str":"385045401294082048","in_reply_to_user_id":null,"favorite_count":0,"contributors":null,"text":"Fui escrever \"ruim\" e meu celular sugeriu \"TIM\". Mal sabe ele que a #Vivo que está uma bosta... Da um jeito nisso @Vivoemrede !!!","id":385045401294082048,"place":null,"lang":"pt","user":{"utc_offset":-7200,"friends_count":215,"profile_image_url_https":"https://si0.twimg.com/profile_images/3589382539/36d0099ea4c483b13be4faaa26cecc36_normal.jpeg","profile_background_image_url":"http://abs.twimg.com/images/themes/theme3/bg.gif","listed_count":5,"default_profile_image":false,"favourites_count":105,"description":null,"created_at":"Tue May 12 18:23:43 +0000 2009","is_translator":false,"profile_background_image_url_https":"https://abs.twimg.com/images/themes/theme3/bg.gif","protected":false,"screen_name":"albertofilho","id_str":"39560095","profile_link_color":"088253","geo_enabled":true,"id":39560095,"profile_background_color":"EDECE9","lang":"pt","profile_sidebar_border_color":"D3D2CF","profile_text_color":"634047","verified":false,"profile_image_url":"http://a0.twimg.com/profile_images/3589382539/36d0099ea4c483b13be4faaa26cecc36_normal.jpeg","time_zone":"Greenland","url":null,"contributors_enabled":false,"profile_background_tile":false,"follow_request_sent":null,"statuses_count":3603,"profile_use_background_image":true,"followers_count":322,"following":null,"default_profile":false,"name":"Alberto D. Filho","profile_sidebar_fill_color":"E3E2DE","location":"Brasil","notifications":null},"favorited":false}