{"in_reply_to_status_id_str":null,"in_reply_to_status_id":null,"possibly_sensitive":false,"coordinates":null,"truncated":false,"in_reply_to_user_id_str":null,"created_at":"Tue Oct 01 16:26:02 +0000 2013","source":"<a href=\"http://instagram.com\" rel=\"nofollow\">Instagram<\/a>","retweet_count":0,"retweeted":false,"geo":null,"filter_level":"medium","in_reply_to_screen_name":null,"entities":{"urls":[{"display_url":"instagram.com/p/e7mjCoEhef/","indices":[103,125],"expanded_url":"http://instagram.com/p/e7mjCoEhef/","url":"http://t.co/ajatk95H4w"}],"hashtags":[{"indices":[58,62],"text":"Tim"},{"indices":[67,88],"text":"Timinfinityéumamerda"},{"indices":[89,101],"text":"TimInfinity"}],"user_mentions":[],"symbols":[]},"id_str":"385078159487795200","in_reply_to_user_id":null,"favorite_count":0,"contributors":null,"text":"Se você  também  é  mais um dos insatisfeitos clientes da #Tim ... #Timinfinityéumamerda #TimInfinity\u2026 http://t.co/ajatk95H4w","id":385078159487795200,"place":null,"lang":"pt","user":{"utc_offset":-10800,"friends_count":168,"profile_image_url_https":"https://si0.twimg.com/profile_images/1434640532/09072011011_normal.jpg","profile_background_image_url":"http://a0.twimg.com/profile_background_images/419914239/382578_268194846551864_100000840524095_697412_9165291_n.jpg","listed_count":26,"default_profile_image":false,"favourites_count":37,"description":"Não me impeça de errar nem de me machucar eu me fortaleço,sei q posso chorar + vou brigar pra SORRIR,ainda estou tao longe de me descobrir. Vivo por Mim !","created_at":"Wed Jan 20 14:08:21 +0000 2010","is_translator":false,"profile_background_image_url_https":"https://si0.twimg.com/profile_background_images/419914239/382578_268194846551864_100000840524095_697412_9165291_n.jpg","protected":false,"screen_name":"ajcmendes","id_str":"106723853","profile_link_color":"C7B120","geo_enabled":false,"id":106723853,"profile_background_color":"7B8F77","lang":"pt","profile_sidebar_border_color":"874585","profile_text_color":"333333","verified":false,"profile_image_url":"http://a0.twimg.com/profile_images/1434640532/09072011011_normal.jpg","time_zone":"Brasilia","url":"http://www.facebook.com/profile.php?id=100000840524095","contributors_enabled":false,"profile_background_tile":true,"follow_request_sent":null,"statuses_count":9267,"profile_use_background_image":true,"followers_count":185,"following":null,"default_profile":false,"name":"Alan Mendes","profile_sidebar_fill_color":"FFF5F5","location":"ABC-SP","notifications":null},"favorited":false}