{"in_reply_to_status_id_str":null,"in_reply_to_status_id":null,"coordinates":null,"truncated":false,"in_reply_to_user_id_str":null,"created_at":"Tue Oct 01 15:10:47 +0000 2013","source":"<a href=\"http://twitter.com/download/android\" rel=\"nofollow\">Twitter for Android<\/a>","retweet_count":0,"retweeted":false,"geo":null,"filter_level":"medium","in_reply_to_screen_name":null,"entities":{"urls":[],"hashtags":[{"indices":[17,22],"text":"vivo"}],"user_mentions":[{"indices":[5,16],"screen_name":"Vivoemrede","id_str":"43218789","name":"Vivo em Rede","id":43218789}],"symbols":[]},"id_str":"385059222935068672","in_reply_to_user_id":null,"favorite_count":0,"contributors":null,"text":"E ai @Vivoemrede #vivo so preciso receber um código de barras tem como será !???","id":385059222935068672,"place":null,"lang":"pt","user":{"utc_offset":-10800,"friends_count":199,"profile_image_url_https":"https://si0.twimg.com/profile_images/1755264064/image_normal.jpg","profile_background_image_url":"http://abs.twimg.com/images/themes/theme15/bg.png","listed_count":1,"default_profile_image":false,"favourites_count":1,"description":"Formado em Gestão de Pessoas e Educacao Física, morando em Botucatu, casado, e pai de uma linda menina!!!!!","created_at":"Sat Jul 11 21:58:06 +0000 2009","is_translator":false,"profile_background_image_url_https":"https://abs.twimg.com/images/themes/theme15/bg.png","protected":false,"screen_name":"paulinhodaniel","id_str":"55941604","profile_link_color":"0084B4","geo_enabled":false,"id":55941604,"profile_background_color":"022330","lang":"pt","profile_sidebar_border_color":"A8C7F7","profile_text_color":"333333","verified":false,"profile_image_url":"http://a0.twimg.com/profile_images/1755264064/image_normal.jpg","time_zone":"Brasilia","url":null,"contributors_enabled":false,"profile_background_tile":false,"follow_request_sent":null,"statuses_count":3691,"profile_use_background_image":true,"followers_count":189,"following":null,"default_profile":false,"name":"Paulo Daniel Leite","profile_sidebar_fill_color":"C0DFEC","location":"Brasil","notifications":null},"favorited":false}