{"in_reply_to_status_id_str":null,"in_reply_to_status_id":null,"coordinates":null,"truncated":false,"in_reply_to_user_id_str":null,"created_at":"Tue Oct 01 13:16:59 +0000 2013","source":"web","retweet_count":0,"retweeted":false,"geo":null,"filter_level":"medium","in_reply_to_screen_name":null,"entities":{"urls":[],"hashtags":[{"indices":[18,32],"text":"BancodoBrasil"}],"user_mentions":[],"symbols":[]},"id_str":"385030582939312128","in_reply_to_user_id":null,"favorite_count":0,"contributors":null,"text":"~ Acho ridículo o #BancodoBrasil estar em greve ¬¬","id":385030582939312128,"place":{"country_code":"BR","country":"Brasil","full_name":"Mafra, Santa Catarina","bounding_box":{"coordinates":[[[-50.208213,-26.48848],[-50.208213,-26.00839],[-49.602049,-26.00839],[-49.602049,-26.48848]]],"type":"Polygon"},"place_type":"city","name":"Mafra","attributes":{},"id":"9d20a7fae9f8ec80","url":"https://api.twitter.com/1.1/geo/id/9d20a7fae9f8ec80.json"},"lang":"pt","user":{"utc_offset":-10800,"friends_count":149,"profile_image_url_https":"https://si0.twimg.com/profile_images/378800000035786260/ea8bd63fe53067e38e3f00cdc6204dfe_normal.jpeg","profile_background_image_url":"http://a0.twimg.com/profile_background_images/378800000067353377/24248254565747e0847c8ef0be603567.jpeg","listed_count":128,"default_profile_image":false,"favourites_count":43,"description":"Ariana, 18 anos e futura Psicóloga *-*","created_at":"Mon May 03 02:37:59 +0000 2010","is_translator":false,"profile_background_image_url_https":"https://si0.twimg.com/profile_background_images/378800000067353377/24248254565747e0847c8ef0be603567.jpeg","protected":false,"screen_name":"izza_z","id_str":"139586356","profile_link_color":"F5088E","geo_enabled":true,"id":139586356,"profile_background_color":"E637B7","lang":"pt","profile_sidebar_border_color":"FFFFFF","profile_text_color":"FA005C","verified":false,"profile_image_url":"http://a0.twimg.com/profile_images/378800000035786260/ea8bd63fe53067e38e3f00cdc6204dfe_normal.jpeg","time_zone":"Brasilia","url":"http://lovewillshowyou.tumblr.com/","contributors_enabled":false,"profile_banner_url":"https://pbs.twimg.com/profile_banners/139586356/1380028720","profile_background_tile":true,"follow_request_sent":null,"statuses_count":18109,"profile_use_background_image":true,"followers_count":623,"following":null,"default_profile":false,"name":"Izabela Zahdi","profile_sidebar_fill_color":"DAECF4","location":"Rio Negro, Paraná","notifications":null},"favorited":false}