{"in_reply_to_status_id_str":"385012272134758400","in_reply_to_status_id":385012272134758400,"coordinates":null,"truncated":false,"in_reply_to_user_id_str":"1897218271","created_at":"Tue Oct 01 13:24:30 +0000 2013","source":"web","retweet_count":0,"retweeted":false,"geo":null,"filter_level":"medium","in_reply_to_screen_name":"ivinhapop","entities":{"urls":[],"hashtags":[{"indices":[42,48],"text":"Claro"}],"user_mentions":[{"indices":[0,10],"screen_name":"ivinhapop","id_str":"1897218271","name":"ANDRESSA DIVA","id":1897218271}],"symbols":[]},"id_str":"385032475279233024","in_reply_to_user_id":1897218271,"favorite_count":0,"contributors":null,"text":"@ivinhapop Obrigado pela dica, mas eu sou #Claro e acho q nao tenho esse recurso, pelo menos nunca usei. Vou até olhar. Rsrs","id":385032475279233024,"place":null,"lang":"pt","user":{"utc_offset":-10800,"friends_count":381,"profile_image_url_https":"https://si0.twimg.com/profile_images/378800000407575339/8ad34ef9c197a7db8c78924dde9b2711_normal.jpeg","profile_background_image_url":"http://a0.twimg.com/profile_background_images/675121716/3ae5c642823d9f5777a5657aa588610c.jpeg","listed_count":347,"default_profile_image":false,"favourites_count":6,"description":"VOCE VAI SER MAIS UM NÚMERO AQUI? EU NAO!GENTE EDUCADA É OUTRO NÍVEL ,ESTOU NELE!RESTARDADOS,TCHAU!  SEM BABAR POR FAMOSO Q NAO MERECE..","created_at":"Mon May 11 18:47:15 +0000 2009","is_translator":false,"profile_background_image_url_https":"https://si0.twimg.com/profile_background_images/675121716/3ae5c642823d9f5777a5657aa588610c.jpeg","protected":false,"screen_name":"Fernanda_Afiada","id_str":"39311886","profile_link_color":"E0032F","geo_enabled":false,"id":39311886,"profile_background_color":"070808","lang":"pt","profile_sidebar_border_color":"FFFFFF","profile_text_color":"2A0094","verified":false,"profile_image_url":"http://a0.twimg.com/profile_images/378800000407575339/8ad34ef9c197a7db8c78924dde9b2711_normal.jpeg","time_zone":"Santiago","url":"http://pimentaafiada.blogspot.com/","contributors_enabled":false,"profile_banner_url":"https://pbs.twimg.com/profile_banners/39311886/1366857464","profile_background_tile":true,"follow_request_sent":null,"statuses_count":83349,"profile_use_background_image":true,"followers_count":1605,"following":null,"default_profile":false,"name":"FÊ-AFIADA","profile_sidebar_fill_color":"72A87E","location":"BRAZILEIRA E LATINA,C/ORGULHO!","notifications":null},"favorited":false}