{"in_reply_to_status_id_str":null,"in_reply_to_status_id":null,"coordinates":null,"truncated":false,"in_reply_to_user_id_str":"125781413","created_at":"Tue Oct 01 16:40:05 +0000 2013","source":"web","retweet_count":0,"retweeted":false,"geo":null,"filter_level":"medium","in_reply_to_screen_name":"realfetter","entities":{"urls":[],"hashtags":[{"indices":[128,132],"text":"Tim"}],"user_mentions":[{"indices":[0,11],"screen_name":"realfetter","id_str":"125781413","name":"AF","id":125781413}],"symbols":[]},"id_str":"385081697139585025","in_reply_to_user_id":125781413,"favorite_count":0,"contributors":null,"text":"@realfetter Você comentou no Pretinho de ontem sobre o péssimo serviço das operadoras de celular. Estou sem sinal há 2 semanas. #Tim :(","id":385081697139585025,"place":null,"lang":"pt","user":{"utc_offset":null,"friends_count":386,"profile_image_url_https":"https://si0.twimg.com/profile_images/2781152494/7b06ed7f4d34baf81a01ce1b8c55dd8d_normal.jpeg","profile_background_image_url":"http://a0.twimg.com/profile_background_images/870751084/97016c97c0cadfedb55622f789606279.jpeg","listed_count":14,"default_profile_image":false,"favourites_count":147,"description":"Um sorriso no rosto, amor no coração, uma vida para viver, sonhos para realizar. \r\nJornalista e assessora de imprensa! \r\nOrgulhosamente Sanzera!","created_at":"Thu Oct 08 19:52:03 +0000 2009","is_translator":false,"profile_background_image_url_https":"https://si0.twimg.com/profile_background_images/870751084/97016c97c0cadfedb55622f789606279.jpeg","protected":false,"screen_name":"CamileMagalhaes","id_str":"80927737","profile_link_color":"0084B4","geo_enabled":false,"id":80927737,"profile_background_color":"9AE4E8","lang":"en","profile_sidebar_border_color":"FFFFFF","profile_text_color":"333333","verified":false,"profile_image_url":"http://a0.twimg.com/profile_images/2781152494/7b06ed7f4d34baf81a01ce1b8c55dd8d_normal.jpeg","time_zone":null,"url":null,"contributors_enabled":false,"profile_banner_url":"https://pbs.twimg.com/profile_banners/80927737/1351170799","profile_background_tile":false,"follow_request_sent":null,"statuses_count":54938,"profile_use_background_image":true,"followers_count":1645,"following":null,"default_profile":false,"name":"Camile Magalhães","profile_sidebar_fill_color":"DDFFCC","location":"Ibirama/Blumenau - BRASIL - SC","notifications":null},"favorited":false}