{"in_reply_to_status_id_str":"385057587676213248","in_reply_to_status_id":385057587676213248,"coordinates":null,"truncated":false,"in_reply_to_user_id_str":"22679577","created_at":"Tue Oct 01 15:20:11 +0000 2013","source":"web","retweet_count":0,"retweeted":false,"geo":null,"filter_level":"medium","in_reply_to_screen_name":"ClaroBlog","entities":{"urls":[],"hashtags":[],"user_mentions":[{"indices":[0,10],"screen_name":"ClaroBlog","id_str":"22679577","name":"ClaroBlog","id":22679577}],"symbols":[]},"id_str":"385061590313095168","in_reply_to_user_id":22679577,"favorite_count":0,"contributors":null,"text":"@ClaroBlog está instável :(","id":385061590313095168,"place":null,"lang":"pt","user":{"utc_offset":null,"friends_count":311,"profile_image_url_https":"https://si0.twimg.com/profile_images/2385096518/aejx8ncddi05ey29pqpf_normal.jpeg","profile_background_image_url":"http://a0.twimg.com/profile_background_images/279873224/77words_patterns5_076.gif","listed_count":0,"default_profile_image":false,"favourites_count":3,"description":null,"created_at":"Thu Jul 01 17:28:47 +0000 2010","is_translator":false,"profile_background_image_url_https":"https://si0.twimg.com/profile_background_images/279873224/77words_patterns5_076.gif","protected":false,"screen_name":"GiSocio","id_str":"161748014","profile_link_color":"E062C7","geo_enabled":true,"id":161748014,"profile_background_color":"FFFFFF","lang":"pt","profile_sidebar_border_color":"CAE6AF","profile_text_color":"B33BE3","verified":false,"profile_image_url":"http://a0.twimg.com/profile_images/2385096518/aejx8ncddi05ey29pqpf_normal.jpeg","time_zone":null,"url":null,"contributors_enabled":false,"profile_background_tile":true,"follow_request_sent":null,"statuses_count":3038,"profile_use_background_image":true,"followers_count":131,"following":null,"default_profile":false,"name":"GISLAINE SOCIO","profile_sidebar_fill_color":"C8F0C0","location":"","notifications":null},"favorited":false}