{"in_reply_to_status_id_str":null,"in_reply_to_status_id":null,"coordinates":null,"truncated":false,"in_reply_to_user_id_str":null,"created_at":"Tue Oct 01 14:33:56 +0000 2013","source":"web","retweet_count":0,"retweeted":false,"geo":null,"filter_level":"medium","in_reply_to_screen_name":null,"entities":{"urls":[],"hashtags":[{"indices":[111,117],"text":"RAIVA"}],"user_mentions":[{"indices":[15,29],"screen_name":"BancodoBrasil","id_str":"83723557","name":"Banco do Brasil","id":83723557}],"symbols":[]},"id_str":"385049950939136000","in_reply_to_user_id":null,"favorite_count":0,"contributors":null,"text":"Adoro quando o @BancodoBrasil entra em greve e por culpa disso meu salario vai atrasar. Que culpa eu tenho ??? #RAIVA","id":385049950939136000,"place":null,"lang":"pt","user":{"utc_offset":-10800,"friends_count":1386,"profile_image_url_https":"https://si0.twimg.com/profile_images/1489249692/Guigo_03_normal.jpg","profile_background_image_url":"http://a0.twimg.com/profile_background_images/137530747/TTTT.jpg","listed_count":32,"default_profile_image":false,"favourites_count":5,"description":"Aquariano-NATO, DJ/Produtor de Eventos/Vagabundo/Desenhista por Passa-Tempo. E-mail: djguigoramos@gmail.com  Tel.: (11) 7066-9226/87473575","created_at":"Mon Sep 21 15:54:48 +0000 2009","is_translator":false,"profile_background_image_url_https":"https://si0.twimg.com/profile_background_images/137530747/TTTT.jpg","protected":false,"screen_name":"DjGuigoRamos","id_str":"76059097","profile_link_color":"2FC2EF","geo_enabled":true,"id":76059097,"profile_background_color":"1A1B1F","lang":"pt","profile_sidebar_border_color":"181A1E","profile_text_color":"666666","verified":false,"profile_image_url":"http://a0.twimg.com/profile_images/1489249692/Guigo_03_normal.jpg","time_zone":"Brasilia","url":"http://www.facebook.com/djguigoramos","contributors_enabled":false,"profile_background_tile":false,"follow_request_sent":null,"statuses_count":23871,"profile_use_background_image":true,"followers_count":1214,"following":null,"default_profile":false,"name":"Rodrigo Ramos","profile_sidebar_fill_color":"252429","location":"São Paulo","notifications":null},"favorited":false}