{"in_reply_to_status_id_str":null,"in_reply_to_status_id":null,"coordinates":null,"truncated":false,"in_reply_to_user_id_str":null,"created_at":"Tue Oct 01 14:37:46 +0000 2013","source":"<a href=\"http://www.tweetdeck.com\" rel=\"nofollow\">TweetDeck<\/a>","retweet_count":0,"retweeted":false,"geo":null,"filter_level":"medium","in_reply_to_screen_name":null,"entities":{"urls":[],"hashtags":[{"indices":[91,96],"text":"Vivo"}],"user_mentions":[],"symbols":[]},"id_str":"385050912516882433","in_reply_to_user_id":null,"favorite_count":0,"contributors":null,"text":"lançam a 4G em Manaus e minha internet móvel continua no E e muitas vezes sem as setinhas. #Vivo","id":385050912516882433,"place":null,"lang":"pt","user":{"utc_offset":null,"friends_count":824,"profile_image_url_https":"https://si0.twimg.com/profile_images/378800000530974672/adc93d1bac88060cd4888b67b45ab13b_normal.jpeg","profile_background_image_url":"http://a0.twimg.com/profile_background_images/378800000002262921/4ff1eebe038a425d3ed44a507a90ace5.jpeg","listed_count":20,"default_profile_image":false,"favourites_count":369,"description":"Ver o fluxo das coisas, a ordem das coisas e como elas funcionam, não muda as coisas, apenas te tranquiliza na hora da tempestade.","created_at":"Tue Jun 02 20:40:29 +0000 2009","is_translator":false,"profile_background_image_url_https":"https://si0.twimg.com/profile_background_images/378800000002262921/4ff1eebe038a425d3ed44a507a90ace5.jpeg","protected":false,"screen_name":"aluriel","id_str":"44202616","profile_link_color":"B80707","geo_enabled":true,"id":44202616,"profile_background_color":"1A1B1F","lang":"en","profile_sidebar_border_color":"FFFFFF","profile_text_color":"666666","verified":false,"profile_image_url":"http://a0.twimg.com/profile_images/378800000530974672/adc93d1bac88060cd4888b67b45ab13b_normal.jpeg","time_zone":null,"url":null,"contributors_enabled":false,"profile_banner_url":"https://pbs.twimg.com/profile_banners/44202616/1349122638","profile_background_tile":false,"follow_request_sent":null,"statuses_count":41515,"profile_use_background_image":true,"followers_count":416,"following":null,"default_profile":false,"name":"Captain Snorkelous","profile_sidebar_fill_color":"252429","location":"","notifications":null},"favorited":false}