{"in_reply_to_status_id_str":null,"in_reply_to_status_id":null,"coordinates":null,"truncated":false,"in_reply_to_user_id_str":null,"created_at":"Tue Oct 01 16:39:32 +0000 2013","source":"<a href=\"http://www.facebook.com/twitter\" rel=\"nofollow\">Facebook<\/a>","retweet_count":0,"retweeted":false,"geo":null,"filter_level":"medium","in_reply_to_screen_name":null,"entities":{"urls":[],"hashtags":[{"indices":[0,14],"text":"BancoDoBrasil"}],"user_mentions":[],"symbols":[]},"id_str":"385081557695729664","in_reply_to_user_id":null,"favorite_count":0,"contributors":null,"text":"#BancoDoBrasil AVISO QUE EU VOU XINGAR ALGUÉM QUANDO VOLTAREM A FUNCIONAR.","id":385081557695729664,"place":null,"lang":"pt","user":{"utc_offset":-7200,"friends_count":324,"profile_image_url_https":"https://si0.twimg.com/profile_images/378800000046062864/357710b16f1441c7e6f98dc29d26e9d2_normal.jpeg","profile_background_image_url":"http://a0.twimg.com/profile_background_images/378800000007910261/3814390055efa4cc5bff29e36ddb2254.jpeg","listed_count":10,"default_profile_image":false,"favourites_count":164,"description":"21 anos, estudante de segurança do trabalho, Aquáriana. Movida a músicas, viciada em séries e apaixonada por praias.","created_at":"Thu Jun 04 03:00:13 +0000 2009","is_translator":false,"profile_background_image_url_https":"https://si0.twimg.com/profile_background_images/378800000007910261/3814390055efa4cc5bff29e36ddb2254.jpeg","protected":false,"screen_name":"PsiuMony","id_str":"44530177","profile_link_color":"B40B43","geo_enabled":false,"id":44530177,"profile_background_color":"FF6699","lang":"pt","profile_sidebar_border_color":"FFFFFF","profile_text_color":"362720","verified":false,"profile_image_url":"http://a0.twimg.com/profile_images/378800000046062864/357710b16f1441c7e6f98dc29d26e9d2_normal.jpeg","time_zone":"Greenland","url":"http://www.facebook.com/simonepizzani","contributors_enabled":false,"profile_banner_url":"https://pbs.twimg.com/profile_banners/44530177/1372204745","profile_background_tile":true,"follow_request_sent":null,"statuses_count":9956,"profile_use_background_image":true,"followers_count":517,"following":null,"default_profile":false,"name":"Mony :3","profile_sidebar_fill_color":"E5507E","location":"Rio Grande do Norte.. Praia (8","notifications":null},"favorited":false}