{"in_reply_to_status_id_str":null,"in_reply_to_status_id":null,"coordinates":null,"truncated":false,"in_reply_to_user_id_str":"43218789","created_at":"Tue Oct 01 17:23:53 +0000 2013","source":"web","retweet_count":0,"retweeted":false,"geo":null,"filter_level":"medium","in_reply_to_screen_name":"Vivoemrede","entities":{"urls":[],"hashtags":[],"user_mentions":[{"indices":[0,11],"screen_name":"Vivoemrede","id_str":"43218789","name":"Vivo em Rede","id":43218789}],"symbols":[]},"id_str":"385092720609357825","in_reply_to_user_id":43218789,"favorite_count":0,"contributors":null,"text":"@Vivoemrede existe algum número no planeta terra em q eu consiga falar c/ vcs? Pq os indicados no site, so sorry, mas não ta rolando","id":385092720609357825,"place":null,"lang":"pt","user":{"utc_offset":null,"friends_count":56,"profile_image_url_https":"https://si0.twimg.com/profile_images/1166911094/IMG_4736_normal.JPG","profile_background_image_url":"http://a0.twimg.com/profile_background_images/756509567/510fb45f8e7e568dd7f4bc83d788f703.jpeg","listed_count":1,"default_profile_image":false,"favourites_count":1,"description":null,"created_at":"Fri Jun 04 02:11:49 +0000 2010","is_translator":false,"profile_background_image_url_https":"https://si0.twimg.com/profile_background_images/756509567/510fb45f8e7e568dd7f4bc83d788f703.jpeg","protected":false,"screen_name":"kellyjmsantos","id_str":"151711505","profile_link_color":"0099B9","geo_enabled":false,"id":151711505,"profile_background_color":"0099B9","lang":"pt","profile_sidebar_border_color":"FFFFFF","profile_text_color":"3C3940","verified":false,"profile_image_url":"http://a0.twimg.com/profile_images/1166911094/IMG_4736_normal.JPG","time_zone":null,"url":null,"contributors_enabled":false,"profile_background_tile":true,"follow_request_sent":null,"statuses_count":3037,"profile_use_background_image":true,"followers_count":58,"following":null,"default_profile":false,"name":"Kelly dos Santos","profile_sidebar_fill_color":"95E8EC","location":"Paulínia","notifications":null},"favorited":false}