{"in_reply_to_status_id_str":null,"in_reply_to_status_id":null,"coordinates":null,"truncated":false,"in_reply_to_user_id_str":null,"created_at":"Tue Oct 01 14:47:32 +0000 2013","source":"web","retweet_count":0,"retweeted":false,"geo":null,"filter_level":"medium","in_reply_to_screen_name":null,"entities":{"urls":[],"hashtags":[],"user_mentions":[{"indices":[1,15],"screen_name":"BancodoBrasil","id_str":"83723557","name":"Banco do Brasil","id":83723557}],"symbols":[]},"id_str":"385053370232217600","in_reply_to_user_id":null,"favorite_count":0,"contributors":null,"text":".@BancodoBrasil obrigado por derrubar minhas ligações no bank-fone  ;-)","id":385053370232217600,"place":null,"lang":"pt","user":{"utc_offset":-10800,"friends_count":221,"profile_image_url_https":"https://si0.twimg.com/profile_images/3248776237/82fd18c3a9f6eef77def10274a12703e_normal.png","profile_background_image_url":"http://a0.twimg.com/profile_background_images/378800000021245096/63b7d0304be279027e4a359b7cede474.jpeg","listed_count":8,"default_profile_image":false,"favourites_count":89,"description":"Journalist in training, press officer, blogger.","created_at":"Wed Jul 15 23:32:19 +0000 2009","is_translator":false,"profile_background_image_url_https":"https://si0.twimg.com/profile_background_images/378800000021245096/63b7d0304be279027e4a359b7cede474.jpeg","protected":false,"screen_name":"lucaskaldas","id_str":"57173699","profile_link_color":"A83939","geo_enabled":false,"id":57173699,"profile_background_color":"C0DEED","lang":"en","profile_sidebar_border_color":"FFFFFF","profile_text_color":"000000","verified":false,"profile_image_url":"http://a0.twimg.com/profile_images/3248776237/82fd18c3a9f6eef77def10274a12703e_normal.png","time_zone":"Brasilia","url":"http://lucascaldas.wordpress.com","contributors_enabled":false,"profile_banner_url":"https://pbs.twimg.com/profile_banners/57173699/1353329985","profile_background_tile":false,"follow_request_sent":null,"statuses_count":32482,"profile_use_background_image":true,"followers_count":366,"following":null,"default_profile":false,"name":"Lucas Caldas","profile_sidebar_fill_color":"099887","location":"Salvador - BA | Brasil","notifications":null},"favorited":false}