{"in_reply_to_status_id_str":null,"in_reply_to_status_id":null,"possibly_sensitive":false,"coordinates":null,"truncated":false,"in_reply_to_user_id_str":null,"created_at":"Tue Oct 01 17:41:04 +0000 2013","source":"<a href=\"http://instagram.com\" rel=\"nofollow\">Instagram<\/a>","retweet_count":0,"retweeted":false,"geo":null,"filter_level":"medium","in_reply_to_screen_name":null,"entities":{"urls":[{"display_url":"instagram.com/p/e7vpa1vY9y/","indices":[27,49],"expanded_url":"http://instagram.com/p/e7vpa1vY9y/","url":"http://t.co/BZdijxP18e"}],"hashtags":[{"indices":[3,13],"text":"SkyBrasil"}],"user_mentions":[],"symbols":[]},"id_str":"385097041443295232","in_reply_to_user_id":null,"favorite_count":0,"contributors":null,"text":"Na #SkyBrasil no canal 86. http://t.co/BZdijxP18e","id":385097041443295232,"place":null,"lang":"pt","user":{"utc_offset":-10800,"friends_count":566,"profile_image_url_https":"https://si0.twimg.com/profile_images/3174483809/36d2bf329154b44cd8617f5cefbc45a4_normal.jpeg","profile_background_image_url":"http://a0.twimg.com/profile_background_images/791036603/7d3855bbbc4a01863cd749acbf6db28c.jpeg","listed_count":25,"default_profile_image":false,"favourites_count":10,"description":null,"created_at":"Tue Apr 13 16:34:32 +0000 2010","is_translator":false,"profile_background_image_url_https":"https://si0.twimg.com/profile_background_images/791036603/7d3855bbbc4a01863cd749acbf6db28c.jpeg","protected":false,"screen_name":"EltonArcenio","id_str":"132579409","profile_link_color":"A38C17","geo_enabled":true,"id":132579409,"profile_background_color":"A38C17","lang":"pt","profile_sidebar_border_color":"FFFFFF","profile_text_color":"242323","verified":false,"profile_image_url":"http://a0.twimg.com/profile_images/3174483809/36d2bf329154b44cd8617f5cefbc45a4_normal.jpeg","time_zone":"Brasilia","url":"https://www.facebook.com/amaral.elton","contributors_enabled":false,"profile_banner_url":"https://pbs.twimg.com/profile_banners/132579409/1365563702","profile_background_tile":false,"follow_request_sent":null,"statuses_count":7606,"profile_use_background_image":false,"followers_count":412,"following":null,"default_profile":false,"name":"Elton Arcenio","profile_sidebar_fill_color":"BCD69A","location":"Campo Grande - MS","notifications":null},"favorited":false}