{"in_reply_to_status_id_str":null,"in_reply_to_status_id":null,"possibly_sensitive":false,"coordinates":null,"truncated":false,"in_reply_to_user_id_str":null,"created_at":"Tue Oct 01 17:10:49 +0000 2013","source":"<a href=\"http://instagram.com\" rel=\"nofollow\">Instagram<\/a>","retweet_count":0,"retweeted":false,"geo":null,"filter_level":"medium","in_reply_to_screen_name":null,"entities":{"urls":[{"display_url":"instagram.com/p/e7sEkQiCcb/","indices":[67,89],"expanded_url":"http://instagram.com/p/e7sEkQiCcb/","url":"http://t.co/fhg8L1bbK1"}],"hashtags":[{"indices":[51,56],"text":"itau"}],"user_mentions":[],"symbols":[]},"id_str":"385089431520436224","in_reply_to_user_id":null,"favorite_count":0,"contributors":null,"text":"Olha que coisa ne? Kkk eu devo, mas!! quero pagar  #itau paciência http://t.co/fhg8L1bbK1","id":385089431520436224,"place":null,"lang":"pt","user":{"utc_offset":-10800,"friends_count":735,"profile_image_url_https":"https://si0.twimg.com/profile_images/378800000134954071/89dad1c2509f4661373aa09885c0333c_normal.jpeg","profile_background_image_url":"http://a0.twimg.com/profile_background_images/378800000059772239/d86d1a915995e44267348bfe0f0eb1b7.gif","listed_count":1,"default_profile_image":false,"favourites_count":46,"description":"Eu Quero é Rock bebê","created_at":"Wed Mar 14 05:08:12 +0000 2012","is_translator":false,"profile_background_image_url_https":"https://si0.twimg.com/profile_background_images/378800000059772239/d86d1a915995e44267348bfe0f0eb1b7.gif","protected":false,"screen_name":"urlpablo","id_str":"524026982","profile_link_color":"FFFFFF","geo_enabled":false,"id":524026982,"profile_background_color":"FFFFFF","lang":"pt","profile_sidebar_border_color":"FFFFFF","profile_text_color":"333333","verified":false,"profile_image_url":"http://a0.twimg.com/profile_images/378800000134954071/89dad1c2509f4661373aa09885c0333c_normal.jpeg","time_zone":"Brasilia","url":null,"contributors_enabled":false,"profile_banner_url":"https://pbs.twimg.com/profile_banners/524026982/1373652582","profile_background_tile":true,"follow_request_sent":null,"statuses_count":799,"profile_use_background_image":true,"followers_count":1101,"following":null,"default_profile":false,"name":"Modern Art","profile_sidebar_fill_color":"DDEEF6","location":"","notifications":null},"favorited":false}