{"in_reply_to_status_id_str":"385027590076911617","in_reply_to_status_id":385027590076911617,"coordinates":null,"truncated":false,"in_reply_to_user_id_str":"324945570","created_at":"Tue Oct 01 13:05:45 +0000 2013","source":"web","retweet_count":0,"retweeted":false,"geo":null,"filter_level":"medium","in_reply_to_screen_name":"SKYresponde","entities":{"urls":[],"hashtags":[],"user_mentions":[{"indices":[0,12],"screen_name":"SKYresponde","id_str":"324945570","name":"SKY Responde","id":324945570}],"symbols":[]},"id_str":"385027757098287104","in_reply_to_user_id":324945570,"favorite_count":0,"contributors":null,"text":"@SKYresponde não, preciso do guia para solicitar uma gravação. Não estou em casa.","id":385027757098287104,"place":null,"lang":"pt","user":{"utc_offset":-10800,"friends_count":1201,"profile_image_url_https":"https://si0.twimg.com/profile_images/378800000018771418/e2cea2093b52ba3776fcf62f9c3fc840_normal.jpeg","profile_background_image_url":"http://a0.twimg.com/profile_background_images/452383003/musicas_notas.jpg","listed_count":22,"default_profile_image":false,"favourites_count":326,"description":"Se quiser tentar Descobrir quem eu sou Passe lentamente sua lente Pela luz dos meus olhos Q é de frente Q você vai me entender(MR/C:Chico Pinheiro;Guile Wisnik)","created_at":"Sun Jul 05 22:06:09 +0000 2009","is_translator":false,"profile_background_image_url_https":"https://si0.twimg.com/profile_background_images/452383003/musicas_notas.jpg","protected":false,"screen_name":"nathcarazza","id_str":"54021740","profile_link_color":"FF3300","geo_enabled":true,"id":54021740,"profile_background_color":"709397","lang":"pt","profile_sidebar_border_color":"86A4A6","profile_text_color":"333333","verified":false,"profile_image_url":"http://a0.twimg.com/profile_images/378800000018771418/e2cea2093b52ba3776fcf62f9c3fc840_normal.jpeg","time_zone":"Brasilia","url":null,"contributors_enabled":false,"profile_banner_url":"https://pbs.twimg.com/profile_banners/54021740/1348071879","profile_background_tile":true,"follow_request_sent":null,"statuses_count":69811,"profile_use_background_image":true,"followers_count":695,"following":null,"default_profile":false,"name":"Nathalia Carazza","profile_sidebar_fill_color":"A0C5C7","location":"Belo Horizonte/MG","notifications":null},"favorited":false}