{"in_reply_to_status_id_str":"385092720609357825","in_reply_to_status_id":385092720609357825,"coordinates":null,"truncated":false,"in_reply_to_user_id_str":"151711505","created_at":"Tue Oct 01 17:27:41 +0000 2013","source":"<a href=\"http://www.scup.com.br\" rel=\"nofollow\">Scup<\/a>","retweet_count":0,"retweeted":false,"geo":null,"filter_level":"medium","in_reply_to_screen_name":"kellyjmsantos","entities":{"urls":[],"hashtags":[],"user_mentions":[{"indices":[0,14],"screen_name":"kellyjmsantos","id_str":"151711505","name":"Kelly dos Santos","id":151711505},{"indices":[49,60],"screen_name":"Vivoemrede","id_str":"43218789","name":"Vivo em Rede","id":43218789}],"symbols":[]},"id_str":"385093675388526592","in_reply_to_user_id":151711505,"favorite_count":0,"contributors":null,"text":"@kellyjmsantos Olá, boa tarde. Siga nosso perfil @vivoemrede e esclareça sua dúvida referente aos nossos produtos e serviços. Glaucisley","id":385093675388526592,"place":null,"lang":"pt","user":{"utc_offset":-10800,"friends_count":49797,"profile_image_url_https":"https://si0.twimg.com/profile_images/2114220342/AVATAR_normal.png","profile_background_image_url":"http://a0.twimg.com/profile_background_images/378800000085441881/28039961bb677c757c9ede6ba418652f.jpeg","listed_count":2195,"default_profile_image":false,"favourites_count":5,"description":"Twitter oficial da Vivo | Aqui você se informa e tira dúvidas sobre nossos produtos e serviços em telefonia e internet móvel ou fixa \\o/","created_at":"Thu May 28 22:58:35 +0000 2009","is_translator":false,"profile_background_image_url_https":"https://si0.twimg.com/profile_background_images/378800000085441881/28039961bb677c757c9ede6ba418652f.jpeg","protected":false,"screen_name":"Vivoemrede","id_str":"43218789","profile_link_color":"93A644","geo_enabled":false,"id":43218789,"profile_background_color":"B2DFDA","lang":"pt","profile_sidebar_border_color":"FFFFFF","profile_text_color":"333333","verified":true,"profile_image_url":"http://a0.twimg.com/profile_images/2114220342/AVATAR_normal.png","time_zone":"Brasilia","url":"http://www.vivo.com.br","contributors_enabled":false,"profile_background_tile":false,"follow_request_sent":null,"statuses_count":40843,"profile_use_background_image":true,"followers_count":375870,"following":null,"default_profile":false,"name":"Vivo em Rede","profile_sidebar_fill_color":"F0EDED","location":"","notifications":null},"favorited":false}