{"in_reply_to_status_id_str":null,"in_reply_to_status_id":null,"coordinates":null,"truncated":false,"in_reply_to_user_id_str":null,"created_at":"Tue Oct 01 13:38:28 +0000 2013","source":"web","retweet_count":0,"retweeted":false,"geo":null,"filter_level":"medium","in_reply_to_screen_name":null,"entities":{"urls":[],"hashtags":[],"user_mentions":[{"indices":[8,20],"screen_name":"SKYresponde","id_str":"324945570","name":"SKY Responde","id":324945570}],"symbols":[]},"id_str":"385035990538018816","in_reply_to_user_id":null,"favorite_count":0,"contributors":null,"text":"Bom dia @SKYresponde Qual é o período de permanência miníma de vcs?","id":385035990538018816,"place":null,"lang":"pt","user":{"utc_offset":-10800,"friends_count":1158,"profile_image_url_https":"https://si0.twimg.com/profile_images/378800000125327995/6aeed80cab62f5a163a8413c4d5e129b_normal.jpeg","profile_background_image_url":"http://abs.twimg.com/images/themes/theme8/bg.gif","listed_count":0,"default_profile_image":false,"favourites_count":23,"description":null,"created_at":"Wed Dec 02 13:38:03 +0000 2009","is_translator":false,"profile_background_image_url_https":"https://abs.twimg.com/images/themes/theme8/bg.gif","protected":false,"screen_name":"grepi","id_str":"94091047","profile_link_color":"9D582E","geo_enabled":true,"id":94091047,"profile_background_color":"8B542B","lang":"es","profile_sidebar_border_color":"D9B17E","profile_text_color":"333333","verified":false,"profile_image_url":"http://a0.twimg.com/profile_images/378800000125327995/6aeed80cab62f5a163a8413c4d5e129b_normal.jpeg","time_zone":"Brasilia","url":null,"contributors_enabled":false,"profile_banner_url":"https://pbs.twimg.com/profile_banners/94091047/1373661352","profile_background_tile":false,"follow_request_sent":null,"statuses_count":4669,"profile_use_background_image":true,"followers_count":256,"following":null,"default_profile":false,"name":"  Grepi","profile_sidebar_fill_color":"EADEAA","location":"Ribeirão Preto - SP - Brasil","notifications":null},"favorited":false}