{"in_reply_to_status_id_str":null,"in_reply_to_status_id":null,"coordinates":null,"truncated":false,"in_reply_to_user_id_str":null,"created_at":"Tue Oct 01 17:32:25 +0000 2013","source":"web","retweet_count":0,"retweeted":false,"geo":null,"filter_level":"medium","in_reply_to_screen_name":null,"entities":{"urls":[],"hashtags":[{"indices":[0,5],"text":"Saiu"},{"indices":[47,58],"text":"preguiçosa"},{"indices":[70,77],"text":"Natura"},{"indices":[100,106],"text":"ligas"},{"indices":[107,112],"text":"ITAU"}],"user_mentions":[],"symbols":[]},"id_str":"385094864360058880","in_reply_to_user_id":null,"favorite_count":0,"contributors":null,"text":"#Saiu do PT....saiu do PV..e agora quer 1 rede #preguiçosa  perfumada(#Natura) prá deitar..cheia de #ligas(#ITAU).... de borracha kkkkkkkkk","id":385094864360058880,"place":null,"lang":"pt","user":{"utc_offset":10800,"friends_count":1979,"profile_image_url_https":"https://si0.twimg.com/profile_images/2925505097/10f5dbbc939ea1669c10fbc884e371c5_normal.jpeg","profile_background_image_url":"http://abs.twimg.com/images/themes/theme1/bg.png","listed_count":8,"default_profile_image":false,"favourites_count":53,"description":"Quero uma rede preguiçosa prá deitar. Em minha volta sinfonia de pardais.......kkkkk","created_at":"Tue Jun 05 17:28:26 +0000 2012","is_translator":false,"profile_background_image_url_https":"https://abs.twimg.com/images/themes/theme1/bg.png","protected":false,"screen_name":"cabral7cabral","id_str":"600352236","profile_link_color":"0084B4","geo_enabled":false,"id":600352236,"profile_background_color":"C0DEED","lang":"pt","profile_sidebar_border_color":"C0DEED","profile_text_color":"333333","verified":false,"profile_image_url":"http://a0.twimg.com/profile_images/2925505097/10f5dbbc939ea1669c10fbc884e371c5_normal.jpeg","time_zone":"Athens","url":null,"contributors_enabled":false,"profile_background_tile":false,"follow_request_sent":null,"statuses_count":42214,"profile_use_background_image":true,"followers_count":1238,"following":null,"default_profile":true,"name":"Fernando Cabral","profile_sidebar_fill_color":"DDEEF6","location":"","notifications":null},"favorited":false}