{"in_reply_to_status_id_str":null,"in_reply_to_status_id":null,"coordinates":null,"truncated":false,"in_reply_to_user_id_str":null,"created_at":"Tue Oct 01 14:43:30 +0000 2013","source":"<a href=\"http://www.tweetcaster.com\" rel=\"nofollow\">TweetCaster for Android<\/a>","retweet_count":0,"retweeted":false,"geo":null,"filter_level":"medium","in_reply_to_screen_name":null,"entities":{"urls":[],"hashtags":[{"indices":[105,109],"text":"tim"},{"indices":[123,127],"text":"tim"}],"user_mentions":[],"symbols":[]},"id_str":"385052357324972032","in_reply_to_user_id":null,"favorite_count":0,"contributors":null,"text":"De repente vc quer olhar a internet durante uma escapadinha rápida no trampo escondido de todo mundo e a #tim não ajuda, a #tim do meu odio","id":385052357324972032,"place":null,"lang":"pt","user":{"utc_offset":-10800,"friends_count":298,"profile_image_url_https":"https://si0.twimg.com/profile_images/378800000028888624/7cfd1e0b6f1ea1e256e88eb01fc0fd93_normal.jpeg","profile_background_image_url":"http://a0.twimg.com/profile_background_images/737297986/04021fc10afa11880f2a915517417ae5.jpeg","listed_count":24,"default_profile_image":false,"favourites_count":12,"description":"Falo tudo é só perguntar... Quer saber mesmo? Pergunta aew...","created_at":"Fri Jun 25 22:54:03 +0000 2010","is_translator":false,"profile_background_image_url_https":"https://si0.twimg.com/profile_background_images/737297986/04021fc10afa11880f2a915517417ae5.jpeg","protected":false,"screen_name":"EvertonEJ","id_str":"159632185","profile_link_color":"2FC2EF","geo_enabled":true,"id":159632185,"profile_background_color":"1A1B1F","lang":"pt","profile_sidebar_border_color":"FFFFFF","profile_text_color":"666666","verified":false,"profile_image_url":"http://a0.twimg.com/profile_images/378800000028888624/7cfd1e0b6f1ea1e256e88eb01fc0fd93_normal.jpeg","time_zone":"Brasilia","url":null,"contributors_enabled":false,"profile_banner_url":"https://pbs.twimg.com/profile_banners/159632185/1367493978","profile_background_tile":false,"follow_request_sent":null,"statuses_count":4649,"profile_use_background_image":true,"followers_count":299,"following":null,"default_profile":false,"name":"Everton_SCCP","profile_sidebar_fill_color":"252429","location":"Feira de Santana - Bahia","notifications":null},"favorited":false}