{"in_reply_to_status_id_str":null,"in_reply_to_status_id":null,"coordinates":null,"truncated":false,"in_reply_to_user_id_str":null,"created_at":"Tue Oct 01 13:09:17 +0000 2013","source":"<a href=\"http://twitter.com/download/iphone\" rel=\"nofollow\">Twitter for iPhone<\/a>","retweet_count":0,"retweeted":false,"geo":null,"filter_level":"medium","in_reply_to_screen_name":null,"entities":{"urls":[],"hashtags":[],"user_mentions":[{"indices":[23,33],"screen_name":"TIMBrasil","id_str":"62572858","name":"TIM BRASIL","id":62572858}],"symbols":[]},"id_str":"385028648665100289","in_reply_to_user_id":null,"favorite_count":0,"contributors":null,"text":"Péssimo atendimento da @timbrasil , além de me ligar enchendo o saco p mudar o plano, inda desliga na minha cara quando eu recuso a proposta","id":385028648665100289,"place":null,"lang":"pt","user":{"utc_offset":-7200,"friends_count":683,"profile_image_url_https":"https://si0.twimg.com/profile_images/378800000493129384/836903269e8150f8ea526e2dddf4ae6e_normal.jpeg","profile_background_image_url":"http://a0.twimg.com/profile_background_images/831445882/c4f35b041e45abebf9693465c4ae149c.gif","listed_count":186,"default_profile_image":false,"favourites_count":46,"description":"Sol e mar, verão o ano inteiro... Quero paz, amor e sucesso, o resto vem com o tempo e com o esforço !","created_at":"Thu Feb 18 15:51:36 +0000 2010","is_translator":false,"profile_background_image_url_https":"https://si0.twimg.com/profile_background_images/831445882/c4f35b041e45abebf9693465c4ae149c.gif","protected":false,"screen_name":"_LuuLima","id_str":"115415300","profile_link_color":"2FC2EF","geo_enabled":true,"id":115415300,"profile_background_color":"1A1B1F","lang":"en","profile_sidebar_border_color":"FFFFFF","profile_text_color":"666666","verified":false,"profile_image_url":"http://a0.twimg.com/profile_images/378800000493129384/836903269e8150f8ea526e2dddf4ae6e_normal.jpeg","time_zone":"Greenland","url":"http://www.facebook.com/LucasLima22/","contributors_enabled":false,"profile_banner_url":"https://pbs.twimg.com/profile_banners/115415300/1379864540","profile_background_tile":true,"follow_request_sent":null,"statuses_count":56192,"profile_use_background_image":true,"followers_count":4382,"following":null,"default_profile":false,"name":"vivaz ","profile_sidebar_fill_color":"252429","location":"São Paulo","notifications":null},"favorited":false}