{"in_reply_to_status_id_str":null,"in_reply_to_status_id":null,"coordinates":null,"truncated":false,"in_reply_to_user_id_str":null,"created_at":"Tue Oct 01 16:12:47 +0000 2013","source":"web","retweet_count":0,"retweeted":false,"geo":null,"filter_level":"medium","in_reply_to_screen_name":null,"entities":{"urls":[],"hashtags":[],"user_mentions":[{"indices":[16,22],"screen_name":"CAIXA","id_str":"229191436","name":"CAIXA","id":229191436}],"symbols":[]},"id_str":"385074826274033664","in_reply_to_user_id":null,"favorite_count":0,"contributors":null,"text":"01 sonho: que a @CAIXA me atendesse hoje.","id":385074826274033664,"place":null,"lang":"pt","user":{"utc_offset":-10800,"friends_count":687,"profile_image_url_https":"https://si0.twimg.com/profile_images/378800000519501944/1212ce516806ea1859590e4a41f0a85b_normal.jpeg","profile_background_image_url":"http://abs.twimg.com/images/themes/theme14/bg.gif","listed_count":38,"default_profile_image":false,"favourites_count":782,"description":"Jornalista que assa brownies enquanto canta.","created_at":"Mon Apr 13 15:33:49 +0000 2009","is_translator":false,"profile_background_image_url_https":"https://abs.twimg.com/images/themes/theme14/bg.gif","protected":false,"screen_name":"anasama","id_str":"30886295","profile_link_color":"009999","geo_enabled":true,"id":30886295,"profile_background_color":"131516","lang":"en","profile_sidebar_border_color":"EEEEEE","profile_text_color":"333333","verified":false,"profile_image_url":"http://a0.twimg.com/profile_images/378800000519501944/1212ce516806ea1859590e4a41f0a85b_normal.jpeg","time_zone":"Brasilia","url":"http://www.facebook.com/BrownieAnaSama","contributors_enabled":false,"profile_banner_url":"https://pbs.twimg.com/profile_banners/30886295/1376407639","profile_background_tile":true,"follow_request_sent":null,"statuses_count":27663,"profile_use_background_image":true,"followers_count":1620,"following":null,"default_profile":false,"name":"Ana Samadello","profile_sidebar_fill_color":"EFEFEF","location":"São Paulo, Brasil","notifications":null},"favorited":false}