{"in_reply_to_status_id_str":"384790807167111168","in_reply_to_status_id":384790807167111168,"coordinates":null,"truncated":false,"in_reply_to_user_id_str":"271961594","created_at":"Tue Oct 01 11:46:23 +0000 2013","source":"<a href=\"http://www.hootsuite.com\" rel=\"nofollow\">HootSuite<\/a>","retweet_count":0,"retweeted":false,"geo":null,"filter_level":"medium","in_reply_to_screen_name":"andersonvillela","entities":{"urls":[],"hashtags":[],"user_mentions":[{"indices":[0,16],"screen_name":"andersonvillela","id_str":"271961594","name":"Anderson Villela ","id":271961594},{"indices":[90,99],"screen_name":"Itaucard","id_str":"874120338","name":"Itaucard","id":874120338}],"symbols":[]},"id_str":"385007784330543104","in_reply_to_user_id":271961594,"favorite_count":0,"contributors":null,"text":"@andersonvillela PONTIA Anderson! Nesse caso você deve entrar em contato com o pessoal do @itaucard, eles vão te ajudar da melhor forma. =)","id":385007784330543104,"place":null,"lang":"pt","user":{"utc_offset":-25200,"friends_count":90811,"profile_image_url_https":"https://si0.twimg.com/profile_images/378800000499699209/be99aa794388f54bc90d17757abbfbfe_normal.jpeg","profile_background_image_url":"http://a0.twimg.com/profile_background_images/378800000059176843/f6e97a15bcfe6f76001464c1305844c3.jpeg","listed_count":2010,"default_profile_image":false,"favourites_count":29495,"description":"Participe de promoções exclusivas, fale com o Pinguim, saiba das ofertas, lançamentos e novidades do Pontofrio.\r\nGANHE DESCONTOS: http://pingu.im/economizator","created_at":"Wed Oct 15 18:45:31 +0000 2008","is_translator":false,"profile_background_image_url_https":"https://si0.twimg.com/profile_background_images/378800000059176843/f6e97a15bcfe6f76001464c1305844c3.jpeg","protected":false,"screen_name":"pontofrio","id_str":"16788804","profile_link_color":"0084B4","geo_enabled":true,"id":16788804,"profile_background_color":"BB0116","lang":"en","profile_sidebar_border_color":"FFFFFF","profile_text_color":"333333","verified":true,"profile_image_url":"http://a0.twimg.com/profile_images/378800000499699209/be99aa794388f54bc90d17757abbfbfe_normal.jpeg","time_zone":"Arizona","url":"http://pingu.im/QueroComprar","contributors_enabled":false,"profile_banner_url":"https://pbs.twimg.com/profile_banners/16788804/1348583865","profile_background_tile":false,"follow_request_sent":null,"statuses_count":192996,"profile_use_background_image":false,"followers_count":126269,"following":null,"default_profile":false,"name":"Pontofrio.com","profile_sidebar_fill_color":"DDEEF6","location":"Brasil","notifications":null},"favorited":false}