{"in_reply_to_status_id_str":null,"in_reply_to_status_id":null,"coordinates":null,"truncated":false,"in_reply_to_user_id_str":null,"created_at":"Tue Oct 01 15:13:27 +0000 2013","source":"web","retweet_count":0,"retweeted":false,"geo":null,"filter_level":"medium","in_reply_to_screen_name":null,"entities":{"urls":[],"hashtags":[],"user_mentions":[{"indices":[2,14],"screen_name":"ClaroBrasil","id_str":"141310797","name":"Claro Brasil","id":141310797}],"symbols":[]},"id_str":"385059893289316353","in_reply_to_user_id":null,"favorite_count":0,"contributors":null,"text":"a @ClaroBrasil acabou de me roubas 60centavos de credito , que ódio","id":385059893289316353,"place":null,"lang":"pt","user":{"utc_offset":-10800,"friends_count":66,"profile_image_url_https":"https://si0.twimg.com/profile_images/2786537098/3c7cf082713242317026e849699df8b2_normal.jpeg","profile_background_image_url":"http://abs.twimg.com/images/themes/theme14/bg.gif","listed_count":0,"default_profile_image":false,"favourites_count":4,"description":null,"created_at":"Tue Jul 27 22:36:32 +0000 2010","is_translator":false,"profile_background_image_url_https":"https://abs.twimg.com/images/themes/theme14/bg.gif","protected":false,"screen_name":"pimentaardentee","id_str":"171678537","profile_link_color":"009999","geo_enabled":true,"id":171678537,"profile_background_color":"131516","lang":"pt","profile_sidebar_border_color":"EEEEEE","profile_text_color":"333333","verified":false,"profile_image_url":"http://a0.twimg.com/profile_images/2786537098/3c7cf082713242317026e849699df8b2_normal.jpeg","time_zone":"Brasilia","url":"http://meadd.com/evellynvieira","contributors_enabled":false,"profile_background_tile":true,"follow_request_sent":null,"statuses_count":5193,"profile_use_background_image":true,"followers_count":142,"following":null,"default_profile":false,"name":"evellyn pimenta","profile_sidebar_fill_color":"EFEFEF","location":"brasil","notifications":null},"favorited":false}