{"in_reply_to_status_id_str":null,"in_reply_to_status_id":null,"coordinates":null,"truncated":false,"in_reply_to_user_id_str":null,"created_at":"Tue Oct 01 13:59:56 +0000 2013","source":"<a href=\"http://twitter.com/download/android\" rel=\"nofollow\">Twitter for Android<\/a>","retweet_count":0,"retweeted":false,"geo":null,"filter_level":"medium","in_reply_to_screen_name":null,"entities":{"urls":[],"hashtags":[{"indices":[67,81],"text":"BancoDoBrasil"}],"user_mentions":[],"symbols":[]},"id_str":"385041393695334400","in_reply_to_user_id":null,"favorite_count":0,"contributors":null,"text":"Greve dos bancos e as filas do caixa eletrônico só aumentam,  afff #BancoDoBrasil","id":385041393695334400,"place":null,"lang":"pt","user":{"utc_offset":null,"friends_count":27,"profile_image_url_https":"https://si0.twimg.com/profile_images/378800000513029417/5aa167b197efbffb5995a4b615aeaf6e_normal.jpeg","profile_background_image_url":"http://abs.twimg.com/images/themes/theme1/bg.png","listed_count":0,"default_profile_image":false,"favourites_count":1,"description":null,"created_at":"Thu Sep 26 02:43:46 +0000 2013","is_translator":false,"profile_background_image_url_https":"https://abs.twimg.com/images/themes/theme1/bg.png","protected":false,"screen_name":"jardeniatrajano","id_str":"1906274214","profile_link_color":"0084B4","geo_enabled":false,"id":1906274214,"profile_background_color":"C0DEED","lang":"pt","profile_sidebar_border_color":"C0DEED","profile_text_color":"333333","verified":false,"profile_image_url":"http://a0.twimg.com/profile_images/378800000513029417/5aa167b197efbffb5995a4b615aeaf6e_normal.jpeg","time_zone":null,"url":null,"contributors_enabled":false,"profile_background_tile":false,"follow_request_sent":null,"statuses_count":57,"profile_use_background_image":true,"followers_count":12,"following":null,"default_profile":true,"name":"Jardenia Trajano","profile_sidebar_fill_color":"DDEEF6","location":"","notifications":null},"favorited":false}