{"in_reply_to_status_id_str":null,"in_reply_to_status_id":null,"coordinates":null,"truncated":false,"in_reply_to_user_id_str":null,"created_at":"Tue Oct 01 17:29:55 +0000 2013","source":"web","retweet_count":0,"retweeted":false,"geo":null,"filter_level":"medium","in_reply_to_screen_name":null,"entities":{"urls":[],"hashtags":[],"user_mentions":[{"indices":[5,19],"screen_name":"BancodoBrasil","id_str":"83723557","name":"Banco do Brasil","id":83723557}],"symbols":[]},"id_str":"385094235948449795","in_reply_to_user_id":null,"favorite_count":0,"contributors":null,"text":"Olá, @BancodoBrasil. Meu colchão não faz greve quando eu preciso dele. Poderiam lembrar mesmo POR QUE EU ABRI CONTA COM VOCÊS?","id":385094235948449795,"place":null,"lang":"pt","user":{"utc_offset":-10800,"friends_count":434,"profile_image_url_https":"https://si0.twimg.com/profile_images/378800000324079294/7bb6f58fb80d97b0f36e1af42db3df70_normal.jpeg","profile_background_image_url":"http://a0.twimg.com/profile_background_images/378800000059268211/f7e8ba0e9753ab5fa59a371d3c7f08ce.jpeg","listed_count":31,"default_profile_image":false,"favourites_count":164,"description":"Sou o dono desta conta de Twitter. [Perfil atualizado por mim e por minha assessoria de imprensa]","created_at":"Thu Sep 10 18:59:38 +0000 2009","is_translator":false,"profile_background_image_url_https":"https://si0.twimg.com/profile_background_images/378800000059268211/f7e8ba0e9753ab5fa59a371d3c7f08ce.jpeg","protected":false,"screen_name":"ecolombari","id_str":"73191718","profile_link_color":"CC2522","geo_enabled":false,"id":73191718,"profile_background_color":"000000","lang":"en","profile_sidebar_border_color":"FFFFFF","profile_text_color":"333333","verified":false,"profile_image_url":"http://a0.twimg.com/profile_images/378800000324079294/7bb6f58fb80d97b0f36e1af42db3df70_normal.jpeg","time_zone":"Santiago","url":"http://esportes.terra.com.br/futebol/futebol-clube/blog","contributors_enabled":false,"profile_banner_url":"https://pbs.twimg.com/profile_banners/73191718/1364884456","profile_background_tile":true,"follow_request_sent":null,"statuses_count":26171,"profile_use_background_image":true,"followers_count":706,"following":null,"default_profile":false,"name":"Emanuel Colombari","profile_sidebar_fill_color":"FCFCFC","location":"São Paulo","notifications":null},"favorited":false}