{"in_reply_to_status_id_str":null,"in_reply_to_status_id":null,"coordinates":null,"truncated":false,"in_reply_to_user_id_str":null,"created_at":"Tue Oct 01 15:50:39 +0000 2013","source":"<a href=\"http://www.tweetdeck.com\" rel=\"nofollow\">TweetDeck<\/a>","retweet_count":0,"retweeted":false,"geo":null,"filter_level":"medium","in_reply_to_screen_name":null,"entities":{"urls":[],"hashtags":[],"user_mentions":[{"indices":[66,80],"screen_name":"BancodoBrasil","id_str":"83723557","name":"Banco do Brasil","id":83723557}],"symbols":[]},"id_str":"385069257341411328","in_reply_to_user_id":null,"favorite_count":0,"contributors":null,"text":"$60 de manutenção de conta para MEI. Cêis estão de brincadeira né @BancodoBrasil??? Só pode...","id":385069257341411328,"place":null,"lang":"pt","user":{"utc_offset":-7200,"friends_count":320,"profile_image_url_https":"https://si0.twimg.com/profile_images/3640498843/1fb173d64857dbf8e7c943711800eea5_normal.png","profile_background_image_url":"http://abs.twimg.com/images/themes/theme7/bg.gif","listed_count":14,"default_profile_image":false,"favourites_count":238,"description":"Ando devagar por que tenho as pernas curtas.","created_at":"Thu Sep 03 17:43:23 +0000 2009","is_translator":false,"profile_background_image_url_https":"https://abs.twimg.com/images/themes/theme7/bg.gif","protected":false,"screen_name":"DadyAzeredo","id_str":"71312294","profile_link_color":"990000","geo_enabled":false,"id":71312294,"profile_background_color":"EBEBEB","lang":"en","profile_sidebar_border_color":"DFDFDF","profile_text_color":"333333","verified":false,"profile_image_url":"http://a0.twimg.com/profile_images/3640498843/1fb173d64857dbf8e7c943711800eea5_normal.png","time_zone":"Greenland","url":null,"contributors_enabled":false,"profile_banner_url":"https://pbs.twimg.com/profile_banners/71312294/1354735093","profile_background_tile":false,"follow_request_sent":null,"statuses_count":7322,"profile_use_background_image":true,"followers_count":434,"following":null,"default_profile":false,"name":"Dayane Azeredo","profile_sidebar_fill_color":"F3F3F3","location":"São Paulo/SP","notifications":null},"favorited":false}