{"in_reply_to_status_id_str":null,"in_reply_to_status_id":null,"coordinates":null,"truncated":false,"in_reply_to_user_id_str":"17487043","created_at":"Tue Oct 01 13:40:56 +0000 2013","source":"web","retweet_count":0,"retweeted":false,"geo":null,"filter_level":"medium","in_reply_to_screen_name":"digaoi","entities":{"urls":[],"hashtags":[],"user_mentions":[{"indices":[0,7],"screen_name":"digaoi","id_str":"17487043","name":"Diga Oi!","id":17487043}],"symbols":[]},"id_str":"385036612502949888","in_reply_to_user_id":17487043,"favorite_count":0,"contributors":null,"text":"@digaoi A nova MTV estará no line up da OiTV?","id":385036612502949888,"place":null,"lang":"it","user":{"utc_offset":-10800,"friends_count":376,"profile_image_url_https":"https://si0.twimg.com/profile_images/378800000521764136/2ee796fba5d7fe74e424fca110aa8777_normal.jpeg","profile_background_image_url":"http://a0.twimg.com/profile_background_images/344918034409516393/ebcb015284f62d1b06042471aa8fb0fa.jpeg","listed_count":7,"default_profile_image":false,"favourites_count":42,"description":"Achou ruim? Então segue o conselho de marta: relaxa e goza","created_at":"Wed Jun 17 23:42:04 +0000 2009","is_translator":false,"profile_background_image_url_https":"https://si0.twimg.com/profile_background_images/344918034409516393/ebcb015284f62d1b06042471aa8fb0fa.jpeg","protected":false,"screen_name":"luuan__","id_str":"48165358","profile_link_color":"000000","geo_enabled":true,"id":48165358,"profile_background_color":"FFFFFF","lang":"en","profile_sidebar_border_color":"FFFFFF","profile_text_color":"000000","verified":false,"profile_image_url":"http://a0.twimg.com/profile_images/378800000521764136/2ee796fba5d7fe74e424fca110aa8777_normal.jpeg","time_zone":"Santiago","url":null,"contributors_enabled":false,"profile_banner_url":"https://pbs.twimg.com/profile_banners/48165358/1371241716","profile_background_tile":true,"follow_request_sent":null,"statuses_count":107355,"profile_use_background_image":true,"followers_count":488,"following":null,"default_profile":false,"name":"Luan             =)","profile_sidebar_fill_color":"FFFFFF","location":"","notifications":null},"favorited":false}