{"in_reply_to_status_id_str":null,"in_reply_to_status_id":null,"possibly_sensitive":false,"coordinates":null,"truncated":false,"in_reply_to_user_id_str":null,"created_at":"Tue Oct 01 15:03:35 +0000 2013","source":"<a href=\"http://instagram.com\" rel=\"nofollow\">Instagram<\/a>","retweet_count":0,"retweeted":false,"geo":null,"filter_level":"medium","in_reply_to_screen_name":null,"entities":{"urls":[{"display_url":"instagram.com/p/e7dDyeCgQt/","indices":[103,125],"expanded_url":"http://instagram.com/p/e7dDyeCgQt/","url":"http://t.co/PqQILtGn8t"}],"hashtags":[{"indices":[7,12],"text":"Itau"},{"indices":[14,20],"text":"banco"},{"indices":[29,35],"text":"taxas"},{"indices":[55,61],"text":"filas"},{"indices":[95,101],"text":"piada"}],"user_mentions":[],"symbols":[]},"id_str":"385057410744061952","in_reply_to_user_id":null,"favorite_count":0,"contributors":null,"text":"Pois é #Itau, #banco não tem #taxas altas e só existem #filas nas suas agências. Essa é a nova #piada\u2026 http://t.co/PqQILtGn8t","id":385057410744061952,"place":null,"lang":"pt","user":{"utc_offset":-10800,"friends_count":1991,"profile_image_url_https":"https://si0.twimg.com/profile_images/378800000527386909/1bd9411435c489ede17ea179a3cfd2e7_normal.jpeg","profile_background_image_url":"http://a0.twimg.com/profile_background_images/378800000065727604/321810e08d05307b82ed80131f56fb67.jpeg","listed_count":33,"default_profile_image":false,"favourites_count":1107,"description":"Journalist, Actress, Devotee, Lefthanded. Dançarina de Pagode Russo. Assessora do espetáculo #CASMURRO","created_at":"Wed Sep 17 23:53:31 +0000 2008","is_translator":false,"profile_background_image_url_https":"https://si0.twimg.com/profile_background_images/378800000065727604/321810e08d05307b82ed80131f56fb67.jpeg","protected":false,"screen_name":"fabithejoker","id_str":"16339446","profile_link_color":"0E03A8","geo_enabled":false,"id":16339446,"profile_background_color":"030005","lang":"en","profile_sidebar_border_color":"000000","profile_text_color":"0C3E53","verified":false,"profile_image_url":"http://a0.twimg.com/profile_images/378800000527386909/1bd9411435c489ede17ea179a3cfd2e7_normal.jpeg","time_zone":"Brasilia","url":"http://www.facebook.com/CASMURRO.espetaculo","contributors_enabled":false,"profile_banner_url":"https://pbs.twimg.com/profile_banners/16339446/1380433356","profile_background_tile":true,"follow_request_sent":null,"statuses_count":124973,"profile_use_background_image":true,"followers_count":1421,"following":null,"default_profile":false,"name":"Fabi Fernandes ","profile_sidebar_fill_color":"FFF7CC","location":"Brave New World","notifications":null},"favorited":false}