{"in_reply_to_status_id_str":null,"in_reply_to_status_id":null,"coordinates":null,"truncated":false,"in_reply_to_user_id_str":null,"created_at":"Tue Oct 01 14:15:09 +0000 2013","source":"web","retweet_count":0,"retweeted":false,"geo":null,"filter_level":"medium","in_reply_to_screen_name":null,"entities":{"urls":[],"hashtags":[],"user_mentions":[{"indices":[3,13],"screen_name":"skybrasil","id_str":"16725545","name":"SKY Brasil","id":16725545}],"symbols":[]},"id_str":"385045221198675968","in_reply_to_user_id":null,"favorite_count":0,"contributors":null,"text":"ei @skybrasil aonde foi parar a VH1? não me diga que vocês trocaram um canal que tinha Ugly Americans e That Metal Show por essa nova MTV pf","id":385045221198675968,"place":null,"lang":"pt","user":{"utc_offset":-10800,"friends_count":3712,"profile_image_url_https":"https://si0.twimg.com/profile_images/378800000347799644/f21f805f11b227d34c827982cab0f37f_normal.png","profile_background_image_url":"http://a0.twimg.com/profile_background_images/378800000040464710/2ddbf3574ef4218329c87c72bee05852.jpeg","listed_count":525,"default_profile_image":false,"favourites_count":158,"description":"⑥ ⑥ ⑥ starbucks o caralho, aqui é café pilão ⑥ ⑥ ⑥","created_at":"Sun Nov 15 02:11:30 +0000 2009","is_translator":false,"profile_background_image_url_https":"https://si0.twimg.com/profile_background_images/378800000040464710/2ddbf3574ef4218329c87c72bee05852.jpeg","protected":false,"screen_name":"its_kaue","id_str":"90072456","profile_link_color":"DE0B0B","geo_enabled":false,"id":90072456,"profile_background_color":"000000","lang":"en","profile_sidebar_border_color":"000000","profile_text_color":"A39797","verified":false,"profile_image_url":"http://a0.twimg.com/profile_images/378800000347799644/f21f805f11b227d34c827982cab0f37f_normal.png","time_zone":"Brasilia","url":null,"contributors_enabled":false,"profile_banner_url":"https://pbs.twimg.com/profile_banners/90072456/1372585329","profile_background_tile":false,"follow_request_sent":null,"statuses_count":105447,"profile_use_background_image":true,"followers_count":4812,"following":null,"default_profile":false,"name":"deus","profile_sidebar_fill_color":"DDEEF6","location":"SP","notifications":null},"favorited":false}