{"in_reply_to_status_id_str":null,"in_reply_to_status_id":null,"coordinates":null,"truncated":false,"in_reply_to_user_id_str":"229191436","created_at":"Tue Oct 01 17:46:16 +0000 2013","source":"<a href=\"http://twitter.com/download/iphone\" rel=\"nofollow\">Twitter for iPhone<\/a>","retweet_count":0,"retweeted":false,"geo":null,"filter_level":"medium","in_reply_to_screen_name":"CAIXA","entities":{"urls":[],"hashtags":[],"user_mentions":[{"indices":[0,6],"screen_name":"CAIXA","id_str":"229191436","name":"CAIXA","id":229191436}],"symbols":[]},"id_str":"385098352062652416","in_reply_to_user_id":229191436,"favorite_count":0,"contributors":null,"text":"@CAIXA VC ACHA GREVE BONITO??? NAO É BONITO NAO SENHORA","id":385098352062652416,"place":null,"lang":"pt","user":{"utc_offset":-10800,"friends_count":384,"profile_image_url_https":"https://si0.twimg.com/profile_images/378800000167676734/b4dbda766c12b2889a4f2a65b201378e_normal.jpeg","profile_background_image_url":"http://a0.twimg.com/profile_background_images/378800000067528593/a95f69720c0f239654c031ce151beeaa.jpeg","listed_count":6,"default_profile_image":false,"favourites_count":1400,"description":"bug do milênio™","created_at":"Sat Feb 13 18:01:42 +0000 2010","is_translator":false,"profile_background_image_url_https":"https://si0.twimg.com/profile_background_images/378800000067528593/a95f69720c0f239654c031ce151beeaa.jpeg","protected":false,"screen_name":"mibreder","id_str":"113983375","profile_link_color":"F589D3","geo_enabled":true,"id":113983375,"profile_background_color":"383038","lang":"en","profile_sidebar_border_color":"000000","profile_text_color":"0C0657","verified":false,"profile_image_url":"http://a0.twimg.com/profile_images/378800000167676734/b4dbda766c12b2889a4f2a65b201378e_normal.jpeg","time_zone":"Brasilia","url":"http://milenancolia.blogspot.com.br/","contributors_enabled":false,"profile_banner_url":"https://pbs.twimg.com/profile_banners/113983375/1374539468","profile_background_tile":true,"follow_request_sent":null,"statuses_count":32687,"profile_use_background_image":true,"followers_count":571,"following":null,"default_profile":false,"name":"milena","profile_sidebar_fill_color":"EFEFEF","location":"","notifications":null},"favorited":false}