{"in_reply_to_status_id_str":null,"in_reply_to_status_id":null,"possibly_sensitive":false,"coordinates":null,"truncated":false,"in_reply_to_user_id_str":null,"created_at":"Tue Oct 01 13:30:02 +0000 2013","source":"<a href=\"http://www.facebook.com/twitter\" rel=\"nofollow\">Facebook<\/a>","retweet_count":0,"retweeted":false,"geo":null,"filter_level":"medium","in_reply_to_screen_name":null,"entities":{"urls":[{"display_url":"fb.me/WVBavqbS","indices":[114,136],"expanded_url":"http://fb.me/WVBavqbS","url":"http://t.co/Ny6EuJpYsS"}],"hashtags":[{"indices":[0,15],"text":"InformativoIAP"},{"indices":[17,23],"text":"Caixa"}],"user_mentions":[],"symbols":[]},"id_str":"385033866832252928","in_reply_to_user_id":null,"favorite_count":0,"contributors":null,"text":"#InformativoIAP: #Caixa | Novo concurso vem aí! Conheça os benefícios\n\nQuem pretende participar do concurso já... http://t.co/Ny6EuJpYsS","id":385033866832252928,"place":null,"lang":"pt","user":{"utc_offset":-10800,"friends_count":82,"profile_image_url_https":"https://si0.twimg.com/profile_images/2311679157/uqu9wz3izotazqswi5ve_normal.jpeg","profile_background_image_url":"http://a0.twimg.com/profile_background_images/830951358/83fe34ecdfec993e9fe5f0fd29631c88.jpeg","listed_count":74,"default_profile_image":false,"favourites_count":42,"description":"Preparatório Presencial e Online para concursos públicos.\r\nhttp://www.iapcursos.com (IAP Cursos presencial)\r\nhttp://www.iapcursosonline.com (IAP Cursos Online)","created_at":"Mon Oct 26 14:09:52 +0000 2009","is_translator":false,"profile_background_image_url_https":"https://si0.twimg.com/profile_background_images/830951358/83fe34ecdfec993e9fe5f0fd29631c88.jpeg","protected":false,"screen_name":"IAP_Cursos","id_str":"85323312","profile_link_color":"0099CC","geo_enabled":false,"id":85323312,"profile_background_color":"0099B9","lang":"pt","profile_sidebar_border_color":"FFFFFF","profile_text_color":"3C3940","verified":false,"profile_image_url":"http://a0.twimg.com/profile_images/2311679157/uqu9wz3izotazqswi5ve_normal.jpeg","time_zone":"Brasilia","url":"http://www.iapcursos.com/","contributors_enabled":false,"profile_banner_url":"https://pbs.twimg.com/profile_banners/85323312/1364839558","profile_background_tile":true,"follow_request_sent":null,"statuses_count":21869,"profile_use_background_image":true,"followers_count":8624,"following":null,"default_profile":false,"name":"IAP Cursos","profile_sidebar_fill_color":"95E8EC","location":"Natal/RN","notifications":null},"favorited":false}