{"in_reply_to_status_id_str":null,"in_reply_to_status_id":null,"coordinates":null,"truncated":false,"in_reply_to_user_id_str":null,"created_at":"Tue Oct 01 14:02:38 +0000 2013","source":"<a href=\"http://www.facebook.com/twitter\" rel=\"nofollow\">Facebook<\/a>","retweet_count":0,"retweeted":false,"geo":null,"filter_level":"medium","in_reply_to_screen_name":null,"entities":{"urls":[],"hashtags":[],"user_mentions":[{"indices":[9,12],"screen_name":"oi","id_str":"323432118","name":"Oi","id":323432118}],"symbols":[]},"id_str":"385042071754514432","in_reply_to_user_id":null,"favorite_count":0,"contributors":null,"text":"Eu amo a @oi telefone e internet funcionam perfeitamente todos os dias !!!! Mega saudades da Net !!!! Affffffff.....","id":385042071754514432,"place":null,"lang":"pt","user":{"utc_offset":3600,"friends_count":1090,"profile_image_url_https":"https://si0.twimg.com/profile_images/3163281652/d94dfadb75eac119bb35056bdc79d578_normal.jpeg","profile_background_image_url":"http://abs.twimg.com/images/themes/theme10/bg.gif","listed_count":27,"default_profile_image":false,"favourites_count":6,"description":"Mamys, esposa, amada, e abencoada por Deus...","created_at":"Tue Apr 07 15:25:46 +0000 2009","is_translator":false,"profile_background_image_url_https":"https://abs.twimg.com/images/themes/theme10/bg.gif","protected":false,"screen_name":"nessa_loira","id_str":"29469755","profile_link_color":"FF0000","geo_enabled":true,"id":29469755,"profile_background_color":"642D8B","lang":"pt","profile_sidebar_border_color":"65B0DA","profile_text_color":"3D1957","verified":false,"profile_image_url":"http://a0.twimg.com/profile_images/3163281652/d94dfadb75eac119bb35056bdc79d578_normal.jpeg","time_zone":"Lisbon","url":null,"contributors_enabled":false,"profile_banner_url":"https://pbs.twimg.com/profile_banners/29469755/1359165017","profile_background_tile":true,"follow_request_sent":null,"statuses_count":4114,"profile_use_background_image":true,"followers_count":515,"following":null,"default_profile":false,"name":"Vanessa Nogueira","profile_sidebar_fill_color":"7AC3EE","location":"Rio de Janeiro","notifications":null},"favorited":false}