{"in_reply_to_status_id_str":"385050309757657088","in_reply_to_status_id":385050309757657088,"coordinates":null,"truncated":false,"in_reply_to_user_id_str":"1700963426","created_at":"Tue Oct 01 17:09:55 +0000 2013","source":"web","retweet_count":0,"retweeted":false,"geo":null,"filter_level":"medium","in_reply_to_screen_name":"FronckwiaMel","entities":{"urls":[],"hashtags":[],"user_mentions":[{"indices":[0,3],"screen_name":"oi","id_str":"323432118","name":"Oi","id":323432118}],"symbols":[]},"id_str":"385089202594930688","in_reply_to_user_id":1700963426,"favorite_count":0,"contributors":null,"text":"@oi pessoa charmosinha","id":385089202594930688,"place":{"country_code":"BR","country":"Brasil","full_name":"Salvador, Bahia","bounding_box":{"coordinates":[[[-38.700244,-13.02679],[-38.700244,-12.723879],[-38.305051,-12.723879],[-38.305051,-13.02679]]],"type":"Polygon"},"place_type":"city","name":"Salvador","attributes":{},"id":"e60cc1f72c303272","url":"https://api.twitter.com/1.1/geo/id/e60cc1f72c303272.json"},"lang":"pt","user":{"utc_offset":null,"friends_count":170,"profile_image_url_https":"https://si0.twimg.com/profile_images/378800000533933234/5c0c7a51f309d6d56601688cc03aeb99_normal.png","profile_background_image_url":"http://abs.twimg.com/images/themes/theme1/bg.png","listed_count":0,"default_profile_image":false,"favourites_count":2,"description":null,"created_at":"Mon Aug 26 04:50:15 +0000 2013","is_translator":false,"profile_background_image_url_https":"https://abs.twimg.com/images/themes/theme1/bg.png","protected":false,"screen_name":"FronckwiaMel","id_str":"1700963426","profile_link_color":"0084B4","geo_enabled":true,"id":1700963426,"profile_background_color":"C0DEED","lang":"pt","profile_sidebar_border_color":"C0DEED","profile_text_color":"333333","verified":false,"profile_image_url":"http://a0.twimg.com/profile_images/378800000533933234/5c0c7a51f309d6d56601688cc03aeb99_normal.png","time_zone":null,"url":null,"contributors_enabled":false,"profile_background_tile":false,"follow_request_sent":null,"statuses_count":7,"profile_use_background_image":true,"followers_count":0,"following":null,"default_profile":true,"name":"sofia mel fronckwiak","profile_sidebar_fill_color":"DDEEF6","location":"","notifications":null},"favorited":false}