{"in_reply_to_status_id_str":null,"in_reply_to_status_id":null,"possibly_sensitive":false,"coordinates":{"coordinates":[-46.6962719,-23.60622807],"type":"Point"},"truncated":false,"in_reply_to_user_id_str":null,"created_at":"Tue Oct 01 12:31:44 +0000 2013","source":"<a href=\"http://foursquare.com\" rel=\"nofollow\">foursquare<\/a>","retweet_count":0,"retweeted":false,"geo":{"coordinates":[-23.60622807,-46.6962719],"type":"Point"},"filter_level":"medium","in_reply_to_screen_name":null,"entities":{"urls":[{"display_url":"4sq.com/170U4HV","indices":[73,95],"expanded_url":"http://4sq.com/170U4HV","url":"http://t.co/7W5Y59qNKa"}],"hashtags":[],"user_mentions":[{"indices":[32,44],"screen_name":"ClaroBrasil","id_str":"141310797","name":"Claro Brasil","id":141310797}],"symbols":[]},"id_str":"385019196050276352","in_reply_to_user_id":null,"favorite_count":0,"contributors":null,"text":"I'm at Claro Telecomunicações - @clarobrasil (São Paulo, SP) w/ 7 others http://t.co/7W5Y59qNKa","id":385019196050276352,"place":{"country_code":"BR","country":"Brasil","full_name":"São Paulo, São Paulo","bounding_box":{"coordinates":[[[-46.826039,-24.008814],[-46.826039,-23.356792],[-46.365052,-23.356792],[-46.365052,-24.008814]]],"type":"Polygon"},"place_type":"city","name":"São Paulo","attributes":{},"id":"68e019afec7d0ba5","url":"https://api.twitter.com/1.1/geo/id/68e019afec7d0ba5.json"},"lang":"pt","user":{"utc_offset":-10800,"friends_count":277,"profile_image_url_https":"https://si0.twimg.com/profile_images/2448152441/image_normal.jpg","profile_background_image_url":"http://a0.twimg.com/profile_background_images/549456591/perfil_twitter_bg_black.JPG","listed_count":7,"default_profile_image":false,"favourites_count":0,"description":"Sou 38,8 de oxigênio, 10,9 de carbono, 6 de hidrogênio, 1,9 de nitrogênio e 2,4 de devaneios, crises, neuras, desejos, angústias, verdades, sonhos e felicidades","created_at":"Sun May 18 06:05:04 +0000 2008","is_translator":false,"profile_background_image_url_https":"https://si0.twimg.com/profile_background_images/549456591/perfil_twitter_bg_black.JPG","protected":false,"screen_name":"friandes","id_str":"14818332","profile_link_color":"030303","geo_enabled":true,"id":14818332,"profile_background_color":"030303","lang":"pt","profile_sidebar_border_color":"060A00","profile_text_color":"000000","verified":false,"profile_image_url":"http://a0.twimg.com/profile_images/2448152441/image_normal.jpg","time_zone":"Brasilia","url":"http://www.friandes.com","contributors_enabled":false,"profile_background_tile":false,"follow_request_sent":null,"statuses_count":26637,"profile_use_background_image":true,"followers_count":505,"following":null,"default_profile":false,"name":"Roberto Friandes","profile_sidebar_fill_color":"E8E9E7","location":"São Paulo, Brazil","notifications":null},"favorited":false}