{"in_reply_to_status_id_str":null,"in_reply_to_status_id":null,"possibly_sensitive":true,"coordinates":null,"truncated":false,"in_reply_to_user_id_str":"14762045","created_at":"Tue Oct 01 15:09:34 +0000 2013","source":"web","retweet_count":0,"retweeted":false,"geo":null,"filter_level":"medium","in_reply_to_screen_name":"reporterbrasil","entities":{"urls":[{"display_url":"tvmoginews.com.br","indices":[60,82],"expanded_url":"http://www.tvmoginews.com.br","url":"http://t.co/lllQ1iB5xq"}],"hashtags":[{"indices":[19,24],"text":"vivo"},{"indices":[101,112],"text":"Telejornal"},{"indices":[113,118],"text":"Mogi"},{"indices":[119,124],"text":"News"},{"indices":[135,140],"text":"vivo"}],"user_mentions":[{"indices":[0,15],"screen_name":"reporterbrasil","id_str":"14762045","name":"reporterbrasil","id":14762045}],"symbols":[]},"id_str":"385058915362168832","in_reply_to_user_id":14762045,"favorite_count":0,"contributors":null,"text":"@reporterbrasil ao #vivo está no ar no Canal 15 NET Digital http://t.co/lllQ1iB5xq e `s 12h28 começa #Telejornal #Mogi #News 1ª edição #vivo","id":385058915362168832,"place":null,"lang":"pt","user":{"utc_offset":-10800,"friends_count":226,"profile_image_url_https":"https://si0.twimg.com/profile_images/1883767221/avatar_twit1_normal.jpg","profile_background_image_url":"http://a0.twimg.com/profile_background_images/43644503/fundo-twitter.jpg","listed_count":45,"default_profile_image":false,"favourites_count":13,"description":"Canal 15 Digital NET + de 70 programas simultaneamente na TV a cabo e site http://t.co/lWvJy9es e FACE. Parceira @TVBrasil\r\nTV MOGI NEWS 24 horas ligada em vc!","created_at":"Tue Jul 21 04:17:28 +0000 2009","is_translator":false,"profile_background_image_url_https":"https://si0.twimg.com/profile_background_images/43644503/fundo-twitter.jpg","protected":false,"screen_name":"moginewsnatv","id_str":"58701497","profile_link_color":"0084B4","geo_enabled":false,"id":58701497,"profile_background_color":"022330","lang":"pt","profile_sidebar_border_color":"A8C7F7","profile_text_color":"333333","verified":false,"profile_image_url":"http://a0.twimg.com/profile_images/1883767221/avatar_twit1_normal.jpg","time_zone":"Brasilia","url":"http://www.tvmoginews.com.br","contributors_enabled":false,"profile_background_tile":false,"follow_request_sent":null,"statuses_count":21374,"profile_use_background_image":true,"followers_count":1702,"following":null,"default_profile":false,"name":"TV MOGI NEWS","profile_sidebar_fill_color":"C0DFEC","location":"Mogi das Cruzes, Brasil","notifications":null},"favorited":false}