{"in_reply_to_status_id_str":null,"in_reply_to_status_id":null,"coordinates":null,"truncated":false,"in_reply_to_user_id_str":null,"created_at":"Tue Oct 01 14:26:38 +0000 2013","source":"web","retweet_count":0,"retweeted":false,"geo":null,"filter_level":"medium","in_reply_to_screen_name":null,"entities":{"urls":[],"hashtags":[],"user_mentions":[{"indices":[2,14],"screen_name":"AloBradesco","id_str":"78317870","name":"Alô Bradesco","id":78317870}],"symbols":[]},"id_str":"385048111178993665","in_reply_to_user_id":null,"favorite_count":0,"contributors":null,"text":"ô @AloBradesco me ajuda ai, me arranja um cartão de débito visa ou master, o elo não funciona nas baladas rs","id":385048111178993665,"place":null,"lang":"pt","user":{"utc_offset":-10800,"friends_count":611,"profile_image_url_https":"https://si0.twimg.com/profile_images/378800000416785791/2b99ea0696463ab5c2ac6600252e5d00_normal.jpeg","profile_background_image_url":"http://a0.twimg.com/profile_background_images/593560799/qy7luja5ptxfz3oc29ed.jpeg","listed_count":27,"default_profile_image":false,"favourites_count":511,"description":"Hapiness is only real when shared. Go run. Do an ironman. Dono do @radiocorsa e estagiario do @dinheirama","created_at":"Fri Nov 07 10:13:02 +0000 2008","is_translator":false,"profile_background_image_url_https":"https://si0.twimg.com/profile_background_images/593560799/qy7luja5ptxfz3oc29ed.jpeg","protected":false,"screen_name":"igor_oliveira","id_str":"17229151","profile_link_color":"0084B4","geo_enabled":true,"id":17229151,"profile_background_color":"9AE4E8","lang":"en","profile_sidebar_border_color":"EEEEEE","profile_text_color":"333333","verified":false,"profile_image_url":"http://a0.twimg.com/profile_images/378800000416785791/2b99ea0696463ab5c2ac6600252e5d00_normal.jpeg","time_zone":"Brasilia","url":"http://about.me/igor_oliveira","contributors_enabled":false,"profile_banner_url":"https://pbs.twimg.com/profile_banners/17229151/1378684920","profile_background_tile":true,"follow_request_sent":null,"statuses_count":106164,"profile_use_background_image":true,"followers_count":972,"following":null,"default_profile":false,"name":"Igor","profile_sidebar_fill_color":"EFEFEF","location":"Brazil","notifications":null},"favorited":false}