{"in_reply_to_status_id_str":null,"in_reply_to_status_id":null,"coordinates":null,"truncated":false,"in_reply_to_user_id_str":null,"created_at":"Tue Oct 01 14:14:08 +0000 2013","source":"web","retweet_count":0,"retweeted":false,"geo":null,"filter_level":"medium","in_reply_to_screen_name":null,"entities":{"urls":[],"hashtags":[],"user_mentions":[{"indices":[34,39],"screen_name":"itau","id_str":"179398386","name":"Itaú","id":179398386}],"symbols":[]},"id_str":"385044966226935808","in_reply_to_user_id":null,"favorite_count":0,"contributors":null,"text":"Ainda aguardando a boa vontade do @itau em responder minha solicitação... ta dificil viu.","id":385044966226935808,"place":null,"lang":"pt","user":{"utc_offset":-10800,"friends_count":477,"profile_image_url_https":"https://si0.twimg.com/profile_images/1802267372/053_normal.JPG","profile_background_image_url":"http://a0.twimg.com/profile_background_images/416161547/011.JPG","listed_count":4,"default_profile_image":false,"favourites_count":25,"description":"Programador, colecionador e boleiro de fim de semana :D","created_at":"Thu Jun 05 00:11:06 +0000 2008","is_translator":false,"profile_background_image_url_https":"https://si0.twimg.com/profile_background_images/416161547/011.JPG","protected":false,"screen_name":"Sorinamorim","id_str":"15012130","profile_link_color":"0084B4","geo_enabled":true,"id":15012130,"profile_background_color":"C0DEED","lang":"en","profile_sidebar_border_color":"C0DEED","profile_text_color":"333333","verified":false,"profile_image_url":"http://a0.twimg.com/profile_images/1802267372/053_normal.JPG","time_zone":"Brasilia","url":null,"contributors_enabled":false,"profile_background_tile":true,"follow_request_sent":null,"statuses_count":8213,"profile_use_background_image":true,"followers_count":202,"following":null,"default_profile":false,"name":"Marcos Amorim","profile_sidebar_fill_color":"DDEEF6","location":"","notifications":null},"favorited":false}