{"in_reply_to_status_id_str":null,"in_reply_to_status_id":null,"coordinates":null,"truncated":false,"in_reply_to_user_id_str":null,"created_at":"Tue Oct 01 13:20:06 +0000 2013","source":"<a href=\"http://twitter.com/download/android\" rel=\"nofollow\">Twitter for Android<\/a>","retweet_count":0,"retweeted":false,"geo":null,"filter_level":"medium","in_reply_to_screen_name":null,"entities":{"urls":[],"hashtags":[],"user_mentions":[{"indices":[80,93],"screen_name":"santander_br","id_str":"48700857","name":"Santander Brasil","id":48700857},{"indices":[94,99],"screen_name":"itau","id_str":"179398386","name":"Itaú","id":179398386},{"indices":[100,109],"screen_name":"Bradesco","id_str":"79184083","name":"Banco Bradesco","id":79184083}],"symbols":[]},"id_str":"385031369430401024","in_reply_to_user_id":null,"favorite_count":0,"contributors":null,"text":"Preciso abrir uma conta PJ! Qual de vcs tem mais vantagens e taxas mais baixas? @santander_br @itau @Bradesco","id":385031369430401024,"place":null,"lang":"pt","user":{"utc_offset":-10800,"friends_count":128,"profile_image_url_https":"https://si0.twimg.com/profile_images/1119665343/0_215_normal.jpg","profile_background_image_url":"http://a0.twimg.com/profile_background_images/146073588/2010-09-08_06-38-58_200.142.128.16.jpg","listed_count":1,"default_profile_image":false,"favourites_count":0,"description":"DHTUNING RACE TEAM\r\nAcessem !!!\r\nhttp://www.dhtuning.com/forum","created_at":"Wed Feb 18 11:49:44 +0000 2009","is_translator":false,"profile_background_image_url_https":"https://si0.twimg.com/profile_background_images/146073588/2010-09-08_06-38-58_200.142.128.16.jpg","protected":false,"screen_name":"danielperes","id_str":"21188688","profile_link_color":"0084B4","geo_enabled":false,"id":21188688,"profile_background_color":"FFFFFF","lang":"pt","profile_sidebar_border_color":"00CCFF","profile_text_color":"333333","verified":false,"profile_image_url":"http://a0.twimg.com/profile_images/1119665343/0_215_normal.jpg","time_zone":"Brasilia","url":"http://www.dhtuning.com","contributors_enabled":false,"profile_background_tile":false,"follow_request_sent":null,"statuses_count":1041,"profile_use_background_image":true,"followers_count":53,"following":null,"default_profile":false,"name":"Daniel Peres","profile_sidebar_fill_color":"00CCFF","location":"","notifications":null},"favorited":false}