{"in_reply_to_status_id_str":null,"in_reply_to_status_id":null,"coordinates":null,"truncated":false,"in_reply_to_user_id_str":null,"created_at":"Tue Oct 01 14:33:38 +0000 2013","source":"<a href=\"http://twitter.com/download/android\" rel=\"nofollow\">Twitter for Android<\/a>","retweet_count":0,"retweeted":false,"geo":null,"filter_level":"medium","in_reply_to_screen_name":null,"entities":{"urls":[],"hashtags":[{"indices":[29,35],"text":"Caixa"}],"user_mentions":[],"symbols":[]},"id_str":"385049872426356736","in_reply_to_user_id":null,"favorite_count":0,"contributors":null,"text":"Ninguém merece essa greve da #Caixa.... brincadeira! !","id":385049872426356736,"place":null,"lang":"pt","user":{"utc_offset":-10800,"friends_count":184,"profile_image_url_https":"https://si0.twimg.com/profile_images/2857189960/eb929b18df4f55a4a05b4c95fa65e460_normal.jpeg","profile_background_image_url":"http://abs.twimg.com/images/themes/theme9/bg.gif","listed_count":0,"default_profile_image":false,"favourites_count":5,"description":"PR. DA IGREJA PENTECOSTAL PORTAS ABERTAS EM BH/MG.\n AGENDAS 31 8855-5558/9172-9799","created_at":"Thu Feb 04 20:44:39 +0000 2010","is_translator":false,"profile_background_image_url_https":"https://abs.twimg.com/images/themes/theme9/bg.gif","protected":false,"screen_name":"PRDIOGOCARVALHO","id_str":"111409038","profile_link_color":"2FC2EF","geo_enabled":false,"id":111409038,"profile_background_color":"1A1B1F","lang":"es","profile_sidebar_border_color":"181A1E","profile_text_color":"666666","verified":false,"profile_image_url":"http://a0.twimg.com/profile_images/2857189960/eb929b18df4f55a4a05b4c95fa65e460_normal.jpeg","time_zone":"Brasilia","url":"http://www.facebook.com/mobileprotection#!/profile.php?id=100002196245553","contributors_enabled":false,"profile_banner_url":"https://pbs.twimg.com/profile_banners/111409038/1374942057","profile_background_tile":false,"follow_request_sent":null,"statuses_count":1146,"profile_use_background_image":true,"followers_count":118,"following":null,"default_profile":false,"name":"PR DIOGO CARVALHO","profile_sidebar_fill_color":"252429","location":"BELO HORIZONTE","notifications":null},"favorited":false}