{"in_reply_to_status_id_str":"385030907167387648","in_reply_to_status_id":385030907167387648,"coordinates":null,"truncated":false,"in_reply_to_user_id_str":"22679577","created_at":"Tue Oct 01 15:33:37 +0000 2013","source":"<a href=\"http://twitter.com/download/iphone\" rel=\"nofollow\">Twitter for iPhone<\/a>","retweet_count":0,"retweeted":false,"geo":null,"filter_level":"medium","in_reply_to_screen_name":"ClaroBlog","entities":{"urls":[],"hashtags":[],"user_mentions":[{"indices":[0,10],"screen_name":"ClaroBlog","id_str":"22679577","name":"ClaroBlog","id":22679577}],"symbols":[]},"id_str":"385064970075271168","in_reply_to_user_id":22679577,"favorite_count":0,"contributors":null,"text":"@ClaroBlog realmente, ontem foi um sufoco. Trabalho com assessoria de imprensa e isso é um transtorno, mas agradeço a atenção","id":385064970075271168,"place":null,"lang":"pt","user":{"utc_offset":-10800,"friends_count":474,"profile_image_url_https":"https://si0.twimg.com/profile_images/2723082985/b361f3925f605f53783a6d976cfbb065_normal.jpeg","profile_background_image_url":"http://a0.twimg.com/profile_background_images/625372076/8se83vq1anbrbfcuj2k9.jpeg","listed_count":26,"default_profile_image":false,"favourites_count":419,"description":"Indo, sempre indo...","created_at":"Sun Aug 08 20:26:40 +0000 2010","is_translator":false,"profile_background_image_url_https":"https://si0.twimg.com/profile_background_images/625372076/8se83vq1anbrbfcuj2k9.jpeg","protected":false,"screen_name":"celia_forte","id_str":"176181716","profile_link_color":"2FC2EF","geo_enabled":true,"id":176181716,"profile_background_color":"1A1B1F","lang":"pt","profile_sidebar_border_color":"EEEEEE","profile_text_color":"333333","verified":false,"profile_image_url":"http://a0.twimg.com/profile_images/2723082985/b361f3925f605f53783a6d976cfbb065_normal.jpeg","time_zone":"Brasilia","url":null,"contributors_enabled":false,"profile_banner_url":"https://pbs.twimg.com/profile_banners/176181716/1355541499","profile_background_tile":true,"follow_request_sent":null,"statuses_count":10790,"profile_use_background_image":true,"followers_count":6323,"following":null,"default_profile":false,"name":"Célia Forte","profile_sidebar_fill_color":"EFEFEF","location":"","notifications":null},"favorited":false}