{"in_reply_to_status_id_str":null,"in_reply_to_status_id":null,"coordinates":null,"truncated":false,"in_reply_to_user_id_str":null,"created_at":"Tue Oct 01 16:04:08 +0000 2013","source":"web","retweet_count":1,"retweeted":false,"geo":null,"in_reply_to_screen_name":null,"entities":{"urls":[],"hashtags":[],"user_mentions":[{"indices":[29,43],"screen_name":"BancodoBrasil","id_str":"83723557","name":"Banco do Brasil","id":83723557}],"symbols":[]},"id_str":"385072649765806081","in_reply_to_user_id":null,"favorite_count":0,"contributors":null,"text":"Não é o caso de privatizar o @bancodobrasil em decadência por má gestão, antes que se tenha um infortúnio e depois socializar o prejuízo?","id":385072649765806081,"place":null,"lang":"pt","user":{"utc_offset":-10800,"friends_count":679,"profile_image_url_https":"https://si0.twimg.com/profile_images/378800000523757124/9b04c96f7da923c9598f4befdf7b7354_normal.png","profile_background_image_url":"http://a0.twimg.com/profile_background_images/378800000083886567/8d920ef5efb22e10ee1d2ad4c2645cd4.jpeg","listed_count":33,"default_profile_image":false,"favourites_count":11254,"description":"Bloguista do Portal Comunique-se - certificado por etc. gene e tal: http://is.gd/sk1JSm que deita e rola. Ah!  #votonulo","created_at":"Fri Jun 26 07:47:44 +0000 2009","is_translator":false,"profile_background_image_url_https":"https://si0.twimg.com/profile_background_images/378800000083886567/8d920ef5efb22e10ee1d2ad4c2645cd4.jpeg","protected":false,"screen_name":"BlogDoTato","id_str":"50967484","profile_link_color":"9D582E","geo_enabled":false,"id":50967484,"profile_background_color":"FFFFFF","lang":"pt","profile_sidebar_border_color":"FFFFFF","profile_text_color":"333333","verified":false,"profile_image_url":"http://a0.twimg.com/profile_images/378800000523757124/9b04c96f7da923c9598f4befdf7b7354_normal.png","time_zone":"Brasilia","url":"http://tatodemacedo.blogspot.com/","contributors_enabled":false,"profile_banner_url":"https://pbs.twimg.com/profile_banners/50967484/1352124923","profile_background_tile":true,"follow_request_sent":null,"statuses_count":154269,"profile_use_background_image":true,"followers_count":1219,"following":null,"default_profile":false,"name":"Tato De Macedo ⎝⏠⏝⏠⎠","profile_sidebar_fill_color":"EADEAA","location":"Brasil, de Bananas e Bundas ","notifications":null},"favorited":false}