{"in_reply_to_status_id_str":null,"in_reply_to_status_id":null,"coordinates":null,"truncated":false,"in_reply_to_user_id_str":null,"created_at":"Tue Oct 01 14:04:33 +0000 2013","source":"<a href=\"http://itunes.apple.com/us/app/twitter/id409789998?mt=12\" rel=\"nofollow\">Twitter for Mac<\/a>","retweet_count":0,"retweeted":false,"geo":null,"filter_level":"medium","in_reply_to_screen_name":null,"entities":{"urls":[],"hashtags":[{"indices":[40,45],"text":"Itau"}],"user_mentions":[],"symbols":[]},"id_str":"385042553718177792","in_reply_to_user_id":null,"favorite_count":0,"contributors":null,"text":"Atendimento porco, nojento e escroto do #Itau Empresas. Que lixo de banco!","id":385042553718177792,"place":null,"lang":"pt","user":{"utc_offset":-10800,"friends_count":88,"profile_image_url_https":"https://si0.twimg.com/profile_images/3435613308/6c5b10ce97efc096f9764825b6fcda15_normal.jpeg","profile_background_image_url":"http://a0.twimg.com/profile_background_images/24172965/snowboard.jpg","listed_count":14,"default_profile_image":false,"favourites_count":31,"description":"Discípulo do Mestre, publicitário, semigeek, editor do @blog_evom, músico, longboarder e torcedor do Packers.\n\nAprendendo e vivendo.","created_at":"Wed Apr 08 17:11:18 +0000 2009","is_translator":false,"profile_background_image_url_https":"https://si0.twimg.com/profile_background_images/24172965/snowboard.jpg","protected":false,"screen_name":"1978arp","id_str":"29764170","profile_link_color":"B4000E","geo_enabled":false,"id":29764170,"profile_background_color":"B3B3B3","lang":"pt","profile_sidebar_border_color":"BFC1BE","profile_text_color":"333333","verified":false,"profile_image_url":"http://a0.twimg.com/profile_images/3435613308/6c5b10ce97efc096f9764825b6fcda15_normal.jpeg","time_zone":"Brasilia","url":"http://www.alessandrorodrigues.net","contributors_enabled":false,"profile_background_tile":false,"follow_request_sent":null,"statuses_count":21224,"profile_use_background_image":true,"followers_count":316,"following":null,"default_profile":false,"name":"Alessandro Rodrigues","profile_sidebar_fill_color":"888281","location":"São Paulo | Brasil","notifications":null},"favorited":false}