{"in_reply_to_status_id_str":null,"in_reply_to_status_id":null,"possibly_sensitive":false,"coordinates":null,"truncated":false,"in_reply_to_user_id_str":null,"created_at":"Tue Oct 01 16:00:41 +0000 2013","source":"web","retweet_count":0,"retweeted":false,"geo":null,"filter_level":"medium","in_reply_to_screen_name":null,"entities":{"urls":[{"display_url":"youtube.com/watch?v=Nli482\u2026","indices":[88,110],"expanded_url":"http://www.youtube.com/watch?v=Nli482MI3rE&feature=c4-overview&list=UU39kS3rWcSEMIwFmpa4_26A","url":"http://t.co/8iSHSNGaDk"}],"hashtags":[{"indices":[0,6],"text":"Claro"}],"user_mentions":[],"symbols":[]},"id_str":"385071782824132608","in_reply_to_user_id":null,"favorite_count":0,"contributors":null,"text":"#Claro news: Blackberry es vendida a Fairfax x u$s4.7 billones a un ritmo vertiginoso:  http://t.co/8iSHSNGaDk \u2026 \u2026 \u2026 \u2026","id":385071782824132608,"place":null,"lang":"es","user":{"utc_offset":-10800,"friends_count":151,"profile_image_url_https":"https://si0.twimg.com/profile_images/2419310419/ha_20s_7Emueble_normal.jpg","profile_background_image_url":"http://a0.twimg.com/profile_background_images/837425881/5a262df4283793aaeaa84e00da336d41.jpeg","listed_count":11,"default_profile_image":false,"favourites_count":152,"description":"Para dar un servicio de excelencia, lo primero que hay que dar es la cara... (utiliza esta comunicación c/ Claro Uruguay)","created_at":"Tue Apr 05 17:34:20 +0000 2011","is_translator":false,"profile_background_image_url_https":"https://si0.twimg.com/profile_background_images/837425881/5a262df4283793aaeaa84e00da336d41.jpeg","protected":false,"screen_name":"SoyClaroUy","id_str":"277587110","profile_link_color":"F7450F","geo_enabled":false,"id":277587110,"profile_background_color":"F2F230","lang":"es","profile_sidebar_border_color":"FFFFFF","profile_text_color":"333333","verified":false,"profile_image_url":"http://a0.twimg.com/profile_images/2419310419/ha_20s_7Emueble_normal.jpg","time_zone":"Buenos Aires","url":"http://www.claro.com.uy","contributors_enabled":false,"profile_banner_url":"https://pbs.twimg.com/profile_banners/277587110/1365436073","profile_background_tile":true,"follow_request_sent":null,"statuses_count":8130,"profile_use_background_image":true,"followers_count":3046,"following":null,"default_profile":false,"name":"Horacio Alvarellos ","profile_sidebar_fill_color":"DDEEF6","location":"Director General de Claro Uy","notifications":null},"favorited":false}