{"in_reply_to_status_id_str":null,"in_reply_to_status_id":null,"coordinates":null,"truncated":false,"in_reply_to_user_id_str":null,"created_at":"Tue Oct 01 12:37:42 +0000 2013","source":"<a href=\"http://itunes.apple.com/us/app/twitter/id409789998?mt=12\" rel=\"nofollow\">Twitter for Mac<\/a>","retweet_count":0,"retweeted":false,"geo":null,"filter_level":"medium","in_reply_to_screen_name":null,"entities":{"urls":[],"hashtags":[{"indices":[97,106],"text":"parabens"}],"user_mentions":[{"indices":[9,20],"screen_name":"Vivoemrede","id_str":"43218789","name":"Vivo em Rede","id":43218789}],"symbols":[]},"id_str":"385020697694961664","in_reply_to_user_id":null,"favorite_count":0,"contributors":null,"text":"Obrigado @Vivoemrede, vocês erram no meu plano, cobram uma fortuna e agora minha linha é cortada #parabens","id":385020697694961664,"place":null,"lang":"pt","user":{"utc_offset":null,"friends_count":236,"profile_image_url_https":"https://si0.twimg.com/profile_images/1762432229/image_normal.jpg","profile_background_image_url":"http://abs.twimg.com/images/themes/theme1/bg.png","listed_count":4,"default_profile_image":false,"favourites_count":2,"description":"Designer Gráfico, autor do Blog Cultural http://t.co/LtvbQ3P8, amante de boa Música, cercado de bons amigos e bebedor assíduo de Heineken\n\nSucesso | Abasteça-se","created_at":"Thu Mar 31 13:42:09 +0000 2011","is_translator":false,"profile_background_image_url_https":"https://abs.twimg.com/images/themes/theme1/bg.png","protected":false,"screen_name":"pepeqclv","id_str":"275021013","profile_link_color":"FF0091","geo_enabled":false,"id":275021013,"profile_background_color":"D1D1D1","lang":"en","profile_sidebar_border_color":"000000","profile_text_color":"333333","verified":false,"profile_image_url":"http://a0.twimg.com/profile_images/1762432229/image_normal.jpg","time_zone":null,"url":"http://www.pepeferreira.com.br","contributors_enabled":false,"profile_banner_url":"https://pbs.twimg.com/profile_banners/275021013/1351030507","profile_background_tile":false,"follow_request_sent":null,"statuses_count":3349,"profile_use_background_image":false,"followers_count":349,"following":null,"default_profile":false,"name":"Pepê Ferreira","profile_sidebar_fill_color":"00FFFF","location":"Nova Odessa","notifications":null},"favorited":false}