{"in_reply_to_status_id_str":null,"in_reply_to_status_id":null,"coordinates":null,"truncated":false,"in_reply_to_user_id_str":null,"created_at":"Tue Oct 01 16:11:07 +0000 2013","source":"<a href=\"http://twitter.com/download/android\" rel=\"nofollow\">Twitter for Android<\/a>","retweet_count":0,"retweeted":false,"geo":null,"filter_level":"medium","in_reply_to_screen_name":null,"entities":{"urls":[],"hashtags":[],"user_mentions":[{"indices":[13,22],"screen_name":"Bradesco","id_str":"79184083","name":"Banco Bradesco","id":79184083}],"symbols":[]},"id_str":"385074406827253760","in_reply_to_user_id":null,"favorite_count":0,"contributors":null,"text":"Ola sr banco @bradesco gostaria q o sr quebrasse os grilhoes das contas Corrente pois escravidao ja acabou ha mts ano","id":385074406827253760,"place":null,"lang":"pt","user":{"utc_offset":-25200,"friends_count":227,"profile_image_url_https":"https://si0.twimg.com/profile_images/378800000241592531/6936b6a09a5c98c8cdff1c641236bf5a_normal.png","profile_background_image_url":"http://abs.twimg.com/images/themes/theme1/bg.png","listed_count":23,"default_profile_image":false,"favourites_count":879,"description":"little plane little plane naughties' little plane, mischief and turmoil, you will fly while playing","created_at":"Sun Apr 05 16:03:00 +0000 2009","is_translator":false,"profile_background_image_url_https":"https://abs.twimg.com/images/themes/theme1/bg.png","protected":false,"screen_name":"rickhenrique","id_str":"29008965","profile_link_color":"190A85","geo_enabled":true,"id":29008965,"profile_background_color":"53ABCC","lang":"en","profile_sidebar_border_color":"000000","profile_text_color":"333333","verified":false,"profile_image_url":"http://a0.twimg.com/profile_images/378800000241592531/6936b6a09a5c98c8cdff1c641236bf5a_normal.png","time_zone":"Pacific Time (US & Canada)","url":null,"contributors_enabled":false,"profile_banner_url":"https://pbs.twimg.com/profile_banners/29008965/1375378835","profile_background_tile":false,"follow_request_sent":null,"statuses_count":33555,"profile_use_background_image":false,"followers_count":359,"following":null,"default_profile":false,"name":"ʀɪᴄᴋʜᴇɴʀɪǫᴜᴇ","profile_sidebar_fill_color":"DDEEF6","location":"recife, pe","notifications":null},"favorited":false}