{"in_reply_to_status_id_str":null,"in_reply_to_status_id":null,"coordinates":null,"truncated":false,"in_reply_to_user_id_str":null,"created_at":"Tue Oct 01 17:05:04 +0000 2013","source":"web","retweet_count":0,"retweeted":false,"geo":null,"filter_level":"medium","in_reply_to_screen_name":null,"entities":{"urls":[],"hashtags":[],"user_mentions":[{"indices":[2,16],"screen_name":"BancodoBrasil","id_str":"83723557","name":"Banco do Brasil","id":83723557},{"indices":[133,140],"screen_name":"MaisBB","id_str":"95898299","name":"Mais Banco do Brasil","id":95898299}],"symbols":[]},"id_str":"385087981603672064","in_reply_to_user_id":null,"favorite_count":0,"contributors":null,"text":"O @BancodoBrasil não me mandou certo as notificações por SMS, ultimamente. Mas provavelmente vão cobrar a taxa desse serviço, né? ;( @MaisBB","id":385087981603672064,"place":null,"lang":"pt","user":{"utc_offset":-10800,"friends_count":204,"profile_image_url_https":"https://si0.twimg.com/profile_images/378800000419385944/5c9882d4dc6471cd2cde768d40539dd3_normal.jpeg","profile_background_image_url":"http://a0.twimg.com/profile_background_images/174812441/WallPaperHD_115.jpg","listed_count":6,"default_profile_image":false,"favourites_count":455,"description":"Corinthiano, geek, vidrado em tecnologia e principalmente nas coisas lá do Alto!","created_at":"Sat Jun 13 17:50:45 +0000 2009","is_translator":false,"profile_background_image_url_https":"https://si0.twimg.com/profile_background_images/174812441/WallPaperHD_115.jpg","protected":false,"screen_name":"marcosjahn","id_str":"46929682","profile_link_color":"0084B4","geo_enabled":true,"id":46929682,"profile_background_color":"C0DEED","lang":"en","profile_sidebar_border_color":"C0DEED","profile_text_color":"333333","verified":false,"profile_image_url":"http://a0.twimg.com/profile_images/378800000419385944/5c9882d4dc6471cd2cde768d40539dd3_normal.jpeg","time_zone":"Brasilia","url":"http://bit.ly/marcosjahn","contributors_enabled":false,"profile_banner_url":"https://pbs.twimg.com/profile_banners/46929682/1347976158","profile_background_tile":false,"follow_request_sent":null,"statuses_count":37835,"profile_use_background_image":true,"followers_count":165,"following":null,"default_profile":false,"name":"Marcos Jahn","profile_sidebar_fill_color":"DDEEF6","location":"Joinville/SC - Brazil","notifications":null},"favorited":false}