{"in_reply_to_status_id_str":null,"in_reply_to_status_id":null,"coordinates":null,"truncated":false,"in_reply_to_user_id_str":null,"created_at":"Tue Oct 01 14:05:41 +0000 2013","source":"web","retweet_count":0,"retweeted":false,"geo":null,"filter_level":"medium","in_reply_to_screen_name":null,"entities":{"urls":[],"hashtags":[{"indices":[117,126],"text":"Bradesco"}],"user_mentions":[],"symbols":[]},"id_str":"385042840650137600","in_reply_to_user_id":null,"favorite_count":0,"contributors":null,"text":"Tenho boletos pra imprimir e saíram pela linha DDA, não tem outra forma de imprimir sem que seja código por código?  #Bradesco","id":385042840650137600,"place":null,"lang":"pt","user":{"utc_offset":-25200,"friends_count":2351,"profile_image_url_https":"https://si0.twimg.com/profile_images/378800000405594154/f44d3b155f5eac4eb7912e45e3791a44_normal.jpeg","profile_background_image_url":"http://a0.twimg.com/profile_background_images/378800000081448641/2998858017c17f8ab74273ea452632e0.jpeg","listed_count":69,"default_profile_image":false,"favourites_count":21,"description":"Tatiany Amaral.","created_at":"Sat Jul 25 23:36:36 +0000 2009","is_translator":false,"profile_background_image_url_https":"https://si0.twimg.com/profile_background_images/378800000081448641/2998858017c17f8ab74273ea452632e0.jpeg","protected":false,"screen_name":"tatiany_amaral","id_str":"60178269","profile_link_color":"F248F2","geo_enabled":true,"id":60178269,"profile_background_color":"131516","lang":"pt","profile_sidebar_border_color":"000000","profile_text_color":"333333","verified":false,"profile_image_url":"http://a0.twimg.com/profile_images/378800000405594154/f44d3b155f5eac4eb7912e45e3791a44_normal.jpeg","time_zone":"Pacific Time (US & Canada)","url":"http://www.ariimoveiscaldas.com.br","contributors_enabled":false,"profile_banner_url":"https://pbs.twimg.com/profile_banners/60178269/1379081090","profile_background_tile":true,"follow_request_sent":null,"statuses_count":17215,"profile_use_background_image":true,"followers_count":2136,"following":null,"default_profile":false,"name":"Tatiany Amaral ♕ \u200f","profile_sidebar_fill_color":"EFEFEF","location":"Go ","notifications":null},"favorited":false}