{"in_reply_to_status_id_str":null,"in_reply_to_status_id":null,"possibly_sensitive":false,"coordinates":{"coordinates":[-48.58108808,-27.58589269],"type":"Point"},"truncated":false,"in_reply_to_user_id_str":null,"created_at":"Tue Oct 01 16:44:08 +0000 2013","source":"<a href=\"http://foursquare.com\" rel=\"nofollow\">foursquare<\/a>","retweet_count":0,"retweeted":false,"geo":{"coordinates":[-27.58589269,-48.58108808],"type":"Point"},"filter_level":"medium","in_reply_to_screen_name":null,"entities":{"urls":[{"display_url":"4sq.com/1bqKD8X","indices":[42,64],"expanded_url":"http://4sq.com/1bqKD8X","url":"http://t.co/enBoL4Clha"}],"hashtags":[],"user_mentions":[{"indices":[7,21],"screen_name":"BancodoBrasil","id_str":"83723557","name":"Banco do Brasil","id":83723557}],"symbols":[]},"id_str":"385082715491799040","in_reply_to_user_id":null,"favorite_count":0,"contributors":null,"text":"I'm at @BancodoBrasil (Florianópolis, SC) http://t.co/enBoL4Clha","id":385082715491799040,"place":{"country_code":"BR","country":"Brasil","full_name":"Florianópolis, Santa Catarina","bounding_box":{"coordinates":[[[-48.6102638,-27.8389356],[-48.6102638,-27.3804458],[-48.3474853,-27.3804458],[-48.3474853,-27.8389356]]],"type":"Polygon"},"place_type":"city","name":"Florianópolis","attributes":{},"id":"c44302d542084bfe","url":"https://api.twitter.com/1.1/geo/id/c44302d542084bfe.json"},"lang":"pt","user":{"utc_offset":-10800,"friends_count":938,"profile_image_url_https":"https://si0.twimg.com/profile_images/378800000508772808/d8a3bf1ce64e2ae53fb8913d5ee14d89_normal.jpeg","profile_background_image_url":"http://a0.twimg.com/profile_background_images/378800000038524683/b536d569684e939c7b229ab522430cba.jpeg","listed_count":151,"default_profile_image":false,"favourites_count":4678,"description":"http://kellymarquez.tumblr.com","created_at":"Sun Jun 27 20:57:02 +0000 2010","is_translator":false,"profile_background_image_url_https":"https://si0.twimg.com/profile_background_images/378800000038524683/b536d569684e939c7b229ab522430cba.jpeg","protected":false,"screen_name":"keeellycristina","id_str":"160314768","profile_link_color":"3264E3","geo_enabled":true,"id":160314768,"profile_background_color":"DE1486","lang":"en","profile_sidebar_border_color":"FFFFFF","profile_text_color":"000000","verified":false,"profile_image_url":"http://a0.twimg.com/profile_images/378800000508772808/d8a3bf1ce64e2ae53fb8913d5ee14d89_normal.jpeg","time_zone":"Santiago","url":"http://www.facebook.com/profile.php?id=100002626342998","contributors_enabled":false,"profile_banner_url":"https://pbs.twimg.com/profile_banners/160314768/1380262798","profile_background_tile":true,"follow_request_sent":null,"statuses_count":79353,"profile_use_background_image":true,"followers_count":1954,"following":null,"default_profile":false,"name":"Kelly Cristina","profile_sidebar_fill_color":"EDB0E5","location":"Floripa ilha da magia","notifications":null},"favorited":false}