{"in_reply_to_status_id_str":null,"in_reply_to_status_id":null,"coordinates":null,"truncated":false,"in_reply_to_user_id_str":null,"created_at":"Tue Oct 01 17:10:24 +0000 2013","source":"<a href=\"http://twitter.com/download/android\" rel=\"nofollow\">Twitter for Android<\/a>","retweet_count":0,"retweeted":false,"geo":null,"filter_level":"medium","in_reply_to_screen_name":null,"entities":{"urls":[],"hashtags":[],"user_mentions":[{"indices":[8,12],"screen_name":"tim","id_str":"76133","name":"Tim Bradshaw","id":76133}],"symbols":[]},"id_str":"385089326834794496","in_reply_to_user_id":null,"favorite_count":0,"contributors":null,"text":"Querida @Tim,  se eu me fuder na prova de hoje, mando meu currículum p vcs. Não pude abrir o arquivo na prova pq minha rede não funcionava.","id":385089326834794496,"place":null,"lang":"pt","user":{"utc_offset":-10800,"friends_count":158,"profile_image_url_https":"https://si0.twimg.com/profile_images/378800000483412935/04b39b50181916f38d9d36101e0d0aef_normal.jpeg","profile_background_image_url":"http://a0.twimg.com/profile_background_images/584134992/fff4nkla9635mnajor8b.jpeg","listed_count":7,"default_profile_image":false,"favourites_count":2,"description":"Futura enfermeira, perita '...e que a minha loucura seja perdoada, \r\nporque metade de mim é amor e a outra metade... também...'","created_at":"Sat Aug 22 18:39:13 +0000 2009","is_translator":false,"profile_background_image_url_https":"https://si0.twimg.com/profile_background_images/584134992/fff4nkla9635mnajor8b.jpeg","protected":false,"screen_name":"thaisouzaa","id_str":"67952204","profile_link_color":"F00836","geo_enabled":true,"id":67952204,"profile_background_color":"F0EFF7","lang":"en","profile_sidebar_border_color":"000000","profile_text_color":"02060A","verified":false,"profile_image_url":"http://a0.twimg.com/profile_images/378800000483412935/04b39b50181916f38d9d36101e0d0aef_normal.jpeg","time_zone":"Santiago","url":null,"contributors_enabled":false,"profile_banner_url":"https://pbs.twimg.com/profile_banners/67952204/1355489527","profile_background_tile":true,"follow_request_sent":null,"statuses_count":13242,"profile_use_background_image":true,"followers_count":239,"following":null,"default_profile":false,"name":"Thais de S. Salamene","profile_sidebar_fill_color":"DDEEF6","location":"Brasil","notifications":null},"favorited":false}