{"in_reply_to_status_id_str":null,"in_reply_to_status_id":null,"possibly_sensitive":false,"coordinates":null,"truncated":false,"in_reply_to_user_id_str":null,"created_at":"Tue Oct 01 15:30:11 +0000 2013","source":"<a href=\"http://instagram.com\" rel=\"nofollow\">Instagram<\/a>","retweet_count":0,"retweeted":false,"geo":null,"filter_level":"medium","in_reply_to_screen_name":null,"entities":{"urls":[{"display_url":"instagram.com/p/e7gqGlD0-U/","indices":[60,82],"expanded_url":"http://instagram.com/p/e7gqGlD0-U/","url":"http://t.co/1M21Gm5Fns"}],"hashtags":[{"indices":[55,59],"text":"TIM"}],"user_mentions":[],"symbols":[]},"id_str":"385064106786844672","in_reply_to_user_id":null,"favorite_count":0,"contributors":null,"text":"P I A D A. Mais uma da excelente prestadora de serviço #TIM http://t.co/1M21Gm5Fns","id":385064106786844672,"place":null,"lang":"pt","user":{"utc_offset":-10800,"friends_count":743,"profile_image_url_https":"https://si0.twimg.com/profile_images/1630790234/56090_1481811120554_1092113636_31038136_6553468_o_normal.jpg","profile_background_image_url":"http://abs.twimg.com/images/themes/theme3/bg.gif","listed_count":8,"default_profile_image":false,"favourites_count":0,"description":"Designer.Amigo.Filósofo de bar.Viciado em séries/animes.Dono de 1 personalidade q as vezes ñ entende.Numa busca constante por seus sonhos.Tentando se encontrar.","created_at":"Tue Feb 23 18:28:58 +0000 2010","is_translator":false,"profile_background_image_url_https":"https://abs.twimg.com/images/themes/theme3/bg.gif","protected":false,"screen_name":"andree_nery","id_str":"116834552","profile_link_color":"088253","geo_enabled":true,"id":116834552,"profile_background_color":"EDECE9","lang":"pt","profile_sidebar_border_color":"D3D2CF","profile_text_color":"634047","verified":false,"profile_image_url":"http://a0.twimg.com/profile_images/1630790234/56090_1481811120554_1092113636_31038136_6553468_o_normal.jpg","time_zone":"Brasilia","url":"https://andreenery.wordpress.com/","contributors_enabled":false,"profile_background_tile":false,"follow_request_sent":null,"statuses_count":9680,"profile_use_background_image":true,"followers_count":789,"following":null,"default_profile":false,"name":"Andre Nery","profile_sidebar_fill_color":"E3E2DE","location":"Brazil","notifications":null},"favorited":false}