{"in_reply_to_status_id_str":null,"in_reply_to_status_id":null,"coordinates":null,"truncated":false,"in_reply_to_user_id_str":null,"created_at":"Tue Oct 01 12:13:26 +0000 2013","source":"web","retweet_count":0,"retweeted":false,"geo":null,"filter_level":"medium","in_reply_to_screen_name":null,"entities":{"urls":[],"hashtags":[{"indices":[33,39],"text":"Caixa"}],"user_mentions":[],"symbols":[]},"id_str":"385014589953294338","in_reply_to_user_id":null,"favorite_count":0,"contributors":null,"text":"Se alguém puder me informar se a #Caixa ainda está de greve eu agradeço :))","id":385014589953294338,"place":null,"lang":"pt","user":{"utc_offset":null,"friends_count":336,"profile_image_url_https":"https://si0.twimg.com/profile_images/378800000529705047/4f6e363bc5e00f0d49d836d2acf50dce_normal.jpeg","profile_background_image_url":"http://a0.twimg.com/profile_background_images/590199772/7ow3k8r2ub06s9s4tia7.jpeg","listed_count":0,"default_profile_image":false,"favourites_count":9,"description":"'Assim... Míope e Descabelado, Louco e Apaixonado, Extrovertido, Quente, Diferente, Ardente, Tímido e ORIGINAL'","created_at":"Tue Oct 05 14:48:51 +0000 2010","is_translator":false,"profile_background_image_url_https":"https://si0.twimg.com/profile_background_images/590199772/7ow3k8r2ub06s9s4tia7.jpeg","protected":false,"screen_name":"ArnaldoSantoss","id_str":"198899398","profile_link_color":"0A39F5","geo_enabled":true,"id":198899398,"profile_background_color":"FAFAFA","lang":"en","profile_sidebar_border_color":"EEEEEE","profile_text_color":"333333","verified":false,"profile_image_url":"http://a0.twimg.com/profile_images/378800000529705047/4f6e363bc5e00f0d49d836d2acf50dce_normal.jpeg","time_zone":null,"url":null,"contributors_enabled":false,"profile_banner_url":"https://pbs.twimg.com/profile_banners/198899398/1353065313","profile_background_tile":true,"follow_request_sent":null,"statuses_count":9253,"profile_use_background_image":true,"followers_count":131,"following":null,"default_profile":false,"name":"Arnaldo Santos","profile_sidebar_fill_color":"EFEFEF","location":"","notifications":null},"favorited":false}