{"in_reply_to_status_id_str":"385082873885515776","in_reply_to_status_id":385082873885515776,"coordinates":null,"truncated":false,"in_reply_to_user_id_str":"22679577","created_at":"Tue Oct 01 16:46:31 +0000 2013","source":"<a href=\"http://twitter.com/download/iphone\" rel=\"nofollow\">Twitter for iPhone<\/a>","retweet_count":0,"retweeted":false,"geo":null,"filter_level":"medium","in_reply_to_screen_name":"ClaroBlog","entities":{"urls":[],"hashtags":[],"user_mentions":[{"indices":[0,10],"screen_name":"ClaroBlog","id_str":"22679577","name":"ClaroBlog","id":22679577}],"symbols":[]},"id_str":"385083313448570880","in_reply_to_user_id":22679577,"favorite_count":0,"contributors":null,"text":"@ClaroBlog Oi! Voltou ao normal :D","id":385083313448570880,"place":null,"lang":"pt","user":{"utc_offset":null,"friends_count":36,"profile_image_url_https":"https://si0.twimg.com/profile_images/378800000250944200/fa53455e836f192d9b37bbf2e1218bd7_normal.jpeg","profile_background_image_url":"http://abs.twimg.com/images/themes/theme1/bg.png","listed_count":0,"default_profile_image":false,"favourites_count":2,"description":null,"created_at":"Tue Aug 06 16:48:18 +0000 2013","is_translator":false,"profile_background_image_url_https":"https://abs.twimg.com/images/themes/theme1/bg.png","protected":false,"screen_name":"niallisntreal","id_str":"1650711510","profile_link_color":"0084B4","geo_enabled":false,"id":1650711510,"profile_background_color":"C0DEED","lang":"en","profile_sidebar_border_color":"C0DEED","profile_text_color":"333333","verified":false,"profile_image_url":"http://a0.twimg.com/profile_images/378800000250944200/fa53455e836f192d9b37bbf2e1218bd7_normal.jpeg","time_zone":null,"url":null,"contributors_enabled":false,"profile_banner_url":"https://pbs.twimg.com/profile_banners/1650711510/1375808318","profile_background_tile":false,"follow_request_sent":null,"statuses_count":177,"profile_use_background_image":true,"followers_count":9,"following":null,"default_profile":true,"name":"!","profile_sidebar_fill_color":"DDEEF6","location":"","notifications":null},"favorited":false}