{"in_reply_to_status_id_str":null,"in_reply_to_status_id":null,"possibly_sensitive":false,"coordinates":null,"truncated":false,"in_reply_to_user_id_str":null,"created_at":"Tue Oct 01 15:52:54 +0000 2013","source":"<a href=\"http://twitter.com/download/android\" rel=\"nofollow\">Twitter for Android<\/a>","retweet_count":0,"retweeted":false,"geo":null,"filter_level":"medium","in_reply_to_screen_name":null,"entities":{"urls":[],"hashtags":[],"media":[{"display_url":"pic.twitter.com/O1O1pfBNB5","indices":[94,116],"sizes":{"small":{"w":340,"h":191,"resize":"fit"},"large":{"w":1024,"h":576,"resize":"fit"},"thumb":{"w":150,"h":150,"resize":"crop"},"medium":{"w":599,"h":337,"resize":"fit"}},"id_str":"385069820246786048","expanded_url":"http://twitter.com/sauerportugal/status/385069820393570304/photo/1","media_url_https":"https://pbs.twimg.com/media/BVgK9hmIgAAWKhb.jpg","id":385069820246786048,"type":"photo","media_url":"http://pbs.twimg.com/media/BVgK9hmIgAAWKhb.jpg","url":"http://t.co/O1O1pfBNB5"}],"user_mentions":[{"indices":[21,33],"screen_name":"ClaroBrasil","id_str":"141310797","name":"Claro Brasil","id":141310797}],"symbols":[]},"id_str":"385069820393570304","in_reply_to_user_id":null,"favorite_count":0,"contributors":null,"text":"Falta de respeito da @ClaroBrasil ainda sem me enviar meu s3 que ja paguei no dia 13.09.2013. http://t.co/O1O1pfBNB5","id":385069820393570304,"place":null,"lang":"pt","user":{"utc_offset":-10800,"friends_count":154,"profile_image_url_https":"https://si0.twimg.com/profile_images/1394976051/00toaNhY_normal","profile_background_image_url":"http://abs.twimg.com/images/themes/theme14/bg.gif","listed_count":0,"default_profile_image":false,"favourites_count":2,"description":"IMPERFEITO\r\nVELHO\r\nGORDUCHO\r\nNO TRABALHO SÉRIO\r\nCOM AMIGOS O MAIS PALHAÇO\r\nCOM A FAMILIA UM APRENDIZ.","created_at":"Thu Apr 01 03:11:43 +0000 2010","is_translator":false,"profile_background_image_url_https":"https://abs.twimg.com/images/themes/theme14/bg.gif","protected":false,"screen_name":"sauerportugal","id_str":"128432501","profile_link_color":"009999","geo_enabled":false,"id":128432501,"profile_background_color":"131516","lang":"en","profile_sidebar_border_color":"EEEEEE","profile_text_color":"333333","verified":false,"profile_image_url":"http://a0.twimg.com/profile_images/1394976051/00toaNhY_normal","time_zone":"Brasilia","url":null,"contributors_enabled":false,"profile_background_tile":true,"follow_request_sent":null,"statuses_count":137,"profile_use_background_image":true,"followers_count":42,"following":null,"default_profile":false,"name":"lucas sauer portugal","profile_sidebar_fill_color":"EFEFEF","location":"BRASIL","notifications":null},"favorited":false}