{"in_reply_to_status_id_str":null,"in_reply_to_status_id":null,"coordinates":null,"truncated":false,"in_reply_to_user_id_str":null,"created_at":"Tue Oct 01 15:20:11 +0000 2013","source":"<a href=\"http://twitter.com/download/android\" rel=\"nofollow\">Twitter for Android<\/a>","retweet_count":0,"retweeted":false,"geo":null,"filter_level":"medium","in_reply_to_screen_name":null,"entities":{"urls":[],"hashtags":[{"indices":[5,19],"text":"BancodoBrasil"},{"indices":[24,30],"text":"Caixa"}],"user_mentions":[],"symbols":[]},"id_str":"385061587432001536","in_reply_to_user_id":null,"favorite_count":0,"contributors":null,"text":"Se o #BancodoBrasil e a #Caixa quiserem parar com a greve já podem!","id":385061587432001536,"place":null,"lang":"pt","user":{"utc_offset":null,"friends_count":131,"profile_image_url_https":"https://si0.twimg.com/profile_images/378800000412743905/191fe9fc2b91fec2fe7594a7393bfc6c_normal.jpeg","profile_background_image_url":"http://a0.twimg.com/profile_background_images/535917229/tt.jpg","listed_count":1,"default_profile_image":false,"favourites_count":2,"description":null,"created_at":"Sat Jun 11 18:04:56 +0000 2011","is_translator":false,"profile_background_image_url_https":"https://si0.twimg.com/profile_background_images/535917229/tt.jpg","protected":false,"screen_name":"R_agripino","id_str":"315337587","profile_link_color":"0084B4","geo_enabled":false,"id":315337587,"profile_background_color":"C0DEED","lang":"pt","profile_sidebar_border_color":"C0DEED","profile_text_color":"333333","verified":false,"profile_image_url":"http://a0.twimg.com/profile_images/378800000412743905/191fe9fc2b91fec2fe7594a7393bfc6c_normal.jpeg","time_zone":null,"url":null,"contributors_enabled":false,"profile_background_tile":false,"follow_request_sent":null,"statuses_count":2192,"profile_use_background_image":true,"followers_count":144,"following":null,"default_profile":false,"name":"Rapha Agripino ","profile_sidebar_fill_color":"DDEEF6","location":"Jesus in first place ","notifications":null},"favorited":false}