{"in_reply_to_status_id_str":"385059193431928832","in_reply_to_status_id":385059193431928832,"coordinates":null,"truncated":false,"in_reply_to_user_id_str":"22679577","created_at":"Tue Oct 01 15:39:42 +0000 2013","source":"<a href=\"http://twitter.com/download/android\" rel=\"nofollow\">Twitter for Android<\/a>","retweet_count":0,"retweeted":false,"geo":null,"filter_level":"medium","in_reply_to_screen_name":"ClaroBlog","entities":{"urls":[],"hashtags":[],"user_mentions":[{"indices":[0,10],"screen_name":"ClaroBlog","id_str":"22679577","name":"ClaroBlog","id":22679577}],"symbols":[]},"id_str":"385066498475425792","in_reply_to_user_id":22679577,"favorite_count":0,"contributors":null,"text":"@ClaroBlog voltou ao normal no final da manhã.","id":385066498475425792,"place":null,"lang":"pt","user":{"utc_offset":-10800,"friends_count":248,"profile_image_url_https":"https://si0.twimg.com/profile_images/1862351098/pxaYytHJ_normal","profile_background_image_url":"http://a0.twimg.com/profile_background_images/148611396/pele_jovem.jpg","listed_count":2,"default_profile_image":false,"favourites_count":10,"description":"TRI CAMPEAO DA LIBERTADORES 2011","created_at":"Sat Sep 11 19:15:00 +0000 2010","is_translator":false,"profile_background_image_url_https":"https://si0.twimg.com/profile_background_images/148611396/pele_jovem.jpg","protected":false,"screen_name":"ganikode","id_str":"189616014","profile_link_color":"0084B4","geo_enabled":true,"id":189616014,"profile_background_color":"C0DEED","lang":"en","profile_sidebar_border_color":"C0DEED","profile_text_color":"333333","verified":false,"profile_image_url":"http://a0.twimg.com/profile_images/1862351098/pxaYytHJ_normal","time_zone":"Brasilia","url":"http://www.santosfc.com.br","contributors_enabled":false,"profile_background_tile":false,"follow_request_sent":null,"statuses_count":2934,"profile_use_background_image":true,"followers_count":74,"following":null,"default_profile":false,"name":"André Ganiko","profile_sidebar_fill_color":"DDEEF6","location":"","notifications":null},"favorited":false}