{"in_reply_to_status_id_str":null,"in_reply_to_status_id":null,"coordinates":null,"truncated":false,"in_reply_to_user_id_str":null,"created_at":"Tue Oct 01 13:31:29 +0000 2013","source":"web","retweet_count":0,"retweeted":false,"geo":null,"filter_level":"medium","in_reply_to_screen_name":null,"entities":{"urls":[],"hashtags":[],"user_mentions":[{"indices":[93,105],"screen_name":"ClaroBrasil","id_str":"141310797","name":"Claro Brasil","id":141310797}],"symbols":[]},"id_str":"385034233896382465","in_reply_to_user_id":null,"favorite_count":0,"contributors":null,"text":"Mais algum ser humano não está com dificuldade com a Claro desde ontem ? PQP Resolve isso ai @ClaroBrasil","id":385034233896382465,"place":null,"lang":"pt","user":{"utc_offset":-10800,"friends_count":1199,"profile_image_url_https":"https://si0.twimg.com/profile_images/1091278719/Foto_0571_normal.jpg","profile_background_image_url":"http://abs.twimg.com/images/themes/theme15/bg.png","listed_count":12,"default_profile_image":false,"favourites_count":3,"description":"Mais um estudante de publicidade e um dos amante de futebol americano.","created_at":"Wed May 13 17:38:40 +0000 2009","is_translator":false,"profile_background_image_url_https":"https://abs.twimg.com/images/themes/theme15/bg.png","protected":false,"screen_name":"thiagomarcal","id_str":"39800146","profile_link_color":"0084B4","geo_enabled":true,"id":39800146,"profile_background_color":"FFFFFF","lang":"pt","profile_sidebar_border_color":"000000","profile_text_color":"000000","verified":false,"profile_image_url":"http://a0.twimg.com/profile_images/1091278719/Foto_0571_normal.jpg","time_zone":"Brasilia","url":"http://detonadordeverdades.wordpress.com/","contributors_enabled":false,"profile_background_tile":true,"follow_request_sent":null,"statuses_count":8721,"profile_use_background_image":true,"followers_count":316,"following":null,"default_profile":false,"name":"Thiago Marçal","profile_sidebar_fill_color":"8A1E1E","location":"Brasil - São Paulo","notifications":null},"favorited":false}