{"in_reply_to_status_id_str":null,"in_reply_to_status_id":null,"possibly_sensitive":false,"coordinates":null,"truncated":false,"in_reply_to_user_id_str":null,"created_at":"Tue Oct 01 11:37:19 +0000 2013","source":"<a href=\"http://www.twitlonger.com\" rel=\"nofollow\">Twitlonger<\/a>","retweet_count":0,"retweeted":false,"geo":null,"filter_level":"medium","in_reply_to_screen_name":null,"entities":{"urls":[{"display_url":"tl.gd/n_1rpbpno","indices":[114,136],"expanded_url":"http://tl.gd/n_1rpbpno","url":"http://t.co/allbTMcoYK"}],"hashtags":[],"user_mentions":[{"indices":[13,23],"screen_name":"skybrasil","id_str":"16725545","name":"SKY Brasil","id":16725545}],"symbols":[]},"id_str":"385005502020988929","in_reply_to_user_id":null,"favorite_count":0,"contributors":null,"text":"O serviço da @skybrasil HD com gravação é muito bom, quando se consegue usar! Meu receptor trava todo dia. (cont) http://t.co/allbTMcoYK","id":385005502020988929,"place":null,"lang":"pt","user":{"utc_offset":-10800,"friends_count":519,"profile_image_url_https":"https://si0.twimg.com/profile_images/423308883/DSC_9538_normal.jpg","profile_background_image_url":"http://a0.twimg.com/profile_background_images/38007825/2rh5q95.jpg","listed_count":6,"default_profile_image":false,"favourites_count":971,"description":"Fissurado por tecnologia, apaixonado por fotografia, , ouvinte inveterado de podcasts, teimoso por natureza, persistente, impaciente, ariano e médico.","created_at":"Tue May 13 01:56:45 +0000 2008","is_translator":false,"profile_background_image_url_https":"https://si0.twimg.com/profile_background_images/38007825/2rh5q95.jpg","protected":false,"screen_name":"Carlos_Olimpio","id_str":"14753134","profile_link_color":"636363","geo_enabled":false,"id":14753134,"profile_background_color":"FFFFFF","lang":"pt","profile_sidebar_border_color":"636363","profile_text_color":"000000","verified":false,"profile_image_url":"http://a0.twimg.com/profile_images/423308883/DSC_9538_normal.jpg","time_zone":"Brasilia","url":"http://www.flickr.com/photos/carlosolimpio/","contributors_enabled":false,"profile_background_tile":false,"follow_request_sent":null,"statuses_count":8375,"profile_use_background_image":true,"followers_count":249,"following":null,"default_profile":false,"name":"Carlos Olimpio","profile_sidebar_fill_color":"FFFFFF","location":"Brazil, Ceará, Irauçuba","notifications":null},"favorited":false}