{"in_reply_to_status_id_str":null,"in_reply_to_status_id":null,"coordinates":null,"truncated":false,"in_reply_to_user_id_str":"324945570","created_at":"Tue Oct 01 13:29:56 +0000 2013","source":"web","retweet_count":0,"retweeted":false,"geo":null,"filter_level":"medium","in_reply_to_screen_name":"SKYresponde","entities":{"urls":[],"hashtags":[],"user_mentions":[{"indices":[0,12],"screen_name":"SKYresponde","id_str":"324945570","name":"SKY Responde","id":324945570}],"symbols":[]},"id_str":"385033844836929536","in_reply_to_user_id":324945570,"favorite_count":0,"contributors":null,"text":"@SKYresponde Vamos ter a nova mtv em HD? Já sei que vamos ter em SD, nao precisa me responder isso.. se foi isso q vcs iam responder =D","id":385033844836929536,"place":null,"lang":"pt","user":{"utc_offset":-18000,"friends_count":1618,"profile_image_url_https":"https://si0.twimg.com/profile_images/378800000342674375/0bc21a6aa24a1bb5e9ac8e14c5c29af5_normal.jpeg","profile_background_image_url":"http://a0.twimg.com/profile_background_images/378800000033899116/7abd98b4dccb519374b6d0f3736207ff.jpeg","listed_count":14,"default_profile_image":false,"favourites_count":348,"description":"Ativo com o fim de influenciar Vinculando a sabedoria Eu sou guiado pelo poder da inteligência 'Não me envolvo, deixo de controlar e aprendo a viver em liberde","created_at":"Fri Dec 14 23:13:53 +0000 2007","is_translator":false,"profile_background_image_url_https":"https://si0.twimg.com/profile_background_images/378800000033899116/7abd98b4dccb519374b6d0f3736207ff.jpeg","protected":false,"screen_name":"mlucian","id_str":"11181052","profile_link_color":"D49F00","geo_enabled":true,"id":11181052,"profile_background_color":"FFFFFF","lang":"pt","profile_sidebar_border_color":"FFFFFF","profile_text_color":"1B9EE0","verified":false,"profile_image_url":"http://a0.twimg.com/profile_images/378800000342674375/0bc21a6aa24a1bb5e9ac8e14c5c29af5_normal.jpeg","time_zone":"Quito","url":"http://www.mlucian.blogspot.com","contributors_enabled":false,"profile_banner_url":"https://pbs.twimg.com/profile_banners/11181052/1374852663","profile_background_tile":false,"follow_request_sent":null,"statuses_count":23359,"profile_use_background_image":true,"followers_count":745,"following":null,"default_profile":false,"name":"mlucian","profile_sidebar_fill_color":"26151C","location":"Manaus","notifications":null},"favorited":false}