{"in_reply_to_status_id_str":null,"in_reply_to_status_id":null,"possibly_sensitive":false,"coordinates":null,"truncated":false,"in_reply_to_user_id_str":null,"created_at":"Tue Oct 01 11:56:24 +0000 2013","source":"<a href=\"http://twitter.com/tweetbutton\" rel=\"nofollow\">Tweet Button<\/a>","retweet_count":0,"retweeted":false,"geo":null,"filter_level":"medium","in_reply_to_screen_name":null,"entities":{"urls":[{"display_url":"youtu.be/Ub7yttbz5Rg","indices":[41,63],"expanded_url":"http://youtu.be/Ub7yttbz5Rg","url":"http://t.co/4poMXW3pAY"}],"hashtags":[{"indices":[77,80],"text":"OI"},{"indices":[81,96],"text":"PollyannaAlves"}],"user_mentions":[{"indices":[68,76],"screen_name":"YouTube","id_str":"10228272","name":"YouTube","id":10228272}],"symbols":[]},"id_str":"385010306927165440","in_reply_to_user_id":null,"favorite_count":0,"contributors":null,"text":"Oi - Pollyanna Alves e Vinicius D'black: http://t.co/4poMXW3pAY via @youtube #OI #PollyannaAlves Sucesso minha boneca!!!","id":385010306927165440,"place":null,"lang":"pt","user":{"utc_offset":null,"friends_count":1896,"profile_image_url_https":"https://si0.twimg.com/profile_images/378800000527287047/6c1021c4d57bd849d34485c4d4b30f48_normal.jpeg","profile_background_image_url":"http://a0.twimg.com/profile_background_images/378800000068452584/1b48a30d248478c0b8e8ab8871b8f038.jpeg","listed_count":10,"default_profile_image":false,"favourites_count":1631,"description":"Correspondente Internacional LM 12 Deportes, Medellín, Antioquia.","created_at":"Sat Oct 09 03:37:38 +0000 2010","is_translator":false,"profile_background_image_url_https":"https://si0.twimg.com/profile_background_images/378800000068452584/1b48a30d248478c0b8e8ab8871b8f038.jpeg","protected":false,"screen_name":"Rene_39BA","id_str":"200372387","profile_link_color":"2FC2EF","geo_enabled":true,"id":200372387,"profile_background_color":"1A1B1F","lang":"pt","profile_sidebar_border_color":"000000","profile_text_color":"666666","verified":false,"profile_image_url":"http://a0.twimg.com/profile_images/378800000527287047/6c1021c4d57bd849d34485c4d4b30f48_normal.jpeg","time_zone":null,"url":"http://oquequeda.blogspot.com","contributors_enabled":false,"profile_banner_url":"https://pbs.twimg.com/profile_banners/200372387/1380507003","profile_background_tile":true,"follow_request_sent":null,"statuses_count":42055,"profile_use_background_image":true,"followers_count":1670,"following":null,"default_profile":false,"name":"Rene Ferreira","profile_sidebar_fill_color":"252429","location":"Lauro de Freitas","notifications":null},"favorited":false}