{"in_reply_to_status_id_str":"385058327081664513","in_reply_to_status_id":385058327081664513,"coordinates":null,"truncated":false,"in_reply_to_user_id_str":"22679577","created_at":"Tue Oct 01 16:29:42 +0000 2013","source":"web","retweet_count":0,"retweeted":false,"geo":null,"filter_level":"medium","in_reply_to_screen_name":"ClaroBlog","entities":{"urls":[],"hashtags":[],"user_mentions":[{"indices":[0,10],"screen_name":"ClaroBlog","id_str":"22679577","name":"ClaroBlog","id":22679577}],"symbols":[]},"id_str":"385079083308044288","in_reply_to_user_id":22679577,"favorite_count":0,"contributors":null,"text":"@ClaroBlog Boa tarde. Há aproximadamente uma hora o problema foi resolvido. Obrigado.","id":385079083308044288,"place":null,"lang":"pt","user":{"utc_offset":-10800,"friends_count":7,"profile_image_url_https":"https://si0.twimg.com/profile_images/230351709/solidao2_normal.jpg","profile_background_image_url":"http://abs.twimg.com/images/themes/theme9/bg.gif","listed_count":0,"default_profile_image":false,"favourites_count":0,"description":null,"created_at":"Mon May 25 21:43:06 +0000 2009","is_translator":false,"profile_background_image_url_https":"https://abs.twimg.com/images/themes/theme9/bg.gif","protected":false,"screen_name":"Marcelo_Cavalli","id_str":"42493945","profile_link_color":"2FC2EF","geo_enabled":false,"id":42493945,"profile_background_color":"1A1B1F","lang":"pt","profile_sidebar_border_color":"181A1E","profile_text_color":"666666","verified":false,"profile_image_url":"http://a0.twimg.com/profile_images/230351709/solidao2_normal.jpg","time_zone":"Brasilia","url":null,"contributors_enabled":false,"profile_background_tile":false,"follow_request_sent":null,"statuses_count":3,"profile_use_background_image":true,"followers_count":6,"following":null,"default_profile":false,"name":"Marcelo Cavalli","profile_sidebar_fill_color":"252429","location":"","notifications":null},"favorited":false}