{"in_reply_to_status_id_str":null,"in_reply_to_status_id":null,"possibly_sensitive":false,"coordinates":null,"truncated":false,"in_reply_to_user_id_str":null,"created_at":"Tue Oct 01 11:41:37 +0000 2013","source":"<a href=\"http://www.facebook.com/twitter\" rel=\"nofollow\">Facebook<\/a>","retweet_count":0,"retweeted":false,"geo":null,"filter_level":"medium","in_reply_to_screen_name":null,"entities":{"urls":[{"display_url":"fb.me/2EzwE4MQC","indices":[116,138],"expanded_url":"http://fb.me/2EzwE4MQC","url":"http://t.co/8DUsti58Hl"}],"hashtags":[{"indices":[0,7],"text":"Amigos"}],"user_mentions":[{"indices":[30,36],"screen_name":"claro","id_str":"9954912","name":"Susana Claro","id":9954912}],"symbols":[]},"id_str":"385006583916544000","in_reply_to_user_id":null,"favorite_count":0,"contributors":null,"text":"#Amigos não caiam no golpe da @Claro internet, esses modem não têm nada de gratuitos e muito menos de ilimitado,... http://t.co/8DUsti58Hl","id":385006583916544000,"place":null,"lang":"pt","user":{"utc_offset":-10800,"friends_count":59,"profile_image_url_https":"https://si0.twimg.com/profile_images/2742456716/2b023703d630c4e3d9b3fe4f57362689_normal.jpeg","profile_background_image_url":"http://abs.twimg.com/images/themes/theme11/bg.gif","listed_count":0,"default_profile_image":false,"favourites_count":3,"description":"Serva do Deus Altíssimo, o Deus de Israel. Nas mãos do oleiro, em contínua transformação.","created_at":"Mon Jan 17 16:30:34 +0000 2011","is_translator":false,"profile_background_image_url_https":"https://abs.twimg.com/images/themes/theme11/bg.gif","protected":false,"screen_name":"ErykaMel","id_str":"239435611","profile_link_color":"B40B43","geo_enabled":true,"id":239435611,"profile_background_color":"FF6699","lang":"pt","profile_sidebar_border_color":"CC3366","profile_text_color":"362720","verified":false,"profile_image_url":"http://a0.twimg.com/profile_images/2742456716/2b023703d630c4e3d9b3fe4f57362689_normal.jpeg","time_zone":"Brasilia","url":null,"contributors_enabled":false,"profile_banner_url":"https://pbs.twimg.com/profile_banners/239435611/1364749529","profile_background_tile":true,"follow_request_sent":null,"statuses_count":260,"profile_use_background_image":true,"followers_count":6,"following":null,"default_profile":false,"name":"Éryka Mel","profile_sidebar_fill_color":"E5507E","location":"Fortaleza-ce","notifications":null},"favorited":false}