{"in_reply_to_status_id_str":null,"in_reply_to_status_id":null,"coordinates":null,"truncated":false,"in_reply_to_user_id_str":null,"created_at":"Tue Oct 01 13:20:17 +0000 2013","source":"web","retweet_count":0,"retweeted":false,"geo":null,"filter_level":"medium","in_reply_to_screen_name":null,"entities":{"urls":[],"hashtags":[{"indices":[0,6],"text":"Claro"}],"user_mentions":[],"symbols":[]},"id_str":"385031415575756800","in_reply_to_user_id":null,"favorite_count":0,"contributors":null,"text":"#Claro desde ontem fora do ar. É só aqui na região? Deve ser pq o serviço é bem barato.","id":385031415575756800,"place":null,"lang":"pt","user":{"utc_offset":-10800,"friends_count":929,"profile_image_url_https":"https://si0.twimg.com/profile_images/2201914325/avatar_normal.jpg","profile_background_image_url":"http://a0.twimg.com/profile_background_images/30719931/fruta01.jpg","listed_count":34,"default_profile_image":false,"favourites_count":224,"description":"Fundador da Soyuz  @soyuzsistemas e pai da Isa - #DEV Web desde 1997, Palestrante e Professor.  #HTML5 e #OpenWebPlatform. Todo o tempo ouvindo Pearl Jam. .","created_at":"Wed Nov 05 12:47:04 +0000 2008","is_translator":false,"profile_background_image_url_https":"https://si0.twimg.com/profile_background_images/30719931/fruta01.jpg","protected":false,"screen_name":"cbachini","id_str":"17187588","profile_link_color":"0084B4","geo_enabled":true,"id":17187588,"profile_background_color":"9AE4E8","lang":"pt","profile_sidebar_border_color":"BDDCAD","profile_text_color":"333333","verified":false,"profile_image_url":"http://a0.twimg.com/profile_images/2201914325/avatar_normal.jpg","time_zone":"Brasilia","url":"http://www.soyuz.com.br","contributors_enabled":false,"profile_banner_url":"https://pbs.twimg.com/profile_banners/17187588/1369533059","profile_background_tile":true,"follow_request_sent":null,"statuses_count":7822,"profile_use_background_image":true,"followers_count":759,"following":null,"default_profile":false,"name":"Clécio Bachini","profile_sidebar_fill_color":"DDFFCC","location":"Sapopemba - São Paulo - Brasil","notifications":null},"favorited":false}