{"in_reply_to_status_id_str":null,"in_reply_to_status_id":null,"coordinates":null,"truncated":false,"in_reply_to_user_id_str":"229191436","created_at":"Tue Oct 01 15:58:32 +0000 2013","source":"web","retweet_count":0,"retweeted":false,"geo":null,"filter_level":"medium","in_reply_to_screen_name":"CAIXA","entities":{"urls":[],"hashtags":[],"user_mentions":[{"indices":[0,6],"screen_name":"CAIXA","id_str":"229191436","name":"CAIXA","id":229191436}],"symbols":[]},"id_str":"385071238621564928","in_reply_to_user_id":229191436,"favorite_count":0,"contributors":null,"text":"@CAIXA FILHOS DA PUTA VOLTEM A TRABALHAR LOGO!!!!!!!!!!!!!!!!!!!!!!!!","id":385071238621564928,"place":null,"lang":"pt","user":{"utc_offset":-10800,"friends_count":517,"profile_image_url_https":"https://si0.twimg.com/profile_images/3157686726/3df9e818eaac527e0b10d11c8969d932_normal.jpeg","profile_background_image_url":"http://a0.twimg.com/profile_background_images/378800000008299669/256c0e2b329228d2658e90eb56af241a.jpeg","listed_count":8,"default_profile_image":false,"favourites_count":10,"description":"são paulo. brazil. single. turism. music. simple plan.","created_at":"Sun Apr 05 15:34:11 +0000 2009","is_translator":false,"profile_background_image_url_https":"https://si0.twimg.com/profile_background_images/378800000008299669/256c0e2b329228d2658e90eb56af241a.jpeg","protected":false,"screen_name":"diihdesrosiers","id_str":"29004309","profile_link_color":"28829E","geo_enabled":true,"id":29004309,"profile_background_color":"000000","lang":"en","profile_sidebar_border_color":"FFFFFF","profile_text_color":"3B3B3B","verified":false,"profile_image_url":"http://a0.twimg.com/profile_images/3157686726/3df9e818eaac527e0b10d11c8969d932_normal.jpeg","time_zone":"Brasilia","url":"http://facebook.com/diihdesrosiers","contributors_enabled":false,"profile_banner_url":"https://pbs.twimg.com/profile_banners/29004309/1372253443","profile_background_tile":false,"follow_request_sent":null,"statuses_count":46397,"profile_use_background_image":true,"followers_count":362,"following":null,"default_profile":false,"name":"Diná Mendes","profile_sidebar_fill_color":"000000","location":"São Paulo,Brazil","notifications":null},"favorited":false}