{"in_reply_to_status_id_str":null,"in_reply_to_status_id":null,"coordinates":null,"truncated":false,"in_reply_to_user_id_str":"280675401","created_at":"Tue Oct 01 14:58:47 +0000 2013","source":"web","retweet_count":0,"retweeted":false,"geo":null,"filter_level":"medium","in_reply_to_screen_name":"gvtoficial","entities":{"urls":[],"hashtags":[],"user_mentions":[{"indices":[0,11],"screen_name":"gvtoficial","id_str":"280675401","name":"GVT","id":280675401},{"indices":[34,41],"screen_name":"digaoi","id_str":"17487043","name":"Diga Oi!","id":17487043}],"symbols":[]},"id_str":"385056204570906625","in_reply_to_user_id":280675401,"favorite_count":0,"contributors":null,"text":"@gvtoficial Ei GVT me salva dessa @digaoi velox aqui em Copacabana/RJ.","id":385056204570906625,"place":null,"lang":"pt","user":{"utc_offset":-10800,"friends_count":366,"profile_image_url_https":"https://si0.twimg.com/profile_images/187481558/lalariiz_012_normal.jpg","profile_background_image_url":"http://a0.twimg.com/profile_background_images/112538626/twitterbackground3_copy.jpg","listed_count":24,"default_profile_image":false,"favourites_count":13,"description":"Storyboard artist, illustrator and graphic designer.","created_at":"Thu Apr 16 12:01:16 +0000 2009","is_translator":false,"profile_background_image_url_https":"https://si0.twimg.com/profile_background_images/112538626/twitterbackground3_copy.jpg","protected":false,"screen_name":"andrecastelo","id_str":"31741014","profile_link_color":"FF0000","geo_enabled":false,"id":31741014,"profile_background_color":"FFFFFF","lang":"en","profile_sidebar_border_color":"FFFFFF","profile_text_color":"000000","verified":false,"profile_image_url":"http://a0.twimg.com/profile_images/187481558/lalariiz_012_normal.jpg","time_zone":"Brasilia","url":"http://www.andrecastelo.com","contributors_enabled":false,"profile_background_tile":false,"follow_request_sent":null,"statuses_count":5955,"profile_use_background_image":true,"followers_count":439,"following":null,"default_profile":false,"name":"André Castelo Branco","profile_sidebar_fill_color":"FFFFFF","location":"Rio de Janeiro","notifications":null},"favorited":false}