{"in_reply_to_status_id_str":"385039997318860800","in_reply_to_status_id":385039997318860800,"coordinates":null,"truncated":false,"in_reply_to_user_id_str":"575382632","created_at":"Tue Oct 01 14:13:49 +0000 2013","source":"<a href=\"http://www.scup.com.br\" rel=\"nofollow\">Scup<\/a>","retweet_count":0,"retweeted":false,"geo":null,"filter_level":"medium","in_reply_to_screen_name":"aibmedeiros","entities":{"urls":[],"hashtags":[],"user_mentions":[{"indices":[0,12],"screen_name":"aibmedeiros","id_str":"575382632","name":"Beatriz Medeiros ♔ ","id":575382632}],"symbols":[]},"id_str":"385044886225158144","in_reply_to_user_id":575382632,"favorite_count":0,"contributors":null,"text":"@aibmedeiros Oi, Beatriz. Sugerimos que vc desinstale esta versão que esta no seu celular,","id":385044886225158144,"place":null,"lang":"pt","user":{"utc_offset":-7200,"friends_count":1544,"profile_image_url_https":"https://si0.twimg.com/profile_images/3215607630/f3e4646a38174082684b93e16bb65da4_normal.jpeg","profile_background_image_url":"http://a0.twimg.com/profile_background_images/736390715/f2b0a3260c4eedd541d7b22c10cdecab.jpeg","listed_count":6,"default_profile_image":false,"favourites_count":3,"description":"Perfil oficial da Itaucard no Twitter. Dúvidas, problemas ou sugestões, conte com a gente :-)","created_at":"Thu Oct 11 18:44:47 +0000 2012","is_translator":false,"profile_background_image_url_https":"https://si0.twimg.com/profile_background_images/736390715/f2b0a3260c4eedd541d7b22c10cdecab.jpeg","protected":false,"screen_name":"Itaucard","id_str":"874120338","profile_link_color":"0084B4","geo_enabled":false,"id":874120338,"profile_background_color":"FAFAFA","lang":"pt","profile_sidebar_border_color":"FFFFFF","profile_text_color":"333333","verified":false,"profile_image_url":"http://a0.twimg.com/profile_images/3215607630/f3e4646a38174082684b93e16bb65da4_normal.jpeg","time_zone":"Mid-Atlantic","url":null,"contributors_enabled":false,"profile_banner_url":"https://pbs.twimg.com/profile_banners/874120338/1355347501","profile_background_tile":false,"follow_request_sent":null,"statuses_count":6227,"profile_use_background_image":true,"followers_count":2396,"following":null,"default_profile":false,"name":"Itaucard","profile_sidebar_fill_color":"DDEEF6","location":"","notifications":null},"favorited":false}