{"in_reply_to_status_id_str":null,"in_reply_to_status_id":null,"coordinates":null,"truncated":false,"in_reply_to_user_id_str":null,"created_at":"Tue Oct 01 14:58:01 +0000 2013","source":"<a href=\"http://twitter.com/download/iphone\" rel=\"nofollow\">Twitter for iPhone<\/a>","retweet_count":0,"retweeted":false,"geo":null,"filter_level":"medium","in_reply_to_screen_name":null,"entities":{"urls":[],"hashtags":[],"user_mentions":[{"indices":[16,27],"screen_name":"Vivoemrede","id_str":"43218789","name":"Vivo em Rede","id":43218789}],"symbols":[]},"id_str":"385056011339726848","in_reply_to_user_id":null,"favorite_count":0,"contributors":null,"text":"É tdo dia agora @Vivoemrede ?? sinal indisponivel pelo menos 3 vzs ao dia!! Que saco!!","id":385056011339726848,"place":null,"lang":"pt","user":{"utc_offset":-10800,"friends_count":165,"profile_image_url_https":"https://si0.twimg.com/profile_images/378800000484968205/020d1742f907161c7c67fe07c89fe03e_normal.jpeg","profile_background_image_url":"http://a0.twimg.com/profile_background_images/378800000043916354/a10186ad8d4760804215b06d4b9eef30.jpeg","listed_count":49,"default_profile_image":false,"favourites_count":213,"description":"Completa-mente solta...","created_at":"Sun Jun 14 19:53:04 +0000 2009","is_translator":false,"profile_background_image_url_https":"https://si0.twimg.com/profile_background_images/378800000043916354/a10186ad8d4760804215b06d4b9eef30.jpeg","protected":false,"screen_name":"Paulalas","id_str":"47160407","profile_link_color":"0099B9","geo_enabled":false,"id":47160407,"profile_background_color":"000000","lang":"en","profile_sidebar_border_color":"FFFFFF","profile_text_color":"000000","verified":false,"profile_image_url":"http://a0.twimg.com/profile_images/378800000484968205/020d1742f907161c7c67fe07c89fe03e_normal.jpeg","time_zone":"Brasilia","url":null,"contributors_enabled":false,"profile_banner_url":"https://pbs.twimg.com/profile_banners/47160407/1376661700","profile_background_tile":false,"follow_request_sent":null,"statuses_count":58622,"profile_use_background_image":true,"followers_count":872,"following":null,"default_profile":false,"name":"Paula L.","profile_sidebar_fill_color":"96ABEB","location":"Curitiba - Brasil","notifications":null},"favorited":false}