{"in_reply_to_status_id_str":null,"in_reply_to_status_id":null,"possibly_sensitive":true,"coordinates":null,"truncated":false,"in_reply_to_user_id_str":"22679577","created_at":"Tue Oct 01 14:25:29 +0000 2013","source":"<a href=\"http://twitter.com/download/iphone\" rel=\"nofollow\">Twitter for iPhone<\/a>","retweet_count":0,"retweeted":false,"geo":null,"filter_level":"medium","in_reply_to_screen_name":"ClaroBlog","entities":{"urls":[],"hashtags":[],"media":[{"display_url":"pic.twitter.com/rOTf7yFjgT","indices":[84,106],"sizes":{"small":{"w":340,"h":510,"resize":"fit"},"large":{"w":640,"h":960,"resize":"fit"},"thumb":{"w":150,"h":150,"resize":"crop"},"medium":{"w":600,"h":900,"resize":"fit"}},"id_str":"385047824112812032","expanded_url":"http://twitter.com/ssoff/status/385047824318337024/photo/1","media_url_https":"https://pbs.twimg.com/media/BVf29LnIAAAmBdD.jpg","id":385047824112812032,"type":"photo","media_url":"http://pbs.twimg.com/media/BVf29LnIAAAmBdD.jpg","url":"http://t.co/rOTf7yFjgT"}],"user_mentions":[{"indices":[0,10],"screen_name":"ClaroBlog","id_str":"22679577","name":"ClaroBlog","id":22679577},{"indices":[11,24],"screen_name":"ClaroRonaldo","id_str":"22677822","name":"Claro Ronaldo","id":22677822}],"symbols":[]},"id_str":"385047824318337024","in_reply_to_user_id":22679577,"favorite_count":0,"contributors":null,"text":"@ClaroBlog @ClaroRonaldo hoje é dia 1º, considerem 'zerar' meu 3G e não cortá-lo... http://t.co/rOTf7yFjgT","id":385047824318337024,"place":null,"lang":"pt","user":{"utc_offset":-10800,"friends_count":231,"profile_image_url_https":"https://si0.twimg.com/profile_images/378800000134838107/466ad35437f12dc2b72c6a3511f4d848_normal.jpeg","profile_background_image_url":"http://a0.twimg.com/profile_background_images/747297298/409e285c0b782a48ba93af0882c5d154.jpeg","listed_count":27,"default_profile_image":false,"favourites_count":73,"description":"Russian descent, Vodka Lover!\r\nMotion Designer e Art director at @JWT_Brasil\r\nhttp://www.ssoff.com || http://www.facebook.com/savrassoff","created_at":"Wed May 14 00:22:30 +0000 2008","is_translator":false,"profile_background_image_url_https":"https://si0.twimg.com/profile_background_images/747297298/409e285c0b782a48ba93af0882c5d154.jpeg","protected":false,"screen_name":"ssoff","id_str":"14766868","profile_link_color":"336600","geo_enabled":true,"id":14766868,"profile_background_color":"313131","lang":"en","profile_sidebar_border_color":"FFFFFF","profile_text_color":"333333","verified":false,"profile_image_url":"http://a0.twimg.com/profile_images/378800000134838107/466ad35437f12dc2b72c6a3511f4d848_normal.jpeg","time_zone":"Brasilia","url":"http://www.SSoFF.com","contributors_enabled":false,"profile_banner_url":"https://pbs.twimg.com/profile_banners/14766868/1356469869","profile_background_tile":true,"follow_request_sent":null,"statuses_count":13015,"profile_use_background_image":true,"followers_count":507,"following":null,"default_profile":false,"name":"Fabiano Savrassoff","profile_sidebar_fill_color":"F7F7F7","location":"Curitiba - Brazil","notifications":null},"favorited":false}