{"in_reply_to_status_id_str":null,"in_reply_to_status_id":null,"coordinates":null,"truncated":false,"in_reply_to_user_id_str":"105155795","created_at":"Tue Oct 01 13:45:29 +0000 2013","source":"<a href=\"http://twitter.com/download/android\" rel=\"nofollow\">Twitter for Android<\/a>","retweet_count":0,"retweeted":false,"geo":null,"filter_level":"medium","in_reply_to_screen_name":"silva_marina","entities":{"urls":[],"hashtags":[{"indices":[67,72],"text":"Itaú"},{"indices":[98,107],"text":"silêncio"},{"indices":[108,120],"text":"desrespeito"}],"user_mentions":[{"indices":[0,13],"screen_name":"silva_marina","id_str":"105155795","name":"Marina Silva","id":105155795}],"symbols":[]},"id_str":"385037755858026496","in_reply_to_user_id":105155795,"favorite_count":0,"contributors":null,"text":"@silva_marina a Sra deveria se pronunciar sobre as demissões que o #Itaú faz com seus empregados. #silêncio #desrespeito","id":385037755858026496,"place":null,"lang":"pt","user":{"utc_offset":-10800,"friends_count":546,"profile_image_url_https":"https://si0.twimg.com/profile_images/1332581283/50_anos_Rev_Cubana3_normal.jpg","profile_background_image_url":"http://abs.twimg.com/images/themes/theme1/bg.png","listed_count":5,"default_profile_image":false,"favourites_count":54,"description":null,"created_at":"Mon Jul 27 03:26:13 +0000 2009","is_translator":false,"profile_background_image_url_https":"https://abs.twimg.com/images/themes/theme1/bg.png","protected":false,"screen_name":"Tulio_Menezes","id_str":"60475784","profile_link_color":"0084B4","geo_enabled":true,"id":60475784,"profile_background_color":"C0DEED","lang":"pt","profile_sidebar_border_color":"C0DEED","profile_text_color":"333333","verified":false,"profile_image_url":"http://a0.twimg.com/profile_images/1332581283/50_anos_Rev_Cubana3_normal.jpg","time_zone":"Santiago","url":null,"contributors_enabled":false,"profile_background_tile":false,"follow_request_sent":null,"statuses_count":9426,"profile_use_background_image":true,"followers_count":548,"following":null,"default_profile":true,"name":"Tulio Menezes","profile_sidebar_fill_color":"DDEEF6","location":"","notifications":null},"favorited":false}