{"in_reply_to_status_id_str":null,"in_reply_to_status_id":null,"coordinates":null,"truncated":false,"in_reply_to_user_id_str":null,"created_at":"Tue Oct 01 11:51:30 +0000 2013","source":"web","retweet_count":0,"retweeted":false,"geo":null,"filter_level":"medium","in_reply_to_screen_name":null,"entities":{"urls":[],"hashtags":[],"user_mentions":[{"indices":[14,26],"screen_name":"ClaroBrasil","id_str":"141310797","name":"Claro Brasil","id":141310797}],"symbols":[]},"id_str":"385009072317014016","in_reply_to_user_id":null,"favorite_count":0,"contributors":null,"text":"desde ontem a @ClaroBrasil está sem sinal pra celular aqui na zona leste. só internet 3G funciona. me ajuda aí, ô.","id":385009072317014016,"place":null,"lang":"pt","user":{"utc_offset":-10800,"friends_count":124,"profile_image_url_https":"https://si0.twimg.com/profile_images/378800000481282108/72a2962f577a64815d743350c3cdfe38_normal.jpeg","profile_background_image_url":"http://abs.twimg.com/images/themes/theme18/bg.gif","listed_count":0,"default_profile_image":false,"favourites_count":98,"description":"Unfunny jokes lover.","created_at":"Sat May 18 19:08:29 +0000 2013","is_translator":false,"profile_background_image_url_https":"https://abs.twimg.com/images/themes/theme18/bg.gif","protected":false,"screen_name":"brunoraphael","id_str":"1439170254","profile_link_color":"038543","geo_enabled":true,"id":1439170254,"profile_background_color":"ACDED6","lang":"en","profile_sidebar_border_color":"EEEEEE","profile_text_color":"333333","verified":false,"profile_image_url":"http://a0.twimg.com/profile_images/378800000481282108/72a2962f577a64815d743350c3cdfe38_normal.jpeg","time_zone":"Brasilia","url":"http://www.filmow.com/usuario/brunoraphael/","contributors_enabled":false,"profile_banner_url":"https://pbs.twimg.com/profile_banners/1439170254/1379655258","profile_background_tile":false,"follow_request_sent":null,"statuses_count":610,"profile_use_background_image":true,"followers_count":15,"following":null,"default_profile":false,"name":"Bruno Raphael O.","profile_sidebar_fill_color":"F6F6F6","location":"São Paulo","notifications":null},"favorited":false}