{"in_reply_to_status_id_str":null,"in_reply_to_status_id":null,"possibly_sensitive":false,"coordinates":null,"truncated":false,"in_reply_to_user_id_str":null,"created_at":"Tue Oct 01 12:59:53 +0000 2013","source":"<a href=\"http://instagram.com\" rel=\"nofollow\">Instagram<\/a>","retweet_count":0,"retweeted":false,"geo":null,"filter_level":"medium","in_reply_to_screen_name":null,"entities":{"urls":[{"display_url":"instagram.com/p/e7PeoOKbaA/","indices":[100,122],"expanded_url":"http://instagram.com/p/e7PeoOKbaA/","url":"http://t.co/y5RF2jdPpF"}],"hashtags":[{"indices":[35,39],"text":"tim"}],"user_mentions":[],"symbols":[]},"id_str":"385026282616291328","in_reply_to_user_id":null,"favorite_count":0,"contributors":null,"text":"A tim acha que eu tenho 10 filhos. #tim desinformada. So tenho 1 MB./ e para ter mais 09 MBs pague\u2026 http://t.co/y5RF2jdPpF","id":385026282616291328,"place":null,"lang":"pt","user":{"utc_offset":-10800,"friends_count":236,"profile_image_url_https":"https://si0.twimg.com/profile_images/3314020506/0132505ad1cb5f2b6cf5ba99ca0dd394_normal.jpeg","profile_background_image_url":"http://a0.twimg.com/profile_background_images/378800000023636376/e7089e36d3288ed06bdc2a3b1b36efd3.jpeg","listed_count":68,"default_profile_image":false,"favourites_count":2417,"description":"profissao ; fotógrafo do instagram","created_at":"Wed Jul 14 13:26:05 +0000 2010","is_translator":false,"profile_background_image_url_https":"https://si0.twimg.com/profile_background_images/378800000023636376/e7089e36d3288ed06bdc2a3b1b36efd3.jpeg","protected":false,"screen_name":"luizjuh85","id_str":"166561922","profile_link_color":"0084B4","geo_enabled":true,"id":166561922,"profile_background_color":"C0DEED","lang":"en","profile_sidebar_border_color":"FFFFFF","profile_text_color":"333333","verified":false,"profile_image_url":"http://a0.twimg.com/profile_images/3314020506/0132505ad1cb5f2b6cf5ba99ca0dd394_normal.jpeg","time_zone":"Brasilia","url":"http://meadiciona.com/luizjuh","contributors_enabled":false,"profile_background_tile":false,"follow_request_sent":null,"statuses_count":95030,"profile_use_background_image":true,"followers_count":519,"following":null,"default_profile":false,"name":"luizjuh.jpg","profile_sidebar_fill_color":"DDEEF6","location":"Sp","notifications":null},"favorited":false}