{"in_reply_to_status_id_str":"385030367285346304","in_reply_to_status_id":385030367285346304,"coordinates":null,"truncated":false,"in_reply_to_user_id_str":"874120338","created_at":"Tue Oct 01 13:20:55 +0000 2013","source":"web","retweet_count":0,"retweeted":false,"geo":null,"filter_level":"medium","in_reply_to_screen_name":"Itaucard","entities":{"urls":[],"hashtags":[],"user_mentions":[{"indices":[0,9],"screen_name":"Itaucard","id_str":"874120338","name":"Itaucard","id":874120338}],"symbols":[]},"id_str":"385031573742948353","in_reply_to_user_id":874120338,"favorite_count":0,"contributors":null,"text":"@Itaucard Eu só queria entender por que o fax da lojinha da esquina é a melhor forma para envio de informações para vocês.","id":385031573742948353,"place":null,"lang":"pt","user":{"utc_offset":-7200,"friends_count":152,"profile_image_url_https":"https://si0.twimg.com/profile_images/3544485841/61f22c2a16d98f1522e1d4b2d01d0df9_normal.jpeg","profile_background_image_url":"http://a0.twimg.com/profile_background_images/379613617/2011-12-10_17-25-55_586__1350x758_.jpg","listed_count":16,"default_profile_image":false,"favourites_count":100,"description":"Eu não leio, eu marco como lido. :(","created_at":"Tue Dec 11 20:39:50 +0000 2007","is_translator":false,"profile_background_image_url_https":"https://si0.twimg.com/profile_background_images/379613617/2011-12-10_17-25-55_586__1350x758_.jpg","protected":false,"screen_name":"lhys","id_str":"11061632","profile_link_color":"009999","geo_enabled":false,"id":11061632,"profile_background_color":"131516","lang":"en","profile_sidebar_border_color":"EEEEEE","profile_text_color":"333333","verified":false,"profile_image_url":"http://a0.twimg.com/profile_images/3544485841/61f22c2a16d98f1522e1d4b2d01d0df9_normal.jpeg","time_zone":"Greenland","url":"http://www.abaleialiteral.com.br","contributors_enabled":false,"profile_background_tile":true,"follow_request_sent":null,"statuses_count":43985,"profile_use_background_image":true,"followers_count":258,"following":null,"default_profile":false,"name":"Lhys","profile_sidebar_fill_color":"EFEFEF","location":"Brazil","notifications":null},"favorited":false}