{"in_reply_to_status_id_str":null,"in_reply_to_status_id":null,"coordinates":null,"truncated":false,"in_reply_to_user_id_str":"78317870","created_at":"Tue Oct 01 14:13:27 +0000 2013","source":"<a href=\"https://chrome.google.com/webstore/detail/ikknnkomiokeodcdkknnhgjmncfiefmn\" rel=\"nofollow\">Notifier for Chrome<\/a>","retweet_count":0,"retweeted":false,"geo":null,"filter_level":"medium","in_reply_to_screen_name":"AloBradesco","entities":{"urls":[],"hashtags":[],"user_mentions":[{"indices":[0,12],"screen_name":"AloBradesco","id_str":"78317870","name":"Alô Bradesco","id":78317870}],"symbols":[]},"id_str":"385044792637661185","in_reply_to_user_id":78317870,"favorite_count":0,"contributors":null,"text":"@alobradesco Para abrir uma conta só após a greve ou em BSB tem alguma agência que possa realizar o serviço?","id":385044792637661185,"place":null,"lang":"pt","user":{"utc_offset":-16200,"friends_count":384,"profile_image_url_https":"https://si0.twimg.com/profile_images/1156082884/7b06003b-957f-4a15-b3ec-fa88f96ffaab_normal.png","profile_background_image_url":"http://a0.twimg.com/profile_background_images/20326553/manaus.jpg","listed_count":18,"default_profile_image":false,"favourites_count":44,"description":"Sou uma mistura da seca do meu sertão de Crateús-CE com a fartura do rio Amazonas.","created_at":"Mon Apr 20 17:57:07 +0000 2009","is_translator":false,"profile_background_image_url_https":"https://si0.twimg.com/profile_background_images/20326553/manaus.jpg","protected":false,"screen_name":"AlehAmazon","id_str":"33600192","profile_link_color":"2FC2EF","geo_enabled":true,"id":33600192,"profile_background_color":"6A7CB5","lang":"en","profile_sidebar_border_color":"181A1E","profile_text_color":"635563","verified":false,"profile_image_url":"http://a0.twimg.com/profile_images/1156082884/7b06003b-957f-4a15-b3ec-fa88f96ffaab_normal.png","time_zone":"Caracas","url":"http://facebook.com/AlehAmazon","contributors_enabled":false,"profile_banner_url":"https://pbs.twimg.com/profile_banners/33600192/1362002068","profile_background_tile":true,"follow_request_sent":null,"statuses_count":23002,"profile_use_background_image":true,"followers_count":642,"following":null,"default_profile":false,"name":"Alexandre J. Holanda","profile_sidebar_fill_color":"0E0B17","location":"Morando em Manaus","notifications":null},"favorited":false}