{"in_reply_to_status_id_str":null,"in_reply_to_status_id":null,"coordinates":null,"truncated":false,"in_reply_to_user_id_str":"17487043","created_at":"Tue Oct 01 13:02:20 +0000 2013","source":"web","retweet_count":0,"retweeted":false,"geo":null,"filter_level":"medium","in_reply_to_screen_name":"digaoi","entities":{"urls":[],"hashtags":[],"user_mentions":[{"indices":[0,7],"screen_name":"digaoi","id_str":"17487043","name":"Diga Oi!","id":17487043}],"symbols":[]},"id_str":"385026899669311488","in_reply_to_user_id":17487043,"favorite_count":0,"contributors":null,"text":"@digaoi Posso enviar uma DM?","id":385026899669311488,"place":null,"lang":"pt","user":{"utc_offset":-10800,"friends_count":1992,"profile_image_url_https":"https://si0.twimg.com/profile_images/2435753648/igwtha74615xdha5rskh_normal.jpeg","profile_background_image_url":"http://abs.twimg.com/images/themes/theme16/bg.gif","listed_count":15,"default_profile_image":false,"favourites_count":55,"description":"Com muita coragem para dizer verdades que outros  jamais ousariam!!!!","created_at":"Mon Jun 01 12:09:08 +0000 2009","is_translator":false,"profile_background_image_url_https":"https://abs.twimg.com/images/themes/theme16/bg.gif","protected":false,"screen_name":"welljornalismo","id_str":"43873413","profile_link_color":"0084B4","geo_enabled":true,"id":43873413,"profile_background_color":"9AE4E8","lang":"pt","profile_sidebar_border_color":"BDDCAD","profile_text_color":"333333","verified":false,"profile_image_url":"http://a0.twimg.com/profile_images/2435753648/igwtha74615xdha5rskh_normal.jpeg","time_zone":"Santiago","url":null,"contributors_enabled":false,"profile_background_tile":false,"follow_request_sent":null,"statuses_count":27757,"profile_use_background_image":true,"followers_count":1018,"following":null,"default_profile":false,"name":"Wellington Lacerda","profile_sidebar_fill_color":"DDFFCC","location":"São Paulo","notifications":null},"favorited":false}