{"in_reply_to_status_id_str":null,"in_reply_to_status_id":null,"coordinates":null,"truncated":false,"in_reply_to_user_id_str":null,"created_at":"Tue Oct 01 14:15:03 +0000 2013","source":"web","retweet_count":0,"retweeted":false,"geo":null,"filter_level":"medium","in_reply_to_screen_name":null,"entities":{"urls":[],"hashtags":[],"user_mentions":[{"indices":[20,31],"screen_name":"Vivoemrede","id_str":"43218789","name":"Vivo em Rede","id":43218789}],"symbols":[]},"id_str":"385045196053815297","in_reply_to_user_id":null,"favorite_count":0,"contributors":null,"text":"Pedi 1 linha fixa p/@Vivoemrede q não instalou, cancelei. Agora vem a cta c/ligações. Reclamo e dizem q tava no poste: O poste andou ligando","id":385045196053815297,"place":null,"lang":"pt","user":{"utc_offset":-10800,"friends_count":183,"profile_image_url_https":"https://si0.twimg.com/profile_images/378800000520531363/0dd1047d84af34318972dbb849a949ab_normal.jpeg","profile_background_image_url":"http://abs.twimg.com/images/themes/theme13/bg.gif","listed_count":1,"default_profile_image":false,"favourites_count":100,"description":null,"created_at":"Thu Mar 26 01:33:28 +0000 2009","is_translator":false,"profile_background_image_url_https":"https://abs.twimg.com/images/themes/theme13/bg.gif","protected":false,"screen_name":"lorenasc","id_str":"26654992","profile_link_color":"93A644","geo_enabled":false,"id":26654992,"profile_background_color":"B2DFDA","lang":"en","profile_sidebar_border_color":"EEEEEE","profile_text_color":"333333","verified":false,"profile_image_url":"http://a0.twimg.com/profile_images/378800000520531363/0dd1047d84af34318972dbb849a949ab_normal.jpeg","time_zone":"Brasilia","url":null,"contributors_enabled":false,"profile_banner_url":"https://pbs.twimg.com/profile_banners/26654992/1380394769","profile_background_tile":false,"follow_request_sent":null,"statuses_count":307,"profile_use_background_image":true,"followers_count":95,"following":null,"default_profile":false,"name":"Loren","profile_sidebar_fill_color":"FFFFFF","location":"Sao Paulo","notifications":null},"favorited":false}