{"in_reply_to_status_id_str":null,"in_reply_to_status_id":null,"coordinates":null,"truncated":false,"in_reply_to_user_id_str":"76133","created_at":"Tue Oct 01 12:07:31 +0000 2013","source":"<a href=\"http://twitter.com/download/android\" rel=\"nofollow\">Twitter for Android<\/a>","retweet_count":0,"retweeted":false,"geo":null,"filter_level":"medium","in_reply_to_screen_name":"tim","entities":{"urls":[],"hashtags":[],"user_mentions":[{"indices":[0,4],"screen_name":"tim","id_str":"76133","name":"Tim Bradshaw","id":76133}],"symbols":[]},"id_str":"385013103819501568","in_reply_to_user_id":76133,"favorite_count":0,"contributors":null,"text":"@TIM queria saber o porque minha internet foi reduzida,  logo após que paguei os adicionais!?","id":385013103819501568,"place":null,"lang":"pt","user":{"utc_offset":-10800,"friends_count":1098,"profile_image_url_https":"https://si0.twimg.com/profile_images/378800000381959337/40973d811685c02ad47b92faa573940f_normal.jpeg","profile_background_image_url":"http://a0.twimg.com/profile_background_images/378800000066314283/f8dc2079f0916ea70b06890e9b19331b.jpeg","listed_count":2,"default_profile_image":false,"favourites_count":69,"description":"@ladygaga follow me in 17/01/2013 14:16 ! I'm Just a Little Monster , Lovelie of @Cher and I love @LanaDelRey ! @TaraSavelo follow me :D !","created_at":"Sat Jul 17 19:00:45 +0000 2010","is_translator":false,"profile_background_image_url_https":"https://si0.twimg.com/profile_background_images/378800000066314283/f8dc2079f0916ea70b06890e9b19331b.jpeg","protected":false,"screen_name":"DougSemFunny","id_str":"167872001","profile_link_color":"5CBBFA","geo_enabled":true,"id":167872001,"profile_background_color":"0D0C0D","lang":"pt","profile_sidebar_border_color":"FFFFFF","profile_text_color":"F51313","verified":false,"profile_image_url":"http://a0.twimg.com/profile_images/378800000381959337/40973d811685c02ad47b92faa573940f_normal.jpeg","time_zone":"Brasilia","url":"https://www.facebook.com/dougsouzas","contributors_enabled":false,"profile_banner_url":"https://pbs.twimg.com/profile_banners/167872001/1379470034","profile_background_tile":true,"follow_request_sent":null,"statuses_count":10520,"profile_use_background_image":true,"followers_count":1219,"following":null,"default_profile":false,"name":"Doug Souza","profile_sidebar_fill_color":"1A181A","location":"Itapevi / São Paulo ","notifications":null},"favorited":false}