{"in_reply_to_status_id_str":"385055593666711552","in_reply_to_status_id":385055593666711552,"coordinates":null,"truncated":false,"in_reply_to_user_id_str":"31574108","created_at":"Tue Oct 01 15:14:12 +0000 2013","source":"<a href=\"http://www.scup.com.br\" rel=\"nofollow\">Scup<\/a>","retweet_count":0,"retweeted":false,"geo":null,"filter_level":"medium","in_reply_to_screen_name":"mstrey","entities":{"urls":[],"hashtags":[],"user_mentions":[{"indices":[0,7],"screen_name":"mstrey","id_str":"31574108","name":"Maicon Strey","id":31574108},{"indices":[31,42],"screen_name":"Vivoemrede","id_str":"43218789","name":"Vivo em Rede","id":43218789}],"symbols":[]},"id_str":"385060082477977600","in_reply_to_user_id":31574108,"favorite_count":0,"contributors":null,"text":"@mstrey Olá, siga nosso perfil @vivoemrede e esclareça suas dúvidas sobre nossos produtos e serviços. Lúcia","id":385060082477977600,"place":null,"lang":"pt","user":{"utc_offset":-10800,"friends_count":49790,"profile_image_url_https":"https://si0.twimg.com/profile_images/2114220342/AVATAR_normal.png","profile_background_image_url":"http://a0.twimg.com/profile_background_images/378800000085441881/28039961bb677c757c9ede6ba418652f.jpeg","listed_count":2195,"default_profile_image":false,"favourites_count":5,"description":"Twitter oficial da Vivo | Aqui você se informa e tira dúvidas sobre nossos produtos e serviços em telefonia e internet móvel ou fixa \\o/","created_at":"Thu May 28 22:58:35 +0000 2009","is_translator":false,"profile_background_image_url_https":"https://si0.twimg.com/profile_background_images/378800000085441881/28039961bb677c757c9ede6ba418652f.jpeg","protected":false,"screen_name":"Vivoemrede","id_str":"43218789","profile_link_color":"93A644","geo_enabled":false,"id":43218789,"profile_background_color":"B2DFDA","lang":"pt","profile_sidebar_border_color":"FFFFFF","profile_text_color":"333333","verified":true,"profile_image_url":"http://a0.twimg.com/profile_images/2114220342/AVATAR_normal.png","time_zone":"Brasilia","url":"http://www.vivo.com.br","contributors_enabled":false,"profile_background_tile":false,"follow_request_sent":null,"statuses_count":40834,"profile_use_background_image":true,"followers_count":375855,"following":null,"default_profile":false,"name":"Vivo em Rede","profile_sidebar_fill_color":"F0EDED","location":"","notifications":null},"favorited":false}