{"in_reply_to_status_id_str":null,"in_reply_to_status_id":null,"coordinates":null,"truncated":false,"in_reply_to_user_id_str":"874120338","created_at":"Tue Oct 01 16:23:44 +0000 2013","source":"web","retweet_count":0,"retweeted":false,"geo":null,"filter_level":"medium","in_reply_to_screen_name":"Itaucard","entities":{"urls":[],"hashtags":[],"user_mentions":[{"indices":[0,9],"screen_name":"Itaucard","id_str":"874120338","name":"Itaucard","id":874120338}],"symbols":[]},"id_str":"385077583060037632","in_reply_to_user_id":874120338,"favorite_count":0,"contributors":null,"text":"@Itaucard posso fazer uma pergunta?","id":385077583060037632,"place":null,"lang":"pt","user":{"utc_offset":-10800,"friends_count":196,"profile_image_url_https":"https://si0.twimg.com/profile_images/378800000372675079/30c81d1127ec4af6449c67836871957f_normal.jpeg","profile_background_image_url":"http://a0.twimg.com/profile_background_images/378800000061162260/47a1aebc72f99537cbb6374ec6cdb0d8.jpeg","listed_count":1,"default_profile_image":false,"favourites_count":200,"description":"TUTS TUTS TUTS TUTS QUERO VÊ","created_at":"Sat Sep 11 02:09:38 +0000 2010","is_translator":false,"profile_background_image_url_https":"https://si0.twimg.com/profile_background_images/378800000061162260/47a1aebc72f99537cbb6374ec6cdb0d8.jpeg","protected":false,"screen_name":"Jackduarte_","id_str":"189365914","profile_link_color":"009999","geo_enabled":true,"id":189365914,"profile_background_color":"131516","lang":"pt","profile_sidebar_border_color":"FFFFFF","profile_text_color":"333333","verified":false,"profile_image_url":"http://a0.twimg.com/profile_images/378800000372675079/30c81d1127ec4af6449c67836871957f_normal.jpeg","time_zone":"Brasilia","url":null,"contributors_enabled":false,"profile_banner_url":"https://pbs.twimg.com/profile_banners/189365914/1371603985","profile_background_tile":true,"follow_request_sent":null,"statuses_count":15294,"profile_use_background_image":true,"followers_count":294,"following":null,"default_profile":false,"name":"Jack Duarte ☯","profile_sidebar_fill_color":"DDEEF6","location":"Pelotas - Rio Grande do Sul","notifications":null},"favorited":false}