{"in_reply_to_status_id_str":null,"in_reply_to_status_id":null,"coordinates":null,"truncated":false,"in_reply_to_user_id_str":null,"created_at":"Tue Oct 01 12:21:41 +0000 2013","source":"<a href=\"http://twitter.com/download/android\" rel=\"nofollow\">Twitter for Android<\/a>","retweet_count":0,"retweeted":false,"geo":null,"filter_level":"medium","in_reply_to_screen_name":null,"entities":{"urls":[],"hashtags":[],"user_mentions":[{"indices":[41,55],"screen_name":"BancodoBrasil","id_str":"83723557","name":"Banco do Brasil","id":83723557}],"symbols":[]},"id_str":"385016666582966272","in_reply_to_user_id":null,"favorite_count":0,"contributors":null,"text":"O descaso é tanto que nem pelo twitter o @BancodoBrasil responde aos meus problemas. Tá certo.","id":385016666582966272,"place":null,"lang":"pt","user":{"utc_offset":-10800,"friends_count":265,"profile_image_url_https":"https://si0.twimg.com/profile_images/378800000364198235/fdb1e0269d51bd8125842cec32be41f5_normal.jpeg","profile_background_image_url":"http://a0.twimg.com/profile_background_images/797892039/da3fab7196724d7e76cbf11ad5d56ad5.jpeg","listed_count":6,"default_profile_image":false,"favourites_count":8,"description":"\u201cGostava de beber, era preguiçoso, não defendia nenhum deus, nenhuma opinião política, nenhuma ideia.\u201d  (Charles Bukowski)","created_at":"Sun Apr 05 14:36:04 +0000 2009","is_translator":false,"profile_background_image_url_https":"https://si0.twimg.com/profile_background_images/797892039/da3fab7196724d7e76cbf11ad5d56ad5.jpeg","protected":false,"screen_name":"dark_amy","id_str":"28996047","profile_link_color":"FD083C","geo_enabled":true,"id":28996047,"profile_background_color":"F2EEEF","lang":"en","profile_sidebar_border_color":"8BA7C4","profile_text_color":"8F2E2E","verified":false,"profile_image_url":"http://a0.twimg.com/profile_images/378800000364198235/fdb1e0269d51bd8125842cec32be41f5_normal.jpeg","time_zone":"Brasilia","url":null,"contributors_enabled":false,"profile_banner_url":"https://pbs.twimg.com/profile_banners/28996047/1379564431","profile_background_tile":false,"follow_request_sent":null,"statuses_count":10193,"profile_use_background_image":true,"followers_count":174,"following":null,"default_profile":false,"name":"Amy","profile_sidebar_fill_color":"FAFAFA","location":"Terra do Nunca - Brasil","notifications":null},"favorited":false}