{"in_reply_to_status_id_str":null,"in_reply_to_status_id":null,"coordinates":null,"truncated":false,"in_reply_to_user_id_str":null,"created_at":"Tue Oct 01 16:41:48 +0000 2013","source":"<a href=\"http://twitter.com/download/iphone\" rel=\"nofollow\">Twitter for iPhone<\/a>","retweet_count":0,"retweeted":false,"geo":null,"filter_level":"medium","in_reply_to_screen_name":null,"entities":{"urls":[],"hashtags":[{"indices":[17,26],"text":"bradesco"}],"user_mentions":[],"symbols":[]},"id_str":"385082127886610432","in_reply_to_user_id":null,"favorite_count":0,"contributors":null,"text":"O atendimento do #bradesco e desastroso!","id":385082127886610432,"place":null,"lang":"pt","user":{"utc_offset":-7200,"friends_count":465,"profile_image_url_https":"https://si0.twimg.com/profile_images/1245436887/CART_O_ALMEIDA_RIBEIRO_ADV_normal.jpg","profile_background_image_url":"http://a0.twimg.com/profile_background_images/66638626/PARIS_31.12.09_038.jpg","listed_count":4,"default_profile_image":false,"favourites_count":9,"description":"Escritorio de advocacia localizado em São Paulo especializado em Contratos Empresariais, Contencioso Civil e Arbitragem.","created_at":"Wed Jan 13 18:39:09 +0000 2010","is_translator":false,"profile_background_image_url_https":"https://si0.twimg.com/profile_background_images/66638626/PARIS_31.12.09_038.jpg","protected":false,"screen_name":"advARibeiro","id_str":"104567417","profile_link_color":"0084B4","geo_enabled":true,"id":104567417,"profile_background_color":"C0DEED","lang":"en","profile_sidebar_border_color":"C0DEED","profile_text_color":"333333","verified":false,"profile_image_url":"http://a0.twimg.com/profile_images/1245436887/CART_O_ALMEIDA_RIBEIRO_ADV_normal.jpg","time_zone":"Greenland","url":"http://www.almeidaribeiro.adv.br","contributors_enabled":false,"profile_background_tile":false,"follow_request_sent":null,"statuses_count":2332,"profile_use_background_image":true,"followers_count":183,"following":null,"default_profile":false,"name":"Almeida Ribeiro Adv.","profile_sidebar_fill_color":"DDEEF6","location":"São Paulo Brasil","notifications":null},"favorited":false}