{"in_reply_to_status_id_str":null,"in_reply_to_status_id":null,"coordinates":null,"truncated":false,"in_reply_to_user_id_str":"166920631","created_at":"Tue Oct 01 13:05:20 +0000 2013","source":"<a href=\"http://twitter.com/download/iphone\" rel=\"nofollow\">Twitter for iPhone<\/a>","retweet_count":0,"retweeted":false,"geo":null,"filter_level":"medium","in_reply_to_screen_name":"naldobenny","entities":{"urls":[],"hashtags":[],"user_mentions":[{"indices":[0,11],"screen_name":"naldobenny","id_str":"166920631","name":"Naldo Benny","id":166920631},{"indices":[25,37],"screen_name":"ClaroBrasil","id_str":"141310797","name":"Claro Brasil","id":141310797}],"symbols":[]},"id_str":"385027654258544641","in_reply_to_user_id":166920631,"favorite_count":0,"contributors":null,"text":"@naldobenny hoje aqui na @ClaroBrasil uhuuu!!","id":385027654258544641,"place":null,"lang":"pt","user":{"utc_offset":null,"friends_count":72,"profile_image_url_https":"https://si0.twimg.com/profile_images/3718383939/8263466e78e5a9309a3eb1d3f28df451_normal.jpeg","profile_background_image_url":"http://a0.twimg.com/profile_background_images/402377372/jardicentro_zebra1_1024.jpeg","listed_count":0,"default_profile_image":false,"favourites_count":3,"description":";p","created_at":"Fri Oct 15 19:06:00 +0000 2010","is_translator":false,"profile_background_image_url_https":"https://si0.twimg.com/profile_background_images/402377372/jardicentro_zebra1_1024.jpeg","protected":false,"screen_name":"Bah_RSilva","id_str":"203198220","profile_link_color":"CC3366","geo_enabled":false,"id":203198220,"profile_background_color":"DBE9ED","lang":"en","profile_sidebar_border_color":"DBE9ED","profile_text_color":"333333","verified":false,"profile_image_url":"http://a0.twimg.com/profile_images/3718383939/8263466e78e5a9309a3eb1d3f28df451_normal.jpeg","time_zone":null,"url":null,"contributors_enabled":false,"profile_banner_url":"https://pbs.twimg.com/profile_banners/203198220/1376051895","profile_background_tile":true,"follow_request_sent":null,"statuses_count":329,"profile_use_background_image":true,"followers_count":43,"following":null,"default_profile":false,"name":"BaH Rodrigues","profile_sidebar_fill_color":"E6F6F9","location":"sao paulo","notifications":null},"favorited":false}