{"in_reply_to_status_id_str":"385056990591848451","in_reply_to_status_id":385056990591848451,"coordinates":null,"truncated":false,"in_reply_to_user_id_str":"22679577","created_at":"Tue Oct 01 15:04:16 +0000 2013","source":"<a href=\"http://twitter.com/download/android\" rel=\"nofollow\">Twitter for Android<\/a>","retweet_count":0,"retweeted":false,"geo":null,"filter_level":"medium","in_reply_to_screen_name":"ClaroBlog","entities":{"urls":[],"hashtags":[],"user_mentions":[{"indices":[0,10],"screen_name":"ClaroBlog","id_str":"22679577","name":"ClaroBlog","id":22679577}],"symbols":[]},"id_str":"385057584220491776","in_reply_to_user_id":22679577,"favorite_count":0,"contributors":null,"text":"@ClaroBlog não sei porque estou na Lapa agora. Só vou chegar em casa umas 21 horas.","id":385057584220491776,"place":null,"lang":"pt","user":{"utc_offset":-10800,"friends_count":849,"profile_image_url_https":"https://si0.twimg.com/profile_images/1693691267/313491_264363390269494_100000875053549_731454_192269332_n_normal.jpg","profile_background_image_url":"http://abs.twimg.com/images/themes/theme14/bg.gif","listed_count":2,"default_profile_image":false,"favourites_count":12,"description":null,"created_at":"Thu Sep 30 02:50:45 +0000 2010","is_translator":false,"profile_background_image_url_https":"https://abs.twimg.com/images/themes/theme14/bg.gif","protected":false,"screen_name":"ericvonberner3d","id_str":"196870707","profile_link_color":"009999","geo_enabled":true,"id":196870707,"profile_background_color":"131516","lang":"pt","profile_sidebar_border_color":"EEEEEE","profile_text_color":"333333","verified":false,"profile_image_url":"http://a0.twimg.com/profile_images/1693691267/313491_264363390269494_100000875053549_731454_192269332_n_normal.jpg","time_zone":"Brasilia","url":"http://ericvonberner.blogspot.com.br","contributors_enabled":false,"profile_background_tile":true,"follow_request_sent":null,"statuses_count":7733,"profile_use_background_image":true,"followers_count":274,"following":null,"default_profile":false,"name":"Eric von Berner","profile_sidebar_fill_color":"EFEFEF","location":"São Paulo","notifications":null},"favorited":false}