{"in_reply_to_status_id_str":null,"in_reply_to_status_id":null,"possibly_sensitive":false,"coordinates":null,"truncated":false,"in_reply_to_user_id_str":null,"created_at":"Tue Oct 01 17:45:52 +0000 2013","source":"<a href=\"http://www.hootsuite.com\" rel=\"nofollow\">HootSuite<\/a>","retweet_count":0,"retweeted":false,"geo":null,"filter_level":"medium","in_reply_to_screen_name":null,"entities":{"urls":[{"display_url":"ow.ly/pljWj","indices":[117,139],"expanded_url":"http://ow.ly/pljWj","url":"http://t.co/5xCRnuoIgf"}],"hashtags":[{"indices":[86,97],"text":"TIMProtect"}],"user_mentions":[],"symbols":[]},"id_str":"385098249734213632","in_reply_to_user_id":null,"favorite_count":0,"contributors":null,"text":"Quer proteger suas informações e localizar seu smartphone ou tablet roubado? Assine o #TIMProtect e fique tranquilo! http://t.co/5xCRnuoIgf","id":385098249734213632,"place":null,"lang":"pt","user":{"utc_offset":-10800,"friends_count":6389,"profile_image_url_https":"https://si0.twimg.com/profile_images/3312307771/aaef55f6e05b8a37b1448cd79087ec3b_normal.jpeg","profile_background_image_url":"http://a0.twimg.com/profile_background_images/869790592/c9208eee6548a9e1c4a260a867a73f19.jpeg","listed_count":2036,"default_profile_image":false,"favourites_count":2,"description":"Perfil oficial TIM. Aqui vc encontra promoções, lançamentos e concursos. P/ dúvidas e outras informações fale c/ https://twitter.com/TIM_AJUDA.","created_at":"Mon Aug 03 17:44:02 +0000 2009","is_translator":false,"profile_background_image_url_https":"https://si0.twimg.com/profile_background_images/869790592/c9208eee6548a9e1c4a260a867a73f19.jpeg","protected":false,"screen_name":"TIMBrasil","id_str":"62572858","profile_link_color":"0084B4","geo_enabled":false,"id":62572858,"profile_background_color":"022330","lang":"pt","profile_sidebar_border_color":"FFFFFF","profile_text_color":"333333","verified":true,"profile_image_url":"http://a0.twimg.com/profile_images/3312307771/aaef55f6e05b8a37b1448cd79087ec3b_normal.jpeg","time_zone":"Brasilia","url":"http://www.tim.com.br","contributors_enabled":false,"profile_banner_url":"https://pbs.twimg.com/profile_banners/62572858/1368708660","profile_background_tile":false,"follow_request_sent":null,"statuses_count":8711,"profile_use_background_image":true,"followers_count":287887,"following":null,"default_profile":false,"name":"TIM BRASIL","profile_sidebar_fill_color":"F3F3F3","location":"Brasil","notifications":null},"favorited":false}