{"in_reply_to_status_id_str":null,"in_reply_to_status_id":null,"coordinates":null,"truncated":false,"in_reply_to_user_id_str":null,"created_at":"Tue Oct 01 11:29:30 +0000 2013","source":"<a href=\"http://www.echofon.com/\" rel=\"nofollow\">Echofon<\/a>","retweet_count":0,"retweeted":false,"geo":null,"filter_level":"medium","in_reply_to_screen_name":null,"entities":{"urls":[],"hashtags":[],"user_mentions":[{"indices":[37,46],"screen_name":"TSEjusbr","id_str":"75270377","name":"TSE","id":75270377},{"indices":[101,114],"screen_name":"silva_marina","id_str":"105155795","name":"Marina Silva","id":105155795},{"indices":[131,136],"screen_name":"itau","id_str":"179398386","name":"Itaú","id":179398386}],"symbols":[]},"id_str":"385003533541842946","in_reply_to_user_id":null,"favorite_count":0,"contributors":null,"text":"Espero, franca e sinceramente, que o @TSEjusbr aplique a Lei e dê uma lição na insolente e petulante @silva_marina, a menininha do @itau.","id":385003533541842946,"place":null,"lang":"pt","user":{"utc_offset":-10800,"friends_count":466,"profile_image_url_https":"https://si0.twimg.com/profile_images/3389585519/d5fb5acd8143509fc87d8d928301602c_normal.jpeg","profile_background_image_url":"http://a0.twimg.com/profile_background_images/284738024/23062011_200_por_cento.jpg","listed_count":60,"default_profile_image":false,"favourites_count":225,"description":"Dissidente de mim mesmo.","created_at":"Thu Jul 02 13:38:17 +0000 2009","is_translator":false,"profile_background_image_url_https":"https://si0.twimg.com/profile_background_images/284738024/23062011_200_por_cento.jpg","protected":false,"screen_name":"edugoldenberg","id_str":"53064246","profile_link_color":"F03809","geo_enabled":false,"id":53064246,"profile_background_color":"F0EDED","lang":"pt","profile_sidebar_border_color":"E5EBE2","profile_text_color":"141212","verified":false,"profile_image_url":"http://a0.twimg.com/profile_images/3389585519/d5fb5acd8143509fc87d8d928301602c_normal.jpeg","time_zone":"Brasilia","url":"http://butecodoedu.wordpress.com","contributors_enabled":false,"profile_background_tile":false,"follow_request_sent":null,"statuses_count":95691,"profile_use_background_image":true,"followers_count":2967,"following":null,"default_profile":false,"name":"Edu Goldenberg","profile_sidebar_fill_color":"A6A4A4","location":"Rio de Janeiro, RJ, Brasil","notifications":null},"favorited":false}