{"in_reply_to_status_id_str":null,"in_reply_to_status_id":null,"coordinates":null,"truncated":false,"in_reply_to_user_id_str":null,"created_at":"Tue Oct 01 14:55:45 +0000 2013","source":"<a href=\"http://www.hootsuite.com\" rel=\"nofollow\">HootSuite<\/a>","retweet_count":0,"retweeted":false,"geo":null,"filter_level":"medium","in_reply_to_screen_name":null,"entities":{"urls":[],"hashtags":[{"indices":[2,6],"text":"TIM"}],"user_mentions":[{"indices":[34,44],"screen_name":"TIM_AJUDA","id_str":"394719818","name":"TIM AJUDA","id":394719818}],"symbols":[]},"id_str":"385055439467347968","in_reply_to_user_id":null,"favorite_count":0,"contributors":null,"text":"A #TIM tem mais uma facilidade: o @TIM_AJUDA, um canal de atendimento no Twitter. :D Tire dúvidas sobre sua linha e serviços.","id":385055439467347968,"place":null,"lang":"pt","user":{"utc_offset":-10800,"friends_count":6389,"profile_image_url_https":"https://si0.twimg.com/profile_images/3312307771/aaef55f6e05b8a37b1448cd79087ec3b_normal.jpeg","profile_background_image_url":"http://a0.twimg.com/profile_background_images/869790592/c9208eee6548a9e1c4a260a867a73f19.jpeg","listed_count":2037,"default_profile_image":false,"favourites_count":2,"description":"Perfil oficial TIM. Aqui vc encontra promoções, lançamentos e concursos. P/ dúvidas e outras informações fale c/ https://twitter.com/TIM_AJUDA.","created_at":"Mon Aug 03 17:44:02 +0000 2009","is_translator":false,"profile_background_image_url_https":"https://si0.twimg.com/profile_background_images/869790592/c9208eee6548a9e1c4a260a867a73f19.jpeg","protected":false,"screen_name":"TIMBrasil","id_str":"62572858","profile_link_color":"0084B4","geo_enabled":false,"id":62572858,"profile_background_color":"022330","lang":"pt","profile_sidebar_border_color":"FFFFFF","profile_text_color":"333333","verified":true,"profile_image_url":"http://a0.twimg.com/profile_images/3312307771/aaef55f6e05b8a37b1448cd79087ec3b_normal.jpeg","time_zone":"Brasilia","url":"http://www.tim.com.br","contributors_enabled":false,"profile_banner_url":"https://pbs.twimg.com/profile_banners/62572858/1368708660","profile_background_tile":false,"follow_request_sent":null,"statuses_count":8698,"profile_use_background_image":true,"followers_count":287863,"following":null,"default_profile":false,"name":"TIM BRASIL","profile_sidebar_fill_color":"F3F3F3","location":"Brasil","notifications":null},"favorited":false}