{"in_reply_to_status_id_str":null,"in_reply_to_status_id":null,"coordinates":null,"truncated":false,"in_reply_to_user_id_str":null,"created_at":"Tue Oct 01 13:42:56 +0000 2013","source":"web","retweet_count":0,"retweeted":false,"geo":null,"filter_level":"medium","in_reply_to_screen_name":null,"entities":{"urls":[],"hashtags":[],"user_mentions":[{"indices":[3,8],"screen_name":"itau","id_str":"179398386","name":"Itaú","id":179398386}],"symbols":[]},"id_str":"385037113806168064","in_reply_to_user_id":null,"favorite_count":0,"contributors":null,"text":"ai @itau  o Eike dando calote em 45 milhões e vcs me ligando pra reclamar que estourei meu especial. - vamos eleger prioridades","id":385037113806168064,"place":null,"lang":"pt","user":{"utc_offset":-10800,"friends_count":795,"profile_image_url_https":"https://si0.twimg.com/profile_images/378800000523705898/34c4c02bae86e66129d5d687c09d53e5_normal.jpeg","profile_background_image_url":"http://a0.twimg.com/profile_background_images/263091908/p5.jpg","listed_count":84,"default_profile_image":false,"favourites_count":18,"description":"Ator, Apresentador, Jornalista e fotografo amador","created_at":"Mon Mar 16 19:10:51 +0000 2009","is_translator":false,"profile_background_image_url_https":"https://si0.twimg.com/profile_background_images/263091908/p5.jpg","protected":false,"screen_name":"pedrofabrini","id_str":"24747741","profile_link_color":"0084B4","geo_enabled":true,"id":24747741,"profile_background_color":"9AE4E8","lang":"pt","profile_sidebar_border_color":"BDDCAD","profile_text_color":"333333","verified":false,"profile_image_url":"http://a0.twimg.com/profile_images/378800000523705898/34c4c02bae86e66129d5d687c09d53e5_normal.jpeg","time_zone":"Brasilia","url":"http://www.pedrofabrini.com","contributors_enabled":false,"profile_background_tile":true,"follow_request_sent":null,"statuses_count":64969,"profile_use_background_image":true,"followers_count":3835,"following":null,"default_profile":false,"name":"pedro fabrini","profile_sidebar_fill_color":"DDFFCC","location":"Brasil - mundo - universo","notifications":null},"favorited":false}