{"in_reply_to_status_id_str":null,"in_reply_to_status_id":null,"possibly_sensitive":false,"coordinates":null,"truncated":false,"in_reply_to_user_id_str":null,"created_at":"Tue Oct 01 15:49:20 +0000 2013","source":"<a href=\"http://www.facebook.com/twitter\" rel=\"nofollow\">Facebook<\/a>","retweet_count":0,"retweeted":false,"geo":null,"filter_level":"medium","in_reply_to_screen_name":null,"entities":{"urls":[{"display_url":"fb.me/16XrL8pLv","indices":[115,137],"expanded_url":"http://fb.me/16XrL8pLv","url":"http://t.co/SpdIAiPwXS"}],"hashtags":[{"indices":[101,110],"text":"Itaucard"}],"user_mentions":[],"symbols":[]},"id_str":"385068924658016256","in_reply_to_user_id":null,"favorite_count":0,"contributors":null,"text":"\"Eu faço parte de algo que é capaz de fazer sorrir, encantar, alegrar e emocionar. \nEu faço parte do #Itaucard\"... http://t.co/SpdIAiPwXS","id":385068924658016256,"place":null,"lang":"pt","user":{"utc_offset":-7200,"friends_count":90,"profile_image_url_https":"https://si0.twimg.com/profile_images/378800000459811682/6cd000867548b5a063b8d7315a070620_normal.jpeg","profile_background_image_url":"http://abs.twimg.com/images/themes/theme1/bg.png","listed_count":0,"default_profile_image":false,"favourites_count":2,"description":null,"created_at":"Thu Sep 15 23:19:00 +0000 2011","is_translator":false,"profile_background_image_url_https":"https://abs.twimg.com/images/themes/theme1/bg.png","protected":false,"screen_name":"andersonsaint_","id_str":"374233866","profile_link_color":"0084B4","geo_enabled":false,"id":374233866,"profile_background_color":"C0DEED","lang":"pt","profile_sidebar_border_color":"C0DEED","profile_text_color":"333333","verified":false,"profile_image_url":"http://a0.twimg.com/profile_images/378800000459811682/6cd000867548b5a063b8d7315a070620_normal.jpeg","time_zone":"Greenland","url":"http://www.facebook.com/saintreis","contributors_enabled":false,"profile_background_tile":false,"follow_request_sent":null,"statuses_count":1363,"profile_use_background_image":true,"followers_count":13,"following":null,"default_profile":true,"name":"andersonsaint_","profile_sidebar_fill_color":"DDEEF6","location":"são leopoldo","notifications":null},"favorited":false}