{"in_reply_to_status_id_str":null,"in_reply_to_status_id":null,"coordinates":null,"truncated":false,"in_reply_to_user_id_str":"76133","created_at":"Tue Oct 01 16:15:15 +0000 2013","source":"web","retweet_count":0,"retweeted":false,"geo":null,"filter_level":"medium","in_reply_to_screen_name":"tim","entities":{"urls":[],"hashtags":[],"user_mentions":[{"indices":[0,4],"screen_name":"tim","id_str":"76133","name":"Tim Bradshaw","id":76133}],"symbols":[]},"id_str":"385075445424586752","in_reply_to_user_id":76133,"favorite_count":0,"contributors":null,"text":"@tim nao quero baixar, piradinha, nem vagalumes e nem diz para mim, para de mandar essas porras tio, se orienta","id":385075445424586752,"place":null,"lang":"pt","user":{"utc_offset":-7200,"friends_count":683,"profile_image_url_https":"https://si0.twimg.com/profile_images/378800000500094475/4eda644604558bc2e3846fe01526bd2c_normal.jpeg","profile_background_image_url":"http://a0.twimg.com/profile_background_images/378800000074668845/7e5d5ba57713580ff1649c23929bceec.jpeg","listed_count":97,"default_profile_image":false,"favourites_count":1796,"description":"solta o frango e vem com a gente","created_at":"Thu Dec 17 00:04:59 +0000 2009","is_translator":false,"profile_background_image_url_https":"https://si0.twimg.com/profile_background_images/378800000074668845/7e5d5ba57713580ff1649c23929bceec.jpeg","protected":false,"screen_name":"gabredarros","id_str":"97318914","profile_link_color":"131516","geo_enabled":true,"id":97318914,"profile_background_color":"131516","lang":"en","profile_sidebar_border_color":"FFFFFF","profile_text_color":"000000","verified":false,"profile_image_url":"http://a0.twimg.com/profile_images/378800000500094475/4eda644604558bc2e3846fe01526bd2c_normal.jpeg","time_zone":"Greenland","url":"http://www.facebook.com/gabedarros","contributors_enabled":false,"profile_banner_url":"https://pbs.twimg.com/profile_banners/97318914/1379020506","profile_background_tile":true,"follow_request_sent":null,"statuses_count":120812,"profile_use_background_image":true,"followers_count":1761,"following":null,"default_profile":false,"name":"gabre","profile_sidebar_fill_color":"FFFFFF","location":"","notifications":null},"favorited":false}