{"in_reply_to_status_id_str":null,"in_reply_to_status_id":null,"coordinates":null,"truncated":false,"in_reply_to_user_id_str":null,"created_at":"Tue Oct 01 14:07:30 +0000 2013","source":"<a href=\"http://twitter.com/download/android\" rel=\"nofollow\">Twitter for Android<\/a>","retweet_count":0,"retweeted":false,"geo":null,"filter_level":"medium","in_reply_to_screen_name":null,"entities":{"urls":[],"hashtags":[{"indices":[8,12],"text":"TIM"}],"user_mentions":[],"symbols":[]},"id_str":"385043296915308544","in_reply_to_user_id":null,"favorite_count":0,"contributors":null,"text":"Atenção #TIM, estou aguardando ansiosamente a ligação da Dani Suzuki.","id":385043296915308544,"place":null,"lang":"pt","user":{"utc_offset":7200,"friends_count":168,"profile_image_url_https":"https://si0.twimg.com/profile_images/378800000335831909/aca9d66738f5e726c43a7464a09b964e_normal.jpeg","profile_background_image_url":"http://a0.twimg.com/profile_background_images/577526693/z72fs5u26gd2ldzpnwyn.jpeg","listed_count":6,"default_profile_image":false,"favourites_count":58,"description":"Jornalista (diplomada), sagitariana, corintiana, matucha-pantaneira-carioca e bloguista... Apesar disso, uma boa moça que gosta de homens com barba.","created_at":"Mon Apr 14 21:03:07 +0000 2008","is_translator":false,"profile_background_image_url_https":"https://si0.twimg.com/profile_background_images/577526693/z72fs5u26gd2ldzpnwyn.jpeg","protected":false,"screen_name":"debordin","id_str":"14390283","profile_link_color":"696969","geo_enabled":true,"id":14390283,"profile_background_color":"FFFFFF","lang":"pt","profile_sidebar_border_color":"696969","profile_text_color":"363636","verified":false,"profile_image_url":"http://a0.twimg.com/profile_images/378800000335831909/aca9d66738f5e726c43a7464a09b964e_normal.jpeg","time_zone":"Prague","url":"http://viajandomundoafora.com","contributors_enabled":false,"profile_banner_url":"https://pbs.twimg.com/profile_banners/14390283/1358904826","profile_background_tile":true,"follow_request_sent":null,"statuses_count":6596,"profile_use_background_image":true,"followers_count":231,"following":null,"default_profile":false,"name":"Débora Bordin","profile_sidebar_fill_color":"000000","location":"Rio de Janeiro","notifications":null},"favorited":false}