{"in_reply_to_status_id_str":null,"in_reply_to_status_id":null,"coordinates":null,"truncated":false,"in_reply_to_user_id_str":null,"created_at":"Tue Oct 01 14:35:25 +0000 2013","source":"web","retweet_count":0,"retweeted":false,"geo":null,"filter_level":"medium","in_reply_to_screen_name":null,"entities":{"urls":[],"hashtags":[],"user_mentions":[{"indices":[4,15],"screen_name":"Vivoemrede","id_str":"43218789","name":"Vivo em Rede","id":43218789},{"indices":[45,55],"screen_name":"TIMBrasil","id_str":"62572858","name":"TIM BRASIL","id":62572858}],"symbols":[]},"id_str":"385050322852249600","in_reply_to_user_id":null,"favorite_count":0,"contributors":null,"text":"Alô @Vivoemrede ... é nois em breve... Adeus @TIMBrasil !!! operadora LIXO!","id":385050322852249600,"place":null,"lang":"pt","user":{"utc_offset":-10800,"friends_count":332,"profile_image_url_https":"https://si0.twimg.com/profile_images/378800000365762300/f315f75f291713bafc52bda98f404855_normal.jpeg","profile_background_image_url":"http://a0.twimg.com/profile_background_images/693511237/1f7fe519a8e9d827ba8c8dc9e4313598.jpeg","listed_count":4,"default_profile_image":false,"favourites_count":0,"description":"Carioca, Empresário, Gastrônomo, Gamer, Nerd....    https://olhaogordinho.wordpress.com/   //\r\nhttp://www.youtube.com/danielgbe","created_at":"Sun Mar 15 02:30:14 +0000 2009","is_translator":false,"profile_background_image_url_https":"https://si0.twimg.com/profile_background_images/693511237/1f7fe519a8e9d827ba8c8dc9e4313598.jpeg","protected":false,"screen_name":"danielgbe","id_str":"24473033","profile_link_color":"14A625","geo_enabled":true,"id":24473033,"profile_background_color":"FFFFFF","lang":"pt","profile_sidebar_border_color":"FFFFFF","profile_text_color":"000000","verified":false,"profile_image_url":"http://a0.twimg.com/profile_images/378800000365762300/f315f75f291713bafc52bda98f404855_normal.jpeg","time_zone":"Brasilia","url":"http://www.facebook.com/danielgbe","contributors_enabled":false,"profile_banner_url":"https://pbs.twimg.com/profile_banners/24473033/1348099843","profile_background_tile":true,"follow_request_sent":null,"statuses_count":21986,"profile_use_background_image":true,"followers_count":369,"following":null,"default_profile":false,"name":"Dan Rodrigues","profile_sidebar_fill_color":"FFFFFF","location":"Rio de Janeiro","notifications":null},"favorited":false}