{"in_reply_to_status_id_str":"385057398081085441","in_reply_to_status_id":385057398081085441,"coordinates":null,"truncated":false,"in_reply_to_user_id_str":"22679577","created_at":"Tue Oct 01 17:31:02 +0000 2013","source":"<a href=\"https://mobile.twitter.com\" rel=\"nofollow\">Mobile Web (M2)<\/a>","retweet_count":0,"retweeted":false,"geo":null,"filter_level":"medium","in_reply_to_screen_name":"ClaroBlog","entities":{"urls":[],"hashtags":[],"user_mentions":[{"indices":[0,10],"screen_name":"ClaroBlog","id_str":"22679577","name":"ClaroBlog","id":22679577}],"symbols":[]},"id_str":"385094518841683968","in_reply_to_user_id":22679577,"favorite_count":0,"contributors":null,"text":"@claroblog acho otimo que tenham esse posicionamento e é o que esperamos. mas ontem faltou treino.","id":385094518841683968,"place":null,"lang":"pt","user":{"utc_offset":-10800,"friends_count":1999,"profile_image_url_https":"https://si0.twimg.com/profile_images/3778471079/611e446faabe142b484607e8b88d4a6e_normal.jpeg","profile_background_image_url":"http://a0.twimg.com/profile_background_images/718463860/7586237ea559c96c910d5ee3f4b72c70.jpeg","listed_count":10,"default_profile_image":false,"favourites_count":267,"description":"Relações Públicas + Comunicação + Institucional + Comunitária + Gestão de Marca + Colaborador do Blog Ser.RP + Bacana + Imperfeito","created_at":"Sun Nov 08 00:02:59 +0000 2009","is_translator":false,"profile_background_image_url_https":"https://si0.twimg.com/profile_background_images/718463860/7586237ea559c96c910d5ee3f4b72c70.jpeg","protected":false,"screen_name":"birobson","id_str":"88304375","profile_link_color":"007BB8","geo_enabled":false,"id":88304375,"profile_background_color":"000000","lang":"es","profile_sidebar_border_color":"FFFFFF","profile_text_color":"000000","verified":false,"profile_image_url":"http://a0.twimg.com/profile_images/3778471079/611e446faabe142b484607e8b88d4a6e_normal.jpeg","time_zone":"Brasilia","url":"http://about.me/birobson","contributors_enabled":false,"profile_banner_url":"https://pbs.twimg.com/profile_banners/88304375/1370818969","profile_background_tile":false,"follow_request_sent":null,"statuses_count":7953,"profile_use_background_image":true,"followers_count":583,"following":null,"default_profile":false,"name":"Robson C. Turcato","profile_sidebar_fill_color":"EFEFEF","location":"Brasil","notifications":null},"favorited":false}