{"in_reply_to_status_id_str":null,"in_reply_to_status_id":null,"coordinates":null,"truncated":false,"in_reply_to_user_id_str":"22679577","created_at":"Tue Oct 01 13:20:54 +0000 2013","source":"web","retweet_count":0,"retweeted":false,"geo":null,"filter_level":"medium","in_reply_to_screen_name":"ClaroBlog","entities":{"urls":[],"hashtags":[],"user_mentions":[{"indices":[0,10],"screen_name":"ClaroBlog","id_str":"22679577","name":"ClaroBlog","id":22679577}],"symbols":[]},"id_str":"385031568403623937","in_reply_to_user_id":22679577,"favorite_count":0,"contributors":null,"text":"@ClaroBlog finalmente hoje me telefonaram e pelo visto cancelaram de vez a linha que eu ja havia cancelado ha 5 meses.Obrigada. Bom dia","id":385031568403623937,"place":null,"lang":"pt","user":{"utc_offset":-10800,"friends_count":95,"profile_image_url_https":"https://si0.twimg.com/profile_images/2199867668/IMG_2892_normal.JPG","profile_background_image_url":"http://abs.twimg.com/images/themes/theme17/bg.gif","listed_count":0,"default_profile_image":false,"favourites_count":11,"description":"Suponho que me entender não é uma questão de inteligência e sim de sentir, de entrar em contato. Ou toca ou não toca. (Clarice Lispector)","created_at":"Wed Apr 20 20:27:56 +0000 2011","is_translator":false,"profile_background_image_url_https":"https://abs.twimg.com/images/themes/theme17/bg.gif","protected":false,"screen_name":"ge_caldas","id_str":"285253651","profile_link_color":"CC3366","geo_enabled":true,"id":285253651,"profile_background_color":"DBE9ED","lang":"pt","profile_sidebar_border_color":"DBE9ED","profile_text_color":"333333","verified":false,"profile_image_url":"http://a0.twimg.com/profile_images/2199867668/IMG_2892_normal.JPG","time_zone":"Brasilia","url":"https://www.facebook.com/profile.php?id=100001713336078","contributors_enabled":false,"profile_background_tile":false,"follow_request_sent":null,"statuses_count":128,"profile_use_background_image":true,"followers_count":31,"following":null,"default_profile":false,"name":"Ge Caldas","profile_sidebar_fill_color":"E6F6F9","location":"São Paulo/SP","notifications":null},"favorited":false}