{"in_reply_to_status_id_str":null,"in_reply_to_status_id":null,"coordinates":null,"truncated":false,"in_reply_to_user_id_str":null,"created_at":"Tue Oct 01 13:38:35 +0000 2013","source":"<a href=\"http://www.tweetdeck.com\" rel=\"nofollow\">TweetDeck<\/a>","retweet_count":0,"retweeted":false,"geo":null,"filter_level":"medium","in_reply_to_screen_name":null,"entities":{"urls":[],"hashtags":[],"user_mentions":[{"indices":[29,39],"screen_name":"ClaroBlog","id_str":"22679577","name":"ClaroBlog","id":22679577},{"indices":[41,49],"screen_name":"vivocah","id_str":"128548933","name":"Vivi Sousa","id":128548933}],"symbols":[]},"id_str":"385036021596839936","in_reply_to_user_id":null,"favorite_count":0,"contributors":null,"text":"Respondi. Aguardo contato RT @ClaroBlog: @vivocah, por gentileza, nos envie por mensagem privada um tel+DDD para que possamos te ajudar, ok!","id":385036021596839936,"place":null,"lang":"pt","user":{"utc_offset":-10800,"friends_count":213,"profile_image_url_https":"https://si0.twimg.com/profile_images/2875573615/edad8d62a285eefffad366c256fca6ce_normal.png","profile_background_image_url":"http://a0.twimg.com/profile_background_images/887127790/893804ba8fffd3c34e3554c3bfd4b550.jpeg","listed_count":5,"default_profile_image":false,"favourites_count":2,"description":"Analista de suporte, paciente por profissão, comunicativa de berço e animada de natureza, apaixonada por rails. Noiva do @vagnerzampieri","created_at":"Thu Apr 01 13:02:00 +0000 2010","is_translator":false,"profile_background_image_url_https":"https://si0.twimg.com/profile_background_images/887127790/893804ba8fffd3c34e3554c3bfd4b550.jpeg","protected":false,"screen_name":"vivocah","id_str":"128548933","profile_link_color":"038543","geo_enabled":true,"id":128548933,"profile_background_color":"ACDED6","lang":"pt","profile_sidebar_border_color":"FFFFFF","profile_text_color":"333333","verified":false,"profile_image_url":"http://a0.twimg.com/profile_images/2875573615/edad8d62a285eefffad366c256fca6ce_normal.png","time_zone":"Brasilia","url":"http://www.frelleto.com.br","contributors_enabled":false,"profile_background_tile":false,"follow_request_sent":null,"statuses_count":5567,"profile_use_background_image":true,"followers_count":201,"following":null,"default_profile":false,"name":"Vivi Sousa","profile_sidebar_fill_color":"F6F6F6","location":"Rio de Janeiro","notifications":null},"favorited":false}