{"in_reply_to_status_id_str":null,"in_reply_to_status_id":null,"coordinates":null,"truncated":false,"in_reply_to_user_id_str":null,"created_at":"Tue Oct 01 13:20:32 +0000 2013","source":"web","retweet_count":0,"retweeted":false,"geo":null,"filter_level":"medium","in_reply_to_screen_name":null,"entities":{"urls":[],"hashtags":[{"indices":[16,23],"text":"Apimec"}],"user_mentions":[{"indices":[24,38],"screen_name":"BancodoBrasil","id_str":"83723557","name":"Banco do Brasil","id":83723557}],"symbols":[]},"id_str":"385031476208599040","in_reply_to_user_id":null,"favorite_count":0,"contributors":null,"text":"sexta-feira tem #Apimec @BancodoBrasil","id":385031476208599040,"place":null,"lang":"pt","user":{"utc_offset":-10800,"friends_count":506,"profile_image_url_https":"https://si0.twimg.com/profile_images/378800000453619786/a469569de764e928046944daabcfadac_normal.jpeg","profile_background_image_url":"http://a0.twimg.com/profile_background_images/586417614/g0qpxh82745y43alv2b2.jpeg","listed_count":5,"default_profile_image":false,"favourites_count":111,"description":"Estudante de Finanças - UFC, futuro empreendedor, Torcedor do @dallascowboys e apaixonado pelo @fortalezaec  .!","created_at":"Thu Sep 24 14:36:58 +0000 2009","is_translator":false,"profile_background_image_url_https":"https://si0.twimg.com/profile_background_images/586417614/g0qpxh82745y43alv2b2.jpeg","protected":false,"screen_name":"LuanLF","id_str":"76953698","profile_link_color":"009999","geo_enabled":true,"id":76953698,"profile_background_color":"131516","lang":"en","profile_sidebar_border_color":"EEEEEE","profile_text_color":"333333","verified":false,"profile_image_url":"http://a0.twimg.com/profile_images/378800000453619786/a469569de764e928046944daabcfadac_normal.jpeg","time_zone":"Brasilia","url":"https://www.facebook.com/luan.souza.5836","contributors_enabled":false,"profile_banner_url":"https://pbs.twimg.com/profile_banners/76953698/1379119015","profile_background_tile":true,"follow_request_sent":null,"statuses_count":36833,"profile_use_background_image":true,"followers_count":352,"following":null,"default_profile":false,"name":"Luan Souza","profile_sidebar_fill_color":"EFEFEF","location":"Brasil","notifications":null},"favorited":false}