{"in_reply_to_status_id_str":null,"in_reply_to_status_id":null,"possibly_sensitive":false,"coordinates":null,"truncated":false,"in_reply_to_user_id_str":null,"created_at":"Tue Oct 01 11:34:14 +0000 2013","source":"<a href=\"http://www.tweetdeck.com\" rel=\"nofollow\">TweetDeck<\/a>","retweet_count":0,"retweeted":false,"geo":null,"filter_level":"medium","in_reply_to_screen_name":null,"entities":{"urls":[],"hashtags":[],"media":[{"display_url":"pic.twitter.com/ItkiHrgpr2","indices":[93,115],"sizes":{"small":{"w":340,"h":604,"resize":"fit"},"large":{"w":720,"h":1280,"resize":"fit"},"thumb":{"w":150,"h":150,"resize":"crop"},"medium":{"w":600,"h":1066,"resize":"fit"}},"id_str":"385004405973864448","expanded_url":"http://twitter.com/7ichi88/status/385004406141620224/photo/1","source_status_id_str":"385004406141620224","media_url_https":"https://pbs.twimg.com/media/BVfPd6cIUAAdSBE.png","id":385004405973864448,"type":"photo","source_status_id":385004406141620224,"media_url":"http://pbs.twimg.com/media/BVfPd6cIUAAdSBE.png","url":"http://t.co/ItkiHrgpr2"}],"user_mentions":[{"indices":[42,50],"screen_name":"7ichi88","id_str":"206490897","name":"Amanda the ogre","id":206490897},{"indices":[82,92],"screen_name":"TIMBrasil","id_str":"62572858","name":"TIM BRASIL","id":62572858}],"symbols":[]},"id_str":"385004725953134592","in_reply_to_user_id":null,"favorite_count":0,"contributors":null,"text":"PROCESSINHO! PROCESSINHO! PROCESSINHO! RT @7ichi88: Como usar 10mb em um segundo. @TIMBrasil http://t.co/ItkiHrgpr2","id":385004725953134592,"place":null,"lang":"pt","user":{"utc_offset":-10800,"friends_count":232,"profile_image_url_https":"https://si0.twimg.com/profile_images/3467907269/56079ad9305914c25fea088288cbad1b_normal.png","profile_background_image_url":"http://a0.twimg.com/profile_background_images/344918034409557752/0552b39c02405eb530a06d642b4ef080.jpeg","listed_count":27,"default_profile_image":false,"favourites_count":36,"description":"#fail - http://about.me/mooglez","created_at":"Fri Aug 17 13:09:06 +0000 2007","is_translator":false,"profile_background_image_url_https":"https://si0.twimg.com/profile_background_images/344918034409557752/0552b39c02405eb530a06d642b4ef080.jpeg","protected":false,"screen_name":"mooglez","id_str":"8244182","profile_link_color":"486CA0","geo_enabled":true,"id":8244182,"profile_background_color":"8CB0C6","lang":"pt","profile_sidebar_border_color":"000000","profile_text_color":"000000","verified":false,"profile_image_url":"http://a0.twimg.com/profile_images/3467907269/56079ad9305914c25fea088288cbad1b_normal.png","time_zone":"Brasilia","url":"http://www.youtube.com/user/oquetemdebom","contributors_enabled":false,"profile_banner_url":"https://pbs.twimg.com/profile_banners/8244182/1372539432","profile_background_tile":true,"follow_request_sent":null,"statuses_count":121131,"profile_use_background_image":true,"followers_count":1107,"following":null,"default_profile":false,"name":"mugols","profile_sidebar_fill_color":"D2E0E5","location":"porto alegre, rs","notifications":null},"favorited":false}