{"in_reply_to_status_id_str":null,"in_reply_to_status_id":null,"coordinates":null,"truncated":false,"in_reply_to_user_id_str":null,"created_at":"Tue Oct 01 13:09:52 +0000 2013","source":"<a href=\"https://chrome.google.com/extensions/detail/encaiiljifbdbjlphpgpiimidegddhic\" rel=\"nofollow\">Silver Bird<\/a>","retweet_count":0,"retweeted":false,"geo":null,"filter_level":"medium","in_reply_to_screen_name":null,"entities":{"urls":[],"hashtags":[{"indices":[41,46],"text":"Itau"},{"indices":[65,70],"text":"sapo"}],"user_mentions":[],"symbols":[]},"id_str":"385028794769477633","in_reply_to_user_id":null,"favorite_count":0,"contributors":null,"text":"Quem mais vem evitando entrar no site do #Itau por causa daquele #sapo horroroso que colocaram lá?? QQ esses marketeiros tem na cabeça né!!!","id":385028794769477633,"place":null,"lang":"pt","user":{"utc_offset":-10800,"friends_count":202,"profile_image_url_https":"https://si0.twimg.com/profile_images/2570421201/7eq8pco9q4pbkwz2eh9w_normal.jpeg","profile_background_image_url":"http://a0.twimg.com/profile_background_images/303096773/TwitterTemplate_1400.jpg","listed_count":42,"default_profile_image":false,"favourites_count":15,"description":"Por Cristo, com Cristo e em Cristo...!!!\r\nThe Way. The Truth. The Life.","created_at":"Mon Jun 01 14:33:59 +0000 2009","is_translator":false,"profile_background_image_url_https":"https://si0.twimg.com/profile_background_images/303096773/TwitterTemplate_1400.jpg","protected":false,"screen_name":"Idamar_ldna","id_str":"43893759","profile_link_color":"230CF0","geo_enabled":true,"id":43893759,"profile_background_color":"C20A38","lang":"pt","profile_sidebar_border_color":"FFFFFF","profile_text_color":"210121","verified":false,"profile_image_url":"http://a0.twimg.com/profile_images/2570421201/7eq8pco9q4pbkwz2eh9w_normal.jpeg","time_zone":"Brasilia","url":"http://flavors.me/idamar_ldna","contributors_enabled":false,"profile_banner_url":"https://pbs.twimg.com/profile_banners/43893759/1349730317","profile_background_tile":false,"follow_request_sent":null,"statuses_count":5383,"profile_use_background_image":true,"followers_count":345,"following":null,"default_profile":false,"name":"Idamar","profile_sidebar_fill_color":"CFE6F7","location":"Londrina-Pr","notifications":null},"favorited":false}