{"in_reply_to_status_id_str":null,"in_reply_to_status_id":null,"possibly_sensitive":false,"coordinates":null,"truncated":false,"in_reply_to_user_id_str":null,"created_at":"Tue Oct 01 12:02:26 +0000 2013","source":"<a href=\"http://www.facebook.com/twitter\" rel=\"nofollow\">Facebook<\/a>","retweet_count":0,"retweeted":false,"geo":null,"filter_level":"medium","in_reply_to_screen_name":null,"entities":{"urls":[{"display_url":"fb.me/1KhDFP6JM","indices":[121,143],"expanded_url":"http://fb.me/1KhDFP6JM","url":"http://t.co/vcRsZs2Vpf"}],"hashtags":[{"indices":[91,102],"text":"ValdiviaCl"},{"indices":[103,114],"text":"whitehorse"},{"indices":[115,120],"text":"vivo"}],"user_mentions":[{"indices":[54,61],"screen_name":"Nueztv","id_str":"1402237334","name":"Nueztv","id":1402237334},{"indices":[65,76],"screen_name":"FumayBaila","id_str":"764881015","name":"Fuma & Baila","id":764881015},{"indices":[77,90],"screen_name":"DiscosTueTue","id_str":"408914888","name":"Discos Tue Tue","id":408914888}],"symbols":[]},"id_str":"385011824779096064","in_reply_to_user_id":null,"favorite_count":0,"contributors":null,"text":"entrevista en backstage barloreto Fuma &amp; Baila en @NuezTV cc @fumaybaila @discostuetue #ValdiviaCl #whitehorse #vivo http://t.co/vcRsZs2Vpf","id":385011824779096064,"place":null,"lang":"es","user":{"utc_offset":null,"friends_count":173,"profile_image_url_https":"https://si0.twimg.com/profile_images/3351915193/244572b4624e718f6a5f84e1a254c600_normal.jpeg","profile_background_image_url":"http://a0.twimg.com/profile_background_images/809107248/9c802631d526d986698a00a880ee3f9e.jpeg","listed_count":2,"default_profile_image":false,"favourites_count":5,"description":"Electro Rock sin prejuicios ni complejos. Desde el fin del mundo, Valdivia, Chile. Escúchanos https://t.co/bzxmwN7fi8 Síguenos http://t.co/EC7RXNT9En","created_at":"Sat Aug 18 02:18:38 +0000 2012","is_translator":false,"profile_background_image_url_https":"https://si0.twimg.com/profile_background_images/809107248/9c802631d526d986698a00a880ee3f9e.jpeg","protected":false,"screen_name":"FumayBaila","id_str":"764881015","profile_link_color":"0099B9","geo_enabled":false,"id":764881015,"profile_background_color":"0099B9","lang":"es","profile_sidebar_border_color":"FFFFFF","profile_text_color":"333333","verified":false,"profile_image_url":"http://a0.twimg.com/profile_images/3351915193/244572b4624e718f6a5f84e1a254c600_normal.jpeg","time_zone":null,"url":"http://www.discostuetue.cl","contributors_enabled":false,"profile_banner_url":"https://pbs.twimg.com/profile_banners/764881015/1362716643","profile_background_tile":true,"follow_request_sent":null,"statuses_count":293,"profile_use_background_image":true,"followers_count":162,"following":null,"default_profile":false,"name":"Fuma & Baila","profile_sidebar_fill_color":"DDEEF6","location":"Valdivia, Chile.","notifications":null},"favorited":false}