{"in_reply_to_status_id_str":null,"in_reply_to_status_id":null,"coordinates":null,"truncated":false,"in_reply_to_user_id_str":null,"created_at":"Tue Oct 01 13:39:31 +0000 2013","source":"<a href=\"http://twitter.com/download/android\" rel=\"nofollow\">Twitter for Android<\/a>","retweet_count":0,"retweeted":false,"geo":null,"filter_level":"medium","in_reply_to_screen_name":null,"entities":{"urls":[],"hashtags":[{"indices":[93,99],"text":"Merda"},{"indices":[100,104],"text":"tim"},{"indices":[105,111],"text":"claro"},{"indices":[112,117],"text":"tudo"},{"indices":[118,127],"text":"semsinal"}],"user_mentions":[],"symbols":[]},"id_str":"385036256293683201","in_reply_to_user_id":null,"favorite_count":0,"contributors":null,"text":"Acabei de trocar para a Claro e descobri que é a mesma bosta sempre não importa a operadora! #Merda #tim #claro #tudo #semsinal","id":385036256293683201,"place":null,"lang":"pt","user":{"utc_offset":-10800,"friends_count":157,"profile_image_url_https":"https://si0.twimg.com/profile_images/378800000380673803/57c904714520e597f6838c343ad681f5_normal.jpeg","profile_background_image_url":"http://a0.twimg.com/profile_background_images/378800000016032335/b887371cc7f9a913d82840e26c81bbf7.jpeg","listed_count":1,"default_profile_image":false,"favourites_count":0,"description":null,"created_at":"Sun Aug 02 01:20:55 +0000 2009","is_translator":false,"profile_background_image_url_https":"https://si0.twimg.com/profile_background_images/378800000016032335/b887371cc7f9a913d82840e26c81bbf7.jpeg","protected":false,"screen_name":"maaah_medeiros","id_str":"62163482","profile_link_color":"009999","geo_enabled":false,"id":62163482,"profile_background_color":"131516","lang":"pt","profile_sidebar_border_color":"FFFFFF","profile_text_color":"333333","verified":false,"profile_image_url":"http://a0.twimg.com/profile_images/378800000380673803/57c904714520e597f6838c343ad681f5_normal.jpeg","time_zone":"Brasilia","url":null,"contributors_enabled":false,"profile_banner_url":"https://pbs.twimg.com/profile_banners/62163482/1377798691","profile_background_tile":true,"follow_request_sent":null,"statuses_count":5364,"profile_use_background_image":true,"followers_count":236,"following":null,"default_profile":false,"name":"Mayara Medeiros ","profile_sidebar_fill_color":"EFEFEF","location":"","notifications":null},"favorited":false}