{"in_reply_to_status_id_str":null,"in_reply_to_status_id":null,"coordinates":{"coordinates":[-37.0610676,-10.9381573],"type":"Point"},"truncated":false,"in_reply_to_user_id_str":null,"created_at":"Tue Oct 01 12:06:41 +0000 2013","source":"<a href=\"http://twitter.com/download/android\" rel=\"nofollow\">Twitter for Android<\/a>","retweet_count":0,"retweeted":false,"geo":{"coordinates":[-10.9381573,-37.0610676],"type":"Point"},"filter_level":"medium","in_reply_to_screen_name":null,"entities":{"urls":[],"hashtags":[{"indices":[22,25],"text":"oi"}],"user_mentions":[],"symbols":[]},"id_str":"385012892439150592","in_reply_to_user_id":null,"favorite_count":0,"contributors":null,"text":"Ligando para o sac da #oi e em 5 min já me transferiram 3 vezes","id":385012892439150592,"place":{"country_code":"BR","country":"Brasil","full_name":"Aracaju, Sergipe","bounding_box":{"coordinates":[[[-37.168411,-11.137051],[-37.168411,-10.86677],[-37.033073,-10.86677],[-37.033073,-11.137051]]],"type":"Polygon"},"place_type":"city","name":"Aracaju","attributes":{},"id":"4ced2a0296d13aad","url":"https://api.twitter.com/1.1/geo/id/4ced2a0296d13aad.json"},"lang":"pt","user":{"utc_offset":-10800,"friends_count":135,"profile_image_url_https":"https://si0.twimg.com/profile_images/378800000296195687/d38a5ebfacad5a1766773bbeeaa73ffc_normal.jpeg","profile_background_image_url":"http://a0.twimg.com/profile_background_images/36002055/cover.jpg","listed_count":10,"default_profile_image":false,"favourites_count":46,"description":"Eitchaa Lelêê!","created_at":"Mon Jul 13 14:18:03 +0000 2009","is_translator":false,"profile_background_image_url_https":"https://si0.twimg.com/profile_background_images/36002055/cover.jpg","protected":false,"screen_name":"vinasupertramp","id_str":"56383105","profile_link_color":"0084B4","geo_enabled":true,"id":56383105,"profile_background_color":"9AE4E8","lang":"pt","profile_sidebar_border_color":"BDDCAD","profile_text_color":"333333","verified":false,"profile_image_url":"http://a0.twimg.com/profile_images/378800000296195687/d38a5ebfacad5a1766773bbeeaa73ffc_normal.jpeg","time_zone":"Santiago","url":null,"contributors_enabled":false,"profile_background_tile":false,"follow_request_sent":null,"statuses_count":2390,"profile_use_background_image":true,"followers_count":78,"following":null,"default_profile":false,"name":"César Vinícius","profile_sidebar_fill_color":"DDFFCC","location":"Inácio Barbosa","notifications":null},"favorited":false}