{"in_reply_to_status_id_str":null,"in_reply_to_status_id":null,"possibly_sensitive":false,"coordinates":null,"truncated":false,"in_reply_to_user_id_str":null,"created_at":"Tue Oct 01 16:21:52 +0000 2013","source":"<a href=\"http://instagram.com\" rel=\"nofollow\">Instagram<\/a>","retweet_count":0,"retweeted":false,"geo":null,"filter_level":"medium","in_reply_to_screen_name":null,"entities":{"urls":[{"display_url":"instagram.com/p/e7mh2DSO9J/","indices":[18,40],"expanded_url":"http://instagram.com/p/e7mh2DSO9J/","url":"http://t.co/SoGsIQdXhA"}],"hashtags":[{"indices":[0,3],"text":"eu"},{"indices":[4,7],"text":"oi"},{"indices":[8,11],"text":"rj"},{"indices":[12,17],"text":"girl"}],"user_mentions":[],"symbols":[]},"id_str":"385077109900972032","in_reply_to_user_id":null,"favorite_count":0,"contributors":null,"text":"#eu #oi #rj #girl http://t.co/SoGsIQdXhA","id":385077109900972032,"place":null,"lang":"en","user":{"utc_offset":null,"friends_count":199,"profile_image_url_https":"https://si0.twimg.com/profile_images/378800000515167720/5dee509a37f24f13dd1092ced022aac8_normal.jpeg","profile_background_image_url":"http://a0.twimg.com/profile_background_images/807490533/66d87257664dde24cdb154a227535f40.jpeg","listed_count":0,"default_profile_image":false,"favourites_count":171,"description":"TEQUILA","created_at":"Fri May 13 23:18:03 +0000 2011","is_translator":false,"profile_background_image_url_https":"https://si0.twimg.com/profile_background_images/807490533/66d87257664dde24cdb154a227535f40.jpeg","protected":false,"screen_name":"Gabsuda","id_str":"298228809","profile_link_color":"0099CC","geo_enabled":true,"id":298228809,"profile_background_color":"FFF04D","lang":"en","profile_sidebar_border_color":"FFFFFF","profile_text_color":"362720","verified":false,"profile_image_url":"http://a0.twimg.com/profile_images/378800000515167720/5dee509a37f24f13dd1092ced022aac8_normal.jpeg","time_zone":null,"url":"http://about.me/gabscruz","contributors_enabled":false,"profile_banner_url":"https://pbs.twimg.com/profile_banners/298228809/1372741277","profile_background_tile":true,"follow_request_sent":null,"statuses_count":11622,"profile_use_background_image":true,"followers_count":319,"following":null,"default_profile":false,"name":"Gabs","profile_sidebar_fill_color":"E5507E","location":"Rj","notifications":null},"favorited":false}