{"in_reply_to_status_id_str":null,"in_reply_to_status_id":null,"coordinates":null,"truncated":false,"in_reply_to_user_id_str":null,"created_at":"Tue Oct 01 17:07:34 +0000 2013","source":"<a href=\"http://twitter.com/download/android\" rel=\"nofollow\">Twitter for Android<\/a>","retweet_count":0,"retweeted":false,"geo":null,"filter_level":"medium","in_reply_to_screen_name":null,"entities":{"urls":[],"hashtags":[],"user_mentions":[{"indices":[25,32],"screen_name":"digaoi","id_str":"17487043","name":"Diga Oi!","id":17487043}],"symbols":[]},"id_str":"385088612943269889","in_reply_to_user_id":null,"favorite_count":0,"contributors":null,"text":"Quero aqui parabenizar a @digaoi por ter conseguido me fazer de trouxa. Agora uma reclamaçãozinha na Anatel pra não passar em branco.","id":385088612943269889,"place":null,"lang":"pt","user":{"utc_offset":-10800,"friends_count":308,"profile_image_url_https":"https://si0.twimg.com/profile_images/1201640983/eu_face_normal.jpg","profile_background_image_url":"http://a0.twimg.com/profile_background_images/792760989/076e7e4ddb91bc37dabca29e99c57bcf.jpeg","listed_count":7,"default_profile_image":false,"favourites_count":289,"description":"Apaixonado pelo Sport Club do Recife, cinéfilo em constante formação, eXcer de carteirinha e colecionador (liso) de DVD e Blu-Rays.","created_at":"Tue May 19 18:41:01 +0000 2009","is_translator":false,"profile_background_image_url_https":"https://si0.twimg.com/profile_background_images/792760989/076e7e4ddb91bc37dabca29e99c57bcf.jpeg","protected":false,"screen_name":"dyogoalvaro","id_str":"41177954","profile_link_color":"FF0522","geo_enabled":true,"id":41177954,"profile_background_color":"131516","lang":"pt","profile_sidebar_border_color":"FFFFFF","profile_text_color":"0A0A0A","verified":false,"profile_image_url":"http://a0.twimg.com/profile_images/1201640983/eu_face_normal.jpg","time_zone":"Brasilia","url":null,"contributors_enabled":false,"profile_banner_url":"https://pbs.twimg.com/profile_banners/41177954/1361057481","profile_background_tile":true,"follow_request_sent":null,"statuses_count":13038,"profile_use_background_image":true,"followers_count":200,"following":null,"default_profile":false,"name":"Dyogo Alvaro","profile_sidebar_fill_color":"FAEE0A","location":"Petrolina/PE","notifications":null},"favorited":false}