{"in_reply_to_status_id_str":null,"in_reply_to_status_id":null,"coordinates":null,"truncated":false,"in_reply_to_user_id_str":null,"created_at":"Tue Oct 01 17:51:10 +0000 2013","source":"web","retweet_count":0,"retweeted":false,"geo":null,"filter_level":"medium","in_reply_to_screen_name":null,"entities":{"urls":[],"hashtags":[],"user_mentions":[{"indices":[84,96],"screen_name":"ClaroBrasil","id_str":"141310797","name":"Claro Brasil","id":141310797}],"symbols":[]},"id_str":"385099583962902528","in_reply_to_user_id":null,"favorite_count":0,"contributors":null,"text":"Aeeee! Primeira vez que eu ligo pra Claro e alguém resolve alguma coisa. Muito bem, @ClaroBrasil, eu já tava quase mudando pra Vivo!!!","id":385099583962902528,"place":null,"lang":"pt","user":{"utc_offset":-7200,"friends_count":197,"profile_image_url_https":"https://si0.twimg.com/profile_images/378800000516189778/106782ef644ef636abcf0ca69d26ab21_normal.png","profile_background_image_url":"http://a0.twimg.com/profile_background_images/378800000083634711/ba36fb076c35d7e6b3e76ceeecba75ef.jpeg","listed_count":2,"default_profile_image":false,"favourites_count":11,"description":"Abraços carinhosamente libertários","created_at":"Sat Jan 23 20:32:56 +0000 2010","is_translator":false,"profile_background_image_url_https":"https://si0.twimg.com/profile_background_images/378800000083634711/ba36fb076c35d7e6b3e76ceeecba75ef.jpeg","protected":false,"screen_name":"thamires_furley","id_str":"107809393","profile_link_color":"E83671","geo_enabled":true,"id":107809393,"profile_background_color":"F078A2","lang":"en","profile_sidebar_border_color":"FFFFFF","profile_text_color":"362720","verified":false,"profile_image_url":"http://a0.twimg.com/profile_images/378800000516189778/106782ef644ef636abcf0ca69d26ab21_normal.png","time_zone":"Greenland","url":null,"contributors_enabled":false,"profile_banner_url":"https://pbs.twimg.com/profile_banners/107809393/1380601014","profile_background_tile":true,"follow_request_sent":null,"statuses_count":9032,"profile_use_background_image":true,"followers_count":339,"following":null,"default_profile":false,"name":"♛ Thamires","profile_sidebar_fill_color":"E5507E","location":"","notifications":null},"favorited":false}