{"in_reply_to_status_id_str":null,"in_reply_to_status_id":null,"coordinates":null,"truncated":false,"in_reply_to_user_id_str":null,"created_at":"Tue Oct 01 14:47:53 +0000 2013","source":"web","retweet_count":0,"retweeted":false,"geo":null,"filter_level":"medium","in_reply_to_screen_name":null,"entities":{"urls":[],"hashtags":[],"user_mentions":[{"indices":[19,33],"screen_name":"BancodoBrasil","id_str":"83723557","name":"Banco do Brasil","id":83723557}],"symbols":[]},"id_str":"385053459445063680","in_reply_to_user_id":null,"favorite_count":0,"contributors":null,"text":"Embora em greve, o @BancodoBrasil me manda SMS com proposta de refinanciamento. Com ativamento eletrônico. The show must go on","id":385053459445063680,"place":null,"lang":"pt","user":{"utc_offset":-10800,"friends_count":389,"profile_image_url_https":"https://si0.twimg.com/profile_images/378800000341836556/7535457bec43e4f57b255f12343059fd_normal.png","profile_background_image_url":"http://a0.twimg.com/profile_background_images/2383159/twitter-ira-bg.png","listed_count":48,"default_profile_image":false,"favourites_count":2264,"description":"Cosmovisão do quintal de casa.","created_at":"Sun Feb 17 02:52:00 +0000 2008","is_translator":false,"profile_background_image_url_https":"https://si0.twimg.com/profile_background_images/2383159/twitter-ira-bg.png","protected":false,"screen_name":"irapuan","id_str":"13572192","profile_link_color":"4D857E","geo_enabled":true,"id":13572192,"profile_background_color":"000000","lang":"en","profile_sidebar_border_color":"6E9E98","profile_text_color":"000000","verified":false,"profile_image_url":"http://a0.twimg.com/profile_images/378800000341836556/7535457bec43e4f57b255f12343059fd_normal.png","time_zone":"Brasilia","url":null,"contributors_enabled":false,"profile_banner_url":"https://pbs.twimg.com/profile_banners/13572192/1347989420","profile_background_tile":false,"follow_request_sent":null,"statuses_count":11944,"profile_use_background_image":true,"followers_count":435,"following":null,"default_profile":false,"name":"Irapuan Martinez","profile_sidebar_fill_color":"C0E6E2","location":"Goiás. Não, não lamente.","notifications":null},"favorited":false}