{"in_reply_to_status_id_str":null,"in_reply_to_status_id":null,"coordinates":null,"truncated":false,"in_reply_to_user_id_str":null,"created_at":"Tue Oct 01 22:57:10 +0000 2013","source":"<a href=\"http://twitter.com/download/android\" rel=\"nofollow\">Twitter for Android<\/a>","retweet_count":0,"retweeted":false,"geo":null,"filter_level":"medium","in_reply_to_screen_name":null,"entities":{"urls":[],"hashtags":[],"user_mentions":[{"indices":[64,68],"screen_name":"tim","id_str":"76133","name":"Tim Bradshaw","id":76133}],"symbols":[]},"id_str":"385176593326669825","in_reply_to_user_id":null,"favorite_count":0,"contributors":null,"text":"ainda bem que eu tenho migussss porque se fosse pra depender da @tim eu teria me trancado no banheiro do metrô e passado a noite lá","id":385176593326669825,"place":null,"lang":"pt","user":{"utc_offset":-10800,"friends_count":126,"profile_image_url_https":"https://si0.twimg.com/profile_images/378800000351013048/038f612367d8a8ceba32864e7f11de9d_normal.jpeg","profile_background_image_url":"http://a0.twimg.com/profile_background_images/378800000083487778/59e2e5ace2f5b8c3c48ef188043041e1.jpeg","listed_count":21,"default_profile_image":false,"favourites_count":329,"description":"If I were a number I would be a good 21.","created_at":"Thu May 07 18:07:41 +0000 2009","is_translator":false,"profile_background_image_url_https":"https://si0.twimg.com/profile_background_images/378800000083487778/59e2e5ace2f5b8c3c48ef188043041e1.jpeg","protected":false,"screen_name":"heytheremah","id_str":"38481946","profile_link_color":"02051F","geo_enabled":true,"id":38481946,"profile_background_color":"131516","lang":"en","profile_sidebar_border_color":"FFFFFF","profile_text_color":"333333","verified":false,"profile_image_url":"http://a0.twimg.com/profile_images/378800000351013048/038f612367d8a8ceba32864e7f11de9d_normal.jpeg","time_zone":"Brasilia","url":"http://amazingfriend-onetruelove.tumblr.com","contributors_enabled":false,"profile_banner_url":"https://pbs.twimg.com/profile_banners/38481946/1380298339","profile_background_tile":true,"follow_request_sent":null,"statuses_count":22873,"profile_use_background_image":true,"followers_count":125,"following":null,"default_profile":false,"name":"KLAINE IS BACK 5EVER","profile_sidebar_fill_color":"EFEFEF","location":"3rd Galaxy, Brazil.","notifications":null},"favorited":false}