{"in_reply_to_status_id_str":null,"in_reply_to_status_id":null,"coordinates":null,"truncated":false,"in_reply_to_user_id_str":"16725545","created_at":"Tue Oct 01 19:12:38 +0000 2013","source":"web","retweet_count":0,"retweeted":false,"geo":null,"filter_level":"medium","in_reply_to_screen_name":"skybrasil","entities":{"urls":[],"hashtags":[],"user_mentions":[{"indices":[0,10],"screen_name":"skybrasil","id_str":"16725545","name":"SKY Brasil","id":16725545}],"symbols":[]},"id_str":"385120087385989121","in_reply_to_user_id":16725545,"favorite_count":0,"contributors":null,"text":"@skybrasil a mtv vai fazer parte de qual pacote? ela tá com o sinal aberto somente ou entra no sky fit?","id":385120087385989121,"place":null,"lang":"pt","user":{"utc_offset":-10800,"friends_count":219,"profile_image_url_https":"https://si0.twimg.com/profile_images/3503194338/aabbddcc9b835064fd11695d975c0688_normal.jpeg","profile_background_image_url":"http://a0.twimg.com/profile_background_images/418413228/Britney_Spears_Funny_Face__5_.jpg","listed_count":14,"default_profile_image":false,"favourites_count":551,"description":"head over heels","created_at":"Tue May 12 22:07:46 +0000 2009","is_translator":false,"profile_background_image_url_https":"https://si0.twimg.com/profile_background_images/418413228/Britney_Spears_Funny_Face__5_.jpg","protected":false,"screen_name":"caladoleo","id_str":"39609521","profile_link_color":"B85000","geo_enabled":true,"id":39609521,"profile_background_color":"000000","lang":"en","profile_sidebar_border_color":"8B84C2","profile_text_color":"990B0B","verified":false,"profile_image_url":"http://a0.twimg.com/profile_images/3503194338/aabbddcc9b835064fd11695d975c0688_normal.jpeg","time_zone":"Santiago","url":null,"contributors_enabled":false,"profile_banner_url":"https://pbs.twimg.com/profile_banners/39609521/1365617533","profile_background_tile":true,"follow_request_sent":null,"statuses_count":71690,"profile_use_background_image":true,"followers_count":714,"following":null,"default_profile":false,"name":"leandro calado","profile_sidebar_fill_color":"148EA3","location":"Aracaju- Sergipe, Brazil.","notifications":null},"favorited":false}