{"in_reply_to_status_id_str":null,"in_reply_to_status_id":null,"coordinates":null,"truncated":false,"in_reply_to_user_id_str":"16725545","created_at":"Tue Oct 01 19:38:40 +0000 2013","source":"web","retweet_count":0,"retweeted":false,"geo":null,"filter_level":"medium","in_reply_to_screen_name":"skybrasil","entities":{"urls":[],"hashtags":[],"user_mentions":[{"indices":[0,10],"screen_name":"skybrasil","id_str":"16725545","name":"SKY Brasil","id":16725545}],"symbols":[]},"id_str":"385126636523229185","in_reply_to_user_id":16725545,"favorite_count":0,"contributors":null,"text":"@skybrasil Cadê o VH1?","id":385126636523229185,"place":null,"lang":"pt","user":{"utc_offset":-10800,"friends_count":31143,"profile_image_url_https":"https://si0.twimg.com/profile_images/3382849523/9f2fb199dde075dbfac3dc2e4ad88812_normal.png","profile_background_image_url":"http://a0.twimg.com/profile_background_images/442877801/best-friends-red-skull.jpg","listed_count":229,"default_profile_image":false,"favourites_count":11,"description":"Eu sou um cara cansado de correr na direção contrária","created_at":"Tue Aug 18 18:11:07 +0000 2009","is_translator":false,"profile_background_image_url_https":"https://si0.twimg.com/profile_background_images/442877801/best-friends-red-skull.jpg","protected":false,"screen_name":"O_Rockstar","id_str":"66752278","profile_link_color":"FF0000","geo_enabled":true,"id":66752278,"profile_background_color":"131516","lang":"pt","profile_sidebar_border_color":"FFFFFF","profile_text_color":"FAFAFA","verified":false,"profile_image_url":"http://a0.twimg.com/profile_images/3382849523/9f2fb199dde075dbfac3dc2e4ad88812_normal.png","time_zone":"Brasilia","url":"http://o-rockstar.tumblr.com","contributors_enabled":false,"profile_banner_url":"https://pbs.twimg.com/profile_banners/66752278/1358878417","profile_background_tile":true,"follow_request_sent":null,"statuses_count":30758,"profile_use_background_image":true,"followers_count":39987,"following":null,"default_profile":false,"name":"AG (agê)","profile_sidebar_fill_color":"000000","location":"Guarulhos - SP","notifications":null},"favorited":false}