{"in_reply_to_status_id_str":null,"in_reply_to_status_id":null,"coordinates":null,"truncated":false,"in_reply_to_user_id_str":null,"created_at":"Tue Oct 01 19:29:00 +0000 2013","source":"web","retweet_count":0,"retweeted":false,"geo":null,"filter_level":"medium","in_reply_to_screen_name":null,"entities":{"urls":[],"hashtags":[{"indices":[14,19],"text":"itau"}],"user_mentions":[],"symbols":[]},"id_str":"385124203654959104","in_reply_to_user_id":null,"favorite_count":0,"contributors":null,"text":"Aplicativo do #itau precisa rever os campos mobile.... incrível ele nao sabe a diferença de números, textos, email affff","id":385124203654959104,"place":null,"lang":"pt","user":{"utc_offset":-7200,"friends_count":218,"profile_image_url_https":"https://si0.twimg.com/profile_images/378800000054405369/27dadecd8a31dc9a163a2117d39a3b69_normal.jpeg","profile_background_image_url":"http://abs.twimg.com/images/themes/theme14/bg.gif","listed_count":5,"default_profile_image":false,"favourites_count":12,"description":"#frontend #surfer #musician - Things do not just happen, He knows everything!","created_at":"Mon Sep 19 13:02:42 +0000 2011","is_translator":false,"profile_background_image_url_https":"https://abs.twimg.com/images/themes/theme14/bg.gif","protected":false,"screen_name":"glaucoweb","id_str":"376180223","profile_link_color":"009999","geo_enabled":true,"id":376180223,"profile_background_color":"131516","lang":"pt","profile_sidebar_border_color":"FFFFFF","profile_text_color":"333333","verified":false,"profile_image_url":"http://a0.twimg.com/profile_images/378800000054405369/27dadecd8a31dc9a163a2117d39a3b69_normal.jpeg","time_zone":"Greenland","url":"http://glaucoweb.com","contributors_enabled":false,"profile_banner_url":"https://pbs.twimg.com/profile_banners/376180223/1363099859","profile_background_tile":true,"follow_request_sent":null,"statuses_count":1299,"profile_use_background_image":true,"followers_count":125,"following":null,"default_profile":false,"name":"Glaucoweb","profile_sidebar_fill_color":"EFEFEF","location":"Rio de Janeiro","notifications":null},"favorited":false}