{"in_reply_to_status_id_str":"385179488864452608","in_reply_to_status_id":385179488864452608,"coordinates":null,"truncated":false,"in_reply_to_user_id_str":"398087832","created_at":"Tue Oct 01 23:55:14 +0000 2013","source":"web","retweet_count":0,"retweeted":false,"geo":null,"filter_level":"medium","in_reply_to_screen_name":"MARCELO_TLSILVA","entities":{"urls":[],"hashtags":[],"user_mentions":[{"indices":[5,21],"screen_name":"MARCELO_TLSILVA","id_str":"398087832","name":"Marcelo Tavares","id":398087832}],"symbols":[]},"id_str":"385191204524027905","in_reply_to_user_id":398087832,"favorite_count":0,"contributors":null,"text":"Olá, @MARCELO_TLSILVA! A copa nordeste de futebol não será transmitida pela SKY. Acompanhe o guia pelo controle e divirta-se.","id":385191204524027905,"place":null,"lang":"pt","user":{"utc_offset":-10800,"friends_count":14125,"profile_image_url_https":"https://si0.twimg.com/profile_images/3064764816/2ce6a70fa1732bccabd85cfbe8ffc057_normal.jpeg","profile_background_image_url":"http://a0.twimg.com/profile_background_images/755243492/71c375d518c9ae0cb83b46cda507a846.jpeg","listed_count":85,"default_profile_image":false,"favourites_count":61,"description":"Bem-vindo ao perfil oficial de atendimento da SKY Brasil. Estamos aqui para tirar as dúvidas e ajudar no que for preciso. SKY HDTV É ISSO!","created_at":"Mon Jun 27 13:44:31 +0000 2011","is_translator":false,"profile_background_image_url_https":"https://si0.twimg.com/profile_background_images/755243492/71c375d518c9ae0cb83b46cda507a846.jpeg","protected":false,"screen_name":"SKYresponde","id_str":"324945570","profile_link_color":"AD0C0C","geo_enabled":false,"id":324945570,"profile_background_color":"AD0C0C","lang":"pt","profile_sidebar_border_color":"FFFFFF","profile_text_color":"333333","verified":false,"profile_image_url":"http://a0.twimg.com/profile_images/3064764816/2ce6a70fa1732bccabd85cfbe8ffc057_normal.jpeg","time_zone":"Brasilia","url":"http://www.sky.com.br","contributors_enabled":false,"profile_banner_url":"https://pbs.twimg.com/profile_banners/324945570/1357315302","profile_background_tile":true,"follow_request_sent":null,"statuses_count":192436,"profile_use_background_image":true,"followers_count":18041,"following":null,"default_profile":false,"name":"SKY Responde","profile_sidebar_fill_color":"DDEEF6","location":"","notifications":null},"favorited":false}