{"in_reply_to_status_id_str":null,"in_reply_to_status_id":null,"coordinates":null,"truncated":false,"in_reply_to_user_id_str":"62572858","created_at":"Tue Oct 01 18:12:57 +0000 2013","source":"web","retweet_count":0,"retweeted":false,"geo":null,"filter_level":"medium","in_reply_to_screen_name":"TIMBrasil","entities":{"urls":[],"hashtags":[],"user_mentions":[{"indices":[0,10],"screen_name":"TIMBrasil","id_str":"62572858","name":"TIM BRASIL","id":62572858}],"symbols":[]},"id_str":"385105067730141184","in_reply_to_user_id":62572858,"favorite_count":0,"contributors":null,"text":"@TIMBrasil Sem sinal quase uma hora,afffffffffffffffe","id":385105067730141184,"place":null,"lang":"pt","user":{"utc_offset":-10800,"friends_count":335,"profile_image_url_https":"https://si0.twimg.com/profile_images/378800000476636898/78bb62aa5f34b7ab186aaaee259c3ff5_normal.jpeg","profile_background_image_url":"http://a0.twimg.com/profile_background_images/378800000077542534/aff6319f22e82722312085e00cdd3838.jpeg","listed_count":1106,"default_profile_image":false,"favourites_count":74,"description":"Actor.","created_at":"Wed Jun 09 05:20:53 +0000 2010","is_translator":false,"profile_background_image_url_https":"https://si0.twimg.com/profile_background_images/378800000077542534/aff6319f22e82722312085e00cdd3838.jpeg","protected":false,"screen_name":"Rafinnha__","id_str":"153683451","profile_link_color":"0084B4","geo_enabled":false,"id":153683451,"profile_background_color":"C0DEED","lang":"pt","profile_sidebar_border_color":"FFFFFF","profile_text_color":"333333","verified":false,"profile_image_url":"http://a0.twimg.com/profile_images/378800000476636898/78bb62aa5f34b7ab186aaaee259c3ff5_normal.jpeg","time_zone":"Santiago","url":null,"contributors_enabled":false,"profile_banner_url":"https://pbs.twimg.com/profile_banners/153683451/1379567233","profile_background_tile":true,"follow_request_sent":null,"statuses_count":70789,"profile_use_background_image":true,"followers_count":7795,"following":null,"default_profile":false,"name":"Rafael","profile_sidebar_fill_color":"DDEEF6","location":"Brazil.","notifications":null},"favorited":false}