{"in_reply_to_status_id_str":"385118213022818304","in_reply_to_status_id":385118213022818304,"coordinates":null,"truncated":false,"in_reply_to_user_id_str":"15618128","created_at":"Tue Oct 01 19:16:04 +0000 2013","source":"web","retweet_count":0,"retweeted":false,"geo":null,"filter_level":"medium","in_reply_to_screen_name":"djmisscloud","entities":{"urls":[],"hashtags":[],"user_mentions":[{"indices":[0,12],"screen_name":"djmisscloud","id_str":"15618128","name":"Claudia Santos","id":15618128},{"indices":[13,24],"screen_name":"Vivoemrede","id_str":"43218789","name":"Vivo em Rede","id":43218789}],"symbols":[]},"id_str":"385120950066216960","in_reply_to_user_id":15618128,"favorite_count":0,"contributors":null,"text":"@djmisscloud @Vivoemrede foi o raio??","id":385120950066216960,"place":null,"lang":"pt","user":{"utc_offset":-10800,"friends_count":1527,"profile_image_url_https":"https://si0.twimg.com/profile_images/3525201908/42255b0692c9576fee3b04513a400715_normal.gif","profile_background_image_url":"http://a0.twimg.com/profile_background_images/378800000000633910/73878e5333a0a2ffb7b8a538cdcca764.gif","listed_count":4757,"default_profile_image":false,"favourites_count":1554,"description":"World Wide Woman -  Física/Escriba  ( http://farofa.com.br) // texts - https://medium.com/@rosana/","created_at":"Mon Apr 09 22:02:56 +0000 2007","is_translator":true,"profile_background_image_url_https":"https://si0.twimg.com/profile_background_images/378800000000633910/73878e5333a0a2ffb7b8a538cdcca764.gif","protected":false,"screen_name":"rosana","id_str":"3948041","profile_link_color":"532EE6","geo_enabled":true,"id":3948041,"profile_background_color":"000000","lang":"en","profile_sidebar_border_color":"000000","profile_text_color":"10162E","verified":true,"profile_image_url":"http://a0.twimg.com/profile_images/3525201908/42255b0692c9576fee3b04513a400715_normal.gif","time_zone":"Brasilia","url":"http://r7.com/rosana","contributors_enabled":false,"profile_banner_url":"https://pbs.twimg.com/profile_banners/3948041/1348109128","profile_background_tile":false,"follow_request_sent":null,"statuses_count":145570,"profile_use_background_image":true,"followers_count":432264,"following":null,"default_profile":false,"name":"rosana hermann ","profile_sidebar_fill_color":"E3EB07","location":"São Paulo","notifications":null},"favorited":false}