{"in_reply_to_status_id_str":null,"in_reply_to_status_id":null,"coordinates":null,"truncated":false,"in_reply_to_user_id_str":null,"created_at":"Tue Oct 01 19:57:59 +0000 2013","source":"web","retweet_count":0,"retweeted":false,"geo":null,"filter_level":"medium","in_reply_to_screen_name":null,"entities":{"urls":[],"hashtags":[],"user_mentions":[{"indices":[36,46],"screen_name":"TIMBrasil","id_str":"62572858","name":"TIM BRASIL","id":62572858}],"symbols":[]},"id_str":"385131498858217472","in_reply_to_user_id":null,"favorite_count":0,"contributors":null,"text":"Quero que caia uma bomba na sede da @TIMBrasil e que não sobre ngm para contar história!","id":385131498858217472,"place":null,"lang":"pt","user":{"utc_offset":-10800,"friends_count":360,"profile_image_url_https":"https://si0.twimg.com/profile_images/378800000132752369/53fdd0231eb20faf7433198db1805847_normal.jpeg","profile_background_image_url":"http://a0.twimg.com/profile_background_images/160721053/esse.jpg","listed_count":11,"default_profile_image":false,"favourites_count":142,"description":"Estudante de jornalismo, colunista do Terreirão do Galo (http://Globo.com) e redator/diagramador na AGP3 da Faculdade Pitágoras. Feio, mas gente boa.","created_at":"Sun Jul 04 21:55:52 +0000 2010","is_translator":false,"profile_background_image_url_https":"https://si0.twimg.com/profile_background_images/160721053/esse.jpg","protected":false,"screen_name":"danielmresende","id_str":"162853356","profile_link_color":"1F98C7","geo_enabled":true,"id":162853356,"profile_background_color":"C6E2EE","lang":"en","profile_sidebar_border_color":"C6E2EE","profile_text_color":"663B12","verified":false,"profile_image_url":"http://a0.twimg.com/profile_images/378800000132752369/53fdd0231eb20faf7433198db1805847_normal.jpeg","time_zone":"Brasilia","url":null,"contributors_enabled":false,"profile_banner_url":"https://pbs.twimg.com/profile_banners/162853356/1362104787","profile_background_tile":true,"follow_request_sent":null,"statuses_count":27132,"profile_use_background_image":true,"followers_count":1492,"following":null,"default_profile":false,"name":"Daniel Michelini","profile_sidebar_fill_color":"DAECF4","location":"Divinópolis","notifications":null},"favorited":false}