{"in_reply_to_status_id_str":"385100280418684928","in_reply_to_status_id":385100280418684928,"coordinates":null,"truncated":false,"in_reply_to_user_id_str":"1613665573","created_at":"Tue Oct 01 17:55:51 +0000 2013","source":"web","retweet_count":0,"retweeted":false,"geo":null,"filter_level":"medium","in_reply_to_screen_name":"hugmesmith","entities":{"urls":[],"hashtags":[],"user_mentions":[{"indices":[0,11],"screen_name":"hugmesmith","id_str":"1613665573","name":"mel","id":1613665573},{"indices":[12,18],"screen_name":"claro","id_str":"9954912","name":"Susana Claro","id":9954912},{"indices":[19,30],"screen_name":"k1ssmeDemi","id_str":"1007069444","name":"angel ","id":1007069444}],"symbols":[]},"id_str":"385100765221507072","in_reply_to_user_id":1613665573,"favorite_count":0,"contributors":null,"text":"@hugmesmith @claro @k1ssmeDemi tirasse meu user né u.u","id":385100765221507072,"place":null,"lang":"pt","user":{"utc_offset":-10800,"friends_count":231,"profile_image_url_https":"https://si0.twimg.com/profile_images/378800000511224771/e613993ed9e74a47351257045fdac0eb_normal.png","profile_background_image_url":"http://a0.twimg.com/profile_background_images/378800000077235479/e5b9ea032170bf1799a370c8f500a147.png","listed_count":1,"default_profile_image":false,"favourites_count":392,"description":"PJO, THG, H2G2. Evansoldier e Ledgerian a","created_at":"Wed Apr 03 16:05:35 +0000 2013","is_translator":false,"profile_background_image_url_https":"https://si0.twimg.com/profile_background_images/378800000077235479/e5b9ea032170bf1799a370c8f500a147.png","protected":false,"screen_name":"hugmeheath","id_str":"1324897980","profile_link_color":"8F6014","geo_enabled":false,"id":1324897980,"profile_background_color":"FFFFFF","lang":"pt","profile_sidebar_border_color":"FFFFFF","profile_text_color":"333333","verified":false,"profile_image_url":"http://a0.twimg.com/profile_images/378800000511224771/e613993ed9e74a47351257045fdac0eb_normal.png","time_zone":"Brasilia","url":"http://ask.fm/hugmeheath","contributors_enabled":false,"profile_banner_url":"https://pbs.twimg.com/profile_banners/1324897980/1379528484","profile_background_tile":false,"follow_request_sent":null,"statuses_count":16999,"profile_use_background_image":true,"followers_count":190,"following":null,"default_profile":false,"name":"Hermina / 44 days","profile_sidebar_fill_color":"DDEEF6","location":"I live in Brooklyn, actually.","notifications":null},"favorited":false}