{"in_reply_to_status_id_str":null,"in_reply_to_status_id":null,"coordinates":null,"truncated":false,"in_reply_to_user_id_str":null,"created_at":"Tue Oct 01 18:59:12 +0000 2013","source":"web","retweet_count":0,"retweeted":false,"geo":null,"filter_level":"medium","in_reply_to_screen_name":null,"entities":{"urls":[],"hashtags":[{"indices":[8,13],"text":"Itaú"}],"user_mentions":[],"symbols":[]},"id_str":"385116704092598272","in_reply_to_user_id":null,"favorite_count":0,"contributors":null,"text":"O Banco #Itaú deve achar que eu sou filho do Eike Batista, querem me extorquir de taxas e juros inviáveis.","id":385116704092598272,"place":null,"lang":"pt","user":{"utc_offset":-10800,"friends_count":459,"profile_image_url_https":"https://si0.twimg.com/profile_images/3618123758/6320ba73f63f47c98f6efe2602aef39d_normal.jpeg","profile_background_image_url":"http://a0.twimg.com/profile_background_images/653585808/o09bolj04ki91blzadce.jpeg","listed_count":9,"default_profile_image":false,"favourites_count":3,"description":"Jornalista, brazilian journalist, Repórter, blogueiro, curto esportes radicais. Quer saber mais? me siga!\nhttp://www.facebook.com/leandro.narciso","created_at":"Wed Apr 29 14:02:38 +0000 2009","is_translator":false,"profile_background_image_url_https":"https://si0.twimg.com/profile_background_images/653585808/o09bolj04ki91blzadce.jpeg","protected":false,"screen_name":"LeandroNarciso","id_str":"36363659","profile_link_color":"009999","geo_enabled":false,"id":36363659,"profile_background_color":"131516","lang":"pt","profile_sidebar_border_color":"EEEEEE","profile_text_color":"333333","verified":false,"profile_image_url":"http://a0.twimg.com/profile_images/3618123758/6320ba73f63f47c98f6efe2602aef39d_normal.jpeg","time_zone":"Brasilia","url":"http://www.emquestao.org","contributors_enabled":false,"profile_banner_url":"https://pbs.twimg.com/profile_banners/36363659/1379188125","profile_background_tile":true,"follow_request_sent":null,"statuses_count":4553,"profile_use_background_image":true,"followers_count":1483,"following":null,"default_profile":false,"name":"Leandro Narciso ™","profile_sidebar_fill_color":"EFEFEF","location":"São Paulo","notifications":null},"favorited":false}