{"in_reply_to_status_id_str":null,"in_reply_to_status_id":null,"coordinates":null,"truncated":false,"in_reply_to_user_id_str":null,"created_at":"Tue Oct 01 18:39:07 +0000 2013","source":"web","retweet_count":0,"retweeted":false,"geo":null,"filter_level":"medium","in_reply_to_screen_name":null,"entities":{"urls":[],"hashtags":[],"user_mentions":[{"indices":[116,126],"screen_name":"skybrasil","id_str":"16725545","name":"SKY Brasil","id":16725545},{"indices":[127,139],"screen_name":"SKYresponde","id_str":"324945570","name":"SKY Responde","id":324945570}],"symbols":[]},"id_str":"385111650002432001","in_reply_to_user_id":null,"favorite_count":0,"contributors":null,"text":"Quando vocês irão criar vergonha e começar a liberar o sinal ao vivo do Wacht ESPN? Estou perdendo jogos exclusivos @skybrasil @SKYresponde","id":385111650002432001,"place":null,"lang":"pt","user":{"utc_offset":-10800,"friends_count":399,"profile_image_url_https":"https://si0.twimg.com/profile_images/378800000119798710/0896b13113669eb60b2252ede14d9872_normal.jpeg","profile_background_image_url":"http://a0.twimg.com/profile_background_images/531576353/bg.jpg","listed_count":2,"default_profile_image":false,"favourites_count":1,"description":"Paulista, São Paulino fanático, fã do futebol Alemão, louco por esportes e com nebulosidade variável ao longo do dia.","created_at":"Sat May 30 05:38:44 +0000 2009","is_translator":false,"profile_background_image_url_https":"https://si0.twimg.com/profile_background_images/531576353/bg.jpg","protected":false,"screen_name":"diegolimaki","id_str":"43488274","profile_link_color":"1A4D4D","geo_enabled":true,"id":43488274,"profile_background_color":"0A7CB0","lang":"pt","profile_sidebar_border_color":"EEEEEE","profile_text_color":"595459","verified":false,"profile_image_url":"http://a0.twimg.com/profile_images/378800000119798710/0896b13113669eb60b2252ede14d9872_normal.jpeg","time_zone":"Brasilia","url":null,"contributors_enabled":false,"profile_banner_url":"https://pbs.twimg.com/profile_banners/43488274/1375367366","profile_background_tile":true,"follow_request_sent":null,"statuses_count":19284,"profile_use_background_image":true,"followers_count":136,"following":null,"default_profile":false,"name":"Diego Schnellinger","profile_sidebar_fill_color":"EFEFEF","location":"Brasil","notifications":null},"favorited":false}