{"in_reply_to_status_id_str":"385158497630842880","in_reply_to_status_id":385158497630842880,"coordinates":null,"truncated":false,"in_reply_to_user_id_str":"324945570","created_at":"Tue Oct 01 21:49:32 +0000 2013","source":"<a href=\"http://www.twitter.com\" rel=\"nofollow\">Twitter for Windows Phone<\/a>","retweet_count":0,"retweeted":false,"geo":null,"filter_level":"medium","in_reply_to_screen_name":"SKYresponde","entities":{"urls":[],"hashtags":[],"user_mentions":[{"indices":[0,12],"screen_name":"SKYresponde","id_str":"324945570","name":"SKY Responde","id":324945570}],"symbols":[]},"id_str":"385159573457600512","in_reply_to_user_id":324945570,"favorite_count":0,"contributors":null,"text":"@SKYresponde Enviando por DM CPF p/ devidas soluçoes.","id":385159573457600512,"place":null,"lang":"pt","user":{"utc_offset":-10800,"friends_count":579,"profile_image_url_https":"https://si0.twimg.com/profile_images/2974445831/5b513ebfaa4410fe52f1fe1993c8c26c_normal.jpeg","profile_background_image_url":"http://a0.twimg.com/profile_background_images/378800000001704711/0ee276255a973349b1d73c7aa767bd6e.jpeg","listed_count":20,"default_profile_image":false,"favourites_count":513,"description":"SANDRA FERNANDO Guerreira,Mãe,Ariana,Viuva,Botafoguense e agradecida a Deus por tudo sempre !!","created_at":"Wed Aug 26 16:10:31 +0000 2009","is_translator":false,"profile_background_image_url_https":"https://si0.twimg.com/profile_background_images/378800000001704711/0ee276255a973349b1d73c7aa767bd6e.jpeg","protected":false,"screen_name":"FernandoSandra","id_str":"69021229","profile_link_color":"9E0E6C","geo_enabled":true,"id":69021229,"profile_background_color":"01040D","lang":"pt","profile_sidebar_border_color":"FFFFFF","profile_text_color":"666666","verified":false,"profile_image_url":"http://a0.twimg.com/profile_images/2974445831/5b513ebfaa4410fe52f1fe1993c8c26c_normal.jpeg","time_zone":"Brasilia","url":"http://www.facebook.com/#!/sandra.f.guerreira/posts/290990260917395?notif_t=feed_comment","contributors_enabled":false,"profile_background_tile":true,"follow_request_sent":null,"statuses_count":19999,"profile_use_background_image":true,"followers_count":703,"following":null,"default_profile":false,"name":"Sandra Fernando","profile_sidebar_fill_color":"252429","location":"Rio de Janeiro","notifications":null},"favorited":false}