{"in_reply_to_status_id_str":null,"in_reply_to_status_id":null,"coordinates":null,"truncated":false,"in_reply_to_user_id_str":null,"created_at":"Tue Oct 01 23:35:41 +0000 2013","source":"<a href=\"http://www.motorola.com\" rel=\"nofollow\">MOTOBLUR<\/a>","retweet_count":0,"retweeted":false,"geo":null,"filter_level":"medium","in_reply_to_screen_name":null,"entities":{"urls":[],"hashtags":[{"indices":[72,82],"text":"skybrasil"}],"user_mentions":[],"symbols":[]},"id_str":"385186284870062080","in_reply_to_user_id":null,"favorite_count":0,"contributors":null,"text":"sera que vai ser uma boa substitui o canal VH1 para colocar a nova mtv? #skybrasil","id":385186284870062080,"place":null,"lang":"pt","user":{"utc_offset":-10800,"friends_count":87,"profile_image_url_https":"https://si0.twimg.com/profile_images/3588716595/8b10aab82798b4f09c4a01b2dec1ccc7_normal.jpeg","profile_background_image_url":"http://a0.twimg.com/profile_background_images/822653144/a3271dd18edce2b8ee1a24a3ceea2bf6.jpeg","listed_count":0,"default_profile_image":false,"favourites_count":1,"description":"Source Brazilian style and more gringo.","created_at":"Fri Sep 25 01:07:37 +0000 2009","is_translator":false,"profile_background_image_url_https":"https://si0.twimg.com/profile_background_images/822653144/a3271dd18edce2b8ee1a24a3ceea2bf6.jpeg","protected":false,"screen_name":"Faelnigga","id_str":"77094853","profile_link_color":"2FC2EF","geo_enabled":true,"id":77094853,"profile_background_color":"1A1B1F","lang":"pt","profile_sidebar_border_color":"FFFFFF","profile_text_color":"666666","verified":false,"profile_image_url":"http://a0.twimg.com/profile_images/3588716595/8b10aab82798b4f09c4a01b2dec1ccc7_normal.jpeg","time_zone":"Brasilia","url":"http://www.facebook.com/fael90","contributors_enabled":false,"profile_background_tile":true,"follow_request_sent":null,"statuses_count":2808,"profile_use_background_image":true,"followers_count":60,"following":null,"default_profile":false,"name":"Fael","profile_sidebar_fill_color":"252429","location":"Minas gerais,Brasil","notifications":null},"favorited":false}