{"in_reply_to_status_id_str":null,"in_reply_to_status_id":null,"possibly_sensitive":false,"coordinates":null,"truncated":false,"in_reply_to_user_id_str":null,"created_at":"Tue Oct 01 18:15:42 +0000 2013","source":"<a href=\"http://foursquare.com\" rel=\"nofollow\">foursquare<\/a>","retweet_count":0,"retweeted":false,"geo":null,"filter_level":"medium","in_reply_to_screen_name":null,"entities":{"urls":[{"display_url":"4sq.com/1bp8s4v","indices":[75,97],"expanded_url":"http://4sq.com/1bp8s4v","url":"http://t.co/SxqkCsbE9g"}],"hashtags":[],"user_mentions":[{"indices":[49,61],"screen_name":"ClaroBrasil","id_str":"141310797","name":"Claro Brasil","id":141310797}],"symbols":[]},"id_str":"385105757882318848","in_reply_to_user_id":null,"favorite_count":0,"contributors":null,"text":"Com Naldo!.... (???) (@ Claro Telecomunicações - @clarobrasil w/ 5 others) http://t.co/SxqkCsbE9g","id":385105757882318848,"place":null,"lang":"pt","user":{"utc_offset":null,"friends_count":38,"profile_image_url_https":"https://si0.twimg.com/profile_images/1556429292/248615_2135603673409_1345598218_2493825_3714062_n_normal.jpg","profile_background_image_url":"http://a0.twimg.com/profile_background_images/335117136/264338_2173570702561_1345598218_2544642_8126709_n.jpg","listed_count":0,"default_profile_image":false,"favourites_count":0,"description":null,"created_at":"Fri Sep 23 17:45:47 +0000 2011","is_translator":false,"profile_background_image_url_https":"https://si0.twimg.com/profile_background_images/335117136/264338_2173570702561_1345598218_2544642_8126709_n.jpg","protected":false,"screen_name":"Braga_Eli","id_str":"378714582","profile_link_color":"0000B3","geo_enabled":false,"id":378714582,"profile_background_color":"FAFDFF","lang":"pt","profile_sidebar_border_color":"DE04C5","profile_text_color":"D40CD4","verified":false,"profile_image_url":"http://a0.twimg.com/profile_images/1556429292/248615_2135603673409_1345598218_2493825_3714062_n_normal.jpg","time_zone":null,"url":null,"contributors_enabled":false,"profile_background_tile":false,"follow_request_sent":null,"statuses_count":478,"profile_use_background_image":true,"followers_count":24,"following":null,"default_profile":false,"name":"Eliane Braga","profile_sidebar_fill_color":"F1DCF5","location":"","notifications":null},"favorited":false}