{"in_reply_to_status_id_str":null,"in_reply_to_status_id":null,"possibly_sensitive":false,"coordinates":null,"truncated":false,"in_reply_to_user_id_str":null,"created_at":"Tue Oct 01 17:55:55 +0000 2013","source":"<a href=\"http://instagram.com\" rel=\"nofollow\">Instagram<\/a>","retweet_count":0,"retweeted":false,"geo":null,"filter_level":"medium","in_reply_to_screen_name":null,"entities":{"urls":[{"display_url":"instagram.com/p/e7xa5OI6b0/","indices":[65,87],"expanded_url":"http://instagram.com/p/e7xa5OI6b0/","url":"http://t.co/qWl0wSOrA3"}],"hashtags":[{"indices":[11,20],"text":"sonhador"},{"indices":[43,48],"text":"vivo"},{"indices":[57,64],"text":"EhLóiz"}],"user_mentions":[],"symbols":[]},"id_str":"385100778555580416","in_reply_to_user_id":null,"favorite_count":0,"contributors":null,"text":"Sempre fui #sonhador, é isso que me mantem #vivo,😃🙏🙌✌️🍀🌍 #EhLóiz http://t.co/qWl0wSOrA3","id":385100778555580416,"place":null,"lang":"pt","user":{"utc_offset":-7200,"friends_count":448,"profile_image_url_https":"https://si0.twimg.com/profile_images/3481935450/473512da6f8923dd078128562d5dea46_normal.jpeg","profile_background_image_url":"http://a0.twimg.com/profile_background_images/443614157/rochinha.jpg","listed_count":1,"default_profile_image":false,"favourites_count":15,"description":"Moleque Decidido Abençoado por Deus..e Amado por todos","created_at":"Fri Nov 26 21:41:33 +0000 2010","is_translator":false,"profile_background_image_url_https":"https://si0.twimg.com/profile_background_images/443614157/rochinha.jpg","protected":false,"screen_name":"rochinhaNE","id_str":"220131282","profile_link_color":"0084B4","geo_enabled":true,"id":220131282,"profile_background_color":"C0DEED","lang":"pt","profile_sidebar_border_color":"C0DEED","profile_text_color":"333333","verified":false,"profile_image_url":"http://a0.twimg.com/profile_images/3481935450/473512da6f8923dd078128562d5dea46_normal.jpeg","time_zone":"Greenland","url":null,"contributors_enabled":false,"profile_banner_url":"https://pbs.twimg.com/profile_banners/220131282/1361414253","profile_background_tile":true,"follow_request_sent":null,"statuses_count":8125,"profile_use_background_image":true,"followers_count":1158,"following":null,"default_profile":false,"name":"Rochinha","profile_sidebar_fill_color":"DDEEF6","location":"","notifications":null},"favorited":false}