{"in_reply_to_status_id_str":null,"in_reply_to_status_id":null,"coordinates":null,"truncated":false,"in_reply_to_user_id_str":"95898299","created_at":"Tue Oct 01 23:48:45 +0000 2013","source":"web","retweet_count":0,"retweeted":false,"geo":null,"filter_level":"medium","in_reply_to_screen_name":"MaisBB","entities":{"urls":[],"hashtags":[],"user_mentions":[{"indices":[0,7],"screen_name":"MaisBB","id_str":"95898299","name":"Mais Banco do Brasil","id":95898299},{"indices":[8,22],"screen_name":"BancodoBrasil","id_str":"83723557","name":"Banco do Brasil","id":83723557}],"symbols":[]},"id_str":"385189574038650880","in_reply_to_user_id":95898299,"favorite_count":0,"contributors":null,"text":"@MaisBB @BancodoBrasil Atenção BB, tenho dificuldade p acessar o banco online. Apesar d realizar td conforme pedido, dá erro G582-836.","id":385189574038650880,"place":null,"lang":"pt","user":{"utc_offset":-10800,"friends_count":556,"profile_image_url_https":"https://si0.twimg.com/profile_images/378800000495042709/dd385dd65d4e3de05d8e8d52a8e29a2e_normal.jpeg","profile_background_image_url":"http://a0.twimg.com/profile_background_images/378800000029245579/c7ecdb90988e53ffff88560e876108ad.jpeg","listed_count":0,"default_profile_image":false,"favourites_count":10,"description":"Re-inventando histórias. Re-aprendendo valores. Re-tomando posicionamentos. E re-redescobrindo o sentido da verdadeira felicidade: a Vida.","created_at":"Tue Jan 04 01:56:44 +0000 2011","is_translator":false,"profile_background_image_url_https":"https://si0.twimg.com/profile_background_images/378800000029245579/c7ecdb90988e53ffff88560e876108ad.jpeg","protected":false,"screen_name":"elberth_bertoli","id_str":"233765069","profile_link_color":"0099CC","geo_enabled":true,"id":233765069,"profile_background_color":"FFF04D","lang":"pt","profile_sidebar_border_color":"FFFFFF","profile_text_color":"333333","verified":false,"profile_image_url":"http://a0.twimg.com/profile_images/378800000495042709/dd385dd65d4e3de05d8e8d52a8e29a2e_normal.jpeg","time_zone":"Brasilia","url":"http://www.elberthbertoli.blogspot.com","contributors_enabled":false,"profile_background_tile":false,"follow_request_sent":null,"statuses_count":12452,"profile_use_background_image":true,"followers_count":119,"following":null,"default_profile":false,"name":"Elberth Bertoli","profile_sidebar_fill_color":"F6FFD1","location":"Vila Velha","notifications":null},"favorited":false}