{"in_reply_to_status_id_str":null,"in_reply_to_status_id":null,"coordinates":null,"truncated":false,"in_reply_to_user_id_str":null,"created_at":"Tue Oct 01 22:55:30 +0000 2013","source":"<a href=\"http://itunes.apple.com/us/app/twitter/id409789998?mt=12\" rel=\"nofollow\">Twitter for Mac<\/a>","retweet_count":0,"retweeted":false,"geo":null,"filter_level":"medium","in_reply_to_screen_name":null,"entities":{"urls":[],"hashtags":[],"user_mentions":[{"indices":[19,29],"screen_name":"skybrasil","id_str":"16725545","name":"SKY Brasil","id":16725545}],"symbols":[]},"id_str":"385176171123867648","in_reply_to_user_id":null,"favorite_count":0,"contributors":null,"text":"Vergonha mesmo é a @skybrasil não liberar o canal ESPN HD na grade até hoje. Operadora de merda. E ainda me respondem com resposta padrão.","id":385176171123867648,"place":null,"lang":"pt","user":{"utc_offset":-10800,"friends_count":230,"profile_image_url_https":"https://si0.twimg.com/profile_images/2285291083/p78rdplwtylu96epe4lw_normal.png","profile_background_image_url":"http://a0.twimg.com/profile_background_images/200528515/cjpress-newlogo.png","listed_count":53,"default_profile_image":false,"favourites_count":158,"description":"Analista #SEO, #LinkBuilding, #WordPress e desenvolvedor web.","created_at":"Fri Oct 26 13:54:08 +0000 2007","is_translator":false,"profile_background_image_url_https":"https://si0.twimg.com/profile_background_images/200528515/cjpress-newlogo.png","protected":false,"screen_name":"celsojunior","id_str":"9710002","profile_link_color":"0084B4","geo_enabled":false,"id":9710002,"profile_background_color":"FFFFFF","lang":"en","profile_sidebar_border_color":"DBE9EE","profile_text_color":"505050","verified":false,"profile_image_url":"http://a0.twimg.com/profile_images/2285291083/p78rdplwtylu96epe4lw_normal.png","time_zone":"Brasilia","url":"http://cjnet.com.br","contributors_enabled":false,"profile_background_tile":false,"follow_request_sent":null,"statuses_count":11187,"profile_use_background_image":true,"followers_count":2262,"following":null,"default_profile":false,"name":"celsojunior","profile_sidebar_fill_color":"FFFFFF","location":"Brazil","notifications":null},"favorited":false}