{"in_reply_to_status_id_str":null,"in_reply_to_status_id":null,"coordinates":null,"truncated":false,"in_reply_to_user_id_str":null,"created_at":"Tue Oct 01 19:45:21 +0000 2013","source":"web","retweet_count":0,"retweeted":false,"geo":null,"filter_level":"medium","in_reply_to_screen_name":null,"entities":{"urls":[],"hashtags":[],"user_mentions":[{"indices":[2,13],"screen_name":"Vivoemrede","id_str":"43218789","name":"Vivo em Rede","id":43218789}],"symbols":[]},"id_str":"385128319517093889","in_reply_to_user_id":null,"favorite_count":0,"contributors":null,"text":"A @vivoemrede me manda SMS dizendo que não paguei minha fatura. Agora, mandar a fatura, com as ligações discriminadas, como pedi, necas.","id":385128319517093889,"place":{"country_code":"BR","country":"Brasil","full_name":"Brasília, Distrito Federal","bounding_box":{"coordinates":[[[-48.285982,-16.0524045],[-48.285982,-15.500192],[-47.307264,-15.500192],[-47.307264,-16.0524045]]],"type":"Polygon"},"place_type":"city","name":"Brasília","attributes":{},"id":"5722ff20ba67083b","url":"https://api.twitter.com/1.1/geo/id/5722ff20ba67083b.json"},"lang":"pt","user":{"utc_offset":-10800,"friends_count":421,"profile_image_url_https":"https://si0.twimg.com/profile_images/3633498395/7ecb1f03488a85068b31ce5f636f9b4c_normal.jpeg","profile_background_image_url":"http://a0.twimg.com/profile_background_images/343748398/fundotwitter.jpg","listed_count":199,"default_profile_image":false,"favourites_count":81,"description":"Escritor, jornalista, blogueiro, colunista, artista plástico","created_at":"Wed Nov 14 13:57:46 +0000 2007","is_translator":false,"profile_background_image_url_https":"https://si0.twimg.com/profile_background_images/343748398/fundotwitter.jpg","protected":false,"screen_name":"sergioleo","id_str":"10246482","profile_link_color":"030303","geo_enabled":true,"id":10246482,"profile_background_color":"6F94D4","lang":"en","profile_sidebar_border_color":"5276B5","profile_text_color":"333333","verified":false,"profile_image_url":"http://a0.twimg.com/profile_images/3633498395/7ecb1f03488a85068b31ce5f636f9b4c_normal.jpeg","time_zone":"Brasilia","url":"http://sergioleo.opsblog.org","contributors_enabled":false,"profile_banner_url":"https://pbs.twimg.com/profile_banners/10246482/1375376059","profile_background_tile":true,"follow_request_sent":null,"statuses_count":13142,"profile_use_background_image":true,"followers_count":4501,"following":null,"default_profile":false,"name":"sergio leo","profile_sidebar_fill_color":"4C73AD","location":"Brasilia","notifications":null},"favorited":false}