{"in_reply_to_status_id_str":null,"in_reply_to_status_id":null,"coordinates":null,"truncated":false,"in_reply_to_user_id_str":"35141524","created_at":"Tue Oct 01 22:03:52 +0000 2013","source":"web","retweet_count":0,"retweeted":false,"geo":null,"filter_level":"medium","in_reply_to_screen_name":"LeoGomide","entities":{"urls":[],"hashtags":[],"user_mentions":[{"indices":[0,10],"screen_name":"LeoGomide","id_str":"35141524","name":"Leo Gomide","id":35141524},{"indices":[15,21],"screen_name":"CAIXA","id_str":"229191436","name":"CAIXA","id":229191436}],"symbols":[]},"id_str":"385163179954683904","in_reply_to_user_id":35141524,"favorite_count":0,"contributors":null,"text":"@LeoGomide e a @CAIXA ? Desisitiram?","id":385163179954683904,"place":null,"lang":"pt","user":{"utc_offset":-10800,"friends_count":90,"profile_image_url_https":"https://si0.twimg.com/profile_images/1682012745/310244_239622016094356_131973173525908_713579_113361209_n_normal.jpg","profile_background_image_url":"http://abs.twimg.com/images/themes/theme1/bg.png","listed_count":0,"default_profile_image":false,"favourites_count":8,"description":null,"created_at":"Wed Jul 22 01:08:45 +0000 2009","is_translator":false,"profile_background_image_url_https":"https://abs.twimg.com/images/themes/theme1/bg.png","protected":false,"screen_name":"sergioeuzebio","id_str":"58985761","profile_link_color":"0084B4","geo_enabled":true,"id":58985761,"profile_background_color":"C0DEED","lang":"pt","profile_sidebar_border_color":"C0DEED","profile_text_color":"333333","verified":false,"profile_image_url":"http://a0.twimg.com/profile_images/1682012745/310244_239622016094356_131973173525908_713579_113361209_n_normal.jpg","time_zone":"Santiago","url":null,"contributors_enabled":false,"profile_background_tile":false,"follow_request_sent":null,"statuses_count":1375,"profile_use_background_image":true,"followers_count":34,"following":null,"default_profile":true,"name":"sergio euzebio","profile_sidebar_fill_color":"DDEEF6","location":"Divinópolis/MG","notifications":null},"favorited":false}