{"in_reply_to_status_id_str":null,"in_reply_to_status_id":null,"coordinates":null,"truncated":false,"in_reply_to_user_id_str":null,"created_at":"Tue Oct 01 22:13:04 +0000 2013","source":"web","retweet_count":0,"retweeted":false,"geo":null,"filter_level":"medium","in_reply_to_screen_name":null,"entities":{"urls":[],"hashtags":[],"user_mentions":[{"indices":[56,66],"screen_name":"vh1brasil","id_str":"24676302","name":"Vh1 Brasil","id":24676302},{"indices":[99,109],"screen_name":"skybrasil","id_str":"16725545","name":"SKY Brasil","id":16725545}],"symbols":[]},"id_str":"385165494015127552","in_reply_to_user_id":null,"favorite_count":0,"contributors":null,"text":"Calma aê, a produção está me falando no meu ponto que a @vh1brasil agora é HD e não foi extinta da @skybrasil que maravilha! Aí sim em HAHA","id":385165494015127552,"place":null,"lang":"pt","user":{"utc_offset":-10800,"friends_count":150,"profile_image_url_https":"https://si0.twimg.com/profile_images/3512026107/2504cf272bbf21905fc1751f7afa4a4b_normal.jpeg","profile_background_image_url":"http://a0.twimg.com/profile_background_images/378800000016271626/eb66b8983a9f36c3ac9ddee7daac8f9d.jpeg","listed_count":7,"default_profile_image":false,"favourites_count":1,"description":"Em breve estudante de cinema, casado com a 7° arte, amante de boa musica e iludido com a comunicação e o jornalismo.","created_at":"Sat Sep 05 15:37:43 +0000 2009","is_translator":false,"profile_background_image_url_https":"https://si0.twimg.com/profile_background_images/378800000016271626/eb66b8983a9f36c3ac9ddee7daac8f9d.jpeg","protected":false,"screen_name":"Mathewssilva","id_str":"71826684","profile_link_color":"2FC2EF","geo_enabled":true,"id":71826684,"profile_background_color":"1A1B1F","lang":"pt","profile_sidebar_border_color":"000000","profile_text_color":"ADADAD","verified":false,"profile_image_url":"http://a0.twimg.com/profile_images/3512026107/2504cf272bbf21905fc1751f7afa4a4b_normal.jpeg","time_zone":"Santiago","url":null,"contributors_enabled":false,"profile_banner_url":"https://pbs.twimg.com/profile_banners/71826684/1348241808","profile_background_tile":true,"follow_request_sent":null,"statuses_count":19724,"profile_use_background_image":true,"followers_count":803,"following":null,"default_profile":false,"name":"matheus da silva ","profile_sidebar_fill_color":"252429","location":"Feira De Santana/Salvador - BA","notifications":null},"favorited":false}