{"in_reply_to_status_id_str":null,"in_reply_to_status_id":null,"possibly_sensitive":true,"coordinates":{"coordinates":[-47.44081733,-23.49760844],"type":"Point"},"truncated":false,"in_reply_to_user_id_str":null,"created_at":"Tue Oct 01 21:13:34 +0000 2013","source":"<a href=\"http://foursquare.com\" rel=\"nofollow\">foursquare<\/a>","retweet_count":0,"retweeted":false,"geo":{"coordinates":[-23.49760844,-47.44081733],"type":"Point"},"filter_level":"medium","in_reply_to_screen_name":null,"entities":{"urls":[{"display_url":"4sq.com/1c1HXkY","indices":[37,59],"expanded_url":"http://4sq.com/1c1HXkY","url":"http://t.co/hqUzrWWwq4"}],"hashtags":[],"user_mentions":[{"indices":[7,21],"screen_name":"BancodoBrasil","id_str":"83723557","name":"Banco do Brasil","id":83723557}],"symbols":[]},"id_str":"385150522418012160","in_reply_to_user_id":null,"favorite_count":0,"contributors":null,"text":"I'm at @BancodoBrasil (Sorocaba, SP) http://t.co/hqUzrWWwq4","id":385150522418012160,"place":{"country_code":"BR","country":"Brasil","full_name":"Sorocaba, São Paulo","bounding_box":{"coordinates":[[[-47.570414,-23.588767],[-47.570414,-23.351245],[-47.302852,-23.351245],[-47.302852,-23.588767]]],"type":"Polygon"},"place_type":"city","name":"Sorocaba","attributes":{},"id":"5579f6b17e36847b","url":"https://api.twitter.com/1.1/geo/id/5579f6b17e36847b.json"},"lang":"tl","user":{"utc_offset":-10800,"friends_count":82,"profile_image_url_https":"https://si0.twimg.com/profile_images/378800000432162962/ceb9a5e51e4fe876c74ecd18d3bc7948_normal.jpeg","profile_background_image_url":"http://a0.twimg.com/profile_background_images/378800000058654130/95fe74c842ca5b60892fb3a5782acbb6.jpeg","listed_count":92,"default_profile_image":false,"favourites_count":3614,"description":"Um Hank Moody de calcinhas.","created_at":"Wed Jun 24 00:11:27 +0000 2009","is_translator":false,"profile_background_image_url_https":"https://si0.twimg.com/profile_background_images/378800000058654130/95fe74c842ca5b60892fb3a5782acbb6.jpeg","protected":false,"screen_name":"petitscherry","id_str":"50149963","profile_link_color":"E01010","geo_enabled":true,"id":50149963,"profile_background_color":"FFFFFF","lang":"en","profile_sidebar_border_color":"FFFFFF","profile_text_color":"E01010","verified":false,"profile_image_url":"http://a0.twimg.com/profile_images/378800000432162962/ceb9a5e51e4fe876c74ecd18d3bc7948_normal.jpeg","time_zone":"Brasilia","url":"http://www.facebook.com/petitscherry","contributors_enabled":false,"profile_banner_url":"https://pbs.twimg.com/profile_banners/50149963/1357698402","profile_background_tile":true,"follow_request_sent":null,"statuses_count":38897,"profile_use_background_image":true,"followers_count":714,"following":null,"default_profile":false,"name":"princesa leia ","profile_sidebar_fill_color":"E3E2DE","location":"Alderaan","notifications":null},"favorited":false}