{"in_reply_to_status_id_str":"385135516800528384","in_reply_to_status_id":385135516800528384,"coordinates":null,"truncated":false,"in_reply_to_user_id_str":"22885574","created_at":"Tue Oct 01 20:15:46 +0000 2013","source":"web","retweet_count":0,"retweeted":false,"geo":null,"filter_level":"medium","in_reply_to_screen_name":"LeoJaime","entities":{"urls":[],"hashtags":[],"user_mentions":[{"indices":[0,9],"screen_name":"LeoJaime","id_str":"22885574","name":"Leo Jaime","id":22885574},{"indices":[10,15],"screen_name":"vivo","id_str":"8451242","name":"vivo","id":8451242}],"symbols":[]},"id_str":"385135974797160448","in_reply_to_user_id":22885574,"favorite_count":0,"contributors":null,"text":"@LeoJaime @vivo te garanto que da claro e pior kkkk","id":385135974797160448,"place":null,"lang":"pt","user":{"utc_offset":-10800,"friends_count":2001,"profile_image_url_https":"https://si0.twimg.com/profile_images/378800000266491869/bc68862780b77b657e938cb50276794e_normal.jpeg","profile_background_image_url":"http://a0.twimg.com/profile_background_images/191886099/5152_270_1_.jpg","listed_count":0,"default_profile_image":false,"favourites_count":3,"description":"corinthians , amu muitu tudu issu                                         kkkkkkkkkkkkkkkkkkkkkkkkk","created_at":"Fri Mar 19 01:58:28 +0000 2010","is_translator":false,"profile_background_image_url_https":"https://si0.twimg.com/profile_background_images/191886099/5152_270_1_.jpg","protected":false,"screen_name":"japinhahh","id_str":"124331406","profile_link_color":"0099CC","geo_enabled":true,"id":124331406,"profile_background_color":"FFF04D","lang":"pt","profile_sidebar_border_color":"FFF8AD","profile_text_color":"333333","verified":false,"profile_image_url":"http://a0.twimg.com/profile_images/378800000266491869/bc68862780b77b657e938cb50276794e_normal.jpeg","time_zone":"Brasilia","url":null,"contributors_enabled":false,"profile_banner_url":"https://pbs.twimg.com/profile_banners/124331406/1376082748","profile_background_tile":false,"follow_request_sent":null,"statuses_count":25,"profile_use_background_image":true,"followers_count":378,"following":null,"default_profile":false,"name":"biah","profile_sidebar_fill_color":"F6FFD1","location":"sao paulo","notifications":null},"favorited":false}