{"in_reply_to_status_id_str":null,"in_reply_to_status_id":null,"coordinates":null,"truncated":false,"in_reply_to_user_id_str":"874120338","created_at":"Tue Oct 01 19:54:50 +0000 2013","source":"web","retweet_count":0,"retweeted":false,"geo":null,"filter_level":"medium","in_reply_to_screen_name":"Itaucard","entities":{"urls":[],"hashtags":[],"user_mentions":[{"indices":[0,9],"screen_name":"Itaucard","id_str":"874120338","name":"Itaucard","id":874120338}],"symbols":[]},"id_str":"385130707422416896","in_reply_to_user_id":874120338,"favorite_count":0,"contributors":null,"text":"@Itaucard será que vou ter que cancelar o cartão pra vocês pararem de me cobrar uma coisa que eu não aceitei e não comprei?","id":385130707422416896,"place":null,"lang":"pt","user":{"utc_offset":-10800,"friends_count":99,"profile_image_url_https":"https://si0.twimg.com/profile_images/378800000511150810/657933e1e14e80605d047fe0b506fac1_normal.jpeg","profile_background_image_url":"http://a0.twimg.com/profile_background_images/378800000082374513/8b1eac899c1cfb6b86951d6735489b3e.jpeg","listed_count":36,"default_profile_image":false,"favourites_count":35,"description":"Quase um diário!","created_at":"Sat Jun 04 17:27:03 +0000 2011","is_translator":false,"profile_background_image_url_https":"https://si0.twimg.com/profile_background_images/378800000082374513/8b1eac899c1cfb6b86951d6735489b3e.jpeg","protected":false,"screen_name":"OAnaJuuliaaa","id_str":"310969209","profile_link_color":"F20000","geo_enabled":false,"id":310969209,"profile_background_color":"000000","lang":"pt","profile_sidebar_border_color":"000000","profile_text_color":"990559","verified":false,"profile_image_url":"http://a0.twimg.com/profile_images/378800000511150810/657933e1e14e80605d047fe0b506fac1_normal.jpeg","time_zone":"Santiago","url":null,"contributors_enabled":false,"profile_banner_url":"https://pbs.twimg.com/profile_banners/310969209/1380214985","profile_background_tile":true,"follow_request_sent":null,"statuses_count":3866,"profile_use_background_image":true,"followers_count":416,"following":null,"default_profile":false,"name":"εïз","profile_sidebar_fill_color":"636363","location":"","notifications":null},"favorited":false}