{"in_reply_to_status_id_str":null,"in_reply_to_status_id":null,"coordinates":null,"truncated":false,"in_reply_to_user_id_str":null,"created_at":"Tue Oct 01 19:26:17 +0000 2013","source":"web","retweet_count":0,"retweeted":false,"geo":null,"filter_level":"medium","in_reply_to_screen_name":null,"entities":{"urls":[],"hashtags":[{"indices":[127,140],"text":"SkyNuncaMais"}],"user_mentions":[{"indices":[54,66],"screen_name":"SKYresponde","id_str":"324945570","name":"SKY Responde","id":324945570}],"symbols":[]},"id_str":"385123521430433792","in_reply_to_user_id":null,"favorite_count":0,"contributors":null,"text":"N só perderam 1 cliente d 13 anos por míseros 100$! A @SKYresponde ainda ta me OBRIGANDO a pagar 1 mês d mensalidade ADIANTADO #SkyNuncaMais","id":385123521430433792,"place":null,"lang":"pt","user":{"utc_offset":-10800,"friends_count":280,"profile_image_url_https":"https://si0.twimg.com/profile_images/3120356537/8b7e429dd61cf693169595eaa5d50de1_normal.jpeg","profile_background_image_url":"http://a0.twimg.com/profile_background_images/397230467/bgbgbg.jpg","listed_count":15,"default_profile_image":false,"favourites_count":119,"description":"Carioca, 22 anos, Publicitário, Empreendedor, Adicto de Tecnologias e Amante Incondicional de Música...","created_at":"Tue Mar 17 12:12:40 +0000 2009","is_translator":false,"profile_background_image_url_https":"https://si0.twimg.com/profile_background_images/397230467/bgbgbg.jpg","protected":false,"screen_name":"JeanSNogueira","id_str":"24872363","profile_link_color":"FF8400","geo_enabled":true,"id":24872363,"profile_background_color":"FFFFFF","lang":"pt","profile_sidebar_border_color":"00C1FC","profile_text_color":"5800AB","verified":false,"profile_image_url":"http://a0.twimg.com/profile_images/3120356537/8b7e429dd61cf693169595eaa5d50de1_normal.jpeg","time_zone":"Brasilia","url":"http://about.me/jeansnogueira","contributors_enabled":false,"profile_banner_url":"https://pbs.twimg.com/profile_banners/24872363/1358426512","profile_background_tile":true,"follow_request_sent":null,"statuses_count":27403,"profile_use_background_image":true,"followers_count":569,"following":null,"default_profile":false,"name":"Jean Nogueira ","profile_sidebar_fill_color":"B6D6CC","location":"Niterói / RJ - Brazil","notifications":null},"favorited":false}