{"in_reply_to_status_id_str":null,"in_reply_to_status_id":null,"coordinates":null,"truncated":false,"in_reply_to_user_id_str":null,"created_at":"Tue Oct 01 19:38:06 +0000 2013","source":"web","retweet_count":0,"retweeted":false,"geo":null,"filter_level":"medium","in_reply_to_screen_name":null,"entities":{"urls":[],"hashtags":[],"user_mentions":[{"indices":[112,126],"screen_name":"BancodoBrasil","id_str":"83723557","name":"Banco do Brasil","id":83723557}],"symbols":[]},"id_str":"385126497012293632","in_reply_to_user_id":null,"favorite_count":0,"contributors":null,"text":"Um monte de atendente tentando me ensinar a usar a Internet, e ninguém para resolver o meu problema. Parabains, @BancodoBrasil","id":385126497012293632,"place":null,"lang":"pt","user":{"utc_offset":-10800,"friends_count":267,"profile_image_url_https":"https://si0.twimg.com/profile_images/1219091549/photo_normal.jpeg","profile_background_image_url":"http://a0.twimg.com/profile_background_images/136639267/tiao_2.jpeg","listed_count":15,"default_profile_image":false,"favourites_count":1770,"description":"Cat lover. If I weren't a vegetarian, I'd totally eat your cat.","created_at":"Fri Mar 12 17:49:41 +0000 2010","is_translator":false,"profile_background_image_url_https":"https://si0.twimg.com/profile_background_images/136639267/tiao_2.jpeg","protected":false,"screen_name":"mariagranola","id_str":"122431834","profile_link_color":"0084B4","geo_enabled":true,"id":122431834,"profile_background_color":"E6EFF7","lang":"en","profile_sidebar_border_color":"F2F5F7","profile_text_color":"333333","verified":false,"profile_image_url":"http://a0.twimg.com/profile_images/1219091549/photo_normal.jpeg","time_zone":"Santiago","url":"http://www.namoradoimaginario.com","contributors_enabled":false,"profile_background_tile":true,"follow_request_sent":null,"statuses_count":12686,"profile_use_background_image":true,"followers_count":643,"following":null,"default_profile":false,"name":"Flávia Stefani ","profile_sidebar_fill_color":"FAFAFA","location":"San Francisco, CA","notifications":null},"favorited":false}