{"in_reply_to_status_id_str":null,"in_reply_to_status_id":null,"coordinates":null,"truncated":false,"in_reply_to_user_id_str":null,"created_at":"Tue Oct 01 18:04:53 +0000 2013","source":"web","retweet_count":0,"retweeted":false,"geo":null,"filter_level":"medium","in_reply_to_screen_name":null,"entities":{"urls":[],"hashtags":[{"indices":[6,10],"text":"Tim"},{"indices":[95,115],"text":"FechadoComOCruzeiro"}],"user_mentions":[],"symbols":[]},"id_str":"385103036424536064","in_reply_to_user_id":null,"favorite_count":0,"contributors":null,"text":"Até a #Tim trolando as frangas:\n\n\"Vem vê SEIS chips da tim!\"\n\nAgente já sabe que SEIS é 6A1LO' #FechadoComOCruzeiro'","id":385103036424536064,"place":null,"lang":"pt","user":{"utc_offset":-10800,"friends_count":295,"profile_image_url_https":"https://si0.twimg.com/profile_images/378800000457296369/ecff3f4d4f152747369ca92d6e136d47_normal.jpeg","profile_background_image_url":"http://a0.twimg.com/profile_background_images/883997990/28d19d55e475252432e92d994578a9aa.jpeg","listed_count":4,"default_profile_image":false,"favourites_count":13,"description":"A vida me fez cruzeiro, e eu o fiz a minha vida!\r\n\r\n#VamosCruzeiro'","created_at":"Wed Oct 13 11:50:46 +0000 2010","is_translator":false,"profile_background_image_url_https":"https://si0.twimg.com/profile_background_images/883997990/28d19d55e475252432e92d994578a9aa.jpeg","protected":false,"screen_name":"gueron1","id_str":"202141789","profile_link_color":"1E1BC2","geo_enabled":false,"id":202141789,"profile_background_color":"1738BD","lang":"en","profile_sidebar_border_color":"000000","profile_text_color":"333333","verified":false,"profile_image_url":"http://a0.twimg.com/profile_images/378800000457296369/ecff3f4d4f152747369ca92d6e136d47_normal.jpeg","time_zone":"Brasilia","url":null,"contributors_enabled":false,"profile_banner_url":"https://pbs.twimg.com/profile_banners/202141789/1370181744","profile_background_tile":true,"follow_request_sent":null,"statuses_count":5491,"profile_use_background_image":true,"followers_count":535,"following":null,"default_profile":false,"name":"Igor Filipe","profile_sidebar_fill_color":"C0DFEC","location":"","notifications":null},"favorited":false}