{"in_reply_to_status_id_str":"385056846001602561","in_reply_to_status_id":385056846001602561,"coordinates":null,"truncated":false,"in_reply_to_user_id_str":"22679577","created_at":"Tue Oct 01 18:34:27 +0000 2013","source":"<a href=\"http://twitter.com/download/iphone\" rel=\"nofollow\">Twitter for iPhone<\/a>","retweet_count":0,"retweeted":false,"geo":null,"filter_level":"medium","in_reply_to_screen_name":"ClaroBlog","entities":{"urls":[],"hashtags":[],"user_mentions":[{"indices":[0,10],"screen_name":"ClaroBlog","id_str":"22679577","name":"ClaroBlog","id":22679577}],"symbols":[]},"id_str":"385110476126191616","in_reply_to_user_id":22679577,"favorite_count":0,"contributors":null,"text":"@ClaroBlog Olá, só é possível enviar msgs diretas entre seguidores. Como posso entrar em contato por aqui? Ou há algum email?","id":385110476126191616,"place":null,"lang":"pt","user":{"utc_offset":-14400,"friends_count":140,"profile_image_url_https":"https://si0.twimg.com/profile_images/478829119/twitt555_normal.jpg","profile_background_image_url":"http://a0.twimg.com/profile_background_images/130970087/Twitt-Jessy3.jpg","listed_count":0,"default_profile_image":false,"favourites_count":2,"description":"http://www.facebook.com/profile.php?id=100000557299289","created_at":"Tue Apr 14 14:26:26 +0000 2009","is_translator":false,"profile_background_image_url_https":"https://si0.twimg.com/profile_background_images/130970087/Twitt-Jessy3.jpg","protected":false,"screen_name":"jessykah_","id_str":"31132878","profile_link_color":"E612E6","geo_enabled":true,"id":31132878,"profile_background_color":"642D8B","lang":"pt","profile_sidebar_border_color":"FFFFFF","profile_text_color":"563370","verified":false,"profile_image_url":"http://a0.twimg.com/profile_images/478829119/twitt555_normal.jpg","time_zone":"La Paz","url":null,"contributors_enabled":false,"profile_background_tile":false,"follow_request_sent":null,"statuses_count":1423,"profile_use_background_image":true,"followers_count":142,"following":null,"default_profile":false,"name":"Jéssica Bergonzini","profile_sidebar_fill_color":"EBD6EB","location":"Porto Velho, Brasil","notifications":null},"favorited":false}