{"in_reply_to_status_id_str":null,"in_reply_to_status_id":null,"possibly_sensitive":false,"coordinates":null,"truncated":false,"in_reply_to_user_id_str":null,"created_at":"Tue Oct 01 23:56:32 +0000 2013","source":"<a href=\"http://instagram.com\" rel=\"nofollow\">Instagram<\/a>","retweet_count":0,"retweeted":false,"geo":null,"filter_level":"medium","in_reply_to_screen_name":null,"entities":{"urls":[{"display_url":"instagram.com/p/e8aZS8NYaZ/","indices":[57,79],"expanded_url":"http://instagram.com/p/e8aZS8NYaZ/","url":"http://t.co/wKjgmWC5yD"}],"hashtags":[{"indices":[37,40],"text":"oi"},{"indices":[41,50],"text":"followme"},{"indices":[51,56],"text":"vida"}],"user_mentions":[],"symbols":[]},"id_str":"385191530929332224","in_reply_to_user_id":null,"favorite_count":0,"contributors":null,"text":"\"a vida eh uma caixinha de surpresa\" #oi #followme #vida http://t.co/wKjgmWC5yD","id":385191530929332224,"place":null,"lang":"pt","user":{"utc_offset":-10800,"friends_count":1580,"profile_image_url_https":"https://si0.twimg.com/profile_images/378800000532121956/9af868e433528826ab1cd430176e2cc5_normal.png","profile_background_image_url":"http://a0.twimg.com/profile_background_images/378800000084585207/94ed8953fa75d802d3792029a4831649.png","listed_count":1,"default_profile_image":false,"favourites_count":380,"description":"como assim vocês shippa nariana?","created_at":"Mon Jan 23 01:39:57 +0000 2012","is_translator":false,"profile_background_image_url_https":"https://si0.twimg.com/profile_background_images/378800000084585207/94ed8953fa75d802d3792029a4831649.png","protected":false,"screen_name":"arigfeels","id_str":"471586911","profile_link_color":"000000","geo_enabled":true,"id":471586911,"profile_background_color":"FFFFFF","lang":"pt","profile_sidebar_border_color":"FFFFFF","profile_text_color":"333333","verified":false,"profile_image_url":"http://a0.twimg.com/profile_images/378800000532121956/9af868e433528826ab1cd430176e2cc5_normal.png","time_zone":"Brasilia","url":null,"contributors_enabled":false,"profile_banner_url":"https://pbs.twimg.com/profile_banners/471586911/1380597876","profile_background_tile":true,"follow_request_sent":null,"statuses_count":84013,"profile_use_background_image":false,"followers_count":2018,"following":null,"default_profile":false,"name":"maria","profile_sidebar_fill_color":"DDEEF6","location":"ag tw md ♡","notifications":null},"favorited":false}