{"in_reply_to_status_id_str":null,"in_reply_to_status_id":null,"coordinates":null,"truncated":false,"in_reply_to_user_id_str":null,"created_at":"Tue Oct 01 18:11:06 +0000 2013","source":"web","retweet_count":0,"retweeted":false,"geo":null,"filter_level":"medium","in_reply_to_screen_name":null,"entities":{"urls":[],"hashtags":[],"user_mentions":[{"indices":[43,50],"screen_name":"digaoi","id_str":"17487043","name":"Diga Oi!","id":17487043}],"symbols":[]},"id_str":"385104602170789889","in_reply_to_user_id":null,"favorite_count":0,"contributors":null,"text":"Como faço pra não receber mais ligações da @digaoi do DDD (085)?","id":385104602170789889,"place":null,"lang":"pt","user":{"utc_offset":-10800,"friends_count":154,"profile_image_url_https":"https://si0.twimg.com/profile_images/2853862330/be61f6d19cfae98cce66781be408da4b_normal.jpeg","profile_background_image_url":"http://a0.twimg.com/profile_background_images/231237472/Sem_t_tulo-12.png","listed_count":12,"default_profile_image":false,"favourites_count":2,"description":"Não me siga, eu também estou perdido","created_at":"Tue Oct 06 00:54:11 +0000 2009","is_translator":false,"profile_background_image_url_https":"https://si0.twimg.com/profile_background_images/231237472/Sem_t_tulo-12.png","protected":false,"screen_name":"rafasalgueiro","id_str":"80173814","profile_link_color":"FF0000","geo_enabled":false,"id":80173814,"profile_background_color":"131516","lang":"pt","profile_sidebar_border_color":"E6C000","profile_text_color":"333333","verified":false,"profile_image_url":"http://a0.twimg.com/profile_images/2853862330/be61f6d19cfae98cce66781be408da4b_normal.jpeg","time_zone":"Brasilia","url":null,"contributors_enabled":false,"profile_background_tile":true,"follow_request_sent":null,"statuses_count":12443,"profile_use_background_image":true,"followers_count":677,"following":null,"default_profile":false,"name":"Rafael Salgueiro","profile_sidebar_fill_color":"FFDD00","location":"Juiz de Fora/MG","notifications":null},"favorited":false}