{"in_reply_to_status_id_str":null,"in_reply_to_status_id":null,"coordinates":{"coordinates":[-43.35100035,-21.75454666],"type":"Point"},"truncated":false,"in_reply_to_user_id_str":null,"created_at":"Wed Oct 02 00:01:41 +0000 2013","source":"<a href=\"http://twitter.com/download/iphone\" rel=\"nofollow\">Twitter for iPhone<\/a>","retweet_count":0,"retweeted":false,"geo":{"coordinates":[-21.75454666,-43.35100035],"type":"Point"},"filter_level":"medium","in_reply_to_screen_name":null,"entities":{"urls":[],"hashtags":[{"indices":[40,50],"text":"MTVBrasil"},{"indices":[99,117],"text":"MTVprontapraoutra"}],"user_mentions":[{"indices":[124,134],"screen_name":"skybrasil","id_str":"16725545","name":"SKY Brasil","id":16725545}],"symbols":[]},"id_str":"385192827309031424","in_reply_to_user_id":null,"favorite_count":0,"contributors":null,"text":"Menos de 30 minutos para a reestreia da #MTVBrasil ... No Twitter, subiram a tag q está no canal : #MTVprontapraoutra ...Na @skybrasil n 86","id":385192827309031424,"place":{"country_code":"BR","country":"Brasil","full_name":"Juiz de Fora, Minas Gerais","bounding_box":{"coordinates":[[[-43.6981511,-21.9998657],[-43.6981511,-21.416164],[-43.147387,-21.416164],[-43.147387,-21.9998657]]],"type":"Polygon"},"place_type":"city","name":"Juiz de Fora","attributes":{},"id":"c5292d78d38e3af6","url":"https://api.twitter.com/1.1/geo/id/c5292d78d38e3af6.json"},"lang":"pt","user":{"utc_offset":-10800,"friends_count":1145,"profile_image_url_https":"https://si0.twimg.com/profile_images/378800000336013618/3f22856efe69dce366b1fa075465dcc3_normal.jpeg","profile_background_image_url":"http://a0.twimg.com/profile_background_images/378800000062151341/76968e8f6da09cdb8b2fba89288fd543.jpeg","listed_count":55,"default_profile_image":false,"favourites_count":119,"description":"♫ ♬ ♩ Locutor e apresentador  há 9 anos. Atualmente na Rádio Cidade Fm 100,1(Juiz de Fora/MG). 【★】 Sou um cara de bem com a vida! Sigam-me =D","created_at":"Mon Aug 10 02:10:09 +0000 2009","is_translator":false,"profile_background_image_url_https":"https://si0.twimg.com/profile_background_images/378800000062151341/76968e8f6da09cdb8b2fba89288fd543.jpeg","protected":false,"screen_name":"MarcioRibeiroJF","id_str":"64312479","profile_link_color":"FA2895","geo_enabled":true,"id":64312479,"profile_background_color":"FFFFFF","lang":"pt","profile_sidebar_border_color":"FFFFFF","profile_text_color":"333333","verified":false,"profile_image_url":"http://a0.twimg.com/profile_images/378800000336013618/3f22856efe69dce366b1fa075465dcc3_normal.jpeg","time_zone":"Brasilia","url":"http://www.dropsmusic.com.br/","contributors_enabled":false,"profile_banner_url":"https://pbs.twimg.com/profile_banners/64312479/1377774252","profile_background_tile":true,"follow_request_sent":null,"statuses_count":62266,"profile_use_background_image":true,"followers_count":1397,"following":null,"default_profile":false,"name":"Márcio Ribeiro","profile_sidebar_fill_color":"EFEFEF","location":"Juiz de Fora","notifications":null},"favorited":false}