{"in_reply_to_status_id_str":null,"in_reply_to_status_id":null,"coordinates":null,"truncated":false,"in_reply_to_user_id_str":null,"created_at":"Tue Oct 01 21:53:32 +0000 2013","source":"web","retweet_count":0,"retweeted":false,"geo":null,"filter_level":"medium","in_reply_to_screen_name":null,"entities":{"urls":[],"hashtags":[{"indices":[0,3],"text":"oi"},{"indices":[4,10],"text":"gente"},{"indices":[11,17],"text":"adoro"},{"indices":[18,24],"text":"todos"},{"indices":[25,31],"text":"vocês"}],"user_mentions":[],"symbols":[]},"id_str":"385160576520822784","in_reply_to_user_id":null,"favorite_count":0,"contributors":null,"text":"#oi #gente #adoro #todos #vocês","id":385160576520822784,"place":null,"lang":"pt","user":{"utc_offset":-10800,"friends_count":236,"profile_image_url_https":"https://si0.twimg.com/profile_images/378800000535370588/f524b508a409401eb8132548bae0f532_normal.jpeg","profile_background_image_url":"http://a0.twimg.com/profile_background_images/378800000057780571/891a116c4f8112f0ec9c9a34cc0d93ae.jpeg","listed_count":0,"default_profile_image":false,"favourites_count":6,"description":"amo tudo\namo futebol e sou santitas meu orgulho de ser e adoro panico na band blog http://melissacaroblog.blogspot.com.br fecebok melissa caroline oliveira","created_at":"Mon Jun 24 15:43:34 +0000 2013","is_translator":false,"profile_background_image_url_https":"https://si0.twimg.com/profile_background_images/378800000057780571/891a116c4f8112f0ec9c9a34cc0d93ae.jpeg","protected":false,"screen_name":"DeoMelissa","id_str":"1543566745","profile_link_color":"000099","geo_enabled":true,"id":1543566745,"profile_background_color":"131516","lang":"pt","profile_sidebar_border_color":"FFFFFF","profile_text_color":"333333","verified":false,"profile_image_url":"http://a0.twimg.com/profile_images/378800000535370588/f524b508a409401eb8132548bae0f532_normal.jpeg","time_zone":"Brasilia","url":null,"contributors_enabled":false,"profile_banner_url":"https://pbs.twimg.com/profile_banners/1543566745/1380582525","profile_background_tile":true,"follow_request_sent":null,"statuses_count":100,"profile_use_background_image":true,"followers_count":12,"following":null,"default_profile":false,"name":"melissa caroline deo","profile_sidebar_fill_color":"C0DFEC","location":"","notifications":null},"favorited":false}