{"in_reply_to_status_id_str":null,"in_reply_to_status_id":null,"coordinates":null,"truncated":false,"in_reply_to_user_id_str":null,"created_at":"Tue Oct 01 22:12:19 +0000 2013","source":"web","retweet_count":0,"retweeted":false,"geo":null,"filter_level":"medium","in_reply_to_screen_name":null,"entities":{"urls":[],"hashtags":[],"user_mentions":[{"indices":[80,86],"screen_name":"CAIXA","id_str":"229191436","name":"CAIXA","id":229191436}],"symbols":[]},"id_str":"385165304520658944","in_reply_to_user_id":null,"favorite_count":0,"contributors":null,"text":"Sendo que acabei de usar amesma senha e cartão no supermercado agora mesmo, viu @CAIXA ? Com o banco em greve eu faço o que?","id":385165304520658944,"place":null,"lang":"pt","user":{"utc_offset":-10800,"friends_count":1580,"profile_image_url_https":"https://si0.twimg.com/profile_images/1897137648/interaubis-avatar_2012-photo_normal.jpg","profile_background_image_url":"http://a0.twimg.com/profile_background_images/666962056/411d838a739018927cf3967a16e78979.jpeg","listed_count":38,"default_profile_image":false,"favourites_count":1724,"description":"Continua sendo agora.","created_at":"Sun May 04 18:50:12 +0000 2008","is_translator":false,"profile_background_image_url_https":"https://si0.twimg.com/profile_background_images/666962056/411d838a739018927cf3967a16e78979.jpeg","protected":false,"screen_name":"interaubis","id_str":"14650624","profile_link_color":"FF3300","geo_enabled":false,"id":14650624,"profile_background_color":"709397","lang":"en","profile_sidebar_border_color":"FFFFFF","profile_text_color":"333333","verified":false,"profile_image_url":"http://a0.twimg.com/profile_images/1897137648/interaubis-avatar_2012-photo_normal.jpg","time_zone":"Santiago","url":"http://daniel.performancia.com.br","contributors_enabled":false,"profile_banner_url":"https://pbs.twimg.com/profile_banners/14650624/1348455549","profile_background_tile":true,"follow_request_sent":null,"statuses_count":34084,"profile_use_background_image":true,"followers_count":804,"following":null,"default_profile":false,"name":"DanielSeda","profile_sidebar_fill_color":"A0C5C7","location":"São Paulo, Brasil","notifications":null},"favorited":false}