{"in_reply_to_status_id_str":null,"in_reply_to_status_id":null,"possibly_sensitive":false,"coordinates":null,"truncated":false,"in_reply_to_user_id_str":null,"created_at":"Wed Oct 02 00:27:31 +0000 2013","source":"<a href=\"http://twitpic.com\" rel=\"nofollow\">Twitpic<\/a>","retweet_count":0,"retweeted":false,"geo":null,"filter_level":"medium","in_reply_to_screen_name":null,"entities":{"urls":[{"display_url":"twitpic.com/dfpbkq","indices":[95,117],"expanded_url":"http://twitpic.com/dfpbkq","url":"http://t.co/DJHE34yCef"}],"hashtags":[{"indices":[63,72],"text":"Loterica"}],"user_mentions":[{"indices":[76,82],"screen_name":"CAIXA","id_str":"229191436","name":"CAIXA","id":229191436}],"symbols":[]},"id_str":"385199331625558018","in_reply_to_user_id":null,"favorite_count":0,"contributors":null,"text":"Nos preparando para oferecer mais serviços para você. Em breve #Loterica da @CAIXA no 1º Piso. http://t.co/DJHE34yCef","id":385199331625558018,"place":null,"lang":"pt","user":{"utc_offset":-10800,"friends_count":1,"profile_image_url_https":"https://si0.twimg.com/profile_images/3277651101/01c020ac31283a8e2b095667318dff8b_normal.jpeg","profile_background_image_url":"http://a0.twimg.com/profile_background_images/181862494/background.png","listed_count":25,"default_profile_image":false,"favourites_count":0,"description":"Fique por dentro de tudo o que acontece no Shopping Vila Olímpia aqui no Twitter Oficial e em nosso Facebook: http://facebook.com/scvilaolimpia.","created_at":"Thu Mar 11 14:37:39 +0000 2010","is_translator":false,"profile_background_image_url_https":"https://si0.twimg.com/profile_background_images/181862494/background.png","protected":false,"screen_name":"scvilaolimpia","id_str":"122079825","profile_link_color":"1E215C","geo_enabled":false,"id":122079825,"profile_background_color":"F5F8FA","lang":"pt","profile_sidebar_border_color":"87898A","profile_text_color":"0A0A0A","verified":false,"profile_image_url":"http://a0.twimg.com/profile_images/3277651101/01c020ac31283a8e2b095667318dff8b_normal.jpeg","time_zone":"Brasilia","url":"http://www.shoppingvilaolimpia.com.br","contributors_enabled":false,"profile_banner_url":"https://pbs.twimg.com/profile_banners/122079825/1361277972","profile_background_tile":true,"follow_request_sent":null,"statuses_count":1766,"profile_use_background_image":true,"followers_count":1200,"following":null,"default_profile":false,"name":"ShoppingVilaOlímpia","profile_sidebar_fill_color":"87898A","location":"Rua Olimpíadas, 360","notifications":null},"favorited":false}