{"in_reply_to_status_id_str":null,"in_reply_to_status_id":null,"coordinates":null,"truncated":false,"in_reply_to_user_id_str":null,"created_at":"Tue Oct 01 21:36:23 +0000 2013","source":"<a href=\"http://twitter.com/download/android\" rel=\"nofollow\">Twitter for Android<\/a>","retweet_count":0,"retweeted":false,"geo":null,"filter_level":"medium","in_reply_to_screen_name":null,"entities":{"urls":[],"hashtags":[{"indices":[56,70],"text":"BancoDoBrasil"}],"user_mentions":[],"symbols":[]},"id_str":"385156262964785152","in_reply_to_user_id":null,"favorite_count":0,"contributors":null,"text":"Que beleza haha' aqui no Córrego Do Ouro paga boleto do #BancoDoBrasil","id":385156262964785152,"place":null,"lang":"pt","user":{"utc_offset":-10800,"friends_count":340,"profile_image_url_https":"https://si0.twimg.com/profile_images/378800000532299746/3109a9813600bdb1eaf30fbc4d678500_normal.jpeg","profile_background_image_url":"http://abs.twimg.com/images/themes/theme18/bg.gif","listed_count":0,"default_profile_image":false,"favourites_count":4,"description":"Fala Tu ;x O Que Você Acha De Mim ? haha","created_at":"Sun Dec 05 23:59:47 +0000 2010","is_translator":false,"profile_background_image_url_https":"https://abs.twimg.com/images/themes/theme18/bg.gif","protected":false,"screen_name":"Osmani_L","id_str":"223294184","profile_link_color":"000000","geo_enabled":true,"id":223294184,"profile_background_color":"FFFFFF","lang":"pt","profile_sidebar_border_color":"000000","profile_text_color":"0413DE","verified":false,"profile_image_url":"http://a0.twimg.com/profile_images/378800000532299746/3109a9813600bdb1eaf30fbc4d678500_normal.jpeg","time_zone":"Brasilia","url":"http://osmanilima.tumblr.com","contributors_enabled":false,"profile_banner_url":"https://pbs.twimg.com/profile_banners/223294184/1374030711","profile_background_tile":false,"follow_request_sent":null,"statuses_count":1207,"profile_use_background_image":true,"followers_count":304,"following":null,"default_profile":false,"name":"Momo '-'","profile_sidebar_fill_color":"D4D4D4","location":"Skype: Osmani_L","notifications":null},"favorited":false}