{"in_reply_to_status_id_str":null,"in_reply_to_status_id":null,"coordinates":null,"truncated":false,"in_reply_to_user_id_str":null,"created_at":"Tue Oct 01 18:37:53 +0000 2013","source":"<a href=\"http://twitter.com/download/iphone\" rel=\"nofollow\">Twitter for iPhone<\/a>","retweet_count":0,"retweeted":false,"geo":null,"filter_level":"medium","in_reply_to_screen_name":null,"entities":{"urls":[],"hashtags":[{"indices":[18,24],"text":"CAIXA"}],"user_mentions":[],"symbols":[]},"id_str":"385111340207329280","in_reply_to_user_id":null,"favorite_count":0,"contributors":null,"text":"E a propaganda da #CAIXA sobre banco ser tudo igual e eles terem coisas diferentes? Ai você passa na porta e \"GREVE\". Way to go! :-P","id":385111340207329280,"place":null,"lang":"pt","user":{"utc_offset":-10800,"friends_count":307,"profile_image_url_https":"https://si0.twimg.com/profile_images/3696247321/31f16e83d2f602a91dfebf085d714194_normal.jpeg","profile_background_image_url":"http://abs.twimg.com/images/themes/theme14/bg.gif","listed_count":330,"default_profile_image":false,"favourites_count":0,"description":"Empresário, investidor, maratonista, fundador do Dinheirama.com. Livros: 'Vamos falar de Dinheiro?' e 'Dinheirama'. Blog 'Você Mais Rico' (Revista Você S/A).","created_at":"Fri Oct 19 11:24:16 +0000 2007","is_translator":false,"profile_background_image_url_https":"https://abs.twimg.com/images/themes/theme14/bg.gif","protected":false,"screen_name":"Navarro","id_str":"9540412","profile_link_color":"009999","geo_enabled":false,"id":9540412,"profile_background_color":"131516","lang":"en","profile_sidebar_border_color":"EEEEEE","profile_text_color":"333333","verified":false,"profile_image_url":"http://a0.twimg.com/profile_images/3696247321/31f16e83d2f602a91dfebf085d714194_normal.jpeg","time_zone":"Brasilia","url":"http://www.dinheirama.com","contributors_enabled":false,"profile_background_tile":true,"follow_request_sent":null,"statuses_count":10297,"profile_use_background_image":true,"followers_count":11723,"following":null,"default_profile":false,"name":"Conrado Navarro","profile_sidebar_fill_color":"EFEFEF","location":"Itajubá MG","notifications":null},"favorited":false}