{"in_reply_to_status_id_str":"385127177853083648","in_reply_to_status_id":385127177853083648,"coordinates":null,"truncated":false,"in_reply_to_user_id_str":"179398386","created_at":"Tue Oct 01 19:42:44 +0000 2013","source":"web","retweet_count":0,"retweeted":false,"geo":null,"filter_level":"medium","in_reply_to_screen_name":"itau","entities":{"urls":[],"hashtags":[],"user_mentions":[{"indices":[0,5],"screen_name":"itau","id_str":"179398386","name":"Itaú","id":179398386}],"symbols":[]},"id_str":"385127660273139712","in_reply_to_user_id":179398386,"favorite_count":0,"contributors":null,"text":"@itau adiantamento depositante. eu já fui até a agencia ver isso, me disseram que \"infelizmente\" não há meios de não cobrarem isso","id":385127660273139712,"place":null,"lang":"pt","user":{"utc_offset":-7200,"friends_count":376,"profile_image_url_https":"https://si0.twimg.com/profile_images/378800000501719736/29c9419f7b9801dcc66d85a353549d29_normal.jpeg","profile_background_image_url":"http://a0.twimg.com/profile_background_images/783584042/031c5b7ce72a0f4fb309031c36df2710.jpeg","listed_count":917,"default_profile_image":false,"favourites_count":2822,"description":"desorganização mental organizada de 140 em 140 caracteres. não concordo com a concordância no twitter.","created_at":"Fri Dec 28 04:14:01 +0000 2007","is_translator":false,"profile_background_image_url_https":"https://si0.twimg.com/profile_background_images/783584042/031c5b7ce72a0f4fb309031c36df2710.jpeg","protected":false,"screen_name":"siaht","id_str":"11590642","profile_link_color":"071229","geo_enabled":false,"id":11590642,"profile_background_color":"131516","lang":"en","profile_sidebar_border_color":"000000","profile_text_color":"333333","verified":false,"profile_image_url":"http://a0.twimg.com/profile_images/378800000501719736/29c9419f7b9801dcc66d85a353549d29_normal.jpeg","time_zone":"Greenland","url":"http://www.facebook.com/PoderiaSerMas","contributors_enabled":false,"profile_banner_url":"https://pbs.twimg.com/profile_banners/11590642/1357962102","profile_background_tile":true,"follow_request_sent":null,"statuses_count":44860,"profile_use_background_image":true,"followers_count":17052,"following":null,"default_profile":false,"name":"Thais C.","profile_sidebar_fill_color":"EFEFEF","location":"Goiânia - GO","notifications":null},"favorited":false}