{"in_reply_to_status_id_str":"385099773688033280","in_reply_to_status_id":385099773688033280,"coordinates":null,"truncated":false,"in_reply_to_user_id_str":"1324897980","created_at":"Tue Oct 01 17:53:56 +0000 2013","source":"web","retweet_count":0,"retweeted":false,"geo":null,"filter_level":"medium","in_reply_to_screen_name":"hugmeheath","entities":{"urls":[],"hashtags":[],"user_mentions":[{"indices":[0,11],"screen_name":"hugmeheath","id_str":"1324897980","name":"Hermina / 44 days","id":1324897980},{"indices":[12,18],"screen_name":"claro","id_str":"9954912","name":"Susana Claro","id":9954912},{"indices":[19,30],"screen_name":"k1ssmeDemi","id_str":"1007069444","name":"angel ","id":1007069444},{"indices":[53,59],"screen_name":"claro","id_str":"9954912","name":"Susana Claro","id":9954912}],"symbols":[]},"id_str":"385100280418684928","in_reply_to_user_id":1324897980,"favorite_count":0,"contributors":null,"text":"@hugmeheath @claro @k1ssmeDemi eu tava falando com a @claro licença","id":385100280418684928,"place":null,"lang":"pt","user":{"utc_offset":-10800,"friends_count":178,"profile_image_url_https":"https://si0.twimg.com/profile_images/378800000516963410/47b18281e31a4adefc8c49036d62930e_normal.png","profile_background_image_url":"http://a0.twimg.com/profile_background_images/378800000085716309/6b71de9e43aa644be1bc4a288649616d.png","listed_count":0,"default_profile_image":false,"favourites_count":157,"description":"entro aqui quando tô block no @meganfox","created_at":"Mon Jul 22 20:55:54 +0000 2013","is_translator":false,"profile_background_image_url_https":"https://si0.twimg.com/profile_background_images/378800000085716309/6b71de9e43aa644be1bc4a288649616d.png","protected":false,"screen_name":"hugmesmith","id_str":"1613665573","profile_link_color":"FF0318","geo_enabled":true,"id":1613665573,"profile_background_color":"FFFFFF","lang":"pt","profile_sidebar_border_color":"FFFFFF","profile_text_color":"333333","verified":false,"profile_image_url":"http://a0.twimg.com/profile_images/378800000516963410/47b18281e31a4adefc8c49036d62930e_normal.png","time_zone":"Brasilia","url":"http://ask.fm/suckmedouglas","contributors_enabled":false,"profile_banner_url":"https://pbs.twimg.com/profile_banners/1613665573/1380633239","profile_background_tile":false,"follow_request_sent":null,"statuses_count":8645,"profile_use_background_image":true,"followers_count":212,"following":null,"default_profile":false,"name":"mel","profile_sidebar_fill_color":"DDEEF6","location":"brunadria, lari, cléo, elisa ♡","notifications":null},"favorited":false}