{"in_reply_to_status_id_str":null,"in_reply_to_status_id":null,"coordinates":null,"truncated":false,"in_reply_to_user_id_str":null,"created_at":"Tue Oct 01 19:13:15 +0000 2013","source":"<a href=\"http://www.facebook.com/twitter\" rel=\"nofollow\">Facebook<\/a>","retweet_count":0,"retweeted":false,"geo":null,"filter_level":"medium","in_reply_to_screen_name":null,"entities":{"urls":[],"hashtags":[{"indices":[6,11],"text":"Itau"}],"user_mentions":[],"symbols":[]},"id_str":"385120240939855872","in_reply_to_user_id":null,"favorite_count":0,"contributors":null,"text":"Banco #Itau, por favor dê o aumento salarial para os funcionários. O Itaú é o único banco da minha cidade.","id":385120240939855872,"place":null,"lang":"pt","user":{"utc_offset":-10800,"friends_count":225,"profile_image_url_https":"https://si0.twimg.com/profile_images/3784086167/fc9ceb3818bd07bbdea7e513f2ddc3da_normal.jpeg","profile_background_image_url":"http://abs.twimg.com/images/themes/theme9/bg.gif","listed_count":3,"default_profile_image":false,"favourites_count":36,"description":"Houston... we have a problem!","created_at":"Thu May 13 15:41:52 +0000 2010","is_translator":false,"profile_background_image_url_https":"https://abs.twimg.com/images/themes/theme9/bg.gif","protected":false,"screen_name":"SamuKaExTreme","id_str":"143479497","profile_link_color":"2FC2EF","geo_enabled":true,"id":143479497,"profile_background_color":"1A1B1F","lang":"en","profile_sidebar_border_color":"181A1E","profile_text_color":"666666","verified":false,"profile_image_url":"http://a0.twimg.com/profile_images/3784086167/fc9ceb3818bd07bbdea7e513f2ddc3da_normal.jpeg","time_zone":"Brasilia","url":null,"contributors_enabled":false,"profile_banner_url":"https://pbs.twimg.com/profile_banners/143479497/1371525447","profile_background_tile":false,"follow_request_sent":null,"statuses_count":10298,"profile_use_background_image":true,"followers_count":139,"following":null,"default_profile":false,"name":"SamuKa","profile_sidebar_fill_color":"252429","location":"Brasilia","notifications":null},"favorited":false}