{"in_reply_to_status_id_str":null,"in_reply_to_status_id":null,"possibly_sensitive":false,"coordinates":null,"truncated":false,"in_reply_to_user_id_str":null,"created_at":"Tue Oct 01 21:36:50 +0000 2013","source":"web","retweet_count":0,"retweeted":false,"geo":null,"filter_level":"medium","in_reply_to_screen_name":null,"entities":{"urls":[{"display_url":"bit.ly/1hj3yDj","indices":[81,103],"expanded_url":"http://bit.ly/1hj3yDj","url":"http://t.co/rkwe5ObAV4"}],"hashtags":[{"indices":[0,6],"text":"CAIXA"},{"indices":[55,79],"text":"FestivalSuperfantastico"}],"user_mentions":[],"symbols":[]},"id_str":"385156375870836736","in_reply_to_user_id":null,"favorite_count":0,"contributors":null,"text":"#CAIXA Cultural SP apresenta, de 8 a 13 de out, mostra #FestivalSuperfantastico: http://t.co/rkwe5ObAV4","id":385156375870836736,"place":null,"lang":"pt","user":{"utc_offset":-10800,"friends_count":9228,"profile_image_url_https":"https://si0.twimg.com/profile_images/2580651138/bsf6e86idob83hivo2tz_normal.jpeg","profile_background_image_url":"http://a0.twimg.com/profile_background_images/779441287/addd44695f65e568ce67ae3fa35219e3.jpeg","listed_count":66,"default_profile_image":false,"favourites_count":4,"description":"Canal da Gerência de Imprensa da Caixa Econômica Federal. Contato: http://bit.ly/vve2fw","created_at":"Mon Nov 21 17:02:26 +0000 2011","is_translator":false,"profile_background_image_url_https":"https://si0.twimg.com/profile_background_images/779441287/addd44695f65e568ce67ae3fa35219e3.jpeg","protected":false,"screen_name":"ImprensaCAIXA","id_str":"418018569","profile_link_color":"0084B4","geo_enabled":false,"id":418018569,"profile_background_color":"C0DEED","lang":"pt","profile_sidebar_border_color":"FFFFFF","profile_text_color":"333333","verified":false,"profile_image_url":"http://a0.twimg.com/profile_images/2580651138/bsf6e86idob83hivo2tz_normal.jpeg","time_zone":"Brasilia","url":"http://www1.caixa.gov.br/imprensa/","contributors_enabled":false,"profile_banner_url":"https://pbs.twimg.com/profile_banners/418018569/1348694011","profile_background_tile":false,"follow_request_sent":null,"statuses_count":11882,"profile_use_background_image":true,"followers_count":9459,"following":null,"default_profile":false,"name":"Imprensa CAIXA","profile_sidebar_fill_color":"DDEEF6","location":"","notifications":null},"favorited":false}