{"in_reply_to_status_id_str":null,"in_reply_to_status_id":null,"coordinates":null,"truncated":false,"in_reply_to_user_id_str":null,"created_at":"Tue Oct 01 18:29:06 +0000 2013","source":"web","retweet_count":0,"retweeted":false,"geo":null,"filter_level":"medium","in_reply_to_screen_name":null,"entities":{"urls":[],"hashtags":[],"user_mentions":[{"indices":[22,29],"screen_name":"digaoi","id_str":"17487043","name":"Diga Oi!","id":17487043}],"symbols":[]},"id_str":"385109132690219009","in_reply_to_user_id":null,"favorite_count":0,"contributors":null,"text":"agora tenho 2. Mas, a @digaoi continua não dando conta de resolver. Pelo jeito é melhor chegar a nenhuma...","id":385109132690219009,"place":null,"lang":"pt","user":{"utc_offset":-10800,"friends_count":1812,"profile_image_url_https":"https://si0.twimg.com/profile_images/1159015832/OgAAACS4oZibnmeImO8IeoVa6ppFPCylupdTO6w93lPkDHHohDNGNPqqhP0Xjfn_Iuum_hu8sZiYxtGexkh0IgIVqGkAm1T1UEVx_Ot-yiU7cabBuCj5FTHVvsOZ_normal.jpg","profile_background_image_url":"http://a0.twimg.com/profile_background_images/162609452/page.jpg","listed_count":17,"default_profile_image":false,"favourites_count":2,"description":"Jornalista e Publicitário com experiência em e-commerce, jornalismo, marketing e publicidade nas principais mídias. Também possui formação em PNL.","created_at":"Tue Aug 04 23:17:12 +0000 2009","is_translator":false,"profile_background_image_url_https":"https://si0.twimg.com/profile_background_images/162609452/page.jpg","protected":false,"screen_name":"edyjrmedrado","id_str":"62960445","profile_link_color":"F70505","geo_enabled":true,"id":62960445,"profile_background_color":"F71D05","lang":"pt","profile_sidebar_border_color":"86A4A6","profile_text_color":"333333","verified":false,"profile_image_url":"http://a0.twimg.com/profile_images/1159015832/OgAAACS4oZibnmeImO8IeoVa6ppFPCylupdTO6w93lPkDHHohDNGNPqqhP0Xjfn_Iuum_hu8sZiYxtGexkh0IgIVqGkAm1T1UEVx_Ot-yiU7cabBuCj5FTHVvsOZ_normal.jpg","time_zone":"Brasilia","url":null,"contributors_enabled":false,"profile_background_tile":true,"follow_request_sent":null,"statuses_count":4457,"profile_use_background_image":true,"followers_count":1268,"following":null,"default_profile":false,"name":"Edy Júnior","profile_sidebar_fill_color":"A0C5C7","location":"Brasília, DF","notifications":null},"favorited":false}