{"in_reply_to_status_id_str":null,"in_reply_to_status_id":null,"coordinates":null,"truncated":false,"in_reply_to_user_id_str":"324945570","created_at":"Wed Oct 02 00:14:50 +0000 2013","source":"web","retweet_count":0,"retweeted":false,"geo":null,"filter_level":"medium","in_reply_to_screen_name":"SKYresponde","entities":{"urls":[],"hashtags":[],"user_mentions":[{"indices":[0,12],"screen_name":"SKYresponde","id_str":"324945570","name":"SKY Responde","id":324945570}],"symbols":[]},"id_str":"385196136367022081","in_reply_to_user_id":324945570,"favorite_count":0,"contributors":null,"text":"@SKYresponde E a BBC HD, hein? Nada?","id":385196136367022081,"place":null,"lang":"hu","user":{"utc_offset":-10800,"friends_count":515,"profile_image_url_https":"https://si0.twimg.com/profile_images/3375931760/9b03a2f0ef5ee75aff9f1557c4e43d98_normal.jpeg","profile_background_image_url":"http://a0.twimg.com/profile_background_images/718140948/9e3623c87a7c5a761b13ee74083bda3e.jpeg","listed_count":21,"default_profile_image":false,"favourites_count":136,"description":"I am fucking crazy, but I am free","created_at":"Tue Mar 31 20:54:58 +0000 2009","is_translator":false,"profile_background_image_url_https":"https://si0.twimg.com/profile_background_images/718140948/9e3623c87a7c5a761b13ee74083bda3e.jpeg","protected":false,"screen_name":"tatimcb","id_str":"27960876","profile_link_color":"4D0202","geo_enabled":true,"id":27960876,"profile_background_color":"050505","lang":"en","profile_sidebar_border_color":"000000","profile_text_color":"030303","verified":false,"profile_image_url":"http://a0.twimg.com/profile_images/3375931760/9b03a2f0ef5ee75aff9f1557c4e43d98_normal.jpeg","time_zone":"Brasilia","url":null,"contributors_enabled":false,"profile_banner_url":"https://pbs.twimg.com/profile_banners/27960876/1356551565","profile_background_tile":true,"follow_request_sent":null,"statuses_count":45225,"profile_use_background_image":true,"followers_count":361,"following":null,"default_profile":false,"name":"Tati B.","profile_sidebar_fill_color":"D92929","location":"","notifications":null},"favorited":false}