{"in_reply_to_status_id_str":null,"in_reply_to_status_id":null,"coordinates":null,"truncated":false,"in_reply_to_user_id_str":null,"created_at":"Tue Oct 01 20:59:36 +0000 2013","source":"<a href=\"http://twitter.com/download/android\" rel=\"nofollow\">Twitter for Android<\/a>","retweet_count":0,"retweeted":false,"geo":null,"filter_level":"medium","in_reply_to_screen_name":null,"entities":{"urls":[],"hashtags":[],"user_mentions":[{"indices":[8,17],"screen_name":"Bradesco","id_str":"79184083","name":"Banco Bradesco","id":79184083}],"symbols":[]},"id_str":"385147005443776512","in_reply_to_user_id":null,"favorite_count":0,"contributors":null,"text":"Querido @bradesco pq é tão dificil falar com um atendente por tel? Simplesmente não tem a opção lá.","id":385147005443776512,"place":null,"lang":"pt","user":{"utc_offset":-10800,"friends_count":472,"profile_image_url_https":"https://si0.twimg.com/profile_images/3607055447/83045e67869e77fd499e0ceb8ad170ba_normal.jpeg","profile_background_image_url":"http://a0.twimg.com/profile_background_images/86983047/wallpaper5_india.jpg","listed_count":9,"default_profile_image":false,"favourites_count":1480,"description":"Repórter e mãe da Sophia. Falo sobre maternidade, feminismo, política, jornalismo e televisão. Feminazi gayzista. *Perfil pessoal*","created_at":"Thu Jun 18 22:23:53 +0000 2009","is_translator":false,"profile_background_image_url_https":"https://si0.twimg.com/profile_background_images/86983047/wallpaper5_india.jpg","protected":false,"screen_name":"vanfranquilino","id_str":"48513316","profile_link_color":"0084B4","geo_enabled":true,"id":48513316,"profile_background_color":"9AE4E8","lang":"en","profile_sidebar_border_color":"BDDCAD","profile_text_color":"333333","verified":false,"profile_image_url":"http://a0.twimg.com/profile_images/3607055447/83045e67869e77fd499e0ceb8ad170ba_normal.jpeg","time_zone":"Brasilia","url":"http://about.me/vanessafranquilino","contributors_enabled":false,"profile_banner_url":"https://pbs.twimg.com/profile_banners/48513316/1378785005","profile_background_tile":true,"follow_request_sent":null,"statuses_count":10760,"profile_use_background_image":true,"followers_count":671,"following":null,"default_profile":false,"name":"#vanessa","profile_sidebar_fill_color":"DDFFCC","location":"RJ - Brasil","notifications":null},"favorited":false}