{"in_reply_to_status_id_str":null,"in_reply_to_status_id":null,"coordinates":null,"truncated":false,"in_reply_to_user_id_str":null,"created_at":"Tue Oct 01 19:44:27 +0000 2013","source":"<a href=\"http://twitter.com/download/iphone\" rel=\"nofollow\">Twitter for iPhone<\/a>","retweet_count":0,"retweeted":false,"geo":null,"filter_level":"medium","in_reply_to_screen_name":null,"entities":{"urls":[],"hashtags":[],"user_mentions":[{"indices":[25,30],"screen_name":"itau","id_str":"179398386","name":"Itaú","id":179398386}],"symbols":[]},"id_str":"385128093889077249","in_reply_to_user_id":null,"favorite_count":0,"contributors":null,"text":"itau EU TENHO UMA DUVIDA @itau","id":385128093889077249,"place":null,"lang":"pt","user":{"utc_offset":-10800,"friends_count":503,"profile_image_url_https":"https://si0.twimg.com/profile_images/378800000418642694/a9ed373ac68ce23fcd4fb4771ac9c391_normal.jpeg","profile_background_image_url":"http://a0.twimg.com/profile_background_images/378800000081171358/d41a272938b3e5354c4f584ee3c3ea1e.png","listed_count":32,"default_profile_image":false,"favourites_count":5268,"description":"chameleon soul.","created_at":"Wed May 05 16:57:01 +0000 2010","is_translator":false,"profile_background_image_url_https":"https://si0.twimg.com/profile_background_images/378800000081171358/d41a272938b3e5354c4f584ee3c3ea1e.png","protected":false,"screen_name":"starbuckslovei","id_str":"140496341","profile_link_color":"FF0D0D","geo_enabled":true,"id":140496341,"profile_background_color":"000000","lang":"en","profile_sidebar_border_color":"000000","profile_text_color":"1A07AD","verified":false,"profile_image_url":"http://a0.twimg.com/profile_images/378800000418642694/a9ed373ac68ce23fcd4fb4771ac9c391_normal.jpeg","time_zone":"Brasilia","url":null,"contributors_enabled":false,"profile_banner_url":"https://pbs.twimg.com/profile_banners/140496341/1374040291","profile_background_tile":true,"follow_request_sent":null,"statuses_count":83834,"profile_use_background_image":true,"followers_count":482,"following":null,"default_profile":false,"name":"thay menegorgeous","profile_sidebar_fill_color":"DDEEF6","location":"Santa Catarina, Brazil","notifications":null},"favorited":false}