{"in_reply_to_status_id_str":null,"in_reply_to_status_id":null,"coordinates":null,"truncated":false,"in_reply_to_user_id_str":null,"created_at":"Tue Oct 01 20:49:26 +0000 2013","source":"web","retweet_count":0,"retweeted":false,"geo":null,"filter_level":"medium","in_reply_to_screen_name":null,"entities":{"urls":[],"hashtags":[{"indices":[40,43],"text":"OI"}],"user_mentions":[{"indices":[66,77],"screen_name":"Kaarosario","id_str":"168128993","name":"Carolina Rosário ","id":168128993}],"symbols":[]},"id_str":"385144447349977088","in_reply_to_user_id":null,"favorite_count":0,"contributors":null,"text":"Obrigado por esse dia maravilhoso que a #OI nos proporcionou! :@ \n@Kaarosario @Ikobayashi_","id":385144447349977088,"place":null,"lang":"pt","user":{"utc_offset":null,"friends_count":155,"profile_image_url_https":"https://si0.twimg.com/profile_images/378800000309406447/8b2118e33e531dce68c85d5f84dfa35c_normal.jpeg","profile_background_image_url":"http://a0.twimg.com/profile_background_images/378800000050647675/f06cb3a88d397935ecb2b488deb002ce.jpeg","listed_count":0,"default_profile_image":false,"favourites_count":0,"description":"O impossível é só questão de opinião. [BETA]","created_at":"Tue Aug 13 11:24:32 +0000 2013","is_translator":false,"profile_background_image_url_https":"https://si0.twimg.com/profile_background_images/378800000050647675/f06cb3a88d397935ecb2b488deb002ce.jpeg","protected":false,"screen_name":"deeydson","id_str":"1667575927","profile_link_color":"10D12D","geo_enabled":false,"id":1667575927,"profile_background_color":"131516","lang":"pt","profile_sidebar_border_color":"FFFFFF","profile_text_color":"333333","verified":false,"profile_image_url":"http://a0.twimg.com/profile_images/378800000309406447/8b2118e33e531dce68c85d5f84dfa35c_normal.jpeg","time_zone":null,"url":"http://Facebook.com/deeydson","contributors_enabled":false,"profile_banner_url":"https://pbs.twimg.com/profile_banners/1667575927/1376393766","profile_background_tile":true,"follow_request_sent":null,"statuses_count":264,"profile_use_background_image":true,"followers_count":102,"following":null,"default_profile":false,"name":"Deydson Oliveira","profile_sidebar_fill_color":"DDEEF6","location":"","notifications":null},"favorited":false}