{"in_reply_to_status_id_str":null,"in_reply_to_status_id":null,"coordinates":null,"truncated":false,"in_reply_to_user_id_str":"324945570","created_at":"Tue Oct 01 19:21:20 +0000 2013","source":"<a href=\"http://twitter.com/download/android\" rel=\"nofollow\">Twitter for Android<\/a>","retweet_count":0,"retweeted":false,"geo":null,"filter_level":"medium","in_reply_to_screen_name":"SKYresponde","entities":{"urls":[],"hashtags":[],"user_mentions":[{"indices":[0,12],"screen_name":"SKYresponde","id_str":"324945570","name":"SKY Responde","id":324945570}],"symbols":[]},"id_str":"385122274795593728","in_reply_to_user_id":324945570,"favorite_count":0,"contributors":null,"text":"@SKYresponde estou no aguardo desde semana passada e não obtive retorno ate agora.","id":385122274795593728,"place":null,"lang":"pt","user":{"utc_offset":-10800,"friends_count":580,"profile_image_url_https":"https://si0.twimg.com/profile_images/2276079937/moia6q8mx1qrv4zzjgjn_normal.jpeg","profile_background_image_url":"http://a0.twimg.com/profile_background_images/180618558/076.JPG","listed_count":6,"default_profile_image":false,"favourites_count":5,"description":"casado , radialista Apresentador do Programa da Maior Torcida Esmeraldina 100% verdão.","created_at":"Thu May 20 14:03:30 +0000 2010","is_translator":false,"profile_background_image_url_https":"https://si0.twimg.com/profile_background_images/180618558/076.JPG","protected":false,"screen_name":"Wandersonguima","id_str":"146056622","profile_link_color":"009999","geo_enabled":true,"id":146056622,"profile_background_color":"111412","lang":"pt","profile_sidebar_border_color":"EEEEEE","profile_text_color":"333333","verified":false,"profile_image_url":"http://a0.twimg.com/profile_images/2276079937/moia6q8mx1qrv4zzjgjn_normal.jpeg","time_zone":"Brasilia","url":"http://www.esmeraldino.com","contributors_enabled":false,"profile_banner_url":"https://pbs.twimg.com/profile_banners/146056622/1358371046","profile_background_tile":true,"follow_request_sent":null,"statuses_count":14292,"profile_use_background_image":true,"followers_count":647,"following":null,"default_profile":false,"name":"Wanderson Guimarães","profile_sidebar_fill_color":"EFEFEF","location":"Goiania-GO","notifications":null},"favorited":false}