{"in_reply_to_status_id_str":null,"in_reply_to_status_id":null,"coordinates":null,"truncated":false,"in_reply_to_user_id_str":null,"created_at":"Wed Oct 02 00:28:45 +0000 2013","source":"<a href=\"http://www.tweetdeck.com\" rel=\"nofollow\">TweetDeck<\/a>","retweet_count":0,"retweeted":false,"geo":null,"filter_level":"medium","in_reply_to_screen_name":null,"entities":{"urls":[],"hashtags":[{"indices":[94,106],"text":"Brasileirão"}],"user_mentions":[],"symbols":[]},"id_str":"385199638887665664","in_reply_to_user_id":null,"favorite_count":0,"contributors":null,"text":"O Náutico foi a Campinas e venceu a Ponte Preta por 2 x 1. O time continua na 20a. posição do #Brasileirão, agora com 17 pontos.","id":385199638887665664,"place":null,"lang":"pt","user":{"utc_offset":-10800,"friends_count":1649,"profile_image_url_https":"https://si0.twimg.com/profile_images/3409961557/573d7474bd93afd510fcf5bcbf296f8b_normal.jpeg","profile_background_image_url":"http://a0.twimg.com/profile_background_images/820328004/08bf266e7d245971150e5c74974af1b5.jpeg","listed_count":1080,"default_profile_image":false,"favourites_count":1383,"description":"Bem-vindos ao perfil oficial da SKY! Aqui você curte o melhor da TV por assinatura e tira todas as suas dúvidas. Ainda não tem SKY? Ligue 4004-2884.","created_at":"Mon Oct 13 19:13:20 +0000 2008","is_translator":false,"profile_background_image_url_https":"https://si0.twimg.com/profile_background_images/820328004/08bf266e7d245971150e5c74974af1b5.jpeg","protected":false,"screen_name":"skybrasil","id_str":"16725545","profile_link_color":"EE3224","geo_enabled":true,"id":16725545,"profile_background_color":"EE3224","lang":"pt","profile_sidebar_border_color":"FFFFFF","profile_text_color":"333333","verified":true,"profile_image_url":"http://a0.twimg.com/profile_images/3409961557/573d7474bd93afd510fcf5bcbf296f8b_normal.jpeg","time_zone":"Brasilia","url":"http://www.sky.com.br","contributors_enabled":false,"profile_banner_url":"https://pbs.twimg.com/profile_banners/16725545/1363884350","profile_background_tile":false,"follow_request_sent":null,"statuses_count":46191,"profile_use_background_image":true,"followers_count":92092,"following":null,"default_profile":false,"name":"SKY Brasil","profile_sidebar_fill_color":"DCDCDC","location":"","notifications":null},"favorited":false}