{"in_reply_to_status_id_str":null,"in_reply_to_status_id":null,"coordinates":null,"truncated":false,"in_reply_to_user_id_str":null,"created_at":"Tue Oct 01 20:13:57 +0000 2013","source":"<a href=\"http://twitter.com/download/iphone\" rel=\"nofollow\">Twitter for iPhone<\/a>","retweet_count":0,"retweeted":false,"geo":null,"filter_level":"medium","in_reply_to_screen_name":null,"entities":{"urls":[],"hashtags":[],"user_mentions":[{"indices":[17,22],"screen_name":"vivo","id_str":"8451242","name":"vivo","id":8451242}],"symbols":[]},"id_str":"385135516800528384","in_reply_to_user_id":null,"favorite_count":0,"contributors":null,"text":"A mulher liga da @vivo pra vender seguro e dá vontade de cancelar a assinatuta. Mulher grossa da porra!","id":385135516800528384,"place":null,"lang":"pt","user":{"utc_offset":-10800,"friends_count":507,"profile_image_url_https":"https://si0.twimg.com/profile_images/378800000527347553/44c0728cfed29aac972090e0d9385743_normal.jpeg","profile_background_image_url":"http://a0.twimg.com/profile_background_images/7446585/20080324-IMG_9884.jpg","listed_count":3249,"default_profile_image":false,"favourites_count":640,"description":"Shows: guaciraabreu@uol.com.br / Eventos e Assessoria de Imprensa: 021 25417672  http://www.leojaime.com.br","created_at":"Thu Mar 05 05:30:38 +0000 2009","is_translator":false,"profile_background_image_url_https":"https://si0.twimg.com/profile_background_images/7446585/20080324-IMG_9884.jpg","protected":false,"screen_name":"LeoJaime","id_str":"22885574","profile_link_color":"B71F30","geo_enabled":true,"id":22885574,"profile_background_color":"596B52","lang":"pt","profile_sidebar_border_color":"4B768B","profile_text_color":"0A0000","verified":true,"profile_image_url":"http://a0.twimg.com/profile_images/378800000527347553/44c0728cfed29aac972090e0d9385743_normal.jpeg","time_zone":"Brasilia","url":"http://www.leojaime.com.br","contributors_enabled":false,"profile_background_tile":true,"follow_request_sent":null,"statuses_count":42118,"profile_use_background_image":true,"followers_count":671875,"following":null,"default_profile":false,"name":"Leo Jaime","profile_sidebar_fill_color":"D2D0DD","location":"Rio de Janeiro","notifications":null},"favorited":false}