{"in_reply_to_status_id_str":"385116713567518720","in_reply_to_status_id":385116713567518720,"coordinates":null,"truncated":false,"in_reply_to_user_id_str":"3948041","created_at":"Tue Oct 01 19:05:11 +0000 2013","source":"web","retweet_count":0,"retweeted":false,"geo":null,"filter_level":"medium","in_reply_to_screen_name":"rosana","entities":{"urls":[],"hashtags":[],"user_mentions":[{"indices":[0,7],"screen_name":"rosana","id_str":"3948041","name":"rosana hermann ","id":3948041},{"indices":[65,76],"screen_name":"Vivoemrede","id_str":"43218789","name":"Vivo em Rede","id":43218789}],"symbols":[]},"id_str":"385118213022818304","in_reply_to_user_id":3948041,"favorite_count":0,"contributors":null,"text":"@rosana Lá em casa tb tá um lixo, internet pisca-pisca! Zuado em @Vivoemrede?","id":385118213022818304,"place":null,"lang":"pt","user":{"utc_offset":-10800,"friends_count":441,"profile_image_url_https":"https://si0.twimg.com/profile_images/1574483389/0c40288c-89a6-4a8b-943b-8edd8e8f7b88_normal.png","profile_background_image_url":"http://a0.twimg.com/profile_background_images/23926982/TwitterTemplate_clau.jpg","listed_count":19,"default_profile_image":false,"favourites_count":141,"description":"Dj, designer, label co-owner & musicfreak.\r\n'I want to play a joyous tune and free the human race from suffering'","created_at":"Sun Jul 27 06:12:38 +0000 2008","is_translator":false,"profile_background_image_url_https":"https://si0.twimg.com/profile_background_images/23926982/TwitterTemplate_clau.jpg","protected":false,"screen_name":"djmisscloud","id_str":"15618128","profile_link_color":"27DEF2","geo_enabled":true,"id":15618128,"profile_background_color":"062096","lang":"pt","profile_sidebar_border_color":"232152","profile_text_color":"2B99ED","verified":false,"profile_image_url":"http://a0.twimg.com/profile_images/1574483389/0c40288c-89a6-4a8b-943b-8edd8e8f7b88_normal.png","time_zone":"Brasilia","url":"http://soundcloud.com/djmisscloud","contributors_enabled":false,"profile_background_tile":false,"follow_request_sent":null,"statuses_count":14332,"profile_use_background_image":true,"followers_count":608,"following":null,"default_profile":false,"name":"Claudia Santos","profile_sidebar_fill_color":"232152","location":"São Paulo","notifications":null},"favorited":false}