{"in_reply_to_status_id_str":null,"in_reply_to_status_id":null,"coordinates":null,"truncated":false,"in_reply_to_user_id_str":null,"created_at":"Tue Oct 01 23:27:34 +0000 2013","source":"web","retweet_count":0,"retweeted":false,"geo":null,"filter_level":"medium","in_reply_to_screen_name":null,"entities":{"urls":[],"hashtags":[],"user_mentions":[{"indices":[43,57],"screen_name":"BancodoBrasil","id_str":"83723557","name":"Banco do Brasil","id":83723557}],"symbols":[]},"id_str":"385184241232793601","in_reply_to_user_id":null,"favorite_count":0,"contributors":null,"text":"Eu já tô cansado de greve... Negocia logo, @BancodoBrasil, que eu quero voltar a trabalhar!","id":385184241232793601,"place":null,"lang":"pt","user":{"utc_offset":-10800,"friends_count":86,"profile_image_url_https":"https://si0.twimg.com/profile_images/1363554776/GEPES_BH_18out2010_normal.jpg","profile_background_image_url":"http://a0.twimg.com/profile_background_images/248142249/free_twitter_designer.jpg","listed_count":0,"default_profile_image":false,"favourites_count":0,"description":"Servo de Deus, músico, casado com a @Perola_venus, letrado, bonito, inteligente e humilde. Necessariamente nessa ordem.","created_at":"Fri Aug 14 16:44:06 +0000 2009","is_translator":false,"profile_background_image_url_https":"https://si0.twimg.com/profile_background_images/248142249/free_twitter_designer.jpg","protected":false,"screen_name":"MoisesjAlmeida","id_str":"65676595","profile_link_color":"0084B4","geo_enabled":true,"id":65676595,"profile_background_color":"000000","lang":"pt","profile_sidebar_border_color":"BDDCAD","profile_text_color":"333333","verified":false,"profile_image_url":"http://a0.twimg.com/profile_images/1363554776/GEPES_BH_18out2010_normal.jpg","time_zone":"Santiago","url":null,"contributors_enabled":false,"profile_background_tile":false,"follow_request_sent":null,"statuses_count":5028,"profile_use_background_image":true,"followers_count":85,"following":null,"default_profile":false,"name":"Moisés Almeida","profile_sidebar_fill_color":"DDFFCD","location":"Manhuaçu","notifications":null},"favorited":false}