{"in_reply_to_status_id_str":null,"in_reply_to_status_id":null,"coordinates":null,"truncated":false,"in_reply_to_user_id_str":null,"created_at":"Tue Oct 01 21:07:31 +0000 2013","source":"web","retweet_count":0,"retweeted":false,"geo":null,"filter_level":"medium","in_reply_to_screen_name":null,"entities":{"urls":[],"hashtags":[{"indices":[81,88],"text":"gestão"},{"indices":[89,97],"text":"telecom"},{"indices":[98,103],"text":"VIVO"}],"user_mentions":[],"symbols":[]},"id_str":"385148996118794241","in_reply_to_user_id":null,"favorite_count":0,"contributors":null,"text":"Área comercial não tem passado e pra ter futuro é preciso fazer um bom presente! #gestão #telecom #VIVO","id":385148996118794241,"place":null,"lang":"pt","user":{"utc_offset":-10800,"friends_count":480,"profile_image_url_https":"https://si0.twimg.com/profile_images/378800000319704674/2b64b1ecc23a5fc33b70d305a64fec10_normal.jpeg","profile_background_image_url":"http://a0.twimg.com/profile_background_images/628635157/itf0hnriqidne7r9g3ve.jpeg","listed_count":18,"default_profile_image":false,"favourites_count":10,"description":null,"created_at":"Mon Oct 05 04:28:50 +0000 2009","is_translator":false,"profile_background_image_url_https":"https://si0.twimg.com/profile_background_images/628635157/itf0hnriqidne7r9g3ve.jpeg","protected":false,"screen_name":"Breno_Valle","id_str":"79917815","profile_link_color":"009999","geo_enabled":true,"id":79917815,"profile_background_color":"131516","lang":"pt","profile_sidebar_border_color":"EEEEEE","profile_text_color":"333333","verified":false,"profile_image_url":"http://a0.twimg.com/profile_images/378800000319704674/2b64b1ecc23a5fc33b70d305a64fec10_normal.jpeg","time_zone":"Santiago","url":"http://www.facebook.com/profile.php?id=100001373607746","contributors_enabled":false,"profile_banner_url":"https://pbs.twimg.com/profile_banners/79917815/1376854550","profile_background_tile":true,"follow_request_sent":null,"statuses_count":22459,"profile_use_background_image":true,"followers_count":627,"following":null,"default_profile":false,"name":"Breno Valle","profile_sidebar_fill_color":"EFEFEF","location":"","notifications":null},"favorited":false}