{"in_reply_to_status_id_str":null,"in_reply_to_status_id":null,"coordinates":null,"truncated":false,"in_reply_to_user_id_str":null,"created_at":"Tue Oct 01 21:52:46 +0000 2013","source":"<a href=\"http://twitter.com/download/iphone\" rel=\"nofollow\">Twitter for iPhone<\/a>","retweet_count":0,"retweeted":false,"geo":null,"filter_level":"medium","in_reply_to_screen_name":null,"entities":{"urls":[],"hashtags":[],"user_mentions":[{"indices":[38,43],"screen_name":"vivo","id_str":"8451242","name":"vivo","id":8451242}],"symbols":[]},"id_str":"385160385143529472","in_reply_to_user_id":null,"favorite_count":0,"contributors":null,"text":"Gente que atendimento péssimo essa da @vivo um lixo. 21 ligações aguando de 10 a 15 min para se atendida e a ligação cai","id":385160385143529472,"place":null,"lang":"pt","user":{"utc_offset":-10800,"friends_count":216,"profile_image_url_https":"https://si0.twimg.com/profile_images/378800000331889642/e4583b26f1b4c9d9f1dfad90f44f17da_normal.jpeg","profile_background_image_url":"http://a0.twimg.com/profile_background_images/214852807/zebra-print2.png","listed_count":2,"default_profile_image":false,"favourites_count":4,"description":";)","created_at":"Wed Aug 25 23:47:35 +0000 2010","is_translator":false,"profile_background_image_url_https":"https://si0.twimg.com/profile_background_images/214852807/zebra-print2.png","protected":false,"screen_name":"jessikaclavero","id_str":"183021760","profile_link_color":"362720","geo_enabled":true,"id":183021760,"profile_background_color":"E3649D","lang":"pt","profile_sidebar_border_color":"362720","profile_text_color":"362720","verified":false,"profile_image_url":"http://a0.twimg.com/profile_images/378800000331889642/e4583b26f1b4c9d9f1dfad90f44f17da_normal.jpeg","time_zone":"Brasilia","url":null,"contributors_enabled":false,"profile_banner_url":"https://pbs.twimg.com/profile_banners/183021760/1376532688","profile_background_tile":true,"follow_request_sent":null,"statuses_count":5622,"profile_use_background_image":true,"followers_count":362,"following":null,"default_profile":false,"name":"Jéssika Clavero","profile_sidebar_fill_color":"E3649D","location":"","notifications":null},"favorited":false}