{"in_reply_to_status_id_str":null,"in_reply_to_status_id":null,"coordinates":null,"truncated":false,"in_reply_to_user_id_str":null,"created_at":"Tue Oct 01 18:05:15 +0000 2013","source":"<a href=\"http://itunes.apple.com/us/app/twitter/id409789998?mt=12\" rel=\"nofollow\">Twitter for Mac<\/a>","retweet_count":0,"retweeted":false,"geo":null,"filter_level":"medium","in_reply_to_screen_name":null,"entities":{"urls":[],"hashtags":[],"user_mentions":[{"indices":[16,22],"screen_name":"gvttv","id_str":"340444144","name":"GVT TV","id":340444144},{"indices":[28,38],"screen_name":"skybrasil","id_str":"16725545","name":"SKY Brasil","id":16725545}],"symbols":[]},"id_str":"385103129756569600","in_reply_to_user_id":null,"favorite_count":0,"contributors":null,"text":"Foi só mudar de @gvttv para @skybrasil que estou há 1 dia sem precisar reiniciar o decodificador. Abs.","id":385103129756569600,"place":null,"lang":"pt","user":{"utc_offset":-10800,"friends_count":300,"profile_image_url_https":"https://si0.twimg.com/profile_images/378800000374244096/d88e8a1ebe5eca129d0006353106ffd5_normal.jpeg","profile_background_image_url":"http://a0.twimg.com/profile_background_images/232484363/mulheres_barbadas.jpg","listed_count":8,"default_profile_image":false,"favourites_count":689,"description":"Mad Man","created_at":"Sat Sep 20 02:27:58 +0000 2008","is_translator":false,"profile_background_image_url_https":"https://si0.twimg.com/profile_background_images/232484363/mulheres_barbadas.jpg","protected":false,"screen_name":"lauromarcus","id_str":"16373661","profile_link_color":"C98900","geo_enabled":false,"id":16373661,"profile_background_color":"1A1B1F","lang":"en","profile_sidebar_border_color":"181A1E","profile_text_color":"E3E3E3","verified":false,"profile_image_url":"http://a0.twimg.com/profile_images/378800000374244096/d88e8a1ebe5eca129d0006353106ffd5_normal.jpeg","time_zone":"Brasilia","url":"http://www.agenciaintegra.com","contributors_enabled":false,"profile_background_tile":true,"follow_request_sent":null,"statuses_count":14045,"profile_use_background_image":true,"followers_count":280,"following":null,"default_profile":false,"name":"Lauro Marcus","profile_sidebar_fill_color":"252429","location":"Fortaleza | CE | BRA","notifications":null},"favorited":false}