{"in_reply_to_status_id_str":null,"in_reply_to_status_id":null,"coordinates":null,"truncated":false,"in_reply_to_user_id_str":null,"created_at":"Tue Oct 01 22:38:33 +0000 2013","source":"web","retweet_count":0,"retweeted":false,"geo":null,"filter_level":"medium","in_reply_to_screen_name":null,"entities":{"urls":[],"hashtags":[{"indices":[99,102],"text":"oi"},{"indices":[104,136],"text":"Genthy_Não_Deixa_Ele_Fazer_Isso"}],"user_mentions":[{"indices":[21,27],"screen_name":"Njr92","id_str":"158487331","name":"Neymar Júnior","id":158487331}],"symbols":[]},"id_str":"385171905344331776","in_reply_to_user_id":null,"favorite_count":0,"contributors":null,"text":"O que é essa foto de @Njr92 sem camisa? Ele esta sendo sexy? Ahhh tá é que demoreii para perceber. #oi? #Genthy_Não_Deixa_Ele_Fazer_Isso","id":385171905344331776,"place":null,"lang":"pt","user":{"utc_offset":-10800,"friends_count":413,"profile_image_url_https":"https://si0.twimg.com/profile_images/2163420852/5772_101407948157_697218157_1999983_1599737_n_normal.jpg","profile_background_image_url":"http://a0.twimg.com/profile_background_images/482794272/561033_346832165353848_100000812010391_850385_820667188_n.jpg","listed_count":1,"default_profile_image":false,"favourites_count":3,"description":"Já fui boy, já fui girl. Hoje sou apenas o que vc deseja","created_at":"Thu Sep 23 09:05:50 +0000 2010","is_translator":false,"profile_background_image_url_https":"https://si0.twimg.com/profile_background_images/482794272/561033_346832165353848_100000812010391_850385_820667188_n.jpg","protected":false,"screen_name":"silvio_marc","id_str":"194046354","profile_link_color":"0084B4","geo_enabled":true,"id":194046354,"profile_background_color":"C0DEED","lang":"pt","profile_sidebar_border_color":"C0DEED","profile_text_color":"333333","verified":false,"profile_image_url":"http://a0.twimg.com/profile_images/2163420852/5772_101407948157_697218157_1999983_1599737_n_normal.jpg","time_zone":"Brasilia","url":null,"contributors_enabled":false,"profile_background_tile":true,"follow_request_sent":null,"statuses_count":3874,"profile_use_background_image":true,"followers_count":265,"following":null,"default_profile":false,"name":"Silvio Santos","profile_sidebar_fill_color":"DDEEF6","location":"São Paulo","notifications":null},"favorited":false}