{"in_reply_to_status_id_str":"385159341143097344","in_reply_to_status_id":385159341143097344,"coordinates":null,"truncated":false,"in_reply_to_user_id_str":"324945570","created_at":"Tue Oct 01 21:49:19 +0000 2013","source":"<a href=\"http://www.tweetdeck.com\" rel=\"nofollow\">TweetDeck<\/a>","retweet_count":0,"retweeted":false,"geo":null,"filter_level":"medium","in_reply_to_screen_name":"SKYresponde","entities":{"urls":[],"hashtags":[],"user_mentions":[{"indices":[0,12],"screen_name":"SKYresponde","id_str":"324945570","name":"SKY Responde","id":324945570}],"symbols":[]},"id_str":"385159516725075968","in_reply_to_user_id":324945570,"favorite_count":0,"contributors":null,"text":"@SKYresponde HAUHAUAHUhAUHA... tem ideia de qtas vezes deu a mesma resposta nos ultimos dias?","id":385159516725075968,"place":null,"lang":"pt","user":{"utc_offset":-10800,"friends_count":305,"profile_image_url_https":"https://si0.twimg.com/profile_images/378800000303806417/aff82d2622454d6b69f2a1feb7b27c16_normal.jpeg","profile_background_image_url":"http://a0.twimg.com/profile_background_images/186341604/fundo8.jpg","listed_count":806,"default_profile_image":false,"favourites_count":34,"description":"Colunista do portal iG, criador d'O Buteco da Net. Blogueiro, com Lua de Plutão, na terceira casa em Urano, não suporta astrologia, manuais e jogos de azar.","created_at":"Sat Nov 22 13:27:31 +0000 2008","is_translator":false,"profile_background_image_url_https":"https://si0.twimg.com/profile_background_images/186341604/fundo8.jpg","protected":false,"screen_name":"oButeco","id_str":"17557033","profile_link_color":"B50033","geo_enabled":false,"id":17557033,"profile_background_color":"FCC82D","lang":"pt","profile_sidebar_border_color":"000000","profile_text_color":"453B45","verified":false,"profile_image_url":"http://a0.twimg.com/profile_images/378800000303806417/aff82d2622454d6b69f2a1feb7b27c16_normal.jpeg","time_zone":"Brasilia","url":"http://www.obuteco.com.br","contributors_enabled":false,"profile_banner_url":"https://pbs.twimg.com/profile_banners/17557033/1349031627","profile_background_tile":false,"follow_request_sent":null,"statuses_count":57084,"profile_use_background_image":true,"followers_count":28727,"following":null,"default_profile":false,"name":"Humberto-O Buteco","profile_sidebar_fill_color":"FFF719","location":"Salvador (BA)","notifications":null},"favorited":false}