{"in_reply_to_status_id_str":null,"in_reply_to_status_id":null,"coordinates":null,"truncated":false,"in_reply_to_user_id_str":null,"created_at":"Tue Oct 01 18:48:06 +0000 2013","source":"web","retweet_count":0,"retweeted":false,"geo":null,"filter_level":"medium","in_reply_to_screen_name":null,"entities":{"urls":[],"hashtags":[],"user_mentions":[{"indices":[41,51],"screen_name":"TIMBrasil","id_str":"62572858","name":"TIM BRASIL","id":62572858}],"symbols":[]},"id_str":"385113913706033152","in_reply_to_user_id":null,"favorite_count":0,"contributors":null,"text":"Manifestação na Cinelândia leva sinal da @TIMBrasil a desaparecer. Celulares não funcionam e não estou na praça, mas num predio ao lado.","id":385113913706033152,"place":null,"lang":"pt","user":{"utc_offset":-10800,"friends_count":836,"profile_image_url_https":"https://si0.twimg.com/profile_images/378800000171278780/d4296fbe5cb19a926f73d25b7c6652ee_normal.jpeg","profile_background_image_url":"http://a0.twimg.com/profile_background_images/723210292/f5dfbc4470a533e8ac1b0f548c031ad9.jpeg","listed_count":31,"default_profile_image":false,"favourites_count":43,"description":"O Ano das Maravilhas 2013. Jornalista por opção e profissão. Interessada em novidades! Esportes, comunicação, entretenimento, curiosidades.","created_at":"Tue Oct 21 20:47:18 +0000 2008","is_translator":false,"profile_background_image_url_https":"https://si0.twimg.com/profile_background_images/723210292/f5dfbc4470a533e8ac1b0f548c031ad9.jpeg","protected":false,"screen_name":"alecost","id_str":"16893562","profile_link_color":"038543","geo_enabled":true,"id":16893562,"profile_background_color":"DEC4AD","lang":"en","profile_sidebar_border_color":"FFFFFF","profile_text_color":"333333","verified":false,"profile_image_url":"http://a0.twimg.com/profile_images/378800000171278780/d4296fbe5cb19a926f73d25b7c6652ee_normal.jpeg","time_zone":"Brasilia","url":"http://estacombinado.blogspot.com/","contributors_enabled":false,"profile_banner_url":"https://pbs.twimg.com/profile_banners/16893562/1374509923","profile_background_tile":true,"follow_request_sent":null,"statuses_count":34543,"profile_use_background_image":true,"followers_count":726,"following":null,"default_profile":false,"name":"Alethea Costa","profile_sidebar_fill_color":"EDAE40","location":"Brasil, Rio de Janeiro, BF","notifications":null},"favorited":false}