{"in_reply_to_status_id_str":"385154119888945152","in_reply_to_status_id":385154119888945152,"coordinates":null,"truncated":false,"in_reply_to_user_id_str":"324945570","created_at":"Tue Oct 01 21:29:38 +0000 2013","source":"web","retweet_count":0,"retweeted":false,"geo":null,"filter_level":"medium","in_reply_to_screen_name":"SKYresponde","entities":{"urls":[],"hashtags":[],"user_mentions":[{"indices":[0,12],"screen_name":"SKYresponde","id_str":"324945570","name":"SKY Responde","id":324945570}],"symbols":[]},"id_str":"385154563113623552","in_reply_to_user_id":324945570,"favorite_count":0,"contributors":null,"text":"@SKYresponde  Digo o VH1 Mega Hits ... o VH1 por si só é um canal ruim e sem necessidade alguma.","id":385154563113623552,"place":null,"lang":"pt","user":{"utc_offset":-7200,"friends_count":1947,"profile_image_url_https":"https://si0.twimg.com/profile_images/378800000525764575/5dd800cfcb1ab83a43d8a66a3f08e897_normal.jpeg","profile_background_image_url":"http://a0.twimg.com/profile_background_images/680041335/7da80c8a98284ba8df3ee11baeaa7f23.jpeg","listed_count":116,"default_profile_image":false,"favourites_count":42,"description":"I'M ON THE EDGE OF GLORY @LadyGaga LOVE YOU Vivo bem o presente pois o passado não volta e o futuro talvez não chegue. (: *-*","created_at":"Sun Jul 11 02:50:00 +0000 2010","is_translator":false,"profile_background_image_url_https":"https://si0.twimg.com/profile_background_images/680041335/7da80c8a98284ba8df3ee11baeaa7f23.jpeg","protected":false,"screen_name":"Im_Geh","id_str":"165265983","profile_link_color":"CC3366","geo_enabled":false,"id":165265983,"profile_background_color":"DBE9ED","lang":"pt","profile_sidebar_border_color":"FFFFFF","profile_text_color":"0C3052","verified":false,"profile_image_url":"http://a0.twimg.com/profile_images/378800000525764575/5dd800cfcb1ab83a43d8a66a3f08e897_normal.jpeg","time_zone":"Greenland","url":"http://twitpic.com/photos/Im_Geh","contributors_enabled":false,"profile_banner_url":"https://pbs.twimg.com/profile_banners/165265983/1380482287","profile_background_tile":true,"follow_request_sent":null,"statuses_count":26750,"profile_use_background_image":true,"followers_count":786,"following":null,"default_profile":false,"name":"Geovane","profile_sidebar_fill_color":"DDEEF6","location":"São José do Rio Preto-SP","notifications":null},"favorited":false}