{"in_reply_to_status_id_str":null,"in_reply_to_status_id":null,"coordinates":null,"truncated":false,"in_reply_to_user_id_str":null,"created_at":"Tue Oct 01 20:48:11 +0000 2013","source":"<a href=\"http://twitter.com/download/iphone\" rel=\"nofollow\">Twitter for iPhone<\/a>","retweet_count":0,"retweeted":false,"geo":null,"filter_level":"medium","in_reply_to_screen_name":null,"entities":{"urls":[],"hashtags":[],"user_mentions":[{"indices":[55,66],"screen_name":"Vivoemrede","id_str":"43218789","name":"Vivo em Rede","id":43218789}],"symbols":[]},"id_str":"385144134174265345","in_reply_to_user_id":null,"favorite_count":0,"contributors":null,"text":"Tá mais fácil falar com a Madonna do que na central da @Vivoemrede, uma semana com o chip e já quero mudar. Nada funciona.","id":385144134174265345,"place":null,"lang":"pt","user":{"utc_offset":-10800,"friends_count":663,"profile_image_url_https":"https://si0.twimg.com/profile_images/378800000300141596/d03d8222b1a4f4ee84ddd6e5d934c111_normal.jpeg","profile_background_image_url":"http://a0.twimg.com/profile_background_images/378800000067935185/77ad2ae7b05d06503fc8a1d243b61f91.jpeg","listed_count":47,"default_profile_image":false,"favourites_count":722,"description":"Flame on, motherfuckers","created_at":"Mon Aug 10 07:27:57 +0000 2009","is_translator":false,"profile_background_image_url_https":"https://si0.twimg.com/profile_background_images/378800000067935185/77ad2ae7b05d06503fc8a1d243b61f91.jpeg","protected":false,"screen_name":"luudick","id_str":"64355024","profile_link_color":"D60B3E","geo_enabled":false,"id":64355024,"profile_background_color":"ADAAAD","lang":"en","profile_sidebar_border_color":"000000","profile_text_color":"F7C340","verified":false,"profile_image_url":"http://a0.twimg.com/profile_images/378800000300141596/d03d8222b1a4f4ee84ddd6e5d934c111_normal.jpeg","time_zone":"Brasilia","url":"http://www.facebook.com/LuFotografia","contributors_enabled":false,"profile_banner_url":"https://pbs.twimg.com/profile_banners/64355024/1379321889","profile_background_tile":true,"follow_request_sent":null,"statuses_count":44540,"profile_use_background_image":true,"followers_count":1651,"following":null,"default_profile":false,"name":"Lu","profile_sidebar_fill_color":"FFFFFF","location":"SP","notifications":null},"favorited":false}