{"in_reply_to_status_id_str":null,"in_reply_to_status_id":null,"possibly_sensitive":false,"coordinates":null,"truncated":false,"in_reply_to_user_id_str":"62572858","created_at":"Tue Oct 01 23:25:33 +0000 2013","source":"web","retweet_count":0,"retweeted":false,"geo":null,"filter_level":"medium","in_reply_to_screen_name":"TIMBrasil","entities":{"urls":[],"hashtags":[],"media":[{"display_url":"pic.twitter.com/4MY890ClvR","indices":[73,95],"sizes":{"small":{"w":214,"h":379,"resize":"fit"},"large":{"w":214,"h":379,"resize":"fit"},"thumb":{"w":150,"h":150,"resize":"crop"},"medium":{"w":214,"h":379,"resize":"fit"}},"id_str":"385183736678993920","expanded_url":"http://twitter.com/easyoko/status/385183736670605312/photo/1","media_url_https":"https://pbs.twimg.com/media/BVhykVYCUAAFAok.jpg","id":385183736678993920,"type":"photo","media_url":"http://pbs.twimg.com/media/BVhykVYCUAAFAok.jpg","url":"http://t.co/4MY890ClvR"}],"user_mentions":[{"indices":[0,10],"screen_name":"TIMBrasil","id_str":"62572858","name":"TIM BRASIL","id":62572858},{"indices":[11,21],"screen_name":"TIM_AJUDA","id_str":"394719818","name":"TIM AJUDA","id":394719818}],"symbols":[]},"id_str":"385183736670605312","in_reply_to_user_id":62572858,"favorite_count":0,"contributors":null,"text":"@TIMBrasil @TIM_AJUDA esse serviço do site de vocês continua com defeito http://t.co/4MY890ClvR","id":385183736670605312,"place":null,"lang":"pt","user":{"utc_offset":-10800,"friends_count":63,"profile_image_url_https":"https://si0.twimg.com/profile_images/378800000070970295/bd430bdfc99ca4565ba80ab818fe5fc6_normal.jpeg","profile_background_image_url":"http://a0.twimg.com/profile_background_images/434393108/neve-1144.jpg","listed_count":1,"default_profile_image":false,"favourites_count":1,"description":"Leitor, internauta, andarilho de shoppings, conhecedor de chocolates e simples. Dreams come true!","created_at":"Mon Mar 22 23:38:10 +0000 2010","is_translator":false,"profile_background_image_url_https":"https://si0.twimg.com/profile_background_images/434393108/neve-1144.jpg","protected":false,"screen_name":"easyoko","id_str":"125480704","profile_link_color":"B00723","geo_enabled":false,"id":125480704,"profile_background_color":"FAFAFA","lang":"pt","profile_sidebar_border_color":"000000","profile_text_color":"801313","verified":false,"profile_image_url":"http://a0.twimg.com/profile_images/378800000070970295/bd430bdfc99ca4565ba80ab818fe5fc6_normal.jpeg","time_zone":"Brasilia","url":"http://www.youtube.com/user/CP3J","contributors_enabled":false,"profile_banner_url":"https://pbs.twimg.com/profile_banners/125480704/1371424746","profile_background_tile":true,"follow_request_sent":null,"statuses_count":27527,"profile_use_background_image":true,"followers_count":109,"following":null,"default_profile":false,"name":"Elvis Alves®","profile_sidebar_fill_color":"000500","location":"SP - Brasil","notifications":null},"favorited":false}