{"in_reply_to_status_id_str":null,"in_reply_to_status_id":null,"coordinates":null,"truncated":false,"in_reply_to_user_id_str":null,"created_at":"Tue Oct 01 20:46:45 +0000 2013","source":"web","retweet_count":0,"retweeted":false,"geo":null,"filter_level":"medium","in_reply_to_screen_name":null,"entities":{"urls":[],"hashtags":[],"user_mentions":[{"indices":[11,23],"screen_name":"SKYresponde","id_str":"324945570","name":"SKY Responde","id":324945570}],"symbols":[]},"id_str":"385143771991515136","in_reply_to_user_id":null,"favorite_count":0,"contributors":null,"text":"Na quinta, @SKYresponde me ligou. disse que ligaria com a solução no sábado. Não ligou. Reclamei ontem em DM, disseram que ligariam...","id":385143771991515136,"place":null,"lang":"pt","user":{"utc_offset":-10800,"friends_count":671,"profile_image_url_https":"https://si0.twimg.com/profile_images/3442518369/41153dff4edb1dd1c8c5a1d2597ba6f1_normal.jpeg","profile_background_image_url":"http://a0.twimg.com/profile_background_images/16649592/Botafogo.JPG","listed_count":150,"default_profile_image":false,"favourites_count":15,"description":"Torcedor do Botafogo. Jornalista e escritor, autor de 'O inventário de Julio Reis'. Responsável pela coluna 'Informe do Dia', jornal O DIA.","created_at":"Thu May 14 12:08:01 +0000 2009","is_translator":false,"profile_background_image_url_https":"https://si0.twimg.com/profile_background_images/16649592/Botafogo.JPG","protected":false,"screen_name":"fernandomolica","id_str":"39979685","profile_link_color":"0084B4","geo_enabled":false,"id":39979685,"profile_background_color":"9AE4E8","lang":"pt","profile_sidebar_border_color":"BDDCAD","profile_text_color":"333333","verified":false,"profile_image_url":"http://a0.twimg.com/profile_images/3442518369/41153dff4edb1dd1c8c5a1d2597ba6f1_normal.jpeg","time_zone":"Santiago","url":"http://www.fernandomolica.com.br","contributors_enabled":false,"profile_background_tile":false,"follow_request_sent":null,"statuses_count":9264,"profile_use_background_image":true,"followers_count":6664,"following":null,"default_profile":false,"name":"fernando molica","profile_sidebar_fill_color":"DDFFCC","location":"Rio de Janeiro","notifications":null},"favorited":false}