{"in_reply_to_status_id_str":null,"in_reply_to_status_id":null,"coordinates":null,"truncated":false,"in_reply_to_user_id_str":"324945570","created_at":"Tue Oct 01 20:47:20 +0000 2013","source":"<a href=\"http://twitter.com/download/android\" rel=\"nofollow\">Twitter for Android<\/a>","retweet_count":0,"retweeted":false,"geo":null,"filter_level":"medium","in_reply_to_screen_name":"SKYresponde","entities":{"urls":[],"hashtags":[],"user_mentions":[{"indices":[0,12],"screen_name":"SKYresponde","id_str":"324945570","name":"SKY Responde","id":324945570}],"symbols":[]},"id_str":"385143920575152128","in_reply_to_user_id":324945570,"favorite_count":0,"contributors":null,"text":"@SKYresponde Ainda não responderam minhas solicitações por DM, hoje faz 2 dias.","id":385143920575152128,"place":null,"lang":"pt","user":{"utc_offset":-10800,"friends_count":199,"profile_image_url_https":"https://si0.twimg.com/profile_images/3363592093/c3b36d3bf27a0a27aaf1436ccf1a051f_normal.jpeg","profile_background_image_url":"http://a0.twimg.com/profile_background_images/754283527/f804ac077d710494f4ccfc8d61b28334.jpeg","listed_count":10,"default_profile_image":false,"favourites_count":44,"description":"A vida me fez ser Atleticano, e eu fiz do Galo a minha vida! ᴳᴬᴸᴼ","created_at":"Thu Sep 10 09:40:16 +0000 2009","is_translator":false,"profile_background_image_url_https":"https://si0.twimg.com/profile_background_images/754283527/f804ac077d710494f4ccfc8d61b28334.jpeg","protected":false,"screen_name":"DeivisonCarlos","id_str":"73082693","profile_link_color":"F50A0A","geo_enabled":true,"id":73082693,"profile_background_color":"050505","lang":"pt","profile_sidebar_border_color":"FFFFFF","profile_text_color":"050505","verified":false,"profile_image_url":"http://a0.twimg.com/profile_images/3363592093/c3b36d3bf27a0a27aaf1436ccf1a051f_normal.jpeg","time_zone":"Brasilia","url":"http://www.atletico.com.br","contributors_enabled":false,"profile_background_tile":false,"follow_request_sent":null,"statuses_count":14577,"profile_use_background_image":true,"followers_count":283,"following":null,"default_profile":false,"name":"Deivison Oliveira","profile_sidebar_fill_color":"262623","location":"Cidade do Galo","notifications":null},"favorited":false}