{"in_reply_to_status_id_str":null,"in_reply_to_status_id":null,"coordinates":null,"truncated":false,"in_reply_to_user_id_str":"16725545","created_at":"Tue Oct 01 22:19:06 +0000 2013","source":"web","retweet_count":0,"retweeted":false,"geo":null,"filter_level":"medium","in_reply_to_screen_name":"skybrasil","entities":{"urls":[],"hashtags":[],"user_mentions":[{"indices":[0,10],"screen_name":"skybrasil","id_str":"16725545","name":"SKY Brasil","id":16725545}],"symbols":[]},"id_str":"385167014362238976","in_reply_to_user_id":16725545,"favorite_count":0,"contributors":null,"text":"@skybrasil Teremos o sinal da nova MTV?","id":385167014362238976,"place":null,"lang":"pt","user":{"utc_offset":-10800,"friends_count":413,"profile_image_url_https":"https://si0.twimg.com/profile_images/2163420852/5772_101407948157_697218157_1999983_1599737_n_normal.jpg","profile_background_image_url":"http://a0.twimg.com/profile_background_images/482794272/561033_346832165353848_100000812010391_850385_820667188_n.jpg","listed_count":1,"default_profile_image":false,"favourites_count":3,"description":"Já fui boy, já fui girl. Hoje sou apenas o que vc deseja","created_at":"Thu Sep 23 09:05:50 +0000 2010","is_translator":false,"profile_background_image_url_https":"https://si0.twimg.com/profile_background_images/482794272/561033_346832165353848_100000812010391_850385_820667188_n.jpg","protected":false,"screen_name":"silvio_marc","id_str":"194046354","profile_link_color":"0084B4","geo_enabled":true,"id":194046354,"profile_background_color":"C0DEED","lang":"pt","profile_sidebar_border_color":"C0DEED","profile_text_color":"333333","verified":false,"profile_image_url":"http://a0.twimg.com/profile_images/2163420852/5772_101407948157_697218157_1999983_1599737_n_normal.jpg","time_zone":"Brasilia","url":null,"contributors_enabled":false,"profile_background_tile":true,"follow_request_sent":null,"statuses_count":3871,"profile_use_background_image":true,"followers_count":265,"following":null,"default_profile":false,"name":"Silvio Santos","profile_sidebar_fill_color":"DDEEF6","location":"São Paulo","notifications":null},"favorited":false}