{"in_reply_to_status_id_str":null,"in_reply_to_status_id":null,"possibly_sensitive":false,"coordinates":null,"truncated":false,"in_reply_to_user_id_str":null,"created_at":"Tue Oct 01 18:45:12 +0000 2013","source":"<a href=\"http://www.scup.com.br\" rel=\"nofollow\">Scup<\/a>","retweet_count":0,"retweeted":false,"geo":null,"filter_level":"medium","in_reply_to_screen_name":null,"entities":{"urls":[{"display_url":"goo.gl/ab5R5P","indices":[118,140],"expanded_url":"http://goo.gl/ab5R5P","url":"http://t.co/mBMnuL3ucX"}],"hashtags":[{"indices":[46,55],"text":"Amazônia"}],"user_mentions":[{"indices":[13,19],"screen_name":"CAIXA","id_str":"229191436","name":"CAIXA","id":229191436}],"symbols":[]},"id_str":"385113184396640256","in_reply_to_user_id":null,"favorite_count":0,"contributors":null,"text":"Exposição na @CAIXA Cultural Salvador retrata #Amazônia do século XVIII com gravuras, ilustrações e desenhos técnicos http://t.co/mBMnuL3ucX","id":385113184396640256,"place":null,"lang":"pt","user":{"utc_offset":-10800,"friends_count":217,"profile_image_url_https":"https://si0.twimg.com/profile_images/378800000499999316/ba507b634c5245ce1f47af413fdbbc5e_normal.png","profile_background_image_url":"http://a0.twimg.com/profile_background_images/378800000041813488/3d9dacf514e2c77f70aacd5e92d51b77.jpeg","listed_count":1391,"default_profile_image":false,"favourites_count":0,"description":"Canal da Presidência da República com notícias em tempo real, prestação de serviços e convergência de conteúdos do Governo Federal.","created_at":"Wed Nov 04 17:43:47 +0000 2009","is_translator":false,"profile_background_image_url_https":"https://si0.twimg.com/profile_background_images/378800000041813488/3d9dacf514e2c77f70aacd5e92d51b77.jpeg","protected":false,"screen_name":"portalbrasil","id_str":"87490448","profile_link_color":"132C04","geo_enabled":false,"id":87490448,"profile_background_color":"132C04","lang":"pt","profile_sidebar_border_color":"FFFFFF","profile_text_color":"333333","verified":true,"profile_image_url":"http://a0.twimg.com/profile_images/378800000499999316/ba507b634c5245ce1f47af413fdbbc5e_normal.png","time_zone":"Brasilia","url":"http://www.brasil.gov.br","contributors_enabled":false,"profile_banner_url":"https://pbs.twimg.com/profile_banners/87490448/1379985771","profile_background_tile":false,"follow_request_sent":null,"statuses_count":10799,"profile_use_background_image":true,"followers_count":206624,"following":null,"default_profile":false,"name":"Portal Brasil","profile_sidebar_fill_color":"DDEEF6","location":"Brasil","notifications":null},"favorited":false}