{"in_reply_to_status_id_str":null,"in_reply_to_status_id":null,"coordinates":null,"truncated":false,"in_reply_to_user_id_str":null,"created_at":"Tue Oct 01 20:15:56 +0000 2013","source":"<a href=\"http://blackberry.com/twitter\" rel=\"nofollow\">Twitter for BlackBerry®<\/a>","retweet_count":0,"retweeted":false,"geo":null,"filter_level":"medium","in_reply_to_screen_name":null,"entities":{"urls":[],"hashtags":[],"user_mentions":[{"indices":[27,36],"screen_name":"LeoJaime","id_str":"22885574","name":"Leo Jaime","id":22885574},{"indices":[54,59],"screen_name":"vivo","id_str":"8451242","name":"vivo","id":8451242}],"symbols":[]},"id_str":"385136015033122816","in_reply_to_user_id":null,"favorite_count":0,"contributors":null,"text":"Don't mess with Jaime! RT \"@LeoJaime A mulher liga da @vivo pra vender seguro e dá vontade de cancelar a assinatuta.Mulher grossa da porra!\"","id":385136015033122816,"place":null,"lang":"pt","user":{"utc_offset":-10800,"friends_count":111,"profile_image_url_https":"https://si0.twimg.com/profile_images/378800000081733929/dfc3addeb5b0210a17d552325e7398f8_normal.jpeg","profile_background_image_url":"http://a0.twimg.com/profile_background_images/48512963/jrd_sarafina_copy4.jpg","listed_count":1313,"default_profile_image":false,"favourites_count":0,"description":"Fotógrafo. Autor de Cadernos de Viagem. Editor da Rev.Nacional.","created_at":"Wed Oct 28 12:32:52 +0000 2009","is_translator":false,"profile_background_image_url_https":"https://si0.twimg.com/profile_background_images/48512963/jrd_sarafina_copy4.jpg","protected":false,"screen_name":"jotaerreduran","id_str":"85806967","profile_link_color":"E80E0E","geo_enabled":true,"id":85806967,"profile_background_color":"FFFCFD","lang":"en","profile_sidebar_border_color":"FFFFFF","profile_text_color":"0A010A","verified":false,"profile_image_url":"http://a0.twimg.com/profile_images/378800000081733929/dfc3addeb5b0210a17d552325e7398f8_normal.jpeg","time_zone":"Santiago","url":"http://www.jrduran.com.br/news","contributors_enabled":false,"profile_background_tile":false,"follow_request_sent":null,"statuses_count":17437,"profile_use_background_image":true,"followers_count":130798,"following":null,"default_profile":false,"name":"J.R.Duran","profile_sidebar_fill_color":"FFFFFF","location":"","notifications":null},"favorited":false}