{"in_reply_to_status_id_str":null,"in_reply_to_status_id":null,"coordinates":null,"truncated":false,"in_reply_to_user_id_str":"16725545","created_at":"Tue Oct 01 21:30:54 +0000 2013","source":"web","retweet_count":0,"retweeted":false,"geo":null,"filter_level":"medium","in_reply_to_screen_name":"skybrasil","entities":{"urls":[],"hashtags":[],"user_mentions":[{"indices":[0,10],"screen_name":"skybrasil","id_str":"16725545","name":"SKY Brasil","id":16725545}],"symbols":[]},"id_str":"385154881150930944","in_reply_to_user_id":16725545,"favorite_count":0,"contributors":null,"text":"@skybrasil Como cliente,vcs deveriam fazer enquetes se concordamos c/ troca de canais,retiradas de canais, pq quem vai assistir somos nós!","id":385154881150930944,"place":null,"lang":"pt","user":{"utc_offset":-10800,"friends_count":425,"profile_image_url_https":"https://si0.twimg.com/profile_images/378800000474611547/3b8f607c0bdc45581d90721673a9d144_normal.jpeg","profile_background_image_url":"http://a0.twimg.com/profile_background_images/290203141/Imagens__143_.jpg","listed_count":95,"default_profile_image":false,"favourites_count":178,"description":"Não sou moralista, mas com algumas caretices,posso te chocar, como posso ser a mais normal das mulheres... Talvez psicóloga, ou uma vlogger, ou uma escritora...","created_at":"Sun Jun 21 15:36:55 +0000 2009","is_translator":false,"profile_background_image_url_https":"https://si0.twimg.com/profile_background_images/290203141/Imagens__143_.jpg","protected":false,"screen_name":"BrendaZulP","id_str":"49342632","profile_link_color":"8616B3","geo_enabled":true,"id":49342632,"profile_background_color":"000000","lang":"pt","profile_sidebar_border_color":"5F09B0","profile_text_color":"403939","verified":false,"profile_image_url":"http://a0.twimg.com/profile_images/378800000474611547/3b8f607c0bdc45581d90721673a9d144_normal.jpeg","time_zone":"Brasilia","url":"http://www.facebook.com/BrendaZulP","contributors_enabled":false,"profile_banner_url":"https://pbs.twimg.com/profile_banners/49342632/1350974393","profile_background_tile":true,"follow_request_sent":null,"statuses_count":65583,"profile_use_background_image":true,"followers_count":1069,"following":null,"default_profile":false,"name":"Brenda Zuliani","profile_sidebar_fill_color":"FCFEFF","location":"Brasil","notifications":null},"favorited":false}