{"in_reply_to_status_id_str":null,"in_reply_to_status_id":null,"coordinates":null,"truncated":false,"in_reply_to_user_id_str":"17487043","created_at":"Tue Oct 01 20:58:07 +0000 2013","source":"web","retweet_count":0,"retweeted":false,"geo":null,"filter_level":"medium","in_reply_to_screen_name":"digaoi","entities":{"urls":[],"hashtags":[],"user_mentions":[{"indices":[0,7],"screen_name":"digaoi","id_str":"17487043","name":"Diga Oi!","id":17487043}],"symbols":[]},"id_str":"385146631684755457","in_reply_to_user_id":17487043,"favorite_count":0,"contributors":null,"text":"@digaoi existe o serviço \"oi como faz\"?","id":385146631684755457,"place":null,"lang":"pt","user":{"utc_offset":-10800,"friends_count":638,"profile_image_url_https":"https://si0.twimg.com/profile_images/3129251344/8b67ad9327164d2430a073b1927218d2_normal.jpeg","profile_background_image_url":"http://abs.twimg.com/images/themes/theme14/bg.gif","listed_count":3,"default_profile_image":false,"favourites_count":11,"description":"Fotógrafo e Baixista, o resto é consequência...","created_at":"Sun Jan 10 03:58:25 +0000 2010","is_translator":false,"profile_background_image_url_https":"https://abs.twimg.com/images/themes/theme14/bg.gif","protected":false,"screen_name":"pedrowaddington","id_str":"103471906","profile_link_color":"009999","geo_enabled":false,"id":103471906,"profile_background_color":"131516","lang":"pt","profile_sidebar_border_color":"EEEEEE","profile_text_color":"333333","verified":false,"profile_image_url":"http://a0.twimg.com/profile_images/3129251344/8b67ad9327164d2430a073b1927218d2_normal.jpeg","time_zone":"Brasilia","url":"http://www.flickr.com/thewaddington","contributors_enabled":false,"profile_banner_url":"https://pbs.twimg.com/profile_banners/103471906/1358606750","profile_background_tile":true,"follow_request_sent":null,"statuses_count":6639,"profile_use_background_image":true,"followers_count":272,"following":null,"default_profile":false,"name":"Pedro Waddington ","profile_sidebar_fill_color":"EFEFEF","location":"Rio de Janeiro","notifications":null},"favorited":false}