{"in_reply_to_status_id_str":null,"in_reply_to_status_id":null,"coordinates":null,"truncated":false,"in_reply_to_user_id_str":"16725545","created_at":"Tue Oct 01 19:56:52 +0000 2013","source":"web","retweet_count":0,"retweeted":false,"geo":null,"filter_level":"medium","in_reply_to_screen_name":"skybrasil","entities":{"urls":[],"hashtags":[],"user_mentions":[{"indices":[0,10],"screen_name":"skybrasil","id_str":"16725545","name":"SKY Brasil","id":16725545}],"symbols":[]},"id_str":"385131217755963392","in_reply_to_user_id":16725545,"favorite_count":0,"contributors":null,"text":"@skybrasil por favor, como andas o protocolo 2039510467? Aguardo retorno!","id":385131217755963392,"place":null,"lang":"es","user":{"utc_offset":-10800,"friends_count":335,"profile_image_url_https":"https://si0.twimg.com/profile_images/1565472383/298265_222028814517732_100001318456256_548796_894152317_n_normal.jpg","profile_background_image_url":"http://a0.twimg.com/profile_background_images/220519851/14000futebol.jpg","listed_count":0,"default_profile_image":false,"favourites_count":0,"description":"Sou Corinthians, Paulistano de nascimento e Pernambucano de coração.","created_at":"Thu Aug 05 23:55:31 +0000 2010","is_translator":false,"profile_background_image_url_https":"https://si0.twimg.com/profile_background_images/220519851/14000futebol.jpg","protected":false,"screen_name":"dyegod7","id_str":"175204669","profile_link_color":"0084B4","geo_enabled":true,"id":175204669,"profile_background_color":"022330","lang":"pt","profile_sidebar_border_color":"A8C7F7","profile_text_color":"333333","verified":false,"profile_image_url":"http://a0.twimg.com/profile_images/1565472383/298265_222028814517732_100001318456256_548796_894152317_n_normal.jpg","time_zone":"Santiago","url":null,"contributors_enabled":false,"profile_background_tile":false,"follow_request_sent":null,"statuses_count":5496,"profile_use_background_image":true,"followers_count":165,"following":null,"default_profile":false,"name":"Dyego Coelho Valença","profile_sidebar_fill_color":"C0DFEC","location":"Recife-PE","notifications":null},"favorited":false}