{"in_reply_to_status_id_str":null,"in_reply_to_status_id":null,"coordinates":null,"truncated":false,"in_reply_to_user_id_str":"76133","created_at":"Tue Oct 01 21:56:22 +0000 2013","source":"web","retweet_count":0,"retweeted":false,"geo":null,"filter_level":"medium","in_reply_to_screen_name":"tim","entities":{"urls":[],"hashtags":[],"user_mentions":[{"indices":[0,4],"screen_name":"tim","id_str":"76133","name":"Tim Bradshaw","id":76133}],"symbols":[]},"id_str":"385161292136185856","in_reply_to_user_id":76133,"favorite_count":0,"contributors":null,"text":"@tim espero que arrumem logo minha rede, pois não é possivel que eu fique dias sem rede!!","id":385161292136185856,"place":null,"lang":"pt","user":{"utc_offset":-10800,"friends_count":404,"profile_image_url_https":"https://si0.twimg.com/profile_images/378800000037621862/a0e714b20b5a8f6f09e58581f8c58d46_normal.jpeg","profile_background_image_url":"http://a0.twimg.com/profile_background_images/378800000020009774/02af8f7261e2a1777613770a69c7c1e3.jpeg","listed_count":9,"default_profile_image":false,"favourites_count":5,"description":"Nunca permita que o medo e a dor, sejam maior que sua força e sua fé. \r\n\r\nhttp://meadiciona.com/natisantos","created_at":"Fri Jul 23 16:03:07 +0000 2010","is_translator":false,"profile_background_image_url_https":"https://si0.twimg.com/profile_background_images/378800000020009774/02af8f7261e2a1777613770a69c7c1e3.jpeg","protected":false,"screen_name":"nathaaa_lia","id_str":"169958219","profile_link_color":"F50535","geo_enabled":true,"id":169958219,"profile_background_color":"FFFFFF","lang":"pt","profile_sidebar_border_color":"FFFFFF","profile_text_color":"634047","verified":false,"profile_image_url":"http://a0.twimg.com/profile_images/378800000037621862/a0e714b20b5a8f6f09e58581f8c58d46_normal.jpeg","time_zone":"Santiago","url":null,"contributors_enabled":false,"profile_banner_url":"https://pbs.twimg.com/profile_banners/169958219/1373430962","profile_background_tile":true,"follow_request_sent":null,"statuses_count":22272,"profile_use_background_image":true,"followers_count":383,"following":null,"default_profile":false,"name":"nana ♔","profile_sidebar_fill_color":"E3E2DE","location":"","notifications":null},"favorited":false}