{"in_reply_to_status_id_str":null,"in_reply_to_status_id":null,"coordinates":null,"truncated":false,"in_reply_to_user_id_str":null,"created_at":"Tue Oct 01 22:35:01 +0000 2013","source":"<a href=\"http://www.WindowsPhone.com/\" rel=\"nofollow\">Windows Phone<\/a>","retweet_count":0,"retweeted":false,"geo":null,"filter_level":"medium","in_reply_to_screen_name":null,"entities":{"urls":[],"hashtags":[{"indices":[25,30],"text":"Vivo"},{"indices":[31,34],"text":"4G"},{"indices":[35,46],"text":"Lançamento"}],"user_mentions":[],"symbols":[]},"id_str":"385171019369299969","in_reply_to_user_id":null,"favorite_count":0,"contributors":null,"text":"E vamos as apresentações #Vivo #4G #Lançamento","id":385171019369299969,"place":null,"lang":"pt","user":{"utc_offset":-10800,"friends_count":458,"profile_image_url_https":"https://si0.twimg.com/profile_images/378800000064124377/bce75cdf2e69765fd9a5be2a028223b3_normal.jpeg","profile_background_image_url":"http://a0.twimg.com/profile_background_images/313752040/getImageFromCache__2_.jpg","listed_count":57,"default_profile_image":false,"favourites_count":145,"description":"Não sou uma utilidade pública. Isto aqui não é msn, mesmo que pareça. / Escorpiano, O Filho que papai não quis.","created_at":"Mon Jul 06 15:26:05 +0000 2009","is_translator":false,"profile_background_image_url_https":"https://si0.twimg.com/profile_background_images/313752040/getImageFromCache__2_.jpg","protected":false,"screen_name":"waldenilson","id_str":"54233685","profile_link_color":"0099B9","geo_enabled":true,"id":54233685,"profile_background_color":"0099B9","lang":"pt","profile_sidebar_border_color":"5ED4DC","profile_text_color":"3C3940","verified":false,"profile_image_url":"http://a0.twimg.com/profile_images/378800000064124377/bce75cdf2e69765fd9a5be2a028223b3_normal.jpeg","time_zone":"Brasilia","url":null,"contributors_enabled":false,"profile_background_tile":false,"follow_request_sent":null,"statuses_count":130564,"profile_use_background_image":true,"followers_count":748,"following":null,"default_profile":false,"name":"wall","profile_sidebar_fill_color":"95E8EC","location":"Belém, Pará","notifications":null},"favorited":false}