{"in_reply_to_status_id_str":null,"in_reply_to_status_id":null,"coordinates":null,"truncated":false,"in_reply_to_user_id_str":null,"created_at":"Tue Oct 01 18:18:03 +0000 2013","source":"web","retweet_count":0,"retweeted":false,"geo":null,"filter_level":"medium","in_reply_to_screen_name":null,"entities":{"urls":[],"hashtags":[],"user_mentions":[{"indices":[46,52],"screen_name":"CAIXA","id_str":"229191436","name":"CAIXA","id":229191436}],"symbols":[]},"id_str":"385106352223158272","in_reply_to_user_id":null,"favorite_count":0,"contributors":null,"text":"Mias de uma semana tentando ser atendida pela @CAIXA e nada. O atendimento via telefone simplesmente não existe.","id":385106352223158272,"place":null,"lang":"pt","user":{"utc_offset":-10800,"friends_count":470,"profile_image_url_https":"https://si0.twimg.com/profile_images/378800000328611904/30607f835336b257ca23f364b9ce9e09_normal.jpeg","profile_background_image_url":"http://a0.twimg.com/profile_background_images/797095627/a2d04d58387d584a0c09d68fad16a17c.jpeg","listed_count":6,"default_profile_image":false,"favourites_count":50,"description":"Pacificamente violenta como aranha caranguejeira na teia -  \r\n\r\nJornalista - Social Media\r\nhttp://www.instagram.com/alinedebord#","created_at":"Tue Jul 14 20:50:22 +0000 2009","is_translator":false,"profile_background_image_url_https":"https://si0.twimg.com/profile_background_images/797095627/a2d04d58387d584a0c09d68fad16a17c.jpeg","protected":false,"screen_name":"Alynie","id_str":"56812153","profile_link_color":"575457","geo_enabled":false,"id":56812153,"profile_background_color":"131516","lang":"en","profile_sidebar_border_color":"FFFFFF","profile_text_color":"4D4D4D","verified":false,"profile_image_url":"http://a0.twimg.com/profile_images/378800000328611904/30607f835336b257ca23f364b9ce9e09_normal.jpeg","time_zone":"Brasilia","url":"http://www.flickr.com/photos/alinedebord","contributors_enabled":false,"profile_banner_url":"https://pbs.twimg.com/profile_banners/56812153/1379909602","profile_background_tile":true,"follow_request_sent":null,"statuses_count":18866,"profile_use_background_image":true,"followers_count":384,"following":null,"default_profile":false,"name":"I need a ambulance","profile_sidebar_fill_color":"878787","location":"Brasil - Brasilia","notifications":null},"favorited":false}