{"in_reply_to_status_id_str":null,"in_reply_to_status_id":null,"coordinates":null,"truncated":false,"in_reply_to_user_id_str":null,"created_at":"Tue Oct 01 18:21:09 +0000 2013","source":"web","retweet_count":0,"retweeted":false,"geo":null,"filter_level":"medium","in_reply_to_screen_name":null,"entities":{"urls":[],"hashtags":[],"user_mentions":[{"indices":[8,20],"screen_name":"ClaroBrasil","id_str":"141310797","name":"Claro Brasil","id":141310797}],"symbols":[]},"id_str":"385107129893277697","in_reply_to_user_id":null,"favorite_count":0,"contributors":null,"text":"Atenção @ClaroBrasil conta do plano empresarial Getti Química, está TODA errada! Aguardo!","id":385107129893277697,"place":null,"lang":"pt","user":{"utc_offset":-10800,"friends_count":2001,"profile_image_url_https":"https://si0.twimg.com/profile_images/378800000498713279/6c455ae81092732ef5356d59833a2af1_normal.jpeg","profile_background_image_url":"http://a0.twimg.com/profile_background_images/378800000080944004/d811653eb4eeac52d6bdc90a243d6b33.png","listed_count":3,"default_profile_image":false,"favourites_count":455,"description":"Cronista do @SCInternacional no @futtchebol e apresentador do @intermedio_rs na http://reporterdovale.com.br  aos Sáb.às 13.00h. TORCEDOR DO E.C. NOVO HAMBURGO!","created_at":"Sun Mar 06 12:08:11 +0000 2011","is_translator":false,"profile_background_image_url_https":"https://si0.twimg.com/profile_background_images/378800000080944004/d811653eb4eeac52d6bdc90a243d6b33.png","protected":false,"screen_name":"jauribelmonte","id_str":"261657952","profile_link_color":"0688B0","geo_enabled":true,"id":261657952,"profile_background_color":"FCFEFF","lang":"pt","profile_sidebar_border_color":"FFFFFF","profile_text_color":"333333","verified":false,"profile_image_url":"http://a0.twimg.com/profile_images/378800000498713279/6c455ae81092732ef5356d59833a2af1_normal.jpeg","time_zone":"Brasilia","url":null,"contributors_enabled":false,"profile_banner_url":"https://pbs.twimg.com/profile_banners/261657952/1376664936","profile_background_tile":true,"follow_request_sent":null,"statuses_count":18522,"profile_use_background_image":true,"followers_count":1793,"following":null,"default_profile":false,"name":"Javí Belmonte","profile_sidebar_fill_color":"EFEFEF","location":"Taquara, Vale do Paranhana/RS","notifications":null},"favorited":false}