{"in_reply_to_status_id_str":null,"in_reply_to_status_id":null,"coordinates":null,"truncated":false,"in_reply_to_user_id_str":null,"created_at":"Tue Oct 01 20:18:46 +0000 2013","source":"<a href=\"http://twitter.com/download/android\" rel=\"nofollow\">Twitter for Android<\/a>","retweet_count":0,"retweeted":false,"geo":null,"filter_level":"medium","in_reply_to_screen_name":null,"entities":{"urls":[],"hashtags":[],"user_mentions":[{"indices":[71,78],"screen_name":"digaoi","id_str":"17487043","name":"Diga Oi!","id":17487043}],"symbols":[]},"id_str":"385136727658360832","in_reply_to_user_id":null,"favorite_count":0,"contributors":null,"text":"Mas que coisa, de repente, fico sem wifi, sem 3G (lê-se: edge). Valeu, @digaoi!","id":385136727658360832,"place":null,"lang":"pt","user":{"utc_offset":-10800,"friends_count":99,"profile_image_url_https":"https://si0.twimg.com/profile_images/378800000281581501/e93ffb2c275859ea153bd9b8f72a50c2_normal.jpeg","profile_background_image_url":"http://a0.twimg.com/profile_background_images/378800000083079482/d6bc62d9e3e755c781f5c281675763db.jpeg","listed_count":8,"default_profile_image":false,"favourites_count":43,"description":"Eu queria ser uma abelha pra pousar na sua flor.","created_at":"Thu Mar 12 02:41:12 +0000 2009","is_translator":false,"profile_background_image_url_https":"https://si0.twimg.com/profile_background_images/378800000083079482/d6bc62d9e3e755c781f5c281675763db.jpeg","protected":false,"screen_name":"DebbyTavares","id_str":"23879793","profile_link_color":"13B0B0","geo_enabled":true,"id":23879793,"profile_background_color":"000000","lang":"pt","profile_sidebar_border_color":"FFFFFF","profile_text_color":"333333","verified":false,"profile_image_url":"http://a0.twimg.com/profile_images/378800000281581501/e93ffb2c275859ea153bd9b8f72a50c2_normal.jpeg","time_zone":"Brasilia","url":null,"contributors_enabled":false,"profile_banner_url":"https://pbs.twimg.com/profile_banners/23879793/1374113440","profile_background_tile":true,"follow_request_sent":null,"statuses_count":18928,"profile_use_background_image":true,"followers_count":396,"following":null,"default_profile":false,"name":"Debby","profile_sidebar_fill_color":"EFEFEF","location":"MG, Brasil.","notifications":null},"favorited":false}