{"in_reply_to_status_id_str":null,"in_reply_to_status_id":null,"coordinates":null,"truncated":false,"in_reply_to_user_id_str":"324945570","created_at":"Tue Oct 01 20:55:06 +0000 2013","source":"web","retweet_count":0,"retweeted":false,"geo":null,"filter_level":"medium","in_reply_to_screen_name":"SKYresponde","entities":{"urls":[],"hashtags":[],"user_mentions":[{"indices":[0,12],"screen_name":"SKYresponde","id_str":"324945570","name":"SKY Responde","id":324945570}],"symbols":[]},"id_str":"385145871471362049","in_reply_to_user_id":324945570,"favorite_count":0,"contributors":null,"text":"@SKYresponde poderia colocar premio do viva Sky alguns ingressos do Aerosmith em Brasília para resgatar","id":385145871471362049,"place":null,"lang":"pt","user":{"utc_offset":-10800,"friends_count":412,"profile_image_url_https":"https://si0.twimg.com/profile_images/1525332018/DSCF1903_-_C_pia_normal.JPG","profile_background_image_url":"http://a0.twimg.com/profile_background_images/26562620/windows-7-black.jpg","listed_count":4,"default_profile_image":false,"favourites_count":3,"description":"Estudante de Farmácia, caçador de sorteios e promoções, São Paulo FC e Família são minhas eternas paixões.","created_at":"Tue Jul 28 00:26:51 +0000 2009","is_translator":false,"profile_background_image_url_https":"https://si0.twimg.com/profile_background_images/26562620/windows-7-black.jpg","protected":false,"screen_name":"prmdsousa","id_str":"60757595","profile_link_color":"2FC2EF","geo_enabled":true,"id":60757595,"profile_background_color":"1A1B1F","lang":"pt","profile_sidebar_border_color":"181A1E","profile_text_color":"666666","verified":false,"profile_image_url":"http://a0.twimg.com/profile_images/1525332018/DSCF1903_-_C_pia_normal.JPG","time_zone":"Brasilia","url":null,"contributors_enabled":false,"profile_banner_url":"https://pbs.twimg.com/profile_banners/60757595/1349141232","profile_background_tile":false,"follow_request_sent":null,"statuses_count":4967,"profile_use_background_image":true,"followers_count":319,"following":null,"default_profile":false,"name":"Paulo Roberto Sousa","profile_sidebar_fill_color":"252429","location":"Brasília - DF","notifications":null},"favorited":false}