{"in_reply_to_status_id_str":null,"in_reply_to_status_id":null,"coordinates":null,"truncated":false,"in_reply_to_user_id_str":null,"created_at":"Tue Oct 01 21:16:37 +0000 2013","source":"<a href=\"http://twitter.com/download/iphone\" rel=\"nofollow\">Twitter for iPhone<\/a>","retweet_count":0,"retweeted":false,"geo":null,"filter_level":"medium","in_reply_to_screen_name":null,"entities":{"urls":[],"hashtags":[{"indices":[19,24],"text":"vivo"}],"user_mentions":[],"symbols":[]},"id_str":"385151289803689984","in_reply_to_user_id":null,"favorite_count":0,"contributors":null,"text":"Ah, ser cliente da #vivo é sem igual. Internet no fixo não funciona, no celular só 2g...","id":385151289803689984,"place":null,"lang":"pt","user":{"utc_offset":-10800,"friends_count":97,"profile_image_url_https":"https://si0.twimg.com/profile_images/1090120148/DSC01346_1229x922_normal.jpg","profile_background_image_url":"http://a0.twimg.com/profile_background_images/378800000066007786/70619d6993d651d4778d6dc899fe6f53.jpeg","listed_count":1,"default_profile_image":false,"favourites_count":32,"description":"It's Only Rock 'n' Roll, But I Like It \\o/","created_at":"Mon Feb 02 14:16:38 +0000 2009","is_translator":false,"profile_background_image_url_https":"https://si0.twimg.com/profile_background_images/378800000066007786/70619d6993d651d4778d6dc899fe6f53.jpeg","protected":false,"screen_name":"henriquetz","id_str":"19908240","profile_link_color":"0491B8","geo_enabled":false,"id":19908240,"profile_background_color":"000000","lang":"pt","profile_sidebar_border_color":"000000","profile_text_color":"333333","verified":false,"profile_image_url":"http://a0.twimg.com/profile_images/1090120148/DSC01346_1229x922_normal.jpg","time_zone":"Brasilia","url":null,"contributors_enabled":false,"profile_banner_url":"https://pbs.twimg.com/profile_banners/19908240/1370886150","profile_background_tile":false,"follow_request_sent":null,"statuses_count":1534,"profile_use_background_image":true,"followers_count":205,"following":null,"default_profile":false,"name":"Henrique Coletti","profile_sidebar_fill_color":"F3F3F3","location":"Itatiba, SP, BR","notifications":null},"favorited":false}