{"in_reply_to_status_id_str":null,"in_reply_to_status_id":null,"coordinates":null,"truncated":false,"in_reply_to_user_id_str":null,"created_at":"Tue Oct 01 20:46:23 +0000 2013","source":"<a href=\"http://www.facebook.com/twitter\" rel=\"nofollow\">Facebook<\/a>","retweet_count":0,"retweeted":false,"geo":null,"filter_level":"medium","in_reply_to_screen_name":null,"entities":{"urls":[],"hashtags":[{"indices":[56,59],"text":"Oi"}],"user_mentions":[],"symbols":[]},"id_str":"385143680321196032","in_reply_to_user_id":null,"favorite_count":0,"contributors":null,"text":"Ta pra nascer atendimento mais incompetente do que a da #Oi.","id":385143680321196032,"place":null,"lang":"pt","user":{"utc_offset":-10800,"friends_count":155,"profile_image_url_https":"https://si0.twimg.com/profile_images/1421891239/logo_t_v2_normal.jpg","profile_background_image_url":"http://a0.twimg.com/profile_background_images/281534508/fundo_twitter_v2.jpg","listed_count":1,"default_profile_image":false,"favourites_count":1,"description":"Fanático Colorado e Chapeconse, webdesigner, coordenador de marketing do NJE Chapecó, cursando Ciência da Computação na UFFS.","created_at":"Thu Jan 07 17:19:48 +0000 2010","is_translator":false,"profile_background_image_url_https":"https://si0.twimg.com/profile_background_images/281534508/fundo_twitter_v2.jpg","protected":false,"screen_name":"ThyQuevedo","id_str":"102736448","profile_link_color":"0084B4","geo_enabled":false,"id":102736448,"profile_background_color":"022330","lang":"pt","profile_sidebar_border_color":"A8C7F7","profile_text_color":"333333","verified":false,"profile_image_url":"http://a0.twimg.com/profile_images/1421891239/logo_t_v2_normal.jpg","time_zone":"Brasilia","url":"http://www.popupdigital.com.br","contributors_enabled":false,"profile_banner_url":"https://pbs.twimg.com/profile_banners/102736448/1353955803","profile_background_tile":false,"follow_request_sent":null,"statuses_count":4306,"profile_use_background_image":true,"followers_count":191,"following":null,"default_profile":false,"name":"Thiago Quevedo","profile_sidebar_fill_color":"C0DFEC","location":"Chapecó","notifications":null},"favorited":false}