{"in_reply_to_status_id_str":null,"in_reply_to_status_id":null,"coordinates":null,"truncated":false,"in_reply_to_user_id_str":"22677822","created_at":"Tue Oct 01 18:24:41 +0000 2013","source":"<a href=\"http://www.tweetdeck.com\" rel=\"nofollow\">TweetDeck<\/a>","retweet_count":0,"retweeted":false,"geo":null,"filter_level":"medium","in_reply_to_screen_name":"ClaroRonaldo","entities":{"urls":[],"hashtags":[],"user_mentions":[{"indices":[0,13],"screen_name":"ClaroRonaldo","id_str":"22677822","name":"Claro Ronaldo","id":22677822},{"indices":[14,26],"screen_name":"ClaroBrasil","id_str":"141310797","name":"Claro Brasil","id":141310797}],"symbols":[]},"id_str":"385108018041724928","in_reply_to_user_id":22677822,"favorite_count":0,"contributors":null,"text":"@ClaroRonaldo @clarobrasil estou recebendo sms com protocolo de reclamação da Claro, mas eu NÃO RECLAMEI sobre nada. Obrigado =]","id":385108018041724928,"place":null,"lang":"pt","user":{"utc_offset":-10800,"friends_count":523,"profile_image_url_https":"https://si0.twimg.com/profile_images/1627951497/corthumb_normal.jpg","profile_background_image_url":"http://a0.twimg.com/profile_background_images/661579639/7e5ggfwq4h82lk5hw68u.jpeg","listed_count":19,"default_profile_image":false,"favourites_count":1,"description":"Moreno baixo, bonito e sensual, talvez eu seja a solução do seu problema! ;D","created_at":"Fri Apr 17 03:02:42 +0000 2009","is_translator":false,"profile_background_image_url_https":"https://si0.twimg.com/profile_background_images/661579639/7e5ggfwq4h82lk5hw68u.jpeg","protected":false,"screen_name":"caaaaique","id_str":"32276246","profile_link_color":"2FC2EF","geo_enabled":false,"id":32276246,"profile_background_color":"1A1B1F","lang":"en","profile_sidebar_border_color":"FFFFFF","profile_text_color":"666666","verified":false,"profile_image_url":"http://a0.twimg.com/profile_images/1627951497/corthumb_normal.jpg","time_zone":"Brasilia","url":"http://allaircraftreport.wordpress.com/","contributors_enabled":false,"profile_banner_url":"https://pbs.twimg.com/profile_banners/32276246/1348388292","profile_background_tile":false,"follow_request_sent":null,"statuses_count":23210,"profile_use_background_image":true,"followers_count":450,"following":null,"default_profile":false,"name":"Caíque Guirao","profile_sidebar_fill_color":"232924","location":"São Paulo","notifications":null},"favorited":false}