{"in_reply_to_status_id_str":null,"in_reply_to_status_id":null,"coordinates":null,"truncated":false,"in_reply_to_user_id_str":null,"created_at":"Tue Oct 01 22:22:19 +0000 2013","source":"web","retweet_count":0,"retweeted":false,"geo":null,"filter_level":"medium","in_reply_to_screen_name":null,"entities":{"urls":[],"hashtags":[{"indices":[5,8],"text":"OI"}],"user_mentions":[],"symbols":[]},"id_str":"385167820310331392","in_reply_to_user_id":null,"favorite_count":0,"contributors":null,"text":"essa #OI ta uma merda :@","id":385167820310331392,"place":null,"lang":"pt","user":{"utc_offset":-7200,"friends_count":229,"profile_image_url_https":"https://si0.twimg.com/profile_images/3170262158/e1258c2defe259d4e991d0a13512fc77_normal.jpeg","profile_background_image_url":"http://a0.twimg.com/profile_background_images/781032956/83960197154c1c666e13092a1a9a9205.jpeg","listed_count":0,"default_profile_image":false,"favourites_count":7,"description":"https://www.facebook.com/mauricio.oliveira.39142072","created_at":"Fri Jul 08 23:19:32 +0000 2011","is_translator":false,"profile_background_image_url_https":"https://si0.twimg.com/profile_background_images/781032956/83960197154c1c666e13092a1a9a9205.jpeg","protected":false,"screen_name":"Mauricinho_1991","id_str":"331930007","profile_link_color":"0084B4","geo_enabled":false,"id":331930007,"profile_background_color":"C0DEED","lang":"pt","profile_sidebar_border_color":"FFFFFF","profile_text_color":"333333","verified":false,"profile_image_url":"http://a0.twimg.com/profile_images/3170262158/e1258c2defe259d4e991d0a13512fc77_normal.jpeg","time_zone":"Greenland","url":null,"contributors_enabled":false,"profile_banner_url":"https://pbs.twimg.com/profile_banners/331930007/1362615605","profile_background_tile":true,"follow_request_sent":null,"statuses_count":1502,"profile_use_background_image":true,"followers_count":164,"following":null,"default_profile":false,"name":"Maurício Oliveira","profile_sidebar_fill_color":"DDEEF6","location":"","notifications":null},"favorited":false}