{"in_reply_to_status_id_str":null,"in_reply_to_status_id":null,"coordinates":null,"truncated":false,"in_reply_to_user_id_str":null,"created_at":"Tue Oct 01 23:45:52 +0000 2013","source":"web","retweet_count":0,"retweeted":false,"geo":null,"filter_level":"medium","in_reply_to_screen_name":null,"entities":{"urls":[],"hashtags":[],"user_mentions":[{"indices":[120,130],"screen_name":"skybrasil","id_str":"16725545","name":"SKY Brasil","id":16725545}],"symbols":[]},"id_str":"385188846175920128","in_reply_to_user_id":null,"favorite_count":0,"contributors":null,"text":"Tb pela Série B, estou escutando Ceará 1-0 ICASA, no Castelão, em Fortaleza. Estou escutando pela Verdes Mares AM, pela @skybrasil.","id":385188846175920128,"place":null,"lang":"pt","user":{"utc_offset":-10800,"friends_count":288,"profile_image_url_https":"https://si0.twimg.com/profile_images/3576088549/bf8a1bab0ae4673835b9dd5112aebed4_normal.jpeg","profile_background_image_url":"http://abs.twimg.com/images/themes/theme6/bg.gif","listed_count":9,"default_profile_image":false,"favourites_count":58,"description":"Paraense. Mantenedor deste perfil usado, prioritariamente, p postar resul de jgs de futebol em tempo real. Sinta-se à vontade p seguir e recomendar. Obgd.","created_at":"Tue Jun 30 17:03:55 +0000 2009","is_translator":false,"profile_background_image_url_https":"https://abs.twimg.com/images/themes/theme6/bg.gif","protected":false,"screen_name":"georgeaugusto1","id_str":"52450983","profile_link_color":"FF3300","geo_enabled":true,"id":52450983,"profile_background_color":"709397","lang":"pt","profile_sidebar_border_color":"FFFFFF","profile_text_color":"333333","verified":false,"profile_image_url":"http://a0.twimg.com/profile_images/3576088549/bf8a1bab0ae4673835b9dd5112aebed4_normal.jpeg","time_zone":"Brasilia","url":"http://twitter.com/georgeaugusto1","contributors_enabled":false,"profile_background_tile":true,"follow_request_sent":null,"statuses_count":85323,"profile_use_background_image":true,"followers_count":289,"following":null,"default_profile":false,"name":"George Augusto","profile_sidebar_fill_color":"A0C5C7","location":"Belém, Pará, Brasil","notifications":null},"favorited":false}