{"in_reply_to_status_id_str":null,"in_reply_to_status_id":null,"coordinates":null,"truncated":false,"in_reply_to_user_id_str":null,"created_at":"Tue Oct 01 19:31:01 +0000 2013","source":"web","retweet_count":0,"retweeted":false,"geo":null,"filter_level":"medium","in_reply_to_screen_name":null,"entities":{"urls":[],"hashtags":[{"indices":[0,3],"text":"oi"}],"user_mentions":[{"indices":[13,27],"screen_name":"LoveHPloveBTR","id_str":"213726529","name":"Virginia Zamarchi ","id":213726529}],"symbols":[]},"id_str":"385124711396409344","in_reply_to_user_id":null,"favorite_count":0,"contributors":null,"text":"#oi aqui é a @LoveHPloveBTR , hehe a vero é chataaaaaaa","id":385124711396409344,"place":{"country_code":"BR","country":"Brasil","full_name":"Torres, Rio Grande do Sul","bounding_box":{"coordinates":[[[-49.9000243,-29.4433432],[-49.9000243,-29.2145293],[-49.7102015,-29.2145293],[-49.7102015,-29.4433432]]],"type":"Polygon"},"place_type":"city","name":"Torres","attributes":{},"id":"fdbae822e33b8c42","url":"https://api.twitter.com/1.1/geo/id/fdbae822e33b8c42.json"},"lang":"pt","user":{"utc_offset":-10800,"friends_count":338,"profile_image_url_https":"https://si0.twimg.com/profile_images/378800000431705656/6bee243bb045a15007275129f78d172a_normal.jpeg","profile_background_image_url":"http://a0.twimg.com/profile_background_images/378800000008768097/9227877e336a208243170d01018f2509.png","listed_count":0,"default_profile_image":false,"favourites_count":57,"description":"Apesar de termos uma batalha pela frente, temos uma coisa que Voldemort não tem... Na pela qual vale a pena lutar. Harry Potter e a Ordem da Fênix","created_at":"Wed Jun 22 18:42:17 +0000 2011","is_translator":false,"profile_background_image_url_https":"https://si0.twimg.com/profile_background_images/378800000008768097/9227877e336a208243170d01018f2509.png","protected":false,"screen_name":"_DoceEmma","id_str":"322160700","profile_link_color":"009999","geo_enabled":true,"id":322160700,"profile_background_color":"131516","lang":"pt","profile_sidebar_border_color":"FFFFFF","profile_text_color":"FAD905","verified":false,"profile_image_url":"http://a0.twimg.com/profile_images/378800000431705656/6bee243bb045a15007275129f78d172a_normal.jpeg","time_zone":"Santiago","url":"http://myheropotter.tumblr.com/","contributors_enabled":false,"profile_banner_url":"https://pbs.twimg.com/profile_banners/322160700/1374155682","profile_background_tile":true,"follow_request_sent":null,"statuses_count":8595,"profile_use_background_image":true,"followers_count":315,"following":null,"default_profile":false,"name":"Verô ▬▬▬▬҉ ~~~~~~~","profile_sidebar_fill_color":"000000","location":"RS","notifications":null},"favorited":false}