{"in_reply_to_status_id_str":null,"in_reply_to_status_id":null,"coordinates":null,"truncated":false,"in_reply_to_user_id_str":null,"created_at":"Tue Oct 01 20:46:45 +0000 2013","source":"<a href=\"http://twitter.com/download/android\" rel=\"nofollow\">Twitter for Android<\/a>","retweet_count":0,"retweeted":false,"geo":null,"filter_level":"medium","in_reply_to_screen_name":null,"entities":{"urls":[],"hashtags":[{"indices":[41,47],"text":"caixa"}],"user_mentions":[],"symbols":[]},"id_str":"385143771438280704","in_reply_to_user_id":null,"favorite_count":0,"contributors":null,"text":"Graças a Deus resolvi meu problema com a #caixa apesar da greve .","id":385143771438280704,"place":null,"lang":"pt","user":{"utc_offset":null,"friends_count":65,"profile_image_url_https":"https://si0.twimg.com/profile_images/378800000480832714/e6c56225b782af7d1471934e3e2ab6f0_normal.jpeg","profile_background_image_url":"http://a0.twimg.com/profile_background_images/378800000071318237/1465221913798b545003cdcb9d1d8bfa.jpeg","listed_count":0,"default_profile_image":false,"favourites_count":1,"description":"INSTAGRAM:http://instagram.com/lynnsantana                                                 ASK: http://ask.fm/lynzinha     WECHAT & WHATSAPP NÃO DIVULGO","created_at":"Wed Aug 17 22:25:14 +0000 2011","is_translator":false,"profile_background_image_url_https":"https://si0.twimg.com/profile_background_images/378800000071318237/1465221913798b545003cdcb9d1d8bfa.jpeg","protected":false,"screen_name":"lyyn_santana","id_str":"357139423","profile_link_color":"DB53C7","geo_enabled":false,"id":357139423,"profile_background_color":"030303","lang":"pt","profile_sidebar_border_color":"FFFFFF","profile_text_color":"FDF7FF","verified":false,"profile_image_url":"http://a0.twimg.com/profile_images/378800000480832714/e6c56225b782af7d1471934e3e2ab6f0_normal.jpeg","time_zone":null,"url":"https://www.facebook.com/lyn.santana.1","contributors_enabled":false,"profile_banner_url":"https://pbs.twimg.com/profile_banners/357139423/1378835489","profile_background_tile":true,"follow_request_sent":null,"statuses_count":3601,"profile_use_background_image":true,"followers_count":1226,"following":null,"default_profile":false,"name":"ㅤllýnSanttana ಌ","profile_sidebar_fill_color":"A67A4B","location":"FACEBOOK ","notifications":null},"favorited":false}