{"in_reply_to_status_id_str":null,"in_reply_to_status_id":null,"coordinates":null,"truncated":false,"in_reply_to_user_id_str":"83723557","created_at":"Tue Oct 01 20:27:29 +0000 2013","source":"web","retweet_count":0,"retweeted":false,"geo":null,"filter_level":"medium","in_reply_to_screen_name":"BancodoBrasil","entities":{"urls":[],"hashtags":[],"user_mentions":[{"indices":[0,14],"screen_name":"BancodoBrasil","id_str":"83723557","name":"Banco do Brasil","id":83723557}],"symbols":[]},"id_str":"385138921203437568","in_reply_to_user_id":83723557,"favorite_count":0,"contributors":null,"text":"@BancodoBrasil Não consigo acessar o gerenciador financeiro, pede pra instalar o modulo de segurança, eu instalei, mais dá erro","id":385138921203437568,"place":null,"lang":"pt","user":{"utc_offset":-10800,"friends_count":621,"profile_image_url_https":"https://si0.twimg.com/profile_images/378800000470234066/e8d9d6011567562e0faf7b350b6f66ae_normal.jpeg","profile_background_image_url":"http://a0.twimg.com/profile_background_images/378800000076588455/32d40a824e39d84ece196482c652931b.jpeg","listed_count":6,"default_profile_image":false,"favourites_count":3,"description":"Um fanático torcedor da Chapecoense","created_at":"Tue Jun 23 18:16:09 +0000 2009","is_translator":false,"profile_background_image_url_https":"https://si0.twimg.com/profile_background_images/378800000076588455/32d40a824e39d84ece196482c652931b.jpeg","protected":false,"screen_name":"lftomazelli","id_str":"50053525","profile_link_color":"0084B4","geo_enabled":true,"id":50053525,"profile_background_color":"022330","lang":"pt","profile_sidebar_border_color":"FFFFFF","profile_text_color":"26946C","verified":false,"profile_image_url":"http://a0.twimg.com/profile_images/378800000470234066/e8d9d6011567562e0faf7b350b6f66ae_normal.jpeg","time_zone":"Brasilia","url":"https://www.facebook.com/lftomazelli","contributors_enabled":false,"profile_background_tile":false,"follow_request_sent":null,"statuses_count":6513,"profile_use_background_image":true,"followers_count":454,"following":null,"default_profile":false,"name":"Luiz Fernando ","profile_sidebar_fill_color":"266333","location":"Chapecó ","notifications":null},"favorited":false}