{"in_reply_to_status_id_str":null,"in_reply_to_status_id":null,"coordinates":null,"truncated":false,"in_reply_to_user_id_str":"43218789","created_at":"Tue Oct 01 23:46:32 +0000 2013","source":"<a href=\"http://twitter.com/download/iphone\" rel=\"nofollow\">Twitter for iPhone<\/a>","retweet_count":0,"retweeted":false,"geo":null,"filter_level":"medium","in_reply_to_screen_name":"Vivoemrede","entities":{"urls":[],"hashtags":[],"user_mentions":[{"indices":[0,11],"screen_name":"Vivoemrede","id_str":"43218789","name":"Vivo em Rede","id":43218789},{"indices":[12,19],"screen_name":"vivoon","id_str":"162472124","name":"Vivo On","id":162472124},{"indices":[90,100],"screen_name":"skybrasil","id_str":"16725545","name":"SKY Brasil","id":16725545}],"symbols":[]},"id_str":"385189014703460352","in_reply_to_user_id":43218789,"favorite_count":0,"contributors":null,"text":"@Vivoemrede @vivoon ninguém aí é capaz de fazer meu DVR funcionar? Arrependido de sair da @skybrasil serviço ruim demais.","id":385189014703460352,"place":null,"lang":"pt","user":{"utc_offset":-10800,"friends_count":404,"profile_image_url_https":"https://si0.twimg.com/profile_images/378800000474418935/ccf3741e6cb53323577afbdb55506d11_normal.jpeg","profile_background_image_url":"http://a0.twimg.com/profile_background_images/78549428/twilk_background_4b872e1f1eefa.jpg","listed_count":4,"default_profile_image":false,"favourites_count":5,"description":"nothing that really matters","created_at":"Tue May 19 17:34:06 +0000 2009","is_translator":false,"profile_background_image_url_https":"https://si0.twimg.com/profile_background_images/78549428/twilk_background_4b872e1f1eefa.jpg","protected":false,"screen_name":"saintfalbo","id_str":"41163561","profile_link_color":"0084B4","geo_enabled":false,"id":41163561,"profile_background_color":"C0DEED","lang":"en","profile_sidebar_border_color":"C0DEED","profile_text_color":"333333","verified":false,"profile_image_url":"http://a0.twimg.com/profile_images/378800000474418935/ccf3741e6cb53323577afbdb55506d11_normal.jpeg","time_zone":"Santiago","url":null,"contributors_enabled":false,"profile_background_tile":true,"follow_request_sent":null,"statuses_count":10392,"profile_use_background_image":true,"followers_count":282,"following":null,"default_profile":false,"name":"Redator da Depressão","profile_sidebar_fill_color":"DDEEF6","location":"são paulo","notifications":null},"favorited":false}