{"in_reply_to_status_id_str":"385103239655333888","in_reply_to_status_id":385103239655333888,"coordinates":null,"truncated":false,"in_reply_to_user_id_str":"22679577","created_at":"Tue Oct 01 18:51:52 +0000 2013","source":"web","retweet_count":0,"retweeted":false,"geo":null,"filter_level":"medium","in_reply_to_screen_name":"ClaroBlog","entities":{"urls":[],"hashtags":[],"user_mentions":[{"indices":[0,10],"screen_name":"ClaroBlog","id_str":"22679577","name":"ClaroBlog","id":22679577}],"symbols":[]},"id_str":"385114862180769793","in_reply_to_user_id":22679577,"favorite_count":0,"contributors":null,"text":"@ClaroBlog Desculpo porque não tem jeito de um 3g melhor, se tivesse não desculparia! :(","id":385114862180769793,"place":null,"lang":"pt","user":{"utc_offset":-10800,"friends_count":976,"profile_image_url_https":"https://si0.twimg.com/profile_images/378800000363853638/bab794c27469db5f98cd76b09d432de0_normal.jpeg","profile_background_image_url":"http://a0.twimg.com/profile_background_images/378800000059941418/5ca2c6e95d1e31eb231c8ca2225811e6.jpeg","listed_count":140,"default_profile_image":false,"favourites_count":478,"description":"R41NH4 D4 C0C4D4 PR3T4! Paramore, OM&M, BMTH, SWS ♡","created_at":"Wed Sep 29 20:25:37 +0000 2010","is_translator":false,"profile_background_image_url_https":"https://si0.twimg.com/profile_background_images/378800000059941418/5ca2c6e95d1e31eb231c8ca2225811e6.jpeg","protected":false,"screen_name":"oimaaria","id_str":"196744362","profile_link_color":"ACB3B2","geo_enabled":true,"id":196744362,"profile_background_color":"BDB8B6","lang":"en","profile_sidebar_border_color":"FFFFFF","profile_text_color":"080808","verified":false,"profile_image_url":"http://a0.twimg.com/profile_images/378800000363853638/bab794c27469db5f98cd76b09d432de0_normal.jpeg","time_zone":"Brasilia","url":"http://stupidfucking-bitch.tumblr.com/","contributors_enabled":false,"profile_banner_url":"https://pbs.twimg.com/profile_banners/196744362/1378472871","profile_background_tile":true,"follow_request_sent":null,"statuses_count":50792,"profile_use_background_image":true,"followers_count":1495,"following":null,"default_profile":false,"name":"letísia marea","profile_sidebar_fill_color":"EFEFEF","location":"n existe amor em SP","notifications":null},"favorited":false}