{"in_reply_to_status_id_str":null,"in_reply_to_status_id":null,"coordinates":null,"truncated":false,"in_reply_to_user_id_str":null,"created_at":"Tue Oct 01 23:37:14 +0000 2013","source":"web","retweet_count":0,"retweeted":false,"geo":null,"filter_level":"medium","in_reply_to_screen_name":null,"entities":{"urls":[],"hashtags":[{"indices":[27,36],"text":"Ourocard"},{"indices":[40,54],"text":"BancodoBrasil"},{"indices":[123,132],"text":"vergonha"}],"user_mentions":[],"symbols":[]},"id_str":"385186676831580160","in_reply_to_user_id":null,"favorite_count":0,"contributors":null,"text":"Falta respeito da parte do #Ourocard do #BancodoBrasil minha fatura, eles não enviam, depois sou obrigado a pagar multa ¬¬ #vergonha","id":385186676831580160,"place":null,"lang":"pt","user":{"utc_offset":-10800,"friends_count":159,"profile_image_url_https":"https://si0.twimg.com/profile_images/1444635801/slk12_normal.jpg","profile_background_image_url":"http://a0.twimg.com/profile_background_images/363556246/leao.jpg","listed_count":7,"default_profile_image":false,"favourites_count":23,"description":"Sport Club do Recife e Rock por escolhas acertadas. Ser chato ou legal, cabe a você decidir. Please everyone = fail at all!","created_at":"Fri Jul 09 00:38:08 +0000 2010","is_translator":false,"profile_background_image_url_https":"https://si0.twimg.com/profile_background_images/363556246/leao.jpg","protected":false,"screen_name":"israelh_maxs","id_str":"164487442","profile_link_color":"313B6B","geo_enabled":true,"id":164487442,"profile_background_color":"083A85","lang":"pt","profile_sidebar_border_color":"FFFFFF","profile_text_color":"1C36E3","verified":false,"profile_image_url":"http://a0.twimg.com/profile_images/1444635801/slk12_normal.jpg","time_zone":"Brasilia","url":null,"contributors_enabled":false,"profile_background_tile":true,"follow_request_sent":null,"statuses_count":5321,"profile_use_background_image":true,"followers_count":55,"following":null,"default_profile":false,"name":"Israel Henrique ","profile_sidebar_fill_color":"EFEFEF","location":"Pernambuco Brasil ","notifications":null},"favorited":false}