{"in_reply_to_status_id_str":null,"in_reply_to_status_id":null,"coordinates":null,"truncated":false,"in_reply_to_user_id_str":null,"created_at":"Wed Oct 02 00:22:16 +0000 2013","source":"web","retweet_count":0,"retweeted":false,"geo":null,"filter_level":"medium","in_reply_to_screen_name":null,"entities":{"urls":[],"hashtags":[],"user_mentions":[{"indices":[2,12],"screen_name":"skybrasil","id_str":"16725545","name":"SKY Brasil","id":16725545}],"symbols":[]},"id_str":"385198007102087168","in_reply_to_user_id":null,"favorite_count":0,"contributors":null,"text":"A @skybrasil tirou a vh1 pra colocar a mtv, pq nao ficam c os 2 canais? nao entendo","id":385198007102087168,"place":null,"lang":"pt","user":{"utc_offset":-10800,"friends_count":194,"profile_image_url_https":"https://si0.twimg.com/profile_images/2552782810/a5genrn658bx61lmuex4_normal.jpeg","profile_background_image_url":"http://a0.twimg.com/profile_background_images/17460181/urubuzada.jpg","listed_count":1,"default_profile_image":false,"favourites_count":22,"description":"Flamenguista, chicleteiro, engenharia civil....","created_at":"Sat Apr 18 16:25:54 +0000 2009","is_translator":false,"profile_background_image_url_https":"https://si0.twimg.com/profile_background_images/17460181/urubuzada.jpg","protected":false,"screen_name":"marciofla","id_str":"32931395","profile_link_color":"242BB3","geo_enabled":false,"id":32931395,"profile_background_color":"9AE4E8","lang":"pt","profile_sidebar_border_color":"373580","profile_text_color":"000000","verified":false,"profile_image_url":"http://a0.twimg.com/profile_images/2552782810/a5genrn658bx61lmuex4_normal.jpeg","time_zone":"Brasilia","url":null,"contributors_enabled":false,"profile_background_tile":false,"follow_request_sent":null,"statuses_count":21472,"profile_use_background_image":true,"followers_count":195,"following":null,"default_profile":false,"name":"marcio coimbra","profile_sidebar_fill_color":"4E9DC2","location":"Niterói/RJ","notifications":null},"favorited":false}