{"in_reply_to_status_id_str":null,"in_reply_to_status_id":null,"possibly_sensitive":false,"coordinates":null,"truncated":false,"in_reply_to_user_id_str":null,"created_at":"Tue Oct 01 22:34:26 +0000 2013","source":"<a href=\"http://instagram.com\" rel=\"nofollow\">Instagram<\/a>","retweet_count":0,"retweeted":false,"geo":null,"filter_level":"medium","in_reply_to_screen_name":null,"entities":{"urls":[{"display_url":"instagram.com/p/e7iFlxPsTo/","indices":[21,43],"expanded_url":"http://instagram.com/p/e7iFlxPsTo/","url":"http://t.co/IcdXeBDlzt"}],"hashtags":[{"indices":[0,3],"text":"Oi"},{"indices":[7,13],"text":"hello"},{"indices":[14,20],"text":"terça"}],"user_mentions":[],"symbols":[]},"id_str":"385170870148554752","in_reply_to_user_id":null,"favorite_count":0,"contributors":null,"text":"#Oi :] #hello #terça http://t.co/IcdXeBDlzt","id":385170870148554752,"place":null,"lang":"pt","user":{"utc_offset":-10800,"friends_count":128,"profile_image_url_https":"https://si0.twimg.com/profile_images/3583182508/11eb2c9926882d863e3b22c8016b5eef_normal.png","profile_background_image_url":"http://a0.twimg.com/profile_background_images/137235913/tv7.jpg","listed_count":2,"default_profile_image":false,"favourites_count":140,"description":"Ainda tô longe da sabedoria, pois tenho muito q aprender nesta grande escola q é a vida. Quanto mais aprendo mais acho q tenho muito q aprender.","created_at":"Fri Jun 26 14:43:23 +0000 2009","is_translator":false,"profile_background_image_url_https":"https://si0.twimg.com/profile_background_images/137235913/tv7.jpg","protected":false,"screen_name":"VidaSenna","id_str":"51082513","profile_link_color":"130485","geo_enabled":false,"id":51082513,"profile_background_color":"1400A8","lang":"pt","profile_sidebar_border_color":"0091FF","profile_text_color":"222DF2","verified":false,"profile_image_url":"http://a0.twimg.com/profile_images/3583182508/11eb2c9926882d863e3b22c8016b5eef_normal.png","time_zone":"Santiago","url":"http://viviannemelo.blogspot.com","contributors_enabled":false,"profile_banner_url":"https://pbs.twimg.com/profile_banners/51082513/1368717484","profile_background_tile":false,"follow_request_sent":null,"statuses_count":3750,"profile_use_background_image":true,"followers_count":354,"following":null,"default_profile":false,"name":"Vivianne Senna","profile_sidebar_fill_color":"95E8EC","location":"Estado do RJ!!","notifications":null},"favorited":false}