{"in_reply_to_status_id_str":"385135516800528384","in_reply_to_status_id":385135516800528384,"coordinates":null,"truncated":false,"in_reply_to_user_id_str":"22885574","created_at":"Tue Oct 01 20:18:32 +0000 2013","source":"web","retweet_count":0,"retweeted":false,"geo":null,"filter_level":"medium","in_reply_to_screen_name":"LeoJaime","entities":{"urls":[],"hashtags":[],"user_mentions":[{"indices":[0,9],"screen_name":"LeoJaime","id_str":"22885574","name":"Leo Jaime","id":22885574},{"indices":[10,15],"screen_name":"vivo","id_str":"8451242","name":"vivo","id":8451242}],"symbols":[]},"id_str":"385136671399751680","in_reply_to_user_id":22885574,"favorite_count":0,"contributors":null,"text":"@LeoJaime @vivo O pior  é quando do nada,chega uma conta enorme pra vc pagar e o único jeito é procurar o PROCON.Aconteceu comigo.","id":385136671399751680,"place":null,"lang":"pt","user":{"utc_offset":-7200,"friends_count":267,"profile_image_url_https":"https://si0.twimg.com/profile_images/2621719448/zr8asqbb7irpmrwxiqrl_normal.jpeg","profile_background_image_url":"http://abs.twimg.com/images/themes/theme1/bg.png","listed_count":3,"default_profile_image":false,"favourites_count":96,"description":null,"created_at":"Mon Oct 26 01:03:27 +0000 2009","is_translator":false,"profile_background_image_url_https":"https://abs.twimg.com/images/themes/theme1/bg.png","protected":false,"screen_name":"Emy_lene13","id_str":"85205786","profile_link_color":"0084B4","geo_enabled":false,"id":85205786,"profile_background_color":"C0DEED","lang":"pt","profile_sidebar_border_color":"C0DEED","profile_text_color":"333333","verified":false,"profile_image_url":"http://a0.twimg.com/profile_images/2621719448/zr8asqbb7irpmrwxiqrl_normal.jpeg","time_zone":"Greenland","url":"http://sexteto06.blogspot.com","contributors_enabled":false,"profile_background_tile":false,"follow_request_sent":null,"statuses_count":30671,"profile_use_background_image":true,"followers_count":316,"following":null,"default_profile":true,"name":"Emilene","profile_sidebar_fill_color":"DDEEF6","location":"Rio","notifications":null},"favorited":false}