{"in_reply_to_status_id_str":null,"in_reply_to_status_id":null,"coordinates":{"coordinates":[-46.77682774,-23.57362401],"type":"Point"},"truncated":false,"in_reply_to_user_id_str":null,"created_at":"Tue Oct 01 21:30:18 +0000 2013","source":"<a href=\"http://twitter.com/download/iphone\" rel=\"nofollow\">Twitter for iPhone<\/a>","retweet_count":0,"retweeted":false,"geo":{"coordinates":[-23.57362401,-46.77682774],"type":"Point"},"filter_level":"medium","in_reply_to_screen_name":null,"entities":{"urls":[],"hashtags":[{"indices":[111,116],"text":"VIVO"},{"indices":[119,130],"text":"TELEFONICA"}],"user_mentions":[{"indices":[33,44],"screen_name":"Vivoemrede","id_str":"43218789","name":"Vivo em Rede","id":43218789}],"symbols":[]},"id_str":"385154731741831168","in_reply_to_user_id":null,"favorite_count":0,"contributors":null,"text":"23 minutos na espera da merda da @Vivoemrede e nem sequer consegui falar com o atendente. Lixo de empresa essa #VIVO / #TELEFONICA.","id":385154731741831168,"place":{"country_code":"BR","country":"Brasil","full_name":"São Paulo, São Paulo","bounding_box":{"coordinates":[[[-46.826039,-24.008814],[-46.826039,-23.356792],[-46.365052,-23.356792],[-46.365052,-24.008814]]],"type":"Polygon"},"place_type":"city","name":"São Paulo","attributes":{},"id":"68e019afec7d0ba5","url":"https://api.twitter.com/1.1/geo/id/68e019afec7d0ba5.json"},"lang":"pt","user":{"utc_offset":-10800,"friends_count":320,"profile_image_url_https":"https://si0.twimg.com/profile_images/378800000418923238/fb2313a88a54f5c4561bb41154e71501_normal.jpeg","profile_background_image_url":"http://a0.twimg.com/profile_background_images/153257906/BG01.jpg","listed_count":6,"default_profile_image":false,"favourites_count":1,"description":"Sou Mineiro,sei de que lado vem a chuva,escuto o capim crescer.Se tiver poeira, eu vou na frente!Se tiver barro, vou atrás.E, se tiver porteira,Eu vou no meio!","created_at":"Wed Apr 15 03:05:56 +0000 2009","is_translator":false,"profile_background_image_url_https":"https://si0.twimg.com/profile_background_images/153257906/BG01.jpg","protected":false,"screen_name":"Kwizatzz","id_str":"31321011","profile_link_color":"3F4CD4","geo_enabled":true,"id":31321011,"profile_background_color":"050505","lang":"en","profile_sidebar_border_color":"FFFFFF","profile_text_color":"381702","verified":false,"profile_image_url":"http://a0.twimg.com/profile_images/378800000418923238/fb2313a88a54f5c4561bb41154e71501_normal.jpeg","time_zone":"Brasilia","url":"http://www.facebook.com/kwizatz","contributors_enabled":false,"profile_background_tile":true,"follow_request_sent":null,"statuses_count":16938,"profile_use_background_image":true,"followers_count":321,"following":null,"default_profile":false,"name":"Ulisses Soares","profile_sidebar_fill_color":"E8E8E8","location":"São Paulo","notifications":null},"favorited":false}