{"in_reply_to_status_id_str":null,"in_reply_to_status_id":null,"possibly_sensitive":false,"coordinates":null,"truncated":false,"in_reply_to_user_id_str":null,"created_at":"Tue Oct 01 22:04:46 +0000 2013","source":"<a href=\"http://www.hootsuite.com\" rel=\"nofollow\">HootSuite<\/a>","retweet_count":0,"retweeted":false,"geo":null,"filter_level":"medium","in_reply_to_screen_name":null,"entities":{"urls":[{"display_url":"ow.ly/i/3iT0Q","indices":[31,53],"expanded_url":"http://ow.ly/i/3iT0Q","url":"http://t.co/xl3wwKCuEV"}],"hashtags":[{"indices":[18,30],"text":"OutubroRosa"}],"user_mentions":[],"symbols":[]},"id_str":"385163403989630977","in_reply_to_user_id":null,"favorite_count":0,"contributors":null,"text":"Dê RT nesta ideia #OutubroRosa http://t.co/xl3wwKCuEV","id":385163403989630977,"place":null,"lang":"pt","user":{"utc_offset":-10800,"friends_count":98,"profile_image_url_https":"https://si0.twimg.com/profile_images/1234554075/a_bbseguros_normal.PNG","profile_background_image_url":"http://a0.twimg.com/profile_background_images/634834263/ci0smlvag50lgrlhs2m5.jpeg","listed_count":621,"default_profile_image":false,"favourites_count":1,"description":"Perfil institucional do BB no Twitter ;)","created_at":"Tue Oct 20 00:04:48 +0000 2009","is_translator":false,"profile_background_image_url_https":"https://si0.twimg.com/profile_background_images/634834263/ci0smlvag50lgrlhs2m5.jpeg","protected":false,"screen_name":"BancodoBrasil","id_str":"83723557","profile_link_color":"035E8F","geo_enabled":true,"id":83723557,"profile_background_color":"FFCC00","lang":"pt","profile_sidebar_border_color":"149BE3","profile_text_color":"000000","verified":false,"profile_image_url":"http://a0.twimg.com/profile_images/1234554075/a_bbseguros_normal.PNG","time_zone":"Brasilia","url":"http://www.bb.com.br","contributors_enabled":false,"profile_background_tile":false,"follow_request_sent":null,"statuses_count":1568,"profile_use_background_image":true,"followers_count":59873,"following":null,"default_profile":false,"name":"Banco do Brasil","profile_sidebar_fill_color":"0099EB","location":"Brasília (DF), Brasil","notifications":null},"favorited":false}