{"in_reply_to_status_id_str":null,"in_reply_to_status_id":null,"possibly_sensitive":false,"coordinates":{"coordinates":[-60.02314344,-3.13369941],"type":"Point"},"truncated":false,"in_reply_to_user_id_str":null,"created_at":"Tue Oct 01 19:54:50 +0000 2013","source":"<a href=\"http://foursquare.com\" rel=\"nofollow\">foursquare<\/a>","retweet_count":0,"retweeted":false,"geo":{"coordinates":[-3.13369941,-60.02314344],"type":"Point"},"filter_level":"medium","in_reply_to_screen_name":null,"entities":{"urls":[{"display_url":"4sq.com/15JdOzI","indices":[62,84],"expanded_url":"http://4sq.com/15JdOzI","url":"http://t.co/OM2FStaDTm"}],"hashtags":[],"user_mentions":[{"indices":[36,42],"screen_name":"CAIXA","id_str":"229191436","name":"CAIXA","id":229191436}],"symbols":[]},"id_str":"385130707951292416","in_reply_to_user_id":null,"favorite_count":0,"contributors":null,"text":"O negocio ta quente aqui ho :-/ (at @Caixa Econômica Federal) http://t.co/OM2FStaDTm","id":385130707951292416,"place":{"country_code":"BR","country":"Brasil","full_name":"Manaus, Amazonas","bounding_box":{"coordinates":[[[-60.802071,-3.221228],[-60.802071,-1.923622],[-59.15858,-1.923622],[-59.15858,-3.221228]]],"type":"Polygon"},"place_type":"city","name":"Manaus","attributes":{},"id":"45e3bce63f2beeee","url":"https://api.twitter.com/1.1/geo/id/45e3bce63f2beeee.json"},"lang":"pt","user":{"utc_offset":null,"friends_count":240,"profile_image_url_https":"https://si0.twimg.com/profile_images/378800000499131826/492f81e0ce367d91a7a162491508d15b_normal.jpeg","profile_background_image_url":"http://abs.twimg.com/images/themes/theme1/bg.png","listed_count":0,"default_profile_image":false,"favourites_count":6,"description":"alegre porém as vezes chato, sincero porém sempre verdadeiro, amigo para todos os momentos , siga me os melhores... faça parte @^^®","created_at":"Tue Oct 23 01:31:34 +0000 2012","is_translator":false,"profile_background_image_url_https":"https://abs.twimg.com/images/themes/theme1/bg.png","protected":false,"screen_name":"_jroliveiraa10","id_str":"898875368","profile_link_color":"0084B4","geo_enabled":true,"id":898875368,"profile_background_color":"C0DEED","lang":"pt","profile_sidebar_border_color":"C0DEED","profile_text_color":"333333","verified":false,"profile_image_url":"http://a0.twimg.com/profile_images/378800000499131826/492f81e0ce367d91a7a162491508d15b_normal.jpeg","time_zone":null,"url":null,"contributors_enabled":false,"profile_banner_url":"https://pbs.twimg.com/profile_banners/898875368/1379654884","profile_background_tile":false,"follow_request_sent":null,"statuses_count":4231,"profile_use_background_image":true,"followers_count":135,"following":null,"default_profile":true,"name":"@ Jr° Oliveira","profile_sidebar_fill_color":"DDEEF6","location":"manaus / amazonas","notifications":null},"favorited":false}