{"in_reply_to_status_id_str":null,"in_reply_to_status_id":null,"coordinates":null,"truncated":false,"in_reply_to_user_id_str":null,"created_at":"Tue Oct 01 20:50:32 +0000 2013","source":"<a href=\"http://twitter.com/download/android\" rel=\"nofollow\">Twitter for Android<\/a>","retweet_count":0,"retweeted":false,"geo":null,"filter_level":"medium","in_reply_to_screen_name":null,"entities":{"urls":[],"hashtags":[],"user_mentions":[{"indices":[16,23],"screen_name":"digaoi","id_str":"17487043","name":"Diga Oi!","id":17487043}],"symbols":[]},"id_str":"385144723947917312","in_reply_to_user_id":null,"favorite_count":0,"contributors":null,"text":"Que passa com a @digaoi? Tá parecendo a GVT. Internet pífia.","id":385144723947917312,"place":null,"lang":"pt","user":{"utc_offset":-10800,"friends_count":103,"profile_image_url_https":"https://si0.twimg.com/profile_images/3307565344/3e19dff59e0bb12814500c104534fe7e_normal.jpeg","profile_background_image_url":"http://a0.twimg.com/profile_background_images/104112442/quadroFotos_copy1.jpg","listed_count":17,"default_profile_image":false,"favourites_count":31,"description":"Sem reclamações constantes sobre a vida. Reclamações sobre todo o resto são frequentes. Possivelmente falarei de futebol.","created_at":"Sun Mar 29 16:17:51 +0000 2009","is_translator":false,"profile_background_image_url_https":"https://si0.twimg.com/profile_background_images/104112442/quadroFotos_copy1.jpg","protected":false,"screen_name":"semivinicius","id_str":"27450943","profile_link_color":"DD5563","geo_enabled":true,"id":27450943,"profile_background_color":"000000","lang":"en","profile_sidebar_border_color":"816F46","profile_text_color":"2B0C13","verified":false,"profile_image_url":"http://a0.twimg.com/profile_images/3307565344/3e19dff59e0bb12814500c104534fe7e_normal.jpeg","time_zone":"Brasilia","url":"http://about.me/semivinicius","contributors_enabled":false,"profile_banner_url":"https://pbs.twimg.com/profile_banners/27450943/1354130579","profile_background_tile":true,"follow_request_sent":null,"statuses_count":52614,"profile_use_background_image":false,"followers_count":561,"following":null,"default_profile":false,"name":"Vinícius Magalhães","profile_sidebar_fill_color":"DDEEF6","location":"Salvador, Bahia. Brasil","notifications":null},"favorited":false}