{"in_reply_to_status_id_str":null,"in_reply_to_status_id":null,"coordinates":null,"truncated":false,"in_reply_to_user_id_str":null,"created_at":"Tue Oct 01 19:27:15 +0000 2013","source":"<a href=\"http://www.echofon.com/\" rel=\"nofollow\">Echofon<\/a>","retweet_count":0,"retweeted":false,"geo":null,"filter_level":"medium","in_reply_to_screen_name":null,"entities":{"urls":[],"hashtags":[],"user_mentions":[{"indices":[61,66],"screen_name":"itau","id_str":"179398386","name":"Itaú","id":179398386}],"symbols":[]},"id_str":"385123763719012352","in_reply_to_user_id":null,"favorite_count":0,"contributors":null,"text":"É só comigo que sumiu o leitor de código de barras da app do @itau ?","id":385123763719012352,"place":null,"lang":"pt","user":{"utc_offset":-10800,"friends_count":364,"profile_image_url_https":"https://si0.twimg.com/profile_images/54094717/tapa-im2_normal.jpg","profile_background_image_url":"http://a0.twimg.com/profile_background_images/502533690/Enduro_de_Guapimirim_2010_-_0002.JPG","listed_count":170,"default_profile_image":false,"favourites_count":2,"description":"Senior software engineer at LivingSocial","created_at":"Mon May 12 20:16:47 +0000 2008","is_translator":false,"profile_background_image_url_https":"https://si0.twimg.com/profile_background_images/502533690/Enduro_de_Guapimirim_2010_-_0002.JPG","protected":false,"screen_name":"tapajos","id_str":"14749110","profile_link_color":"009999","geo_enabled":true,"id":14749110,"profile_background_color":"131516","lang":"en","profile_sidebar_border_color":"C0DEED","profile_text_color":"333333","verified":false,"profile_image_url":"http://a0.twimg.com/profile_images/54094717/tapa-im2_normal.jpg","time_zone":"Brasilia","url":"http://tapajos.me","contributors_enabled":false,"profile_background_tile":false,"follow_request_sent":null,"statuses_count":15229,"profile_use_background_image":false,"followers_count":2296,"following":null,"default_profile":false,"name":"Marcos Tapajós","profile_sidebar_fill_color":"DDEEF6","location":"","notifications":null},"favorited":false}