{"in_reply_to_status_id_str":null,"in_reply_to_status_id":null,"coordinates":null,"truncated":false,"in_reply_to_user_id_str":"43218789","created_at":"Tue Oct 01 19:18:38 +0000 2013","source":"web","retweet_count":0,"retweeted":false,"geo":null,"filter_level":"medium","in_reply_to_screen_name":"Vivoemrede","entities":{"urls":[],"hashtags":[],"user_mentions":[{"indices":[0,11],"screen_name":"Vivoemrede","id_str":"43218789","name":"Vivo em Rede","id":43218789}],"symbols":[]},"id_str":"385121594688819200","in_reply_to_user_id":43218789,"favorite_count":0,"contributors":null,"text":"@Vivoemrede Eu paguei a minha conta mas vocês não identificaram o pagamento, tem que ligar na central?","id":385121594688819200,"place":null,"lang":"pt","user":{"utc_offset":-10800,"friends_count":294,"profile_image_url_https":"https://si0.twimg.com/profile_images/378800000188868208/13017356ad72cca0f56756919fe1ca5c_normal.jpeg","profile_background_image_url":"http://a0.twimg.com/profile_background_images/378800000050765665/834a662799343323b1bd022b8457fc77.jpeg","listed_count":388,"default_profile_image":false,"favourites_count":5,"description":"Preciso de dias com 30 horas.","created_at":"Wed Jun 24 18:00:13 +0000 2009","is_translator":false,"profile_background_image_url_https":"https://si0.twimg.com/profile_background_images/378800000050765665/834a662799343323b1bd022b8457fc77.jpeg","protected":false,"screen_name":"Mari_Graciolli","id_str":"50380835","profile_link_color":"D02B55","geo_enabled":true,"id":50380835,"profile_background_color":"BDB5B3","lang":"pt","profile_sidebar_border_color":"FFFFFF","profile_text_color":"DB6995","verified":false,"profile_image_url":"http://a0.twimg.com/profile_images/378800000188868208/13017356ad72cca0f56756919fe1ca5c_normal.jpeg","time_zone":"Brasilia","url":"http://about.me/marigraciolli","contributors_enabled":false,"profile_banner_url":"https://pbs.twimg.com/profile_banners/50380835/1376413737","profile_background_tile":false,"follow_request_sent":null,"statuses_count":77743,"profile_use_background_image":true,"followers_count":39384,"following":null,"default_profile":false,"name":"Mariana Graciolli","profile_sidebar_fill_color":"2D1E29","location":"","notifications":null},"favorited":false}