{"in_reply_to_status_id_str":null,"in_reply_to_status_id":null,"coordinates":null,"truncated":false,"in_reply_to_user_id_str":null,"created_at":"Tue Oct 01 23:43:09 +0000 2013","source":"web","retweet_count":0,"retweeted":false,"geo":null,"filter_level":"medium","in_reply_to_screen_name":null,"entities":{"urls":[],"hashtags":[{"indices":[86,119],"text":"QUEREMOSASSISTIROOJOGONOCANAL131"}],"user_mentions":[{"indices":[24,36],"screen_name":"SKYresponde","id_str":"324945570","name":"SKY Responde","id":324945570},{"indices":[37,47],"screen_name":"skybrasil","id_str":"16725545","name":"SKY Brasil","id":16725545}],"symbols":[]},"id_str":"385188162353393664","in_reply_to_user_id":null,"favorite_count":0,"contributors":null,"text":"cade a satisfação com a @SKYresponde @skybrasil ??? cade o respeito com os usuario??? #QUEREMOSASSISTIROOJOGONOCANAL131","id":385188162353393664,"place":null,"lang":"pt","user":{"utc_offset":-10800,"friends_count":84,"profile_image_url_https":"https://si0.twimg.com/profile_images/2162353134/euSPORT_normal.JPG","profile_background_image_url":"http://a0.twimg.com/profile_background_images/536513780/jogoSPORT.jpg","listed_count":1,"default_profile_image":false,"favourites_count":17,"description":"Sou desenvolvedor, sou apaixonado por Daiana e sou Rubro-Negro da Ilha do Retiro... sujeito apolítico! #PST","created_at":"Tue Aug 02 20:49:39 +0000 2011","is_translator":false,"profile_background_image_url_https":"https://si0.twimg.com/profile_background_images/536513780/jogoSPORT.jpg","protected":false,"screen_name":"flaviotbleite","id_str":"347460567","profile_link_color":"0084B4","geo_enabled":true,"id":347460567,"profile_background_color":"3F4345","lang":"pt","profile_sidebar_border_color":"C0DEED","profile_text_color":"333333","verified":false,"profile_image_url":"http://a0.twimg.com/profile_images/2162353134/euSPORT_normal.JPG","time_zone":"Brasilia","url":null,"contributors_enabled":false,"profile_background_tile":true,"follow_request_sent":null,"statuses_count":1274,"profile_use_background_image":true,"followers_count":54,"following":null,"default_profile":false,"name":"Flávio Leite","profile_sidebar_fill_color":"DDEEF6","location":"Recife","notifications":null},"favorited":false}