{"in_reply_to_status_id_str":null,"in_reply_to_status_id":null,"coordinates":null,"truncated":false,"in_reply_to_user_id_str":null,"created_at":"Tue Oct 01 21:40:39 +0000 2013","source":"<a href=\"http://twitter.com/download/android\" rel=\"nofollow\">Twitter for Android<\/a>","retweet_count":0,"retweeted":false,"geo":null,"filter_level":"medium","in_reply_to_screen_name":null,"entities":{"urls":[],"hashtags":[{"indices":[22,26],"text":"mtv"},{"indices":[31,40],"text":"maedinah"},{"indices":[84,94],"text":"skybrasil"}],"user_mentions":[],"symbols":[]},"id_str":"385157336593346561","in_reply_to_user_id":null,"favorite_count":0,"contributors":null,"text":"A primeira atração da #mtv é a #maedinah começou mal hein...já vi na programação da #skybrasil que vai ter fiuk, vish, tá difícil...","id":385157336593346561,"place":null,"lang":"pt","user":{"utc_offset":-10800,"friends_count":104,"profile_image_url_https":"https://si0.twimg.com/profile_images/1507285291/Face_normal.jpg","profile_background_image_url":"http://a0.twimg.com/profile_background_images/198611388/P8290082.JPG","listed_count":0,"default_profile_image":false,"favourites_count":27,"description":"Ex animador de festas, ex telemarketing, ex Help- desk e agora ...\r\nEstudante de Processos de Produção, e perdido por essas bandas.","created_at":"Mon Jul 27 01:50:44 +0000 2009","is_translator":false,"profile_background_image_url_https":"https://si0.twimg.com/profile_background_images/198611388/P8290082.JPG","protected":false,"screen_name":"thiagoguirra","id_str":"60454601","profile_link_color":"088253","geo_enabled":false,"id":60454601,"profile_background_color":"477540","lang":"en","profile_sidebar_border_color":"FFC30D","profile_text_color":"DB2348","verified":false,"profile_image_url":"http://a0.twimg.com/profile_images/1507285291/Face_normal.jpg","time_zone":"Brasilia","url":null,"contributors_enabled":false,"profile_background_tile":true,"follow_request_sent":null,"statuses_count":2097,"profile_use_background_image":true,"followers_count":43,"following":null,"default_profile":false,"name":"Thiago Guirra","profile_sidebar_fill_color":"F5F0F5","location":"Casa","notifications":null},"favorited":false}