{"in_reply_to_status_id_str":"385135516800528384","in_reply_to_status_id":385135516800528384,"coordinates":null,"truncated":false,"in_reply_to_user_id_str":"22885574","created_at":"Tue Oct 01 20:40:48 +0000 2013","source":"<a href=\"http://twitter.com/download/iphone\" rel=\"nofollow\">Twitter for iPhone<\/a>","retweet_count":0,"retweeted":false,"geo":null,"filter_level":"medium","in_reply_to_screen_name":"LeoJaime","entities":{"urls":[],"hashtags":[],"user_mentions":[{"indices":[0,9],"screen_name":"LeoJaime","id_str":"22885574","name":"Leo Jaime","id":22885574},{"indices":[10,15],"screen_name":"vivo","id_str":"8451242","name":"vivo","id":8451242}],"symbols":[]},"id_str":"385142274755399680","in_reply_to_user_id":22885574,"favorite_count":0,"contributors":null,"text":"@LeoJaime @vivo o atendimento e tlmkt da vivo e uma merda! Pago e sou cobrada todo mês!","id":385142274755399680,"place":null,"lang":"pt","user":{"utc_offset":-7200,"friends_count":66,"profile_image_url_https":"https://si0.twimg.com/profile_images/378800000531644501/e828b44a91c8bb4c7f467ad2d26b2696_normal.jpeg","profile_background_image_url":"http://a0.twimg.com/profile_background_images/68066994/minhaFoto.jpg","listed_count":1,"default_profile_image":false,"favourites_count":1,"description":null,"created_at":"Mon Dec 07 15:24:21 +0000 2009","is_translator":false,"profile_background_image_url_https":"https://si0.twimg.com/profile_background_images/68066994/minhaFoto.jpg","protected":false,"screen_name":"manpera","id_str":"95219826","profile_link_color":"B40B43","geo_enabled":false,"id":95219826,"profile_background_color":"FF6699","lang":"pt","profile_sidebar_border_color":"CC3366","profile_text_color":"362720","verified":false,"profile_image_url":"http://a0.twimg.com/profile_images/378800000531644501/e828b44a91c8bb4c7f467ad2d26b2696_normal.jpeg","time_zone":"Greenland","url":null,"contributors_enabled":false,"profile_banner_url":"https://pbs.twimg.com/profile_banners/95219826/1380589488","profile_background_tile":false,"follow_request_sent":null,"statuses_count":131,"profile_use_background_image":true,"followers_count":17,"following":null,"default_profile":false,"name":"Amanda Perazzelli","profile_sidebar_fill_color":"E5507E","location":"","notifications":null},"favorited":false}