{"in_reply_to_status_id_str":"385199317331349504","in_reply_to_status_id":385199317331349504,"coordinates":null,"truncated":false,"in_reply_to_user_id_str":"48421169","created_at":"Wed Oct 02 00:55:13 +0000 2013","source":"web","retweet_count":0,"retweeted":false,"geo":null,"filter_level":"medium","in_reply_to_screen_name":"JuLops","entities":{"urls":[],"hashtags":[],"user_mentions":[{"indices":[54,61],"screen_name":"JuLops","id_str":"48421169","name":"Juliana Lopes","id":48421169}],"symbols":[]},"id_str":"385206298687463424","in_reply_to_user_id":48421169,"favorite_count":0,"contributors":null,"text":"A nova MTV já está no ar! Está curtindo a programação @JuLops?","id":385206298687463424,"place":null,"lang":"pt","user":{"utc_offset":-10800,"friends_count":14130,"profile_image_url_https":"https://si0.twimg.com/profile_images/3064764816/2ce6a70fa1732bccabd85cfbe8ffc057_normal.jpeg","profile_background_image_url":"http://a0.twimg.com/profile_background_images/755243492/71c375d518c9ae0cb83b46cda507a846.jpeg","listed_count":85,"default_profile_image":false,"favourites_count":61,"description":"Bem-vindo ao perfil oficial de atendimento da SKY Brasil. Estamos aqui para tirar as dúvidas e ajudar no que for preciso. SKY HDTV É ISSO!","created_at":"Mon Jun 27 13:44:31 +0000 2011","is_translator":false,"profile_background_image_url_https":"https://si0.twimg.com/profile_background_images/755243492/71c375d518c9ae0cb83b46cda507a846.jpeg","protected":false,"screen_name":"SKYresponde","id_str":"324945570","profile_link_color":"AD0C0C","geo_enabled":false,"id":324945570,"profile_background_color":"AD0C0C","lang":"pt","profile_sidebar_border_color":"FFFFFF","profile_text_color":"333333","verified":false,"profile_image_url":"http://a0.twimg.com/profile_images/3064764816/2ce6a70fa1732bccabd85cfbe8ffc057_normal.jpeg","time_zone":"Brasilia","url":"http://www.sky.com.br","contributors_enabled":false,"profile_banner_url":"https://pbs.twimg.com/profile_banners/324945570/1357315302","profile_background_tile":true,"follow_request_sent":null,"statuses_count":192463,"profile_use_background_image":true,"followers_count":18044,"following":null,"default_profile":false,"name":"SKY Responde","profile_sidebar_fill_color":"DDEEF6","location":"","notifications":null},"favorited":false}