{"in_reply_to_status_id_str":null,"in_reply_to_status_id":null,"coordinates":null,"truncated":false,"in_reply_to_user_id_str":"83723557","created_at":"Wed Oct 02 01:01:41 +0000 2013","source":"<a href=\"http://janetter.net/\" rel=\"nofollow\">Janetter<\/a>","retweet_count":0,"retweeted":false,"geo":null,"filter_level":"medium","in_reply_to_screen_name":"BancodoBrasil","entities":{"urls":[],"hashtags":[],"user_mentions":[{"indices":[0,14],"screen_name":"BancodoBrasil","id_str":"83723557","name":"Banco do Brasil","id":83723557}],"symbols":[]},"id_str":"385207926555959296","in_reply_to_user_id":83723557,"favorite_count":0,"contributors":null,"text":"@BancodoBrasil uma sugestão: chat online no site do banco, para tirar dúvidas simples dos correntistas.","id":385207926555959296,"place":null,"lang":"pt","user":{"utc_offset":-10800,"friends_count":1602,"profile_image_url_https":"https://si0.twimg.com/profile_images/2368520200/mm5jizk6tfygp3wzp8rp_normal.jpeg","profile_background_image_url":"http://a0.twimg.com/profile_background_images/551376229/PQAAAA68Oz1utUAciigiAZeZk38syBkJBsWsXxCZXwp0t7c-cngYNKnqHwMlRpHiKN_y0mb2I2NGSwVCZCqEfk9wsyQAm1T1UJbqntfq9NqZbcuVLdxA5vPNMSFI.jpg","listed_count":97,"default_profile_image":false,"favourites_count":436,"description":"Um rapaz simpático, agradável, no entanto perde seu tempo com bobagens.","created_at":"Fri Nov 09 19:54:39 +0000 2007","is_translator":false,"profile_background_image_url_https":"https://si0.twimg.com/profile_background_images/551376229/PQAAAA68Oz1utUAciigiAZeZk38syBkJBsWsXxCZXwp0t7c-cngYNKnqHwMlRpHiKN_y0mb2I2NGSwVCZCqEfk9wsyQAm1T1UJbqntfq9NqZbcuVLdxA5vPNMSFI.jpg","protected":false,"screen_name":"wag","id_str":"10108592","profile_link_color":"2FC2EF","geo_enabled":true,"id":10108592,"profile_background_color":"1A1B1F","lang":"en","profile_sidebar_border_color":"181A1E","profile_text_color":"000000","verified":false,"profile_image_url":"http://a0.twimg.com/profile_images/2368520200/mm5jizk6tfygp3wzp8rp_normal.jpeg","time_zone":"Brasilia","url":"http://www.blablaismo.com.br","contributors_enabled":false,"profile_banner_url":"https://pbs.twimg.com/profile_banners/10108592/1350792115","profile_background_tile":false,"follow_request_sent":null,"statuses_count":106840,"profile_use_background_image":true,"followers_count":1681,"following":null,"default_profile":false,"name":"Wagner Brito","profile_sidebar_fill_color":"FFFFFF","location":"Rio Claro, SP, Brasil","notifications":null},"favorited":false}