{"in_reply_to_status_id_str":"385198007102087168","in_reply_to_status_id":385198007102087168,"coordinates":null,"truncated":false,"in_reply_to_user_id_str":"32931395","created_at":"Wed Oct 02 00:35:44 +0000 2013","source":"web","retweet_count":0,"retweeted":false,"geo":null,"filter_level":"medium","in_reply_to_screen_name":"marciofla","entities":{"urls":[],"hashtags":[],"user_mentions":[{"indices":[0,10],"screen_name":"marciofla","id_str":"32931395","name":"marcio coimbra","id":32931395},{"indices":[11,21],"screen_name":"skybrasil","id_str":"16725545","name":"SKY Brasil","id":16725545}],"symbols":[]},"id_str":"385201398960230401","in_reply_to_user_id":32931395,"favorite_count":0,"contributors":null,"text":"@marciofla @skybrasil Marcio, só a SKY retirou esse canal, as demais continuam com a nova MTV e o VH1.","id":385201398960230401,"place":null,"lang":"pt","user":{"utc_offset":-10800,"friends_count":134,"profile_image_url_https":"https://si0.twimg.com/profile_images/378800000003038108/d3added60cfc0217c64ca83aad701a94_normal.png","profile_background_image_url":"http://a0.twimg.com/profile_background_images/378800000054567675/f48af3f6aef1a9a84d52eb8fd6127d87.jpeg","listed_count":8,"default_profile_image":false,"favourites_count":3,"description":"Assinantes da SKY. Novidades sobre a programação, sobre a tecnologia SKY, inclusão e exclusão de canais, debates sobre a SKY.","created_at":"Tue Sep 18 01:52:03 +0000 2012","is_translator":false,"profile_background_image_url_https":"https://si0.twimg.com/profile_background_images/378800000054567675/f48af3f6aef1a9a84d52eb8fd6127d87.jpeg","protected":false,"screen_name":"AssinantesSKY","id_str":"830180077","profile_link_color":"FF0000","geo_enabled":false,"id":830180077,"profile_background_color":"FF0000","lang":"pt","profile_sidebar_border_color":"FFFFFF","profile_text_color":"333333","verified":false,"profile_image_url":"http://a0.twimg.com/profile_images/378800000003038108/d3added60cfc0217c64ca83aad701a94_normal.png","time_zone":"Brasilia","url":"http://skybrasil.forumeiro.org","contributors_enabled":false,"profile_banner_url":"https://pbs.twimg.com/profile_banners/830180077/1352930257","profile_background_tile":true,"follow_request_sent":null,"statuses_count":1591,"profile_use_background_image":true,"followers_count":715,"following":null,"default_profile":false,"name":"SKY News","profile_sidebar_fill_color":"DDEEF6","location":"Brazil","notifications":null},"favorited":false}