{"in_reply_to_status_id_str":null,"in_reply_to_status_id":null,"coordinates":null,"truncated":false,"in_reply_to_user_id_str":null,"created_at":"Wed Oct 02 02:09:53 +0000 2013","source":"<a href=\"http://twitter.com/download/iphone\" rel=\"nofollow\">Twitter for iPhone<\/a>","retweet_count":0,"retweeted":false,"geo":null,"filter_level":"medium","in_reply_to_screen_name":null,"entities":{"urls":[],"hashtags":[],"user_mentions":[{"indices":[58,72],"screen_name":"BancodoBrasil","id_str":"83723557","name":"Banco do Brasil","id":83723557}],"symbols":[]},"id_str":"385225091619233792","in_reply_to_user_id":null,"favorite_count":0,"contributors":null,"text":"Gastei meus créditos de todos meus chips para falar com o @BancodoBrasil e adivinha? NADAAAAAA! E adivinha? continuo sem meu cartão!","id":385225091619233792,"place":null,"lang":"pt","user":{"utc_offset":-10800,"friends_count":192,"profile_image_url_https":"https://si0.twimg.com/profile_images/378800000113207724/686043b20e298fead926d6349e11f8bd_normal.jpeg","profile_background_image_url":"http://a0.twimg.com/profile_background_images/831300791/18a6c22e66e5d0db018cc68f834abc9b.gif","listed_count":26,"default_profile_image":false,"favourites_count":193,"description":"Sou como você me vê. Posso ser leve como uma brisa ou forte como uma ventania, Depende de quando e como você me vê passar.","created_at":"Fri Jul 31 01:11:52 +0000 2009","is_translator":false,"profile_background_image_url_https":"https://si0.twimg.com/profile_background_images/831300791/18a6c22e66e5d0db018cc68f834abc9b.gif","protected":false,"screen_name":"EsteellaDresch","id_str":"61651793","profile_link_color":"E62222","geo_enabled":true,"id":61651793,"profile_background_color":"674669","lang":"en","profile_sidebar_border_color":"FFFFFF","profile_text_color":"DE6867","verified":false,"profile_image_url":"http://a0.twimg.com/profile_images/378800000113207724/686043b20e298fead926d6349e11f8bd_normal.jpeg","time_zone":"Brasilia","url":"http://meadiciona.com/estellatd","contributors_enabled":false,"profile_banner_url":"https://pbs.twimg.com/profile_banners/61651793/1364828794","profile_background_tile":true,"follow_request_sent":null,"statuses_count":32834,"profile_use_background_image":true,"followers_count":680,"following":null,"default_profile":false,"name":"was it real?","profile_sidebar_fill_color":"F0BA7E","location":"Mato Grosso do Sul","notifications":null},"favorited":false}