{"in_reply_to_status_id_str":null,"in_reply_to_status_id":null,"coordinates":null,"truncated":false,"in_reply_to_user_id_str":null,"created_at":"Wed Oct 02 01:33:32 +0000 2013","source":"<a href=\"http://twitter.com/download/iphone\" rel=\"nofollow\">Twitter for iPhone<\/a>","retweet_count":0,"retweeted":false,"geo":null,"filter_level":"medium","in_reply_to_screen_name":null,"entities":{"urls":[],"hashtags":[],"user_mentions":[],"symbols":[]},"id_str":"385215942923673600","in_reply_to_user_id":null,"favorite_count":0,"contributors":null,"text":"Tipo: #oi#tudobem#dialegal#soquenao D:","id":385215942923673600,"place":null,"lang":"es","user":{"utc_offset":-10800,"friends_count":102,"profile_image_url_https":"https://si0.twimg.com/profile_images/378800000101715432/9b58b7f3b347ecf2ae1eb517cd4d0d28_normal.jpeg","profile_background_image_url":"http://a0.twimg.com/profile_background_images/621166647/vahaz329dfhpvx570xy6.jpeg","listed_count":1,"default_profile_image":false,"favourites_count":2,"description":"Então, que seja doce. Repito todas as manhãs, ao abrir as janelas para deixar entrar o sol ou o cinza dos dias, bem assim: que seja doce.","created_at":"Wed Aug 04 13:59:12 +0000 2010","is_translator":false,"profile_background_image_url_https":"https://si0.twimg.com/profile_background_images/621166647/vahaz329dfhpvx570xy6.jpeg","protected":false,"screen_name":"mandyalves90","id_str":"174661126","profile_link_color":"8F79B8","geo_enabled":true,"id":174661126,"profile_background_color":"CFE6E0","lang":"en","profile_sidebar_border_color":"991695","profile_text_color":"FFFFFF","verified":false,"profile_image_url":"http://a0.twimg.com/profile_images/378800000101715432/9b58b7f3b347ecf2ae1eb517cd4d0d28_normal.jpeg","time_zone":"Santiago","url":"http://make-it-happens.tumblr.com/","contributors_enabled":false,"profile_background_tile":true,"follow_request_sent":null,"statuses_count":13913,"profile_use_background_image":true,"followers_count":183,"following":null,"default_profile":false,"name":"Amanda Castro.","profile_sidebar_fill_color":"99CC33","location":"Apucarana","notifications":null},"favorited":false}