{"in_reply_to_status_id_str":null,"in_reply_to_status_id":null,"coordinates":null,"truncated":false,"in_reply_to_user_id_str":null,"created_at":"Wed Oct 02 00:31:38 +0000 2013","source":"<a href=\"http://twitter.com/download/iphone\" rel=\"nofollow\">Twitter for iPhone<\/a>","retweet_count":0,"retweeted":false,"geo":null,"filter_level":"medium","in_reply_to_screen_name":null,"entities":{"urls":[],"hashtags":[],"user_mentions":[{"indices":[18,25],"screen_name":"digaoi","id_str":"17487043","name":"Diga Oi!","id":17487043}],"symbols":[]},"id_str":"385200365744168960","in_reply_to_user_id":null,"favorite_count":0,"contributors":null,"text":"E pelo telefone o @digaoi não resolve nada, só me resta (como sempre) reclamar no twitter, o lerdox como sempre lento","id":385200365744168960,"place":null,"lang":"pt","user":{"utc_offset":-10800,"friends_count":100,"profile_image_url_https":"https://si0.twimg.com/profile_images/378800000064253022/d6cdfa6e74ce4cfbd402f84ad68ad4a1_normal.jpeg","profile_background_image_url":"http://a0.twimg.com/profile_background_images/338185921/x_-_C_pia.jpg","listed_count":16,"default_profile_image":false,"favourites_count":0,"description":"Serial killer mental!","created_at":"Sat Oct 17 16:37:35 +0000 2009","is_translator":false,"profile_background_image_url_https":"https://si0.twimg.com/profile_background_images/338185921/x_-_C_pia.jpg","protected":false,"screen_name":"patriciacristhi","id_str":"83168826","profile_link_color":"FF0DDB","geo_enabled":false,"id":83168826,"profile_background_color":"000000","lang":"en","profile_sidebar_border_color":"FFFFFF","profile_text_color":"9C1AED","verified":false,"profile_image_url":"http://a0.twimg.com/profile_images/378800000064253022/d6cdfa6e74ce4cfbd402f84ad68ad4a1_normal.jpeg","time_zone":"Brasilia","url":null,"contributors_enabled":false,"profile_banner_url":"https://pbs.twimg.com/profile_banners/83168826/1372379474","profile_background_tile":true,"follow_request_sent":null,"statuses_count":16470,"profile_use_background_image":true,"followers_count":212,"following":null,"default_profile":false,"name":"Patty, A Feia ","profile_sidebar_fill_color":"FABDFF","location":"Roça  ","notifications":null},"favorited":false}