{"in_reply_to_status_id_str":null,"in_reply_to_status_id":null,"coordinates":null,"truncated":false,"in_reply_to_user_id_str":null,"created_at":"Wed Oct 02 06:30:38 +0000 2013","source":"<a href=\"http://twitter.com/download/android\" rel=\"nofollow\">Twitter for Android<\/a>","retweet_count":0,"retweeted":false,"geo":null,"filter_level":"medium","in_reply_to_screen_name":null,"entities":{"urls":[],"hashtags":[{"indices":[33,36],"text":"oi"}],"user_mentions":[],"symbols":[]},"id_str":"385290712381947904","in_reply_to_user_id":null,"favorite_count":0,"contributors":null,"text":"Vou fazer portabilidade porque a #oi não sabe o que é smartphone.","id":385290712381947904,"place":null,"lang":"pt","user":{"utc_offset":-10800,"friends_count":270,"profile_image_url_https":"https://si0.twimg.com/profile_images/378800000139196913/0325b30813272b82cab29af410787b36_normal.jpeg","profile_background_image_url":"http://a0.twimg.com/profile_background_images/241325811/music-1.jpg","listed_count":6,"default_profile_image":false,"favourites_count":88,"description":"Deus sabe todos os fatos, mas não essa versão dos fatos!\nhttp://pt.flavors.me/pgustavo","created_at":"Thu Mar 05 21:43:28 +0000 2009","is_translator":false,"profile_background_image_url_https":"https://si0.twimg.com/profile_background_images/241325811/music-1.jpg","protected":false,"screen_name":"PGustavo","id_str":"22984140","profile_link_color":"49CF14","geo_enabled":true,"id":22984140,"profile_background_color":"352726","lang":"pt","profile_sidebar_border_color":"829D5E","profile_text_color":"000000","verified":false,"profile_image_url":"http://a0.twimg.com/profile_images/378800000139196913/0325b30813272b82cab29af410787b36_normal.jpeg","time_zone":"Brasilia","url":"http://meadiciona.com/paulogustavo85","contributors_enabled":false,"profile_background_tile":true,"follow_request_sent":null,"statuses_count":13237,"profile_use_background_image":true,"followers_count":236,"following":null,"default_profile":false,"name":"Paulo Gustavo™","profile_sidebar_fill_color":"FFFFFF","location":"Fortaleza - CE","notifications":null},"favorited":false}