{"in_reply_to_status_id_str":null,"in_reply_to_status_id":null,"coordinates":null,"truncated":false,"in_reply_to_user_id_str":null,"created_at":"Wed Oct 02 06:32:24 +0000 2013","source":"<a href=\"http://www.facebook.com/twitter\" rel=\"nofollow\">Facebook<\/a>","retweet_count":0,"retweeted":false,"geo":null,"filter_level":"medium","in_reply_to_screen_name":null,"entities":{"urls":[],"hashtags":[{"indices":[8,13],"text":"VIVO"},{"indices":[17,21],"text":"TIM"},{"indices":[25,31],"text":"CLARO"},{"indices":[37,40],"text":"OI"},{"indices":[63,81],"text":"CentroDeGuarulhos"}],"user_mentions":[],"symbols":[]},"id_str":"385291153576591360","in_reply_to_user_id":null,"favorite_count":0,"contributors":null,"text":"CHIP DA #VIVO DA #TIM DA #CLARO E DA #OI . . .  SÓ QUEM VAI NO #CentroDeGuarulhos sabe . . .","id":385291153576591360,"place":null,"lang":"pt","user":{"utc_offset":-7200,"friends_count":559,"profile_image_url_https":"https://si0.twimg.com/profile_images/378800000248723185/1a70a41fba17c81a2da272cc08067d36_normal.jpeg","profile_background_image_url":"http://a0.twimg.com/profile_background_images/378800000045550302/7eec3d6e1b4b9428ecb4e098b8f637bc.jpeg","listed_count":16,"default_profile_image":false,"favourites_count":21,"description":"Os invejosos vem.\r\nTestar a minha Fé.\r\nEu renasci das cinzas.\r\nDeus que me boto de pé ♪ ♪","created_at":"Sun Jul 25 23:49:32 +0000 2010","is_translator":false,"profile_background_image_url_https":"https://si0.twimg.com/profile_background_images/378800000045550302/7eec3d6e1b4b9428ecb4e098b8f637bc.jpeg","protected":false,"screen_name":"Pikena_Mafiosa","id_str":"170862380","profile_link_color":"000ACC","geo_enabled":false,"id":170862380,"profile_background_color":"FF4FE5","lang":"pt","profile_sidebar_border_color":"000000","profile_text_color":"3D1957","verified":false,"profile_image_url":"http://a0.twimg.com/profile_images/378800000248723185/1a70a41fba17c81a2da272cc08067d36_normal.jpeg","time_zone":"Mid-Atlantic","url":null,"contributors_enabled":false,"profile_banner_url":"https://pbs.twimg.com/profile_banners/170862380/1373343768","profile_background_tile":true,"follow_request_sent":null,"statuses_count":8069,"profile_use_background_image":true,"followers_count":239,"following":null,"default_profile":false,"name":"♔★Dançarina Píìkєηα∞","profile_sidebar_fill_color":"7AC3EE","location":"","notifications":null},"favorited":false}