{"in_reply_to_status_id_str":null,"in_reply_to_status_id":null,"coordinates":null,"truncated":false,"in_reply_to_user_id_str":"324945570","created_at":"Wed Oct 02 00:45:35 +0000 2013","source":"<a href=\"https://mobile.twitter.com\" rel=\"nofollow\">Mobile Web (M2)<\/a>","retweet_count":0,"retweeted":false,"geo":null,"filter_level":"medium","in_reply_to_screen_name":"SKYresponde","entities":{"urls":[],"hashtags":[],"user_mentions":[{"indices":[0,12],"screen_name":"SKYresponde","id_str":"324945570","name":"SKY Responde","id":324945570}],"symbols":[]},"id_str":"385203875047018496","in_reply_to_user_id":324945570,"favorite_count":0,"contributors":null,"text":"@SKYresponde estou sem sinal..poderia olhar isso pra mim, obg.","id":385203875047018496,"place":null,"lang":"pt","user":{"utc_offset":-7200,"friends_count":213,"profile_image_url_https":"https://si0.twimg.com/profile_images/2624773105/xe05xingev0eh6ywksyk_normal.jpeg","profile_background_image_url":"http://abs.twimg.com/images/themes/theme18/bg.gif","listed_count":9,"default_profile_image":false,"favourites_count":12,"description":"Arquitetura, Moda. 16 anos. Bruta.","created_at":"Fri Sep 25 22:34:48 +0000 2009","is_translator":false,"profile_background_image_url_https":"https://abs.twimg.com/images/themes/theme18/bg.gif","protected":false,"screen_name":"Oncinharibeiro","id_str":"77328823","profile_link_color":"038543","geo_enabled":true,"id":77328823,"profile_background_color":"ACDED6","lang":"pt","profile_sidebar_border_color":"EEEEEE","profile_text_color":"333333","verified":false,"profile_image_url":"http://a0.twimg.com/profile_images/2624773105/xe05xingev0eh6ywksyk_normal.jpeg","time_zone":"Greenland","url":null,"contributors_enabled":false,"profile_background_tile":false,"follow_request_sent":null,"statuses_count":4543,"profile_use_background_image":true,"followers_count":355,"following":null,"default_profile":false,"name":"Rayssa Pessoa","profile_sidebar_fill_color":"F6F6F6","location":"parnaiba - pi ;]","notifications":null},"favorited":false}