{"in_reply_to_status_id_str":"385236941559828481","in_reply_to_status_id":385236941559828481,"coordinates":null,"truncated":false,"in_reply_to_user_id_str":"56806122","created_at":"Wed Oct 02 03:02:21 +0000 2013","source":"web","retweet_count":0,"retweeted":false,"geo":null,"filter_level":"medium","in_reply_to_screen_name":"Renato_monteiro","entities":{"urls":[],"hashtags":[{"indices":[18,32],"text":"sorriagoiania"},{"indices":[33,36],"text":"oi"}],"user_mentions":[{"indices":[0,16],"screen_name":"Renato_monteiro","id_str":"56806122","name":"Renato Monteiro","id":56806122}],"symbols":[]},"id_str":"385238293215854593","in_reply_to_user_id":56806122,"favorite_count":0,"contributors":null,"text":"@Renato_monteiro  #sorriagoiania #oi!tenta?","id":385238293215854593,"place":null,"lang":"pt","user":{"utc_offset":null,"friends_count":71,"profile_image_url_https":"https://abs.twimg.com/sticky/default_profile_images/default_profile_0_normal.png","profile_background_image_url":"http://abs.twimg.com/images/themes/theme1/bg.png","listed_count":0,"default_profile_image":true,"favourites_count":0,"description":null,"created_at":"Wed Oct 02 02:03:35 +0000 2013","is_translator":false,"profile_background_image_url_https":"https://abs.twimg.com/images/themes/theme1/bg.png","protected":false,"screen_name":"SorriaGoiania","id_str":"1925319368","profile_link_color":"0084B4","geo_enabled":false,"id":1925319368,"profile_background_color":"C0DEED","lang":"pt","profile_sidebar_border_color":"C0DEED","profile_text_color":"333333","verified":false,"profile_image_url":"http://abs.twimg.com/sticky/default_profile_images/default_profile_0_normal.png","time_zone":null,"url":null,"contributors_enabled":false,"profile_background_tile":false,"follow_request_sent":null,"statuses_count":5,"profile_use_background_image":true,"followers_count":0,"following":null,"default_profile":true,"name":"Sorria Goiânia","profile_sidebar_fill_color":"DDEEF6","location":"","notifications":null},"favorited":false}