{"in_reply_to_status_id_str":null,"in_reply_to_status_id":null,"coordinates":null,"truncated":false,"in_reply_to_user_id_str":null,"created_at":"Wed Oct 02 03:05:39 +0000 2013","source":"<a href=\"http://tweetlogix.com\" rel=\"nofollow\">Tweetlogix<\/a>","retweet_count":0,"retweeted":false,"geo":null,"filter_level":"medium","in_reply_to_screen_name":null,"entities":{"urls":[],"hashtags":[],"user_mentions":[{"indices":[37,51],"screen_name":"BancodoBrasil","id_str":"83723557","name":"Banco do Brasil","id":83723557}],"symbols":[]},"id_str":"385239125722669056","in_reply_to_user_id":null,"favorite_count":0,"contributors":null,"text":"Aproveitando as cornetadas. Fujam do @BancodoBrasil","id":385239125722669056,"place":null,"lang":"pt","user":{"utc_offset":-10800,"friends_count":580,"profile_image_url_https":"https://si0.twimg.com/profile_images/378800000466172069/5124883eb76f90d7245442819849112d_normal.jpeg","profile_background_image_url":"http://a0.twimg.com/profile_background_images/378800000026945380/2764593eebc50decb360bfe8aa7f23a7.jpeg","listed_count":300,"default_profile_image":false,"favourites_count":22,"description":"Guitarrista- Ultraje, Vega, G80, Palmeirense etc etc etc\nFã Page no Facebook-\nhttp://www.facebook.com/kleineguitar","created_at":"Tue Mar 24 16:23:41 +0000 2009","is_translator":false,"profile_background_image_url_https":"https://si0.twimg.com/profile_background_images/378800000026945380/2764593eebc50decb360bfe8aa7f23a7.jpeg","protected":false,"screen_name":"MarcosKleine","id_str":"26267417","profile_link_color":"0084B4","geo_enabled":false,"id":26267417,"profile_background_color":"C0DEED","lang":"pt","profile_sidebar_border_color":"FFFFFF","profile_text_color":"333333","verified":false,"profile_image_url":"http://a0.twimg.com/profile_images/378800000466172069/5124883eb76f90d7245442819849112d_normal.jpeg","time_zone":"Brasilia","url":"http://www.marcoskleine.com.br","contributors_enabled":false,"profile_background_tile":true,"follow_request_sent":null,"statuses_count":56242,"profile_use_background_image":true,"followers_count":32426,"following":null,"default_profile":false,"name":"Marcos Kleine","profile_sidebar_fill_color":"DDFFCC","location":"São Paulo","notifications":null},"favorited":false}