{"in_reply_to_status_id_str":"385202045395152896","in_reply_to_status_id":385202045395152896,"coordinates":null,"truncated":false,"in_reply_to_user_id_str":"27433634","created_at":"Wed Oct 02 01:47:17 +0000 2013","source":"<a href=\"http://twitter.com/download/iphone\" rel=\"nofollow\">Twitter for iPhone<\/a>","retweet_count":0,"retweeted":false,"geo":null,"filter_level":"medium","in_reply_to_screen_name":"brunobld","entities":{"urls":[],"hashtags":[],"user_mentions":[{"indices":[0,9],"screen_name":"brunobld","id_str":"27433634","name":"Bruno Clozel","id":27433634},{"indices":[10,22],"screen_name":"AloBradesco","id_str":"78317870","name":"Alô Bradesco","id":78317870}],"symbols":[]},"id_str":"385219402813427712","in_reply_to_user_id":27433634,"favorite_count":0,"contributors":null,"text":"@brunobld @AloBradesco meu sonho é bradesco pra Mac.","id":385219402813427712,"place":null,"lang":"pt","user":{"utc_offset":-10800,"friends_count":954,"profile_image_url_https":"https://si0.twimg.com/profile_images/3472061736/d2677fb1131d5ffb2832864c16652296_normal.jpeg","profile_background_image_url":"http://abs.twimg.com/images/themes/theme14/bg.gif","listed_count":121,"default_profile_image":false,"favourites_count":749,"description":"~ Ficção feat Realidade ~","created_at":"Tue Jun 30 23:39:28 +0000 2009","is_translator":false,"profile_background_image_url_https":"https://abs.twimg.com/images/themes/theme14/bg.gif","protected":false,"screen_name":"gabialmeida_","id_str":"52561836","profile_link_color":"009999","geo_enabled":true,"id":52561836,"profile_background_color":"131516","lang":"en","profile_sidebar_border_color":"EEEEEE","profile_text_color":"B8305D","verified":false,"profile_image_url":"http://a0.twimg.com/profile_images/3472061736/d2677fb1131d5ffb2832864c16652296_normal.jpeg","time_zone":"Brasilia","url":null,"contributors_enabled":false,"profile_background_tile":false,"follow_request_sent":null,"statuses_count":95562,"profile_use_background_image":true,"followers_count":8887,"following":null,"default_profile":false,"name":"Gabi Almeida","profile_sidebar_fill_color":"EFEFEF","location":"Curitiba/Porto Alegre","notifications":null},"favorited":false}