{"in_reply_to_status_id_str":null,"in_reply_to_status_id":null,"coordinates":null,"truncated":false,"in_reply_to_user_id_str":"38704524","created_at":"Wed Oct 02 02:48:39 +0000 2013","source":"web","retweet_count":0,"retweeted":false,"geo":null,"filter_level":"medium","in_reply_to_screen_name":"brasil_ANATEL","entities":{"urls":[],"hashtags":[],"user_mentions":[{"indices":[0,14],"screen_name":"brasil_ANATEL","id_str":"38704524","name":"ANATEL","id":38704524},{"indices":[35,42],"screen_name":"digaoi","id_str":"17487043","name":"Diga Oi!","id":17487043}],"symbols":[]},"id_str":"385234846810767361","in_reply_to_user_id":38704524,"favorite_count":0,"contributors":null,"text":"@brasil_ANATEL Se eu dependesse da @digaoi estava ferrada,mas tive orientação de amigo que teve mesmo problema,e já consegui acessar Email.","id":385234846810767361,"place":null,"lang":"pt","user":{"utc_offset":-10800,"friends_count":1209,"profile_image_url_https":"https://si0.twimg.com/profile_images/2278829303/6evqdo9hmkhhddxpgi4o_normal.jpeg","profile_background_image_url":"http://abs.twimg.com/images/themes/theme13/bg.gif","listed_count":12,"default_profile_image":false,"favourites_count":816,"description":"Vivendo e aprendendo! Ou, pelo menos, tentando!","created_at":"Fri Nov 20 15:01:56 +0000 2009","is_translator":false,"profile_background_image_url_https":"https://abs.twimg.com/images/themes/theme13/bg.gif","protected":false,"screen_name":"CassiaVF","id_str":"91357138","profile_link_color":"93A644","geo_enabled":false,"id":91357138,"profile_background_color":"B2DFDA","lang":"pt","profile_sidebar_border_color":"FFFFFF","profile_text_color":"333333","verified":false,"profile_image_url":"http://a0.twimg.com/profile_images/2278829303/6evqdo9hmkhhddxpgi4o_normal.jpeg","time_zone":"Santiago","url":null,"contributors_enabled":false,"profile_background_tile":false,"follow_request_sent":null,"statuses_count":85608,"profile_use_background_image":true,"followers_count":1118,"following":null,"default_profile":false,"name":"Cassia V. F.","profile_sidebar_fill_color":"FFFFFF","location":"Rio RJ","notifications":null},"favorited":false}