{"in_reply_to_status_id_str":null,"in_reply_to_status_id":null,"possibly_sensitive":false,"coordinates":{"coordinates":[-34.87119555,-8.03221476],"type":"Point"},"truncated":false,"in_reply_to_user_id_str":null,"created_at":"Wed Oct 02 03:23:52 +0000 2013","source":"<a href=\"http://instagram.com\" rel=\"nofollow\">Instagram<\/a>","retweet_count":0,"retweeted":false,"geo":{"coordinates":[-8.03221476,-34.87119555],"type":"Point"},"filter_level":"medium","in_reply_to_screen_name":null,"entities":{"urls":[{"display_url":"instagram.com/p/e8x3ZkgvlN/","indices":[100,122],"expanded_url":"http://instagram.com/p/e8x3ZkgvlN/","url":"http://t.co/GIRIyTn81n"}],"hashtags":[{"indices":[59,65],"text":"linda"},{"indices":[66,71],"text":"show"},{"indices":[72,78],"text":"festa"},{"indices":[79,83],"text":"bbb"},{"indices":[84,98],"text":"BancoDoBrasil"}],"user_mentions":[],"symbols":[]},"id_str":"385243711657238528","in_reply_to_user_id":null,"favorite_count":0,"contributors":null,"text":"Trabalhar com essa galera e bom d mais!!!!@estianomargorie #linda #show #festa #bbb #BancoDoBrasil\u2026 http://t.co/GIRIyTn81n","id":385243711657238528,"place":{"country_code":"BR","country":"Brasil","full_name":"Olinda, Pernambuco","bounding_box":{"coordinates":[[[-34.917029,-8.044543],[-34.917029,-7.958542],[-34.828248,-7.958542],[-34.828248,-8.044543]]],"type":"Polygon"},"place_type":"city","name":"Olinda","attributes":{},"id":"d8682c2de8fdb268","url":"https://api.twitter.com/1.1/geo/id/d8682c2de8fdb268.json"},"lang":"pt","user":{"utc_offset":-10800,"friends_count":155,"profile_image_url_https":"https://si0.twimg.com/profile_images/1444721000/PQAAAAADKO05cOmrOwmf-jAP1c8SjmcgxI_O9SWrOuuZYFg8fOxu6G6LStJXrRuY-HrOoh2-3wvdnIslXerQsPEe-0gAm1T1UEfvwXwn0zhdXGxrsDvBa1y7BIt9_normal.jpg","profile_background_image_url":"http://abs.twimg.com/images/themes/theme6/bg.gif","listed_count":1,"default_profile_image":false,"favourites_count":24,"description":null,"created_at":"Fri Jul 02 02:36:05 +0000 2010","is_translator":false,"profile_background_image_url_https":"https://abs.twimg.com/images/themes/theme6/bg.gif","protected":false,"screen_name":"juulianosampaio","id_str":"161901314","profile_link_color":"FF3300","geo_enabled":true,"id":161901314,"profile_background_color":"709397","lang":"pt","profile_sidebar_border_color":"86A4A6","profile_text_color":"333333","verified":false,"profile_image_url":"http://a0.twimg.com/profile_images/1444721000/PQAAAAADKO05cOmrOwmf-jAP1c8SjmcgxI_O9SWrOuuZYFg8fOxu6G6LStJXrRuY-HrOoh2-3wvdnIslXerQsPEe-0gAm1T1UEfvwXwn0zhdXGxrsDvBa1y7BIt9_normal.jpg","time_zone":"Brasilia","url":"http://www.julianosampaio.blogspot.com.br/","contributors_enabled":false,"profile_background_tile":false,"follow_request_sent":null,"statuses_count":148,"profile_use_background_image":true,"followers_count":30,"following":null,"default_profile":false,"name":"Juliano Sampaio","profile_sidebar_fill_color":"A0C5C7","location":"Rio de Janeiro, RJ","notifications":null},"favorited":false}