{"in_reply_to_status_id_str":null,"in_reply_to_status_id":null,"possibly_sensitive":false,"coordinates":null,"truncated":false,"in_reply_to_user_id_str":null,"created_at":"Wed Oct 02 01:27:43 +0000 2013","source":"<a href=\"http://www.ajaymatharu.com/\" rel=\"nofollow\">Tweet Old Post<\/a>","retweet_count":0,"retweeted":false,"geo":null,"filter_level":"medium","in_reply_to_screen_name":null,"entities":{"urls":[{"display_url":"livreimprensa.com.br/retrato-em-tre\u2026","indices":[26,48],"expanded_url":"http://www.livreimprensa.com.br/retrato-em-tres-historias/","url":"http://t.co/LUdTamUwME"}],"hashtags":[{"indices":[49,55],"text":"CAIXA"}],"user_mentions":[],"symbols":[]},"id_str":"385214477643177984","in_reply_to_user_id":null,"favorite_count":0,"contributors":null,"text":"Retrato em três histórias http://t.co/LUdTamUwME #CAIXA-2","id":385214477643177984,"place":null,"lang":"pt","user":{"utc_offset":null,"friends_count":6,"profile_image_url_https":"https://si0.twimg.com/profile_images/2113884312/logo_normal.jpg","profile_background_image_url":"http://abs.twimg.com/images/themes/theme1/bg.png","listed_count":0,"default_profile_image":false,"favourites_count":0,"description":"http://www.livreimprensa.com.br Informações Sem Censura do Brasil e do Mundo.","created_at":"Fri Apr 13 23:40:52 +0000 2012","is_translator":false,"profile_background_image_url_https":"https://abs.twimg.com/images/themes/theme1/bg.png","protected":false,"screen_name":"LivrePress","id_str":"553091219","profile_link_color":"0084B4","geo_enabled":false,"id":553091219,"profile_background_color":"C0DEED","lang":"pt","profile_sidebar_border_color":"C0DEED","profile_text_color":"333333","verified":false,"profile_image_url":"http://a0.twimg.com/profile_images/2113884312/logo_normal.jpg","time_zone":null,"url":null,"contributors_enabled":false,"profile_background_tile":false,"follow_request_sent":null,"statuses_count":7346,"profile_use_background_image":true,"followers_count":48,"following":null,"default_profile":true,"name":"Livre Imprensa","profile_sidebar_fill_color":"DDEEF6","location":"","notifications":null},"favorited":false}