{"in_reply_to_status_id_str":null,"in_reply_to_status_id":null,"coordinates":{"coordinates":[-41.750672,-2.9102118],"type":"Point"},"truncated":false,"in_reply_to_user_id_str":null,"created_at":"Wed Oct 02 03:21:07 +0000 2013","source":"<a href=\"http://twitter.com/download/android\" rel=\"nofollow\">Twitter for Android<\/a>","retweet_count":0,"retweeted":false,"geo":{"coordinates":[-2.9102118,-41.750672],"type":"Point"},"filter_level":"medium","in_reply_to_screen_name":null,"entities":{"urls":[],"hashtags":[{"indices":[8,18],"text":"TimBrasil"}],"user_mentions":[],"symbols":[]},"id_str":"385243017508311040","in_reply_to_user_id":null,"favorite_count":0,"contributors":null,"text":"O 3g da #TimBrasil é tão \"bom\" em Parnaíba, que as mensagens do WhatsApp chegam com 10min de atraso ;(","id":385243017508311040,"place":{"country_code":"BR","country":"Brasil","full_name":"Parnaíba, Piauí","bounding_box":{"coordinates":[[[-41.869068,-3.121039],[-41.869068,-2.77381],[-41.658077,-2.77381],[-41.658077,-3.121039]]],"type":"Polygon"},"place_type":"city","name":"Parnaíba","attributes":{},"id":"725826b367f80872","url":"https://api.twitter.com/1.1/geo/id/725826b367f80872.json"},"lang":"pt","user":{"utc_offset":-10800,"friends_count":316,"profile_image_url_https":"https://si0.twimg.com/profile_images/378800000458674579/4f92e7eb900bd6f0390fd945e6be47e5_normal.jpeg","profile_background_image_url":"http://a0.twimg.com/profile_background_images/790993666/b529b0cd66d3e4498fb200f3e22820c8.jpeg","listed_count":4,"default_profile_image":false,"favourites_count":63,"description":"Feita de silêncio e som","created_at":"Tue Jun 08 22:52:38 +0000 2010","is_translator":false,"profile_background_image_url_https":"https://si0.twimg.com/profile_background_images/790993666/b529b0cd66d3e4498fb200f3e22820c8.jpeg","protected":false,"screen_name":"LeiaMadeira","id_str":"153579318","profile_link_color":"17A8EB","geo_enabled":true,"id":153579318,"profile_background_color":"11A2F0","lang":"en","profile_sidebar_border_color":"FFFFFF","profile_text_color":"362720","verified":false,"profile_image_url":"http://a0.twimg.com/profile_images/378800000458674579/4f92e7eb900bd6f0390fd945e6be47e5_normal.jpeg","time_zone":"Brasilia","url":null,"contributors_enabled":false,"profile_banner_url":"https://pbs.twimg.com/profile_banners/153579318/1360884471","profile_background_tile":false,"follow_request_sent":null,"statuses_count":7958,"profile_use_background_image":true,"followers_count":113,"following":null,"default_profile":false,"name":"Léia Madeira Sabóia","profile_sidebar_fill_color":"E5507E","location":"Sobral - BR","notifications":null},"favorited":false}