{"in_reply_to_status_id_str":null,"in_reply_to_status_id":null,"coordinates":null,"truncated":false,"in_reply_to_user_id_str":null,"created_at":"Wed Oct 02 03:20:36 +0000 2013","source":"<a href=\"http://www.hootsuite.com\" rel=\"nofollow\">HootSuite<\/a>","retweet_count":0,"retweeted":false,"geo":null,"filter_level":"medium","in_reply_to_screen_name":null,"entities":{"urls":[],"hashtags":[{"indices":[0,9],"text":"FicaDica"}],"user_mentions":[{"indices":[13,26],"screen_name":"MarcosKleine","id_str":"26267417","name":"Marcos Kleine","id":26267417},{"indices":[65,79],"screen_name":"BancodoBrasil","id_str":"83723557","name":"Banco do Brasil","id":83723557}],"symbols":[]},"id_str":"385242888235671552","in_reply_to_user_id":null,"favorite_count":0,"contributors":null,"text":"#FicaDica RT @MarcosKleine: Aproveitando as cornetadas. Fujam do @BancodoBrasil","id":385242888235671552,"place":null,"lang":"pt","user":{"utc_offset":-10800,"friends_count":1710,"profile_image_url_https":"https://si0.twimg.com/profile_images/378800000210057090/6adde170a33e9627e97a1c7d6702d5f0_normal.jpeg","profile_background_image_url":"http://a0.twimg.com/profile_background_images/801362636/88b1bc0f3771014d06a180d25ee87c4c.jpeg","listed_count":4,"default_profile_image":false,"favourites_count":64,"description":"Xereta e oferecido. Gosto de filmes com sentido, livros com clichês e comida com carne. Tudo com fanatismo.","created_at":"Mon Sep 06 01:41:14 +0000 2010","is_translator":false,"profile_background_image_url_https":"https://si0.twimg.com/profile_background_images/801362636/88b1bc0f3771014d06a180d25ee87c4c.jpeg","protected":false,"screen_name":"oCaioEmRibeirao","id_str":"187373557","profile_link_color":"0084B4","geo_enabled":true,"id":187373557,"profile_background_color":"C0DEED","lang":"pt","profile_sidebar_border_color":"C0DEED","profile_text_color":"333333","verified":false,"profile_image_url":"http://a0.twimg.com/profile_images/378800000210057090/6adde170a33e9627e97a1c7d6702d5f0_normal.jpeg","time_zone":"Brasilia","url":null,"contributors_enabled":false,"profile_banner_url":"https://pbs.twimg.com/profile_banners/187373557/1348094855","profile_background_tile":true,"follow_request_sent":null,"statuses_count":37512,"profile_use_background_image":true,"followers_count":493,"following":null,"default_profile":false,"name":"Homer Infrigente!","profile_sidebar_fill_color":"DDEEF6","location":"Ribeirão Preto, SP, Brasil","notifications":null},"favorited":false}