{"in_reply_to_status_id_str":null,"in_reply_to_status_id":null,"coordinates":null,"truncated":false,"in_reply_to_user_id_str":"17487043","created_at":"Wed Oct 02 00:43:48 +0000 2013","source":"web","retweet_count":0,"retweeted":false,"geo":null,"filter_level":"medium","in_reply_to_screen_name":"digaoi","entities":{"urls":[],"hashtags":[{"indices":[30,33],"text":"Oi"},{"indices":[63,86],"text":"telefoniademaqualidade"},{"indices":[87,99],"text":"oinuncamais"}],"user_mentions":[{"indices":[0,7],"screen_name":"digaoi","id_str":"17487043","name":"Diga Oi!","id":17487043}],"symbols":[]},"id_str":"385203425773752321","in_reply_to_user_id":17487043,"favorite_count":0,"contributors":null,"text":"@digaoi 5 dias sem celular! A #Oi cada vez me surpreende mais! #telefoniademaqualidade #oinuncamais","id":385203425773752321,"place":null,"lang":"pt","user":{"utc_offset":-7200,"friends_count":49,"profile_image_url_https":"https://si0.twimg.com/profile_images/1149703731/eu_normal.jpg","profile_background_image_url":"http://a0.twimg.com/profile_background_images/42496690/fundo_t.jpg","listed_count":0,"default_profile_image":false,"favourites_count":0,"description":"Diego Pala!","created_at":"Mon Apr 27 13:44:43 +0000 2009","is_translator":false,"profile_background_image_url_https":"https://si0.twimg.com/profile_background_images/42496690/fundo_t.jpg","protected":false,"screen_name":"diegopala","id_str":"35744014","profile_link_color":"2FC2EF","geo_enabled":false,"id":35744014,"profile_background_color":"1A1B1F","lang":"en","profile_sidebar_border_color":"181A1E","profile_text_color":"666666","verified":false,"profile_image_url":"http://a0.twimg.com/profile_images/1149703731/eu_normal.jpg","time_zone":"Greenland","url":null,"contributors_enabled":false,"profile_background_tile":false,"follow_request_sent":null,"statuses_count":345,"profile_use_background_image":true,"followers_count":95,"following":null,"default_profile":false,"name":"Diego Pala","profile_sidebar_fill_color":"252429","location":"Varginha - MG","notifications":null},"favorited":false}