{"in_reply_to_status_id_str":"385207840073207808","in_reply_to_status_id":385207840073207808,"coordinates":null,"truncated":false,"in_reply_to_user_id_str":"55964525","created_at":"Wed Oct 02 01:02:24 +0000 2013","source":"<a href=\"http://itunes.apple.com/us/app/twitter/id409789998?mt=12\" rel=\"nofollow\">Twitter for Mac<\/a>","retweet_count":0,"retweeted":false,"geo":null,"filter_level":"medium","in_reply_to_screen_name":"GabrielBigode","entities":{"urls":[],"hashtags":[],"user_mentions":[{"indices":[0,14],"screen_name":"GabrielBigode","id_str":"55964525","name":"Gabriel Avellar","id":55964525},{"indices":[15,25],"screen_name":"skybrasil","id_str":"16725545","name":"SKY Brasil","id":16725545}],"symbols":[]},"id_str":"385208109834444801","in_reply_to_user_id":55964525,"favorite_count":0,"contributors":null,"text":"@GabrielBigode @skybrasil o que houve mano? Não está passando na SporTV ai?","id":385208109834444801,"place":null,"lang":"pt","user":{"utc_offset":-10800,"friends_count":675,"profile_image_url_https":"https://si0.twimg.com/profile_images/378800000367431180/0f9321dc2eb6781068d4deec0cad6934_normal.png","profile_background_image_url":"http://abs.twimg.com/images/themes/theme9/bg.gif","listed_count":2,"default_profile_image":false,"favourites_count":1,"description":"Motion Designer at Giovanni+DraftFCB. Não vivo sem um bom som e apaixonado por esporte. Nas horas vagas, brinco de ser apostador.","created_at":"Sun Dec 12 19:47:02 +0000 2010","is_translator":false,"profile_background_image_url_https":"https://abs.twimg.com/images/themes/theme9/bg.gif","protected":false,"screen_name":"CFilocomo","id_str":"225908928","profile_link_color":"2FC2EF","geo_enabled":false,"id":225908928,"profile_background_color":"1A1B1F","lang":"en","profile_sidebar_border_color":"181A1E","profile_text_color":"666666","verified":false,"profile_image_url":"http://a0.twimg.com/profile_images/378800000367431180/0f9321dc2eb6781068d4deec0cad6934_normal.png","time_zone":"Brasilia","url":null,"contributors_enabled":false,"profile_banner_url":"https://pbs.twimg.com/profile_banners/225908928/1347979613","profile_background_tile":false,"follow_request_sent":null,"statuses_count":16580,"profile_use_background_image":true,"followers_count":274,"following":null,"default_profile":false,"name":"Caio Filócomo","profile_sidebar_fill_color":"252429","location":"","notifications":null},"favorited":false}