{"in_reply_to_status_id_str":null,"in_reply_to_status_id":null,"coordinates":null,"truncated":false,"in_reply_to_user_id_str":null,"created_at":"Wed Oct 02 00:57:02 +0000 2013","source":"web","retweet_count":0,"retweeted":false,"geo":null,"filter_level":"medium","in_reply_to_screen_name":null,"entities":{"urls":[],"hashtags":[],"user_mentions":[{"indices":[10,20],"screen_name":"skybrasil","id_str":"16725545","name":"SKY Brasil","id":16725545}],"symbols":[]},"id_str":"385206757980532738","in_reply_to_user_id":null,"favorite_count":0,"contributors":null,"text":"OBRIGADO, @skybrasil, por não me deixar assistir o jogo do Palmeiras! Muito obrigado!","id":385206757980532738,"place":null,"lang":"pt","user":{"utc_offset":-10800,"friends_count":461,"profile_image_url_https":"https://si0.twimg.com/profile_images/378800000228805170/1c515fac8c9aea3c4787933c55c135be_normal.jpeg","profile_background_image_url":"http://a0.twimg.com/profile_background_images/136843012/Twitter.jpg","listed_count":17,"default_profile_image":false,"favourites_count":17,"description":"Palestrino, judeu, Esporte (USP), fanático por futebol e rock. Misantropo, nictófilo, distraído, chato. Técnico do Pequeninos do Jockey e estagiário da SEP.","created_at":"Sat Jul 11 23:50:43 +0000 2009","is_translator":false,"profile_background_image_url_https":"https://si0.twimg.com/profile_background_images/136843012/Twitter.jpg","protected":false,"screen_name":"GabrielBigode","id_str":"55964525","profile_link_color":"2EA300","geo_enabled":true,"id":55964525,"profile_background_color":"123B18","lang":"pt","profile_sidebar_border_color":"000000","profile_text_color":"316125","verified":false,"profile_image_url":"http://a0.twimg.com/profile_images/378800000228805170/1c515fac8c9aea3c4787933c55c135be_normal.jpeg","time_zone":"Brasilia","url":"http://calciotattico.blogspot.com.br/","contributors_enabled":false,"profile_banner_url":"https://pbs.twimg.com/profile_banners/55964525/1373601330","profile_background_tile":false,"follow_request_sent":null,"statuses_count":49160,"profile_use_background_image":false,"followers_count":360,"following":null,"default_profile":false,"name":"Gabriel Avellar","profile_sidebar_fill_color":"123614","location":"São Paulo","notifications":null},"favorited":false}