{"in_reply_to_status_id_str":"385238293215854593","in_reply_to_status_id":385238293215854593,"coordinates":null,"truncated":false,"in_reply_to_user_id_str":"1925319368","created_at":"Wed Oct 02 03:05:31 +0000 2013","source":"<a href=\"http://twitter.com/download/iphone\" rel=\"nofollow\">Twitter for iPhone<\/a>","retweet_count":0,"retweeted":false,"geo":null,"filter_level":"medium","in_reply_to_screen_name":"SorriaGoiania","entities":{"urls":[],"hashtags":[{"indices":[35,49],"text":"sorriagoiania"},{"indices":[50,53],"text":"oi"}],"user_mentions":[{"indices":[1,15],"screen_name":"SorriaGoiania","id_str":"1925319368","name":"Sorria Goiânia","id":1925319368},{"indices":[17,33],"screen_name":"Renato_monteiro","id_str":"56806122","name":"Renato Monteiro","id":56806122}],"symbols":[]},"id_str":"385239093598502912","in_reply_to_user_id":1925319368,"favorite_count":0,"contributors":null,"text":"\u201c@SorriaGoiania: @Renato_monteiro  #sorriagoiania #oi!tenta?\u201d :)","id":385239093598502912,"place":null,"lang":"it","user":{"utc_offset":-10800,"friends_count":463,"profile_image_url_https":"https://si0.twimg.com/profile_images/2193473088/image_normal.jpg","profile_background_image_url":"http://a0.twimg.com/profile_background_images/192042446/foto_fundo_tt_baixa.jpg","listed_count":52,"default_profile_image":false,"favourites_count":115,"description":"Publicitário","created_at":"Tue Jul 14 20:28:37 +0000 2009","is_translator":false,"profile_background_image_url_https":"https://si0.twimg.com/profile_background_images/192042446/foto_fundo_tt_baixa.jpg","protected":false,"screen_name":"Renato_monteiro","id_str":"56806122","profile_link_color":"F5710C","geo_enabled":true,"id":56806122,"profile_background_color":"C0DEED","lang":"pt","profile_sidebar_border_color":"E8F0F0","profile_text_color":"333333","verified":false,"profile_image_url":"http://a0.twimg.com/profile_images/2193473088/image_normal.jpg","time_zone":"Brasilia","url":null,"contributors_enabled":false,"profile_background_tile":false,"follow_request_sent":null,"statuses_count":15661,"profile_use_background_image":true,"followers_count":2408,"following":null,"default_profile":false,"name":"Renato Monteiro","profile_sidebar_fill_color":"E2E8EB","location":"Goiânia","notifications":null},"favorited":false}