{"in_reply_to_status_id_str":null,"in_reply_to_status_id":null,"coordinates":null,"truncated":false,"in_reply_to_user_id_str":null,"created_at":"Wed Oct 02 13:16:52 +0000 2013","source":"<a href=\"http://twitter.com/download/android\" rel=\"nofollow\">Twitter for Android<\/a>","retweet_count":0,"retweeted":false,"geo":null,"filter_level":"medium","in_reply_to_screen_name":null,"entities":{"urls":[],"hashtags":[],"user_mentions":[{"indices":[3,13],"screen_name":"TIMBrasil","id_str":"62572858","name":"TIM BRASIL","id":62572858}],"symbols":[]},"id_str":"385392944607666176","in_reply_to_user_id":null,"favorite_count":0,"contributors":null,"text":"oi @timbrasil eu não quero ver minha conta online por motivos de que o sinal do 3g fica quem\"caindo\" toda hora ! mandem cartas.","id":385392944607666176,"place":null,"lang":"pt","user":{"utc_offset":-10800,"friends_count":504,"profile_image_url_https":"https://si0.twimg.com/profile_images/378800000468820916/4a8afc4fc5d6c252f9fbe48ba90b0dad_normal.jpeg","profile_background_image_url":"http://a0.twimg.com/profile_background_images/406862751/JOnes_1_V9_1_c_pia.jpg","listed_count":68,"default_profile_image":false,"favourites_count":22,"description":"Sou Santista, faço cocô, xixi e Taekwondo.\r\n+  http://facebook.com/jones.sobrinho \r\n+  http://instagram.com/joneshkd","created_at":"Sat May 16 05:35:34 +0000 2009","is_translator":false,"profile_background_image_url_https":"https://si0.twimg.com/profile_background_images/406862751/JOnes_1_V9_1_c_pia.jpg","protected":false,"screen_name":"joneshkd","id_str":"40417430","profile_link_color":"0A1EFF","geo_enabled":false,"id":40417430,"profile_background_color":"53A4B8","lang":"pt","profile_sidebar_border_color":"FFFFFF","profile_text_color":"000301","verified":false,"profile_image_url":"http://a0.twimg.com/profile_images/378800000468820916/4a8afc4fc5d6c252f9fbe48ba90b0dad_normal.jpeg","time_zone":"Brasilia","url":"http://www.facebook.com/pages/Academia-New-Fight/190732340962550","contributors_enabled":false,"profile_banner_url":"https://pbs.twimg.com/profile_banners/40417430/1350263958","profile_background_tile":false,"follow_request_sent":null,"statuses_count":49393,"profile_use_background_image":true,"followers_count":446,"following":null,"default_profile":false,"name":"Coronel JonesRamone ","profile_sidebar_fill_color":"FFFFFF","location":" Brasil - SP - OZ","notifications":null},"favorited":false}