{"in_reply_to_status_id_str":null,"in_reply_to_status_id":null,"possibly_sensitive":false,"coordinates":null,"truncated":false,"in_reply_to_user_id_str":null,"created_at":"Wed Oct 02 11:39:46 +0000 2013","source":"web","retweet_count":0,"retweeted":false,"geo":null,"filter_level":"medium","in_reply_to_screen_name":null,"entities":{"urls":[{"display_url":"\u2026fessorrafaelporcari.blog.terra.com.br/2013/10/02/emp\u2026","indices":[117,139],"expanded_url":"http://professorrafaelporcari.blog.terra.com.br/2013/10/02/empresas-de-telefonia-celular-no-brasil-dualizarao/","url":"http://t.co/inZ813QTOL"}],"hashtags":[{"indices":[0,5],"text":"VIVO"},{"indices":[6,10],"text":"TIM"},{"indices":[11,14],"text":"OI"},{"indices":[17,23],"text":"CLARO"}],"user_mentions":[],"symbols":[]},"id_str":"385368508676071424","in_reply_to_user_id":null,"favorite_count":0,"contributors":null,"text":"#VIVO #TIM #OI X #CLARO - Existe concorrência na telefonia celular no Brasil? \nVeja se há mercado concorrencial, em: http://t.co/inZ813QTOL","id":385368508676071424,"place":null,"lang":"pt","user":{"utc_offset":-10800,"friends_count":133,"profile_image_url_https":"https://si0.twimg.com/profile_images/2353243725/z3e1fe4ff82l4qnv4342_normal.jpeg","profile_background_image_url":"http://a0.twimg.com/profile_background_images/737359222/3ef668a5a29aae1d804d3f2cb14790f6.jpeg","listed_count":5,"default_profile_image":false,"favourites_count":12,"description":"Prof Universitário em Administração de Empresas, ex-Árbitro de Futebol, Comerciante e Blogueiro do Diário de SP/ Rede Bom Dia, escrevendo sobre Esportes.","created_at":"Sat Jun 27 21:45:05 +0000 2009","is_translator":false,"profile_background_image_url_https":"https://si0.twimg.com/profile_background_images/737359222/3ef668a5a29aae1d804d3f2cb14790f6.jpeg","protected":false,"screen_name":"rafaelporcari","id_str":"51565827","profile_link_color":"1938D1","geo_enabled":true,"id":51565827,"profile_background_color":"C7C70E","lang":"pt","profile_sidebar_border_color":"FFFFFF","profile_text_color":"A0A80A","verified":false,"profile_image_url":"http://a0.twimg.com/profile_images/2353243725/z3e1fe4ff82l4qnv4342_normal.jpeg","time_zone":"Brasilia","url":"http://professorrafaelporcari.blog.terra.com.br","contributors_enabled":false,"profile_background_tile":true,"follow_request_sent":null,"statuses_count":12604,"profile_use_background_image":true,"followers_count":225,"following":null,"default_profile":false,"name":"Rafael Porcari","profile_sidebar_fill_color":"075C23","location":"Jundiaí/SP - Brasil","notifications":null},"favorited":false}