{"in_reply_to_status_id_str":null,"in_reply_to_status_id":null,"coordinates":null,"truncated":false,"in_reply_to_user_id_str":"95898299","created_at":"Wed Oct 02 11:02:35 +0000 2013","source":"web","retweet_count":0,"retweeted":false,"geo":null,"filter_level":"medium","in_reply_to_screen_name":"MaisBB","entities":{"urls":[],"hashtags":[],"user_mentions":[{"indices":[0,7],"screen_name":"MaisBB","id_str":"95898299","name":"Mais Banco do Brasil","id":95898299},{"indices":[8,22],"screen_name":"BancodoBrasil","id_str":"83723557","name":"Banco do Brasil","id":83723557}],"symbols":[]},"id_str":"385359147425746944","in_reply_to_user_id":95898299,"favorite_count":0,"contributors":null,"text":"@MaisBB @BancodoBrasil o Banco Postal está funcionando para abertura de conta PJ? em quantos dias esta conta é aberta durante a greve?","id":385359147425746944,"place":null,"lang":"pt","user":{"utc_offset":-10800,"friends_count":99,"profile_image_url_https":"https://si0.twimg.com/profile_images/3570273694/187b2bea7a99cc33338b40f21eb1e299_normal.jpeg","profile_background_image_url":"http://a0.twimg.com/profile_background_images/420163190/xc0302c703c07b028168ddce438d9658.png","listed_count":27,"default_profile_image":false,"favourites_count":12,"description":"Múltiplas personalidades e múltiplos interesses: teatro, literatura, moda e etc. Leia-me no @CadernoTeatral, Bons Costumes e Yahoo! Quer saber mais? Follow me!","created_at":"Tue Sep 01 08:58:25 +0000 2009","is_translator":false,"profile_background_image_url_https":"https://si0.twimg.com/profile_background_images/420163190/xc0302c703c07b028168ddce438d9658.png","protected":false,"screen_name":"luciannomaza","id_str":"70635894","profile_link_color":"9A9B9A","geo_enabled":false,"id":70635894,"profile_background_color":"FFFFFF","lang":"en","profile_sidebar_border_color":"918F87","profile_text_color":"000000","verified":false,"profile_image_url":"http://a0.twimg.com/profile_images/3570273694/187b2bea7a99cc33338b40f21eb1e299_normal.jpeg","time_zone":"Brasilia","url":"http://www.cadernoteatral.com.br","contributors_enabled":false,"profile_banner_url":"https://pbs.twimg.com/profile_banners/70635894/1353773505","profile_background_tile":true,"follow_request_sent":null,"statuses_count":23262,"profile_use_background_image":true,"followers_count":730,"following":null,"default_profile":false,"name":"Lucianno Maza","profile_sidebar_fill_color":"FFFFFF","location":"Brasil ","notifications":null},"favorited":false}