{"in_reply_to_status_id_str":"385239125722669056","in_reply_to_status_id":385239125722669056,"coordinates":null,"truncated":false,"in_reply_to_user_id_str":"26267417","created_at":"Wed Oct 02 12:15:21 +0000 2013","source":"<a href=\"http://www.scup.com.br\" rel=\"nofollow\">Scup<\/a>","retweet_count":0,"retweeted":false,"geo":null,"filter_level":"medium","in_reply_to_screen_name":"MarcosKleine","entities":{"urls":[],"hashtags":[],"user_mentions":[{"indices":[0,13],"screen_name":"MarcosKleine","id_str":"26267417","name":"Marcos Kleine","id":26267417}],"symbols":[]},"id_str":"385377460344598529","in_reply_to_user_id":26267417,"favorite_count":0,"contributors":null,"text":"@MarcosKleine bom dia! Como podemos ajudá-lo?","id":385377460344598529,"place":null,"lang":"pt","user":{"utc_offset":-10800,"friends_count":98,"profile_image_url_https":"https://si0.twimg.com/profile_images/1234554075/a_bbseguros_normal.PNG","profile_background_image_url":"http://a0.twimg.com/profile_background_images/634834263/ci0smlvag50lgrlhs2m5.jpeg","listed_count":622,"default_profile_image":false,"favourites_count":1,"description":"Perfil institucional do BB no Twitter ;)","created_at":"Tue Oct 20 00:04:48 +0000 2009","is_translator":false,"profile_background_image_url_https":"https://si0.twimg.com/profile_background_images/634834263/ci0smlvag50lgrlhs2m5.jpeg","protected":false,"screen_name":"BancodoBrasil","id_str":"83723557","profile_link_color":"035E8F","geo_enabled":true,"id":83723557,"profile_background_color":"FFCC00","lang":"pt","profile_sidebar_border_color":"149BE3","profile_text_color":"000000","verified":false,"profile_image_url":"http://a0.twimg.com/profile_images/1234554075/a_bbseguros_normal.PNG","time_zone":"Brasilia","url":"http://www.bb.com.br","contributors_enabled":false,"profile_background_tile":false,"follow_request_sent":null,"statuses_count":1569,"profile_use_background_image":true,"followers_count":59908,"following":null,"default_profile":false,"name":"Banco do Brasil","profile_sidebar_fill_color":"0099EB","location":"Brasília (DF), Brasil","notifications":null},"favorited":false}