{"in_reply_to_status_id_str":null,"in_reply_to_status_id":null,"coordinates":null,"truncated":false,"in_reply_to_user_id_str":"79184083","created_at":"Wed Oct 02 12:49:51 +0000 2013","source":"web","retweet_count":0,"retweeted":false,"geo":null,"filter_level":"medium","in_reply_to_screen_name":"Bradesco","entities":{"urls":[],"hashtags":[],"user_mentions":[{"indices":[0,9],"screen_name":"Bradesco","id_str":"79184083","name":"Banco Bradesco","id":79184083}],"symbols":[]},"id_str":"385386143102951425","in_reply_to_user_id":79184083,"favorite_count":0,"contributors":null,"text":"@bradesco esta de parebens, nunca estive tão insatisfeito com uma banco em toda a minha vida!","id":385386143102951425,"place":null,"lang":"pt","user":{"utc_offset":null,"friends_count":302,"profile_image_url_https":"https://si0.twimg.com/profile_images/487799139/HPIM3017_normal.JPG","profile_background_image_url":"http://a0.twimg.com/profile_background_images/128907762/marcel_walpaper.jpg","listed_count":1,"default_profile_image":false,"favourites_count":0,"description":null,"created_at":"Sat Oct 24 14:40:42 +0000 2009","is_translator":false,"profile_background_image_url_https":"https://si0.twimg.com/profile_background_images/128907762/marcel_walpaper.jpg","protected":false,"screen_name":"mah_cecel","id_str":"84862778","profile_link_color":"0084B4","geo_enabled":false,"id":84862778,"profile_background_color":"C0DEED","lang":"en","profile_sidebar_border_color":"C0DEED","profile_text_color":"080008","verified":false,"profile_image_url":"http://a0.twimg.com/profile_images/487799139/HPIM3017_normal.JPG","time_zone":null,"url":null,"contributors_enabled":false,"profile_background_tile":true,"follow_request_sent":null,"statuses_count":413,"profile_use_background_image":true,"followers_count":137,"following":null,"default_profile":false,"name":"Marcel Freire","profile_sidebar_fill_color":"DDEEF6","location":"","notifications":null},"favorited":false}