{"in_reply_to_status_id_str":null,"in_reply_to_status_id":null,"coordinates":null,"truncated":false,"in_reply_to_user_id_str":"323432118","created_at":"Wed Oct 02 13:43:32 +0000 2013","source":"<a href=\"http://twitter.com/download/android\" rel=\"nofollow\">Twitter for Android<\/a>","retweet_count":0,"retweeted":false,"geo":null,"filter_level":"medium","in_reply_to_screen_name":"oi","entities":{"urls":[],"hashtags":[],"user_mentions":[{"indices":[0,3],"screen_name":"oi","id_str":"323432118","name":"Oi","id":323432118}],"symbols":[]},"id_str":"385399653287886848","in_reply_to_user_id":323432118,"favorite_count":0,"contributors":null,"text":"@oi é sempre lento,mas esses dias está de parabéns..serviço contratado: 1MB. Velocidade atual 200 KBps, download 20 KBps...putz","id":385399653287886848,"place":null,"lang":"pt","user":{"utc_offset":null,"friends_count":536,"profile_image_url_https":"https://si0.twimg.com/profile_images/378800000517243605/65fe85545ba0ec3971cfeabdece6c8c7_normal.jpeg","profile_background_image_url":"http://abs.twimg.com/images/themes/theme1/bg.png","listed_count":0,"default_profile_image":false,"favourites_count":23,"description":"Engº Agrônomo em Serviço!","created_at":"Fri Feb 22 21:06:37 +0000 2013","is_translator":false,"profile_background_image_url_https":"https://abs.twimg.com/images/themes/theme1/bg.png","protected":false,"screen_name":"possirodrigues","id_str":"1209799735","profile_link_color":"0084B4","geo_enabled":true,"id":1209799735,"profile_background_color":"C0DEED","lang":"pt","profile_sidebar_border_color":"C0DEED","profile_text_color":"333333","verified":false,"profile_image_url":"http://a0.twimg.com/profile_images/378800000517243605/65fe85545ba0ec3971cfeabdece6c8c7_normal.jpeg","time_zone":null,"url":null,"contributors_enabled":false,"profile_banner_url":"https://pbs.twimg.com/profile_banners/1209799735/1374537950","profile_background_tile":false,"follow_request_sent":null,"statuses_count":710,"profile_use_background_image":true,"followers_count":287,"following":null,"default_profile":true,"name":"Possi Beta Rodrigues","profile_sidebar_fill_color":"DDEEF6","location":"Belém-Pará-Brasil","notifications":null},"favorited":false}