{"in_reply_to_status_id_str":null,"in_reply_to_status_id":null,"coordinates":null,"truncated":false,"in_reply_to_user_id_str":null,"created_at":"Wed Oct 02 12:27:09 +0000 2013","source":"<a href=\"http://twitter.com/download/android\" rel=\"nofollow\">Twitter for Android<\/a>","retweet_count":0,"retweeted":false,"geo":null,"filter_level":"medium","in_reply_to_screen_name":null,"entities":{"urls":[],"hashtags":[],"user_mentions":[{"indices":[19,31],"screen_name":"AloBradesco","id_str":"78317870","name":"Alô Bradesco","id":78317870}],"symbols":[]},"id_str":"385380430025084928","in_reply_to_user_id":null,"favorite_count":0,"contributors":null,"text":"Serviço péssimo do @AloBradesco. Supervisora me falou que não poderia me atender e que procurasse uma agência q por sinal estão em greve!","id":385380430025084928,"place":null,"lang":"pt","user":{"utc_offset":-10800,"friends_count":306,"profile_image_url_https":"https://si0.twimg.com/profile_images/3278649887/bce47994c125f9c0376bbd39bfe02ef5_normal.jpeg","profile_background_image_url":"http://abs.twimg.com/images/themes/theme5/bg.gif","listed_count":3,"default_profile_image":false,"favourites_count":3,"description":null,"created_at":"Thu Jul 22 22:03:49 +0000 2010","is_translator":false,"profile_background_image_url_https":"https://abs.twimg.com/images/themes/theme5/bg.gif","protected":false,"screen_name":"Adnocastro","id_str":"169667830","profile_link_color":"D02B55","geo_enabled":true,"id":169667830,"profile_background_color":"352726","lang":"pt","profile_sidebar_border_color":"829D5E","profile_text_color":"3E4415","verified":false,"profile_image_url":"http://a0.twimg.com/profile_images/3278649887/bce47994c125f9c0376bbd39bfe02ef5_normal.jpeg","time_zone":"Brasilia","url":null,"contributors_enabled":false,"profile_background_tile":false,"follow_request_sent":null,"statuses_count":2959,"profile_use_background_image":true,"followers_count":392,"following":null,"default_profile":false,"name":"Adno Castro","profile_sidebar_fill_color":"99CC33","location":"ÜT: -5.8116371,-35.2065537","notifications":null},"favorited":false}