{"in_reply_to_status_id_str":null,"in_reply_to_status_id":null,"coordinates":null,"truncated":false,"in_reply_to_user_id_str":"83723557","created_at":"Wed Oct 02 13:37:43 +0000 2013","source":"web","retweet_count":0,"retweeted":false,"geo":null,"filter_level":"medium","in_reply_to_screen_name":"BancodoBrasil","entities":{"urls":[],"hashtags":[],"user_mentions":[{"indices":[0,14],"screen_name":"BancodoBrasil","id_str":"83723557","name":"Banco do Brasil","id":83723557}],"symbols":[]},"id_str":"385398191757082624","in_reply_to_user_id":83723557,"favorite_count":0,"contributors":null,"text":"@BancodoBrasil preciso que estornem URGENTE um pedido de crédito que fiz pra conseguir fazer outro pedido. Como agilizar esse processo?","id":385398191757082624,"place":null,"lang":"pt","user":{"utc_offset":-10800,"friends_count":214,"profile_image_url_https":"https://si0.twimg.com/profile_images/378800000510213508/886dc5723c334177e679d77e985fd6bc_normal.jpeg","profile_background_image_url":"http://a0.twimg.com/profile_background_images/378800000066589387/571a701888ec51e38014978c27081dd2.jpeg","listed_count":1,"default_profile_image":false,"favourites_count":318,"description":"eu sou o samba","created_at":"Fri May 07 18:09:20 +0000 2010","is_translator":false,"profile_background_image_url_https":"https://si0.twimg.com/profile_background_images/378800000066589387/571a701888ec51e38014978c27081dd2.jpeg","protected":false,"screen_name":"luvasalces","id_str":"141295959","profile_link_color":"610099","geo_enabled":false,"id":141295959,"profile_background_color":"111411","lang":"en","profile_sidebar_border_color":"FFFFFF","profile_text_color":"333333","verified":false,"profile_image_url":"http://a0.twimg.com/profile_images/378800000510213508/886dc5723c334177e679d77e985fd6bc_normal.jpeg","time_zone":"Brasilia","url":null,"contributors_enabled":false,"profile_banner_url":"https://pbs.twimg.com/profile_banners/141295959/1376318211","profile_background_tile":true,"follow_request_sent":null,"statuses_count":23383,"profile_use_background_image":true,"followers_count":188,"following":null,"default_profile":false,"name":"Luvas","profile_sidebar_fill_color":"EFEFEF","location":"Brasil","notifications":null},"favorited":false}