{"in_reply_to_status_id_str":null,"in_reply_to_status_id":null,"coordinates":null,"truncated":false,"in_reply_to_user_id_str":null,"created_at":"Wed Oct 02 12:19:44 +0000 2013","source":"<a href=\"http://www.echofon.com/\" rel=\"nofollow\">Echofon<\/a>","retweet_count":0,"retweeted":false,"geo":null,"filter_level":"medium","in_reply_to_screen_name":null,"entities":{"urls":[],"hashtags":[],"user_mentions":[{"indices":[3,17],"screen_name":"dianadfreitas","id_str":"1900745191","name":"diana freitas","id":1900745191},{"indices":[37,51],"screen_name":"BancodoBrasil","id_str":"83723557","name":"Banco do Brasil","id":83723557}],"symbols":[]},"id_str":"385378563849211904","in_reply_to_user_id":null,"favorite_count":0,"contributors":null,"text":"RT @dianadfreitas: Se eu namorasse o @BancodoBrasil eu seria a pessoa mais corna e negligenciada da terra // desde 1809! Salve Dom João! xD","id":385378563849211904,"place":null,"lang":"pt","user":{"utc_offset":-10800,"friends_count":1678,"profile_image_url_https":"https://si0.twimg.com/profile_images/2291050941/n9031gsrk2okv36h9kyg_normal.jpeg","profile_background_image_url":"http://a0.twimg.com/profile_background_images/378800000056926579/8001fcdc21dd81802389d494afcb424e.jpeg","listed_count":53,"default_profile_image":false,"favourites_count":16,"description":"Joh, Almoph, Lili, Zorba, Glomer e convidados discutem o descontrole diário, informando, divertindo e criando as mais absurdas polêmicas!","created_at":"Thu Sep 17 01:14:11 +0000 2009","is_translator":false,"profile_background_image_url_https":"https://si0.twimg.com/profile_background_images/378800000056926579/8001fcdc21dd81802389d494afcb424e.jpeg","protected":false,"screen_name":"descontrolepod","id_str":"74895015","profile_link_color":"009999","geo_enabled":true,"id":74895015,"profile_background_color":"131516","lang":"en","profile_sidebar_border_color":"FFFFFF","profile_text_color":"666666","verified":false,"profile_image_url":"http://a0.twimg.com/profile_images/2291050941/n9031gsrk2okv36h9kyg_normal.jpeg","time_zone":"Brasilia","url":"http://www.descontrolepodcast.com","contributors_enabled":false,"profile_background_tile":true,"follow_request_sent":null,"statuses_count":17770,"profile_use_background_image":true,"followers_count":1652,"following":null,"default_profile":false,"name":"Descontrole Podcast","profile_sidebar_fill_color":"252429","location":"São Paulo, Brasil","notifications":null},"favorited":false}