{"in_reply_to_status_id_str":null,"in_reply_to_status_id":null,"possibly_sensitive":false,"coordinates":null,"truncated":false,"in_reply_to_user_id_str":null,"created_at":"Wed Oct 02 13:22:32 +0000 2013","source":"web","retweet_count":1,"retweeted":false,"geo":null,"in_reply_to_screen_name":null,"entities":{"urls":[{"display_url":"blogsdagazetaweb.com.br/celiogomes/?m=\u2026","indices":[49,71],"expanded_url":"http://blogsdagazetaweb.com.br/celiogomes/?m=201104&paged=2","url":"http://t.co/PtLsVdo5Qr"}],"hashtags":[],"media":[{"display_url":"pic.twitter.com/Vdueq5WJv7","indices":[117,139],"sizes":{"small":{"w":340,"h":159,"resize":"fit"},"large":{"w":500,"h":234,"resize":"fit"},"thumb":{"w":150,"h":150,"resize":"crop"},"medium":{"w":500,"h":234,"resize":"fit"}},"id_str":"382859952290660352","expanded_url":"http://twitter.com/arykara/status/382859952282271744/photo/1","source_status_id_str":"382859952282271744","media_url_https":"https://pbs.twimg.com/media/BVAxGR8CAAA9wuS.jpg","id":382859952290660352,"type":"photo","source_status_id":382859952282271744,"media_url":"http://pbs.twimg.com/media/BVAxGR8CAAA9wuS.jpg","url":"http://t.co/Vdueq5WJv7"}],"user_mentions":[{"indices":[2,9],"screen_name":"MPF_SE","id_str":"76399624","name":"MPF em Sergipe","id":76399624},{"indices":[41,47],"screen_name":"CAIXA","id_str":"229191436","name":"CAIXA","id":229191436}],"symbols":[]},"id_str":"385394367084511233","in_reply_to_user_id":null,"favorite_count":0,"contributors":null,"text":"O @MPF_SE denuncia ex-superintendente da @Caixa  http://t.co/PtLsVdo5Qr \u2026 Ai Dilma o nomeia vice-presidente da Caixa http://t.co/Vdueq5WJv7","id":385394367084511233,"place":null,"lang":"pt","user":{"utc_offset":-10800,"friends_count":4001,"profile_image_url_https":"https://si0.twimg.com/profile_images/378800000111970472/0b08d31ee2c27a3a215656b3c663fc64_normal.jpeg","profile_background_image_url":"http://a0.twimg.com/profile_background_images/871724768/90356856b89f17521fae07e884395575.jpeg","listed_count":142,"default_profile_image":false,"favourites_count":9545,"description":"De uma pá para um pedreiro e ele construirá uma casa! De um livro para uma criança e estará lhe dando o futuro.","created_at":"Sun Jul 26 15:54:36 +0000 2009","is_translator":false,"profile_background_image_url_https":"https://si0.twimg.com/profile_background_images/871724768/90356856b89f17521fae07e884395575.jpeg","protected":false,"screen_name":"arykara","id_str":"60331599","profile_link_color":"B40B43","geo_enabled":true,"id":60331599,"profile_background_color":"FF6699","lang":"pt","profile_sidebar_border_color":"000000","profile_text_color":"362720","verified":false,"profile_image_url":"http://a0.twimg.com/profile_images/378800000111970472/0b08d31ee2c27a3a215656b3c663fc64_normal.jpeg","time_zone":"Brasilia","url":"http://fodel.blogspot.com.br/","contributors_enabled":false,"profile_banner_url":"https://pbs.twimg.com/profile_banners/60331599/1373414224","profile_background_tile":true,"follow_request_sent":null,"statuses_count":453093,"profile_use_background_image":true,"followers_count":4011,"following":null,"default_profile":false,"name":"Ary Kara","profile_sidebar_fill_color":"E5507E","location":"Brasil","notifications":null},"favorited":false}