{"in_reply_to_status_id_str":null,"in_reply_to_status_id":null,"coordinates":null,"truncated":false,"in_reply_to_user_id_str":"83723557","created_at":"Wed Oct 02 12:01:34 +0000 2013","source":"web","retweet_count":0,"retweeted":false,"geo":null,"filter_level":"medium","in_reply_to_screen_name":"BancodoBrasil","entities":{"urls":[],"hashtags":[],"user_mentions":[{"indices":[0,14],"screen_name":"BancodoBrasil","id_str":"83723557","name":"Banco do Brasil","id":83723557}],"symbols":[]},"id_str":"385373993043128321","in_reply_to_user_id":83723557,"favorite_count":0,"contributors":null,"text":"@BancodoBrasil Quando vai acabar a greve?","id":385373993043128321,"place":null,"lang":"pt","user":{"utc_offset":-10800,"friends_count":1189,"profile_image_url_https":"https://si0.twimg.com/profile_images/378800000078263558/29ac0d1afa21102bd2551313e5ce1fe2_normal.jpeg","profile_background_image_url":"http://abs.twimg.com/images/themes/theme19/bg.gif","listed_count":5,"default_profile_image":false,"favourites_count":26,"description":"Senhor meu DEUS obrigado por tudo...","created_at":"Thu Sep 02 11:26:33 +0000 2010","is_translator":false,"profile_background_image_url_https":"https://abs.twimg.com/images/themes/theme19/bg.gif","protected":false,"screen_name":"isamaezona","id_str":"186013160","profile_link_color":"0099CC","geo_enabled":true,"id":186013160,"profile_background_color":"FFF04D","lang":"pt","profile_sidebar_border_color":"FFF8AD","profile_text_color":"333333","verified":false,"profile_image_url":"http://a0.twimg.com/profile_images/378800000078263558/29ac0d1afa21102bd2551313e5ce1fe2_normal.jpeg","time_zone":"Brasilia","url":null,"contributors_enabled":false,"profile_banner_url":"https://pbs.twimg.com/profile_banners/186013160/1355337122","profile_background_tile":false,"follow_request_sent":null,"statuses_count":13831,"profile_use_background_image":true,"followers_count":467,"following":null,"default_profile":false,"name":"Marisa Vianna Lemos","profile_sidebar_fill_color":"F6FFD1","location":"Itaguaí rj","notifications":null},"favorited":false}