{"in_reply_to_status_id_str":null,"in_reply_to_status_id":null,"coordinates":null,"truncated":false,"in_reply_to_user_id_str":"17487043","created_at":"Wed Oct 02 13:20:04 +0000 2013","source":"web","retweet_count":0,"retweeted":false,"geo":null,"filter_level":"medium","in_reply_to_screen_name":"digaoi","entities":{"urls":[],"hashtags":[],"user_mentions":[{"indices":[0,7],"screen_name":"digaoi","id_str":"17487043","name":"Diga Oi!","id":17487043}],"symbols":[]},"id_str":"385393750014296064","in_reply_to_user_id":17487043,"favorite_count":0,"contributors":null,"text":"@digaoi 'G1 - Oi e Portugal Telecom assinam acordo para fusão' / O que isso vai mudar na minha vida de cliente?","id":385393750014296064,"place":null,"lang":"pt","user":{"utc_offset":-10800,"friends_count":1110,"profile_image_url_https":"https://si0.twimg.com/profile_images/378800000500817523/279daf695813156f9bcee8337a29107c_normal.png","profile_background_image_url":"http://a0.twimg.com/profile_background_images/378800000058450840/5ea214f2d2f6f6ca36d6685ed361999c.jpeg","listed_count":349,"default_profile_image":false,"favourites_count":13,"description":"Desenvolvedor de Conteúdo Digital e esboço de Gamer nas horas vagas.","created_at":"Tue May 05 20:46:26 +0000 2009","is_translator":false,"profile_background_image_url_https":"https://si0.twimg.com/profile_background_images/378800000058450840/5ea214f2d2f6f6ca36d6685ed361999c.jpeg","protected":false,"screen_name":"marcosvca_","id_str":"38015374","profile_link_color":"00756B","geo_enabled":true,"id":38015374,"profile_background_color":"FFFFFF","lang":"en","profile_sidebar_border_color":"000000","profile_text_color":"666666","verified":false,"profile_image_url":"http://a0.twimg.com/profile_images/378800000500817523/279daf695813156f9bcee8337a29107c_normal.png","time_zone":"Brasilia","url":"http://marcoswebmaster.com","contributors_enabled":false,"profile_banner_url":"https://pbs.twimg.com/profile_banners/38015374/1377342282","profile_background_tile":false,"follow_request_sent":null,"statuses_count":60257,"profile_use_background_image":true,"followers_count":12596,"following":null,"default_profile":false,"name":"Marcos Vinícius","profile_sidebar_fill_color":"252429","location":"Rio de Janeiro","notifications":null},"favorited":false}