{"in_reply_to_status_id_str":null,"in_reply_to_status_id":null,"coordinates":null,"truncated":false,"in_reply_to_user_id_str":null,"created_at":"Wed Oct 02 12:13:04 +0000 2013","source":"<a href=\"http://www.twitter.com\" rel=\"nofollow\">Twitter for BlackBerry<\/a>","retweet_count":0,"retweeted":false,"geo":null,"filter_level":"medium","in_reply_to_screen_name":null,"entities":{"urls":[],"hashtags":[{"indices":[20,30],"text":"TimBrasil"},{"indices":[41,45],"text":"GVT"}],"user_mentions":[],"symbols":[]},"id_str":"385376888371548160","in_reply_to_user_id":null,"favorite_count":0,"contributors":null,"text":"Estou achando que a #TimBrasil comprou a #GVT...","id":385376888371548160,"place":null,"lang":"pt","user":{"utc_offset":-10800,"friends_count":138,"profile_image_url_https":"https://si0.twimg.com/profile_images/1151143955/41708_100001811490027_4817539_q_normal.jpg","profile_background_image_url":"http://abs.twimg.com/images/themes/theme6/bg.gif","listed_count":1,"default_profile_image":false,"favourites_count":0,"description":null,"created_at":"Fri Oct 22 14:07:15 +0000 2010","is_translator":false,"profile_background_image_url_https":"https://abs.twimg.com/images/themes/theme6/bg.gif","protected":false,"screen_name":"fmouraandreata","id_str":"206212333","profile_link_color":"FF3300","geo_enabled":true,"id":206212333,"profile_background_color":"709397","lang":"en","profile_sidebar_border_color":"86A4A6","profile_text_color":"333333","verified":false,"profile_image_url":"http://a0.twimg.com/profile_images/1151143955/41708_100001811490027_4817539_q_normal.jpg","time_zone":"Brasilia","url":null,"contributors_enabled":false,"profile_background_tile":false,"follow_request_sent":null,"statuses_count":242,"profile_use_background_image":true,"followers_count":59,"following":null,"default_profile":false,"name":"Felipe Moura","profile_sidebar_fill_color":"A0C5C7","location":"-19.876585,-43.931095","notifications":null},"favorited":false}