{"in_reply_to_status_id_str":null,"in_reply_to_status_id":null,"coordinates":null,"truncated":false,"in_reply_to_user_id_str":null,"created_at":"Wed Oct 02 12:40:56 +0000 2013","source":"<a href=\"http://twitter.com/download/android\" rel=\"nofollow\">Twitter for Android<\/a>","retweet_count":0,"retweeted":false,"geo":null,"filter_level":"medium","in_reply_to_screen_name":null,"entities":{"urls":[],"hashtags":[{"indices":[70,74],"text":"tim"},{"indices":[119,126],"text":"bomdia"}],"user_mentions":[],"symbols":[]},"id_str":"385383898651578368","in_reply_to_user_id":null,"favorite_count":0,"contributors":null,"text":"Ruim d+ depender do wi-fi. Dps de + de 2h moendo com a recarga 24h da #tim, consegui lol tchau, wi-fi, lol lol lol lol #bomdia, pessoal.","id":385383898651578368,"place":null,"lang":"pt","user":{"utc_offset":-10800,"friends_count":98,"profile_image_url_https":"https://si0.twimg.com/profile_images/3051654971/170ed3a9ee39ccf9338370a44982f323_normal.jpeg","profile_background_image_url":"http://a0.twimg.com/profile_background_images/726375724/32fabca534d87763bd76b97153363b5c.jpeg","listed_count":3,"default_profile_image":false,"favourites_count":175,"description":"Definitivamente, a pessoa da foto acima e dos tweets abaixo... Prazer!\r\n\r\nhttp://domeuagrado.blogspot.com/","created_at":"Sat Jan 30 00:13:27 +0000 2010","is_translator":false,"profile_background_image_url_https":"https://si0.twimg.com/profile_background_images/726375724/32fabca534d87763bd76b97153363b5c.jpeg","protected":false,"screen_name":"gloriageorgia","id_str":"109706959","profile_link_color":"166C94","geo_enabled":true,"id":109706959,"profile_background_color":"A30505","lang":"fr","profile_sidebar_border_color":"000000","profile_text_color":"030708","verified":false,"profile_image_url":"http://a0.twimg.com/profile_images/3051654971/170ed3a9ee39ccf9338370a44982f323_normal.jpeg","time_zone":"Brasilia","url":null,"contributors_enabled":false,"profile_background_tile":true,"follow_request_sent":null,"statuses_count":27033,"profile_use_background_image":true,"followers_count":243,"following":null,"default_profile":false,"name":"Glória Geórgia","profile_sidebar_fill_color":"99CC33","location":"Brésil","notifications":null},"favorited":false}