{"in_reply_to_status_id_str":null,"in_reply_to_status_id":null,"coordinates":null,"truncated":false,"in_reply_to_user_id_str":null,"created_at":"Wed Oct 02 12:13:30 +0000 2013","source":"web","retweet_count":0,"retweeted":false,"geo":null,"filter_level":"medium","in_reply_to_screen_name":null,"entities":{"urls":[],"hashtags":[],"user_mentions":[{"indices":[18,32],"screen_name":"BancodoBrasil","id_str":"83723557","name":"Banco do Brasil","id":83723557}],"symbols":[]},"id_str":"385376997330800641","in_reply_to_user_id":null,"favorite_count":0,"contributors":null,"text":"Se eu namorasse o @BancodoBrasil eu seria a pessoa mais corna e negligenciada da terra.","id":385376997330800641,"place":null,"lang":"pt","user":{"utc_offset":-10800,"friends_count":844,"profile_image_url_https":"https://si0.twimg.com/profile_images/378800000530379010/c7ac1b3372d2c9342cfc6083ca820343_normal.jpeg","profile_background_image_url":"http://a0.twimg.com/profile_background_images/378800000082937011/95e6813772e9b9ff28c7df0158ffb8f4.jpeg","listed_count":0,"default_profile_image":false,"favourites_count":8,"description":"Perfil temporário até o tuíter devolver a @dianabfreitas. Se devolver.","created_at":"Tue Sep 24 14:48:15 +0000 2013","is_translator":false,"profile_background_image_url_https":"https://si0.twimg.com/profile_background_images/378800000082937011/95e6813772e9b9ff28c7df0158ffb8f4.jpeg","protected":false,"screen_name":"dianadfreitas","id_str":"1900745191","profile_link_color":"009999","geo_enabled":false,"id":1900745191,"profile_background_color":"131516","lang":"en-gb","profile_sidebar_border_color":"000000","profile_text_color":"333333","verified":false,"profile_image_url":"http://a0.twimg.com/profile_images/378800000530379010/c7ac1b3372d2c9342cfc6083ca820343_normal.jpeg","time_zone":"Brasilia","url":"http://about.me/dianafreitas","contributors_enabled":false,"profile_banner_url":"https://pbs.twimg.com/profile_banners/1900745191/1380044252","profile_background_tile":true,"follow_request_sent":null,"statuses_count":252,"profile_use_background_image":true,"followers_count":98,"following":null,"default_profile":false,"name":"diana freitas","profile_sidebar_fill_color":"DDEEF6","location":"Brasília","notifications":null},"favorited":false}