{"in_reply_to_status_id_str":null,"in_reply_to_status_id":null,"coordinates":null,"truncated":false,"in_reply_to_user_id_str":null,"created_at":"Wed Oct 02 12:38:16 +0000 2013","source":"web","retweet_count":0,"retweeted":false,"geo":null,"filter_level":"medium","in_reply_to_screen_name":null,"entities":{"urls":[],"hashtags":[],"user_mentions":[{"indices":[14,28],"screen_name":"BancodoBrasil","id_str":"83723557","name":"Banco do Brasil","id":83723557}],"symbols":[]},"id_str":"385383228300726274","in_reply_to_user_id":null,"favorite_count":0,"contributors":null,"text":"É deste jeito @BancodoBrasil que vocês querem o apoio da população ? Boicotando as operações dos seus clientes ? Reveja seus conceitos !","id":385383228300726274,"place":null,"lang":"pt","user":{"utc_offset":-10800,"friends_count":307,"profile_image_url_https":"https://si0.twimg.com/profile_images/2457109606/f51t74qfdjhr99ei1pal_normal.jpeg","profile_background_image_url":"http://a0.twimg.com/profile_background_images/781115488/ce03774ec8d2a51aefff2e87dff138db.jpeg","listed_count":20,"default_profile_image":false,"favourites_count":7,"description":"Consultor, Estudante e Professor focado em Infraestrutura de Tecnologia da Informação.\r\nMCP | MTA | MTAC | MCT | MCSA | MCTS | VSP5 | VTSP5 | VMSP | ITIL V3","created_at":"Fri Jul 10 11:14:57 +0000 2009","is_translator":false,"profile_background_image_url_https":"https://si0.twimg.com/profile_background_images/781115488/ce03774ec8d2a51aefff2e87dff138db.jpeg","protected":false,"screen_name":"ivanildogalvao","id_str":"55533796","profile_link_color":"333333","geo_enabled":true,"id":55533796,"profile_background_color":"C0DEED","lang":"en","profile_sidebar_border_color":"FFFFFF","profile_text_color":"0084B4","verified":false,"profile_image_url":"http://a0.twimg.com/profile_images/2457109606/f51t74qfdjhr99ei1pal_normal.jpeg","time_zone":"Brasilia","url":"http://www.ivanildogalvao.com.br","contributors_enabled":false,"profile_background_tile":true,"follow_request_sent":null,"statuses_count":19964,"profile_use_background_image":true,"followers_count":642,"following":null,"default_profile":false,"name":"Ivanildo Galvão","profile_sidebar_fill_color":"DDEEF6","location":"Brasil","notifications":null},"favorited":false}