{"in_reply_to_status_id_str":null,"in_reply_to_status_id":null,"coordinates":null,"truncated":false,"in_reply_to_user_id_str":"17487043","created_at":"Wed Oct 02 12:27:10 +0000 2013","source":"<a href=\"http://twitter.com/download/iphone\" rel=\"nofollow\">Twitter for iPhone<\/a>","retweet_count":0,"retweeted":false,"geo":null,"filter_level":"medium","in_reply_to_screen_name":"digaoi","entities":{"urls":[],"hashtags":[],"user_mentions":[{"indices":[0,7],"screen_name":"digaoi","id_str":"17487043","name":"Diga Oi!","id":17487043}],"symbols":[]},"id_str":"385380434030632960","in_reply_to_user_id":17487043,"favorite_count":0,"contributors":null,"text":"@digaoi TERCEIRA VEZ que minha ligação cai... Será que vou ter que ligar pra Anatel pra poder fazer uma ligação decente?","id":385380434030632960,"place":null,"lang":"pt","user":{"utc_offset":-10800,"friends_count":854,"profile_image_url_https":"https://si0.twimg.com/profile_images/3745353785/1b340659eee19ede8416dc369a342980_normal.jpeg","profile_background_image_url":"http://a0.twimg.com/profile_background_images/378800000084033733/0b5d390a4c24f40e0f1a0e02e1ad0c48.jpeg","listed_count":24,"default_profile_image":false,"favourites_count":122,"description":"Social Media - Free Lancer. Maceió/Alagoas\r\nContato: thatynhaal@gmail.com http://facebook.com/esmalthatynha","created_at":"Fri Apr 16 17:06:36 +0000 2010","is_translator":false,"profile_background_image_url_https":"https://si0.twimg.com/profile_background_images/378800000084033733/0b5d390a4c24f40e0f1a0e02e1ad0c48.jpeg","protected":false,"screen_name":"DicasDaThatynha","id_str":"133796488","profile_link_color":"64D143","geo_enabled":true,"id":133796488,"profile_background_color":"F72885","lang":"pt","profile_sidebar_border_color":"FFFFFF","profile_text_color":"2311ED","verified":false,"profile_image_url":"http://a0.twimg.com/profile_images/3745353785/1b340659eee19ede8416dc369a342980_normal.jpeg","time_zone":"Brasilia","url":"http://www.esmalthatynha.blogspot.com","contributors_enabled":false,"profile_banner_url":"https://pbs.twimg.com/profile_banners/133796488/1380373034","profile_background_tile":true,"follow_request_sent":null,"statuses_count":83929,"profile_use_background_image":true,"followers_count":2089,"following":null,"default_profile":false,"name":"Thalita  Oliveira","profile_sidebar_fill_color":"01030D","location":"Maceió","notifications":null},"favorited":false}