{"in_reply_to_status_id_str":null,"in_reply_to_status_id":null,"coordinates":{"coordinates":[-49.5286429,-25.4587851],"type":"Point"},"truncated":false,"in_reply_to_user_id_str":null,"created_at":"Wed Oct 02 10:00:04 +0000 2013","source":"<a href=\"http://twitter.com/download/android\" rel=\"nofollow\">Twitter for Android<\/a>","retweet_count":0,"retweeted":false,"geo":{"coordinates":[-25.4587851,-49.5286429],"type":"Point"},"filter_level":"medium","in_reply_to_screen_name":null,"entities":{"urls":[],"hashtags":[],"user_mentions":[{"indices":[5,9],"screen_name":"tim","id_str":"76133","name":"Tim Bradshaw","id":76133}],"symbols":[]},"id_str":"385343417561399296","in_reply_to_user_id":null,"favorite_count":0,"contributors":null,"text":"Essa @Tim ta de trollagem comigo, só pode...","id":385343417561399296,"place":{"country_code":"BR","country":"Brasil","full_name":"Campo Largo, Paraná","bounding_box":{"coordinates":[[[-49.857016,-25.5538548],[-49.857016,-24.979118],[-49.3715705,-24.979118],[-49.3715705,-25.5538548]]],"type":"Polygon"},"place_type":"city","name":"Campo Largo","attributes":{},"id":"159bd2ae91e51e90","url":"https://api.twitter.com/1.1/geo/id/159bd2ae91e51e90.json"},"lang":"pt","user":{"utc_offset":-10800,"friends_count":231,"profile_image_url_https":"https://si0.twimg.com/profile_images/378800000448772195/ffa9f3068c1ae7b45ed63524b804a47e_normal.jpeg","profile_background_image_url":"http://a0.twimg.com/profile_background_images/179893371/Grunge_wallpaper_by_steveni70.jpg","listed_count":2,"default_profile_image":false,"favourites_count":19,"description":"Designer,ex-lutador de boxe, viciado em informação, whisky, tatuagens, pizza, filmes, hot rods, harleys, rock'n roll e mulheres (não necessariamente nesta ordem","created_at":"Sat Jan 23 12:54:08 +0000 2010","is_translator":false,"profile_background_image_url_https":"https://si0.twimg.com/profile_background_images/179893371/Grunge_wallpaper_by_steveni70.jpg","protected":false,"screen_name":"ItsJVictor","id_str":"107705334","profile_link_color":"9E0000","geo_enabled":true,"id":107705334,"profile_background_color":"000000","lang":"pt","profile_sidebar_border_color":"4F4F4F","profile_text_color":"383838","verified":false,"profile_image_url":"http://a0.twimg.com/profile_images/378800000448772195/ffa9f3068c1ae7b45ed63524b804a47e_normal.jpeg","time_zone":"Santiago","url":"http://nerdpride.com.br/","contributors_enabled":false,"profile_background_tile":false,"follow_request_sent":null,"statuses_count":6661,"profile_use_background_image":true,"followers_count":122,"following":null,"default_profile":false,"name":"J. Victor","profile_sidebar_fill_color":"000000","location":"Curitiba - Brazil","notifications":null},"favorited":false}