{"in_reply_to_status_id_str":null,"in_reply_to_status_id":null,"possibly_sensitive":false,"coordinates":null,"truncated":false,"in_reply_to_user_id_str":null,"created_at":"Wed Oct 02 13:40:50 +0000 2013","source":"<a href=\"http://www.hootsuite.com\" rel=\"nofollow\">HootSuite<\/a>","retweet_count":0,"retweeted":false,"geo":null,"filter_level":"medium","in_reply_to_screen_name":null,"entities":{"urls":[{"display_url":"bit.ly/GzID3V","indices":[75,97],"expanded_url":"http://bit.ly/GzID3V","url":"http://t.co/SJdBASEaRa"}],"hashtags":[],"user_mentions":[{"indices":[22,29],"screen_name":"digaoi","id_str":"17487043","name":"Diga Oi!","id":17487043},{"indices":[32,48],"screen_name":"PortugalTelecom","id_str":"17711659","name":"Portugal Telecom","id":17711659}],"symbols":[]},"id_str":"385398973819002880","in_reply_to_user_id":null,"favorite_count":0,"contributors":null,"text":"Empresas de telefonia @digaoi e @PortugalTelecom anunciam acordo de fusão. http://t.co/SJdBASEaRa","id":385398973819002880,"place":null,"lang":"pt","user":{"utc_offset":-10800,"friends_count":1843,"profile_image_url_https":"https://si0.twimg.com/profile_images/3323659906/2d1f47d8a314ea728fb15d9cc8693409_normal.jpeg","profile_background_image_url":"http://a0.twimg.com/profile_background_images/249190549/twitter_bg_veja2-_4_.jpg","listed_count":1268,"default_profile_image":false,"favourites_count":0,"description":"A Pílula do conhecimento digital","created_at":"Thu Mar 06 20:36:48 +0000 2008","is_translator":false,"profile_background_image_url_https":"https://si0.twimg.com/profile_background_images/249190549/twitter_bg_veja2-_4_.jpg","protected":false,"screen_name":"proxxima","id_str":"14091231","profile_link_color":"FF0044","geo_enabled":true,"id":14091231,"profile_background_color":"FFFFFF","lang":"pt","profile_sidebar_border_color":"FFFFFF","profile_text_color":"000000","verified":false,"profile_image_url":"http://a0.twimg.com/profile_images/3323659906/2d1f47d8a314ea728fb15d9cc8693409_normal.jpeg","time_zone":"Santiago","url":"http://www.proxxima.com.br","contributors_enabled":false,"profile_banner_url":"https://pbs.twimg.com/profile_banners/14091231/1351599800","profile_background_tile":false,"follow_request_sent":null,"statuses_count":9117,"profile_use_background_image":true,"followers_count":32357,"following":null,"default_profile":false,"name":"proXXIma","profile_sidebar_fill_color":"FFFFFF","location":"São Paulo - Brasil","notifications":null},"favorited":false}