{"in_reply_to_status_id_str":null,"in_reply_to_status_id":null,"coordinates":null,"truncated":false,"in_reply_to_user_id_str":null,"created_at":"Wed Oct 02 10:46:04 +0000 2013","source":"<a href=\"http://www.myplume.com/\" rel=\"nofollow\">Plume for Android<\/a>","retweet_count":0,"retweeted":false,"geo":null,"filter_level":"medium","in_reply_to_screen_name":null,"entities":{"urls":[],"hashtags":[],"user_mentions":[{"indices":[41,53],"screen_name":"AloBradesco","id_str":"78317870","name":"Alô Bradesco","id":78317870},{"indices":[54,63],"screen_name":"Bradesco","id_str":"79184083","name":"Banco Bradesco","id":79184083}],"symbols":[]},"id_str":"385354992850567168","in_reply_to_user_id":null,"favorite_count":0,"contributors":null,"text":"Já que não posso mais usar meu cartão do @alobradesco @bradesco pra comprar apps no Play, aceito sugestões de outros bancos.","id":385354992850567168,"place":null,"lang":"pt","user":{"utc_offset":-10800,"friends_count":240,"profile_image_url_https":"https://si0.twimg.com/profile_images/378800000073804464/73527812252932c92f945c1e5899371f_normal.jpeg","profile_background_image_url":"http://abs.twimg.com/images/themes/theme1/bg.png","listed_count":33,"default_profile_image":false,"favourites_count":767,"description":"Procurando desafios em TI, Android harduser! #androidbrasil\r\nTem também o outro lado, que gosta de fugir da loucura q é São Paulo e se esconder no meio do mato!","created_at":"Wed Jan 23 11:38:58 +0000 2008","is_translator":false,"profile_background_image_url_https":"https://abs.twimg.com/images/themes/theme1/bg.png","protected":false,"screen_name":"rzaratin","id_str":"12589962","profile_link_color":"0084B4","geo_enabled":true,"id":12589962,"profile_background_color":"C0DEED","lang":"en","profile_sidebar_border_color":"C0DEED","profile_text_color":"333333","verified":false,"profile_image_url":"http://a0.twimg.com/profile_images/378800000073804464/73527812252932c92f945c1e5899371f_normal.jpeg","time_zone":"Brasilia","url":"http://about.me/rzaratin","contributors_enabled":false,"profile_background_tile":false,"follow_request_sent":null,"statuses_count":22625,"profile_use_background_image":true,"followers_count":613,"following":null,"default_profile":true,"name":"Rodrigo Zaratin","profile_sidebar_fill_color":"DDEEF6","location":"São Paulo, SP, Brasil","notifications":null},"favorited":false}