{"in_reply_to_status_id_str":null,"in_reply_to_status_id":null,"possibly_sensitive":false,"coordinates":{"coordinates":[-43.92244628,-19.94460621],"type":"Point"},"truncated":false,"in_reply_to_user_id_str":null,"created_at":"Wed Oct 02 12:15:08 +0000 2013","source":"<a href=\"http://foursquare.com\" rel=\"nofollow\">foursquare<\/a>","retweet_count":0,"retweeted":false,"geo":{"coordinates":[-19.94460621,-43.92244628],"type":"Point"},"filter_level":"medium","in_reply_to_screen_name":null,"entities":{"urls":[{"display_url":"4sq.com/19UMlMu","indices":[62,84],"expanded_url":"http://4sq.com/19UMlMu","url":"http://t.co/mpn9RQsnO7"}],"hashtags":[],"user_mentions":[{"indices":[33,40],"screen_name":"digaoi","id_str":"17487043","name":"Diga Oi!","id":17487043}],"symbols":[]},"id_str":"385377409039876096","in_reply_to_user_id":null,"favorite_count":0,"contributors":null,"text":"I'm at Oi Telecomunicações S/A - @digaoi (Belo Horizonte, MG) http://t.co/mpn9RQsnO7","id":385377409039876096,"place":{"country_code":"BR","country":"Brasil","full_name":"Belo Horizonte, Minas Gerais","bounding_box":{"coordinates":[[[-44.062789,-20.059816],[-44.062789,-19.777568],[-43.856856,-19.777568],[-43.856856,-20.059816]]],"type":"Polygon"},"place_type":"city","name":"Belo Horizonte","attributes":{},"id":"d9d978b087a92583","url":"https://api.twitter.com/1.1/geo/id/d9d978b087a92583.json"},"lang":"pt","user":{"utc_offset":-10800,"friends_count":322,"profile_image_url_https":"https://si0.twimg.com/profile_images/2184999809/PhotoChooser-13b88659-cc37-4f78-9071-a4fb3216aa98_normal.jpg","profile_background_image_url":"http://a0.twimg.com/profile_background_images/349314245/coringa-joker-vilao-cda32.jpg","listed_count":23,"default_profile_image":false,"favourites_count":19,"description":"Continue a nadar... Positividade... Hakuna Matata..","created_at":"Mon Oct 05 16:02:28 +0000 2009","is_translator":false,"profile_background_image_url_https":"https://si0.twimg.com/profile_background_images/349314245/coringa-joker-vilao-cda32.jpg","protected":false,"screen_name":"Buckyonthetable","id_str":"80058128","profile_link_color":"17B4ED","geo_enabled":true,"id":80058128,"profile_background_color":"111211","lang":"pt","profile_sidebar_border_color":"080808","profile_text_color":"FA2E0A","verified":false,"profile_image_url":"http://a0.twimg.com/profile_images/2184999809/PhotoChooser-13b88659-cc37-4f78-9071-a4fb3216aa98_normal.jpg","time_zone":"Brasilia","url":null,"contributors_enabled":false,"profile_background_tile":false,"follow_request_sent":null,"statuses_count":20828,"profile_use_background_image":true,"followers_count":284,"following":null,"default_profile":false,"name":"Bruno Nunes","profile_sidebar_fill_color":"FAF2FA","location":"Pais do FODAS-SE","notifications":null},"favorited":false}