{"in_reply_to_status_id_str":null,"in_reply_to_status_id":null,"possibly_sensitive":false,"coordinates":null,"truncated":false,"in_reply_to_user_id_str":null,"created_at":"Wed Oct 02 12:19:47 +0000 2013","source":"<a href=\"http://twitter.com/download/iphone\" rel=\"nofollow\">Twitter for iPhone<\/a>","retweet_count":0,"retweeted":false,"geo":null,"filter_level":"medium","in_reply_to_screen_name":null,"entities":{"urls":[{"display_url":"o5c.al.sl.pt","indices":[88,110],"expanded_url":"http://o5c.al.sl.pt","url":"http://t.co/mOj2vXYaO4"}],"hashtags":[{"indices":[111,114],"text":"PT"},{"indices":[115,118],"text":"Oi"}],"user_mentions":[],"symbols":[]},"id_str":"385378576901869568","in_reply_to_user_id":null,"favorite_count":0,"contributors":null,"text":"Acompanhe em direto a conferência de imprensa, sobre o processo de fusão hoje anunciado http://t.co/mOj2vXYaO4 #PT #Oi","id":385378576901869568,"place":null,"lang":"pt","user":{"utc_offset":3600,"friends_count":62,"profile_image_url_https":"https://si0.twimg.com/profile_images/213146052/Logo_PT_azul_normal.png","profile_background_image_url":"http://a0.twimg.com/profile_background_images/769479207/5e2cd203df92b9decff3762479222997.png","listed_count":207,"default_profile_image":false,"favourites_count":0,"description":"Bem-vindo à página oficial da Portugal Telecom, uma operadora global de telecomunicações a nível nacional e internacional","created_at":"Fri Nov 28 16:24:11 +0000 2008","is_translator":false,"profile_background_image_url_https":"https://si0.twimg.com/profile_background_images/769479207/5e2cd203df92b9decff3762479222997.png","protected":false,"screen_name":"PortugalTelecom","id_str":"17711659","profile_link_color":"0099AB","geo_enabled":false,"id":17711659,"profile_background_color":"0099AB","lang":"pt","profile_sidebar_border_color":"FFFFFF","profile_text_color":"333333","verified":false,"profile_image_url":"http://a0.twimg.com/profile_images/213146052/Logo_PT_azul_normal.png","time_zone":"Lisbon","url":"http://www.telecom.pt","contributors_enabled":false,"profile_banner_url":"https://pbs.twimg.com/profile_banners/17711659/1379961737","profile_background_tile":false,"follow_request_sent":null,"statuses_count":3056,"profile_use_background_image":true,"followers_count":13371,"following":null,"default_profile":false,"name":"Portugal Telecom","profile_sidebar_fill_color":"F2F3F1","location":"Portugal","notifications":null},"favorited":false}