{"in_reply_to_status_id_str":null,"in_reply_to_status_id":null,"possibly_sensitive":false,"coordinates":{"coordinates":[-60.04991254,-3.07180149],"type":"Point"},"truncated":false,"in_reply_to_user_id_str":null,"created_at":"Wed Oct 02 13:11:49 +0000 2013","source":"<a href=\"http://foursquare.com\" rel=\"nofollow\">foursquare<\/a>","retweet_count":0,"retweeted":false,"geo":{"coordinates":[-3.07180149,-60.04991254],"type":"Point"},"filter_level":"medium","in_reply_to_screen_name":null,"entities":{"urls":[{"display_url":"4sq.com/18OI8Lk","indices":[45,67],"expanded_url":"http://4sq.com/18OI8Lk","url":"http://t.co/ju26ophpNg"}],"hashtags":[],"user_mentions":[{"indices":[7,13],"screen_name":"CAIXA","id_str":"229191436","name":"CAIXA","id":229191436}],"symbols":[]},"id_str":"385391671682555904","in_reply_to_user_id":null,"favorite_count":0,"contributors":null,"text":"I'm at @Caixa Econômica Federal (Manaus, AM) http://t.co/ju26ophpNg","id":385391671682555904,"place":{"country_code":"BR","country":"Brasil","full_name":"Manaus, Amazonas","bounding_box":{"coordinates":[[[-60.802071,-3.221228],[-60.802071,-1.923622],[-59.15858,-1.923622],[-59.15858,-3.221228]]],"type":"Polygon"},"place_type":"city","name":"Manaus","attributes":{},"id":"45e3bce63f2beeee","url":"https://api.twitter.com/1.1/geo/id/45e3bce63f2beeee.json"},"lang":"pt","user":{"utc_offset":-10800,"friends_count":359,"profile_image_url_https":"https://si0.twimg.com/profile_images/378800000345991953/cf8cd79adaa7909355d90d277e4535f7_normal.jpeg","profile_background_image_url":"http://a0.twimg.com/profile_background_images/378800000053074689/17ea9d197275644f628581e121395545.jpeg","listed_count":5,"default_profile_image":false,"favourites_count":23,"description":"Brasil.Flamengo.Chocolate. Família. Amigos. Reggae. Rock, quase engenheira química & FELIZ!","created_at":"Sat May 23 02:35:06 +0000 2009","is_translator":false,"profile_background_image_url_https":"https://si0.twimg.com/profile_background_images/378800000053074689/17ea9d197275644f628581e121395545.jpeg","protected":false,"screen_name":"Jhenny_Loys","id_str":"41956961","profile_link_color":"D40B94","geo_enabled":true,"id":41956961,"profile_background_color":"5E045E","lang":"pt","profile_sidebar_border_color":"000000","profile_text_color":"9E9898","verified":false,"profile_image_url":"http://a0.twimg.com/profile_images/378800000345991953/cf8cd79adaa7909355d90d277e4535f7_normal.jpeg","time_zone":"Brasilia","url":"http://www.facebook.com/jennyfer.loys","contributors_enabled":false,"profile_banner_url":"https://pbs.twimg.com/profile_banners/41956961/1376684478","profile_background_tile":true,"follow_request_sent":null,"statuses_count":8029,"profile_use_background_image":true,"followers_count":420,"following":null,"default_profile":false,"name":"☯ Jhenny","profile_sidebar_fill_color":"000000","location":"bem alii... x)","notifications":null},"favorited":false}