{"in_reply_to_status_id_str":null,"in_reply_to_status_id":null,"coordinates":null,"truncated":false,"in_reply_to_user_id_str":null,"created_at":"Wed Oct 02 13:25:34 +0000 2013","source":"web","retweet_count":0,"retweeted":false,"geo":null,"filter_level":"medium","in_reply_to_screen_name":null,"entities":{"urls":[],"hashtags":[],"user_mentions":[{"indices":[39,49],"screen_name":"TIMBrasil","id_str":"62572858","name":"TIM BRASIL","id":62572858}],"symbols":[]},"id_str":"385395131416723456","in_reply_to_user_id":null,"favorite_count":0,"contributors":null,"text":"Desde ontem de manhã que a internet da @TIMBrasil não funciona no meu celular, mas cadê o tempo pra ir na loja resolver? --'","id":385395131416723456,"place":null,"lang":"pt","user":{"utc_offset":null,"friends_count":493,"profile_image_url_https":"https://si0.twimg.com/profile_images/3695656697/06518915d62db686924c757f3e596312_normal.jpeg","profile_background_image_url":"http://abs.twimg.com/images/themes/theme16/bg.gif","listed_count":14,"default_profile_image":false,"favourites_count":59,"description":"Jornalista, assessora de comunicação do IEF-AP","created_at":"Tue Nov 02 22:52:28 +0000 2010","is_translator":false,"profile_background_image_url_https":"https://abs.twimg.com/images/themes/theme16/bg.gif","protected":false,"screen_name":"anaaabarbosa","id_str":"211319242","profile_link_color":"0084B4","geo_enabled":true,"id":211319242,"profile_background_color":"9AE4E8","lang":"en","profile_sidebar_border_color":"BDDCAD","profile_text_color":"333333","verified":false,"profile_image_url":"http://a0.twimg.com/profile_images/3695656697/06518915d62db686924c757f3e596312_normal.jpeg","time_zone":null,"url":null,"contributors_enabled":false,"profile_background_tile":false,"follow_request_sent":null,"statuses_count":12517,"profile_use_background_image":false,"followers_count":519,"following":null,"default_profile":false,"name":"Ana Barbosa","profile_sidebar_fill_color":"DDFFCC","location":"Macapá-AP","notifications":null},"favorited":false}