{"in_reply_to_status_id_str":"385354992850567168","in_reply_to_status_id":385354992850567168,"coordinates":null,"truncated":false,"in_reply_to_user_id_str":"12589962","created_at":"Wed Oct 02 11:20:36 +0000 2013","source":"<a href=\"http://twitter.com/download/android\" rel=\"nofollow\">Twitter for Android<\/a>","retweet_count":0,"retweeted":false,"geo":null,"filter_level":"medium","in_reply_to_screen_name":"rzaratin","entities":{"urls":[],"hashtags":[],"user_mentions":[{"indices":[0,9],"screen_name":"rzaratin","id_str":"12589962","name":"Rodrigo Zaratin","id":12589962},{"indices":[10,22],"screen_name":"AloBradesco","id_str":"78317870","name":"Alô Bradesco","id":78317870},{"indices":[23,32],"screen_name":"Bradesco","id_str":"79184083","name":"Banco Bradesco","id":79184083},{"indices":[56,66],"screen_name":"Santander","id_str":"76975003","name":"Santander","id":76975003}],"symbols":[]},"id_str":"385363684526407680","in_reply_to_user_id":12589962,"favorite_count":0,"contributors":null,"text":"@rzaratin @AloBradesco @Bradesco Consegui usar o cartão @Santander, por enquanto.","id":385363684526407680,"place":null,"lang":"pt","user":{"utc_offset":-10800,"friends_count":91,"profile_image_url_https":"https://si0.twimg.com/profile_images/3272743422/d809d0c2f9ce04525db58140db2e8321_normal.jpeg","profile_background_image_url":"http://abs.twimg.com/images/themes/theme16/bg.gif","listed_count":3,"default_profile_image":false,"favourites_count":2,"description":null,"created_at":"Wed Jul 02 17:27:55 +0000 2008","is_translator":false,"profile_background_image_url_https":"https://abs.twimg.com/images/themes/theme16/bg.gif","protected":false,"screen_name":"ediesaid","id_str":"15299782","profile_link_color":"0084B4","geo_enabled":false,"id":15299782,"profile_background_color":"9AE4E8","lang":"en","profile_sidebar_border_color":"BDDCAD","profile_text_color":"333333","verified":false,"profile_image_url":"http://a0.twimg.com/profile_images/3272743422/d809d0c2f9ce04525db58140db2e8321_normal.jpeg","time_zone":"Brasilia","url":null,"contributors_enabled":false,"profile_background_tile":false,"follow_request_sent":null,"statuses_count":1262,"profile_use_background_image":true,"followers_count":32,"following":null,"default_profile":false,"name":"ediesaid","profile_sidebar_fill_color":"DDFFCC","location":"São Paulo, Brasil","notifications":null},"favorited":false}