{"in_reply_to_status_id_str":null,"in_reply_to_status_id":null,"coordinates":null,"truncated":false,"in_reply_to_user_id_str":"17487043","created_at":"Wed Oct 02 12:25:50 +0000 2013","source":"<a href=\"http://www.hootsuite.com\" rel=\"nofollow\">HootSuite<\/a>","retweet_count":0,"retweeted":false,"geo":null,"filter_level":"medium","in_reply_to_screen_name":"digaoi","entities":{"urls":[],"hashtags":[],"user_mentions":[{"indices":[0,7],"screen_name":"digaoi","id_str":"17487043","name":"Diga Oi!","id":17487043}],"symbols":[]},"id_str":"385380099773972480","in_reply_to_user_id":17487043,"favorite_count":0,"contributors":null,"text":"@digaoi Já tem mais de um mês que solicitei troca de titular e até agora nada! Desse jeito vou ter que trocar de operadora.","id":385380099773972480,"place":null,"lang":"pt","user":{"utc_offset":-10800,"friends_count":270,"profile_image_url_https":"https://si0.twimg.com/profile_images/3401592189/072d72bf2248f14ce8dbb6825cddcd10_normal.jpeg","profile_background_image_url":"http://a0.twimg.com/profile_background_images/188141477/233.gif","listed_count":19,"default_profile_image":false,"favourites_count":22,"description":null,"created_at":"Mon Mar 02 00:34:47 +0000 2009","is_translator":false,"profile_background_image_url_https":"https://si0.twimg.com/profile_background_images/188141477/233.gif","protected":false,"screen_name":"Deiasn","id_str":"22428460","profile_link_color":"FF4FE5","geo_enabled":true,"id":22428460,"profile_background_color":"000000","lang":"en","profile_sidebar_border_color":"000000","profile_text_color":"000000","verified":false,"profile_image_url":"http://a0.twimg.com/profile_images/3401592189/072d72bf2248f14ce8dbb6825cddcd10_normal.jpeg","time_zone":"Brasilia","url":null,"contributors_enabled":false,"profile_background_tile":true,"follow_request_sent":null,"statuses_count":62112,"profile_use_background_image":true,"followers_count":138,"following":null,"default_profile":false,"name":"Andrea Nunes","profile_sidebar_fill_color":"FC9B97","location":"Rio de Janeiro / Brazil","notifications":null},"favorited":false}