{"in_reply_to_status_id_str":null,"in_reply_to_status_id":null,"coordinates":null,"truncated":false,"in_reply_to_user_id_str":"229191436","created_at":"Wed Oct 02 12:09:51 +0000 2013","source":"<a href=\"http://twitter.com/download/android\" rel=\"nofollow\">Twitter for Android<\/a>","retweet_count":0,"retweeted":false,"geo":null,"filter_level":"medium","in_reply_to_screen_name":"CAIXA","entities":{"urls":[],"hashtags":[],"user_mentions":[{"indices":[0,6],"screen_name":"CAIXA","id_str":"229191436","name":"CAIXA","id":229191436}],"symbols":[]},"id_str":"385376077725855744","in_reply_to_user_id":229191436,"favorite_count":0,"contributors":null,"text":"@CAIXA Quando voltam da greve seus filha da puta?","id":385376077725855744,"place":null,"lang":"pt","user":{"utc_offset":-10800,"friends_count":1972,"profile_image_url_https":"https://si0.twimg.com/profile_images/378800000416699664/3b5a7b64145039b8159eba87cdaf66dd_normal.jpeg","profile_background_image_url":"http://a0.twimg.com/profile_background_images/378800000052377820/88a670c1ccdda071beae3943fe0927c9.jpeg","listed_count":0,"default_profile_image":false,"favourites_count":94,"description":null,"created_at":"Tue Feb 22 21:57:13 +0000 2011","is_translator":false,"profile_background_image_url_https":"https://si0.twimg.com/profile_background_images/378800000052377820/88a670c1ccdda071beae3943fe0927c9.jpeg","protected":false,"screen_name":"LUISRODRESSO","id_str":"256208577","profile_link_color":"0084B4","geo_enabled":false,"id":256208577,"profile_background_color":"C0DEED","lang":"pt","profile_sidebar_border_color":"000000","profile_text_color":"333333","verified":false,"profile_image_url":"http://a0.twimg.com/profile_images/378800000416699664/3b5a7b64145039b8159eba87cdaf66dd_normal.jpeg","time_zone":"Brasilia","url":"http://www.dragonsofangykall.blogspot.com.br/","contributors_enabled":false,"profile_banner_url":"https://pbs.twimg.com/profile_banners/256208577/1376600810","profile_background_tile":false,"follow_request_sent":null,"statuses_count":10498,"profile_use_background_image":true,"followers_count":505,"following":null,"default_profile":false,"name":"LUIS RODRESSO","profile_sidebar_fill_color":"DDEEF6","location":"SP","notifications":null},"favorited":false}