{"in_reply_to_status_id_str":null,"in_reply_to_status_id":null,"coordinates":null,"truncated":false,"in_reply_to_user_id_str":"229191436","created_at":"Wed Oct 02 12:45:48 +0000 2013","source":"web","retweet_count":0,"retweeted":false,"geo":null,"filter_level":"medium","in_reply_to_screen_name":"CAIXA","entities":{"urls":[],"hashtags":[],"user_mentions":[{"indices":[0,6],"screen_name":"CAIXA","id_str":"229191436","name":"CAIXA","id":229191436},{"indices":[85,91],"screen_name":"CAIXA","id_str":"229191436","name":"CAIXA","id":229191436}],"symbols":[]},"id_str":"385385123455066112","in_reply_to_user_id":229191436,"favorite_count":0,"contributors":null,"text":"@CAIXA A Greve dos bancos continua ou já acabou? Gostaria de saber se as agencias da @CAIXA já estão funcionando?","id":385385123455066112,"place":null,"lang":"pt","user":{"utc_offset":-10800,"friends_count":41,"profile_image_url_https":"https://si0.twimg.com/profile_images/3108625370/27872418d3475a13cf1745085f64efb3_normal.png","profile_background_image_url":"http://a0.twimg.com/profile_background_images/828429859/66b8c5a176e57b605fc6c2cff87b91f7.jpeg","listed_count":0,"default_profile_image":false,"favourites_count":559,"description":".Sou compositor, adoro filmes e games, gaúcho, 39 anos. A Lealdade, o coração valente e o, crítico em mim me definem.! http://t.co/wfYnTqxU .","created_at":"Wed Oct 31 20:55:00 +0000 2012","is_translator":false,"profile_background_image_url_https":"https://si0.twimg.com/profile_background_images/828429859/66b8c5a176e57b605fc6c2cff87b91f7.jpeg","protected":false,"screen_name":"RodolfoFAndrade","id_str":"917639124","profile_link_color":"E02312","geo_enabled":true,"id":917639124,"profile_background_color":"3A1C94","lang":"pt","profile_sidebar_border_color":"000000","profile_text_color":"C0DCF1","verified":false,"profile_image_url":"http://a0.twimg.com/profile_images/3108625370/27872418d3475a13cf1745085f64efb3_normal.png","time_zone":"Brasilia","url":"http://cafeeperolasdainformacao.blogspot.com.br","contributors_enabled":false,"profile_banner_url":"https://pbs.twimg.com/profile_banners/917639124/1364607255","profile_background_tile":true,"follow_request_sent":null,"statuses_count":4298,"profile_use_background_image":true,"followers_count":63,"following":null,"default_profile":false,"name":"Rodolfo F. Andrade","profile_sidebar_fill_color":"C0DCF1","location":"São José dos Campos SP Brasil","notifications":null},"favorited":false}