{"in_reply_to_status_id_str":null,"in_reply_to_status_id":null,"coordinates":null,"truncated":false,"in_reply_to_user_id_str":null,"created_at":"Wed Oct 02 11:11:53 +0000 2013","source":"<a href=\"http://twitter.com/download/android\" rel=\"nofollow\">Twitter for Android<\/a>","retweet_count":0,"retweeted":false,"geo":null,"filter_level":"medium","in_reply_to_screen_name":null,"entities":{"urls":[],"hashtags":[{"indices":[43,47],"text":"Tim"}],"user_mentions":[],"symbols":[]},"id_str":"385361490863489024","in_reply_to_user_id":null,"favorite_count":0,"contributors":null,"text":"POORRAAAAA DE TIM SEM ÁREA.    :@@@@@@     #Tim","id":385361490863489024,"place":null,"lang":"pt","user":{"utc_offset":-10800,"friends_count":294,"profile_image_url_https":"https://si0.twimg.com/profile_images/378800000407673847/124d5a8dfafa161fce7e89c055da80de_normal.jpeg","profile_background_image_url":"http://a0.twimg.com/profile_background_images/371443664/CRISLAINEE.jpg","listed_count":18,"default_profile_image":false,"favourites_count":22,"description":"'Miinha vida é andar por esse país, pra ver si um dia descanso Feliz.. '   (:","created_at":"Thu Jul 22 16:39:23 +0000 2010","is_translator":false,"profile_background_image_url_https":"https://si0.twimg.com/profile_background_images/371443664/CRISLAINEE.jpg","protected":false,"screen_name":"CrislaineNasc","id_str":"169556982","profile_link_color":"FA0000","geo_enabled":true,"id":169556982,"profile_background_color":"C6E2EE","lang":"pt","profile_sidebar_border_color":"C6E2EE","profile_text_color":"232424","verified":false,"profile_image_url":"http://a0.twimg.com/profile_images/378800000407673847/124d5a8dfafa161fce7e89c055da80de_normal.jpeg","time_zone":"Santiago","url":"http://www.facebook.com/profile.php?id=100002918889720","contributors_enabled":false,"profile_banner_url":"https://pbs.twimg.com/profile_banners/169556982/1378743157","profile_background_tile":true,"follow_request_sent":null,"statuses_count":12880,"profile_use_background_image":true,"followers_count":631,"following":null,"default_profile":false,"name":"Crislaine Nascimento","profile_sidebar_fill_color":"DDEEF6","location":"Tiradentes MG","notifications":null},"favorited":false}