{"in_reply_to_status_id_str":null,"in_reply_to_status_id":null,"coordinates":null,"truncated":false,"in_reply_to_user_id_str":null,"created_at":"Wed Oct 02 12:51:58 +0000 2013","source":"<a href=\"http://www.hootsuite.com\" rel=\"nofollow\">HootSuite<\/a>","retweet_count":0,"retweeted":false,"geo":null,"filter_level":"medium","in_reply_to_screen_name":null,"entities":{"urls":[],"hashtags":[{"indices":[129,136],"text":"ANATEL"}],"user_mentions":[{"indices":[11,21],"screen_name":"TIMBrasil","id_str":"62572858","name":"TIM BRASIL","id":62572858}],"symbols":[]},"id_str":"385386677931610112","in_reply_to_user_id":null,"favorite_count":0,"contributors":null,"text":"De todas a @TIMBrasil é a pior, não enviam a fatura e ainda cobram juros e cortam a conta todo mês é um desgaste grande, SOCORRO #ANATEL","id":385386677931610112,"place":null,"lang":"pt","user":{"utc_offset":-10800,"friends_count":1080,"profile_image_url_https":"https://si0.twimg.com/profile_images/3182909502/8333cd1793c99d43ca7cb1a994157922_normal.jpeg","profile_background_image_url":"http://a0.twimg.com/profile_background_images/305282143/BG1.2.jpg","listed_count":60,"default_profile_image":false,"favourites_count":18,"description":"Jornaleiro, palestrante, empresário e Dr. HONORIS CAUSA, autor do Best Seller Você é sua melhor marca. Fan Page: https://www.facebook.com/jussier.ramalho","created_at":"Mon Jun 15 00:12:04 +0000 2009","is_translator":false,"profile_background_image_url_https":"https://si0.twimg.com/profile_background_images/305282143/BG1.2.jpg","protected":false,"screen_name":"JussierRamalho","id_str":"47211220","profile_link_color":"FF8400","geo_enabled":false,"id":47211220,"profile_background_color":"C2C2C2","lang":"pt","profile_sidebar_border_color":"5ED4DC","profile_text_color":"121212","verified":false,"profile_image_url":"http://a0.twimg.com/profile_images/3182909502/8333cd1793c99d43ca7cb1a994157922_normal.jpeg","time_zone":"Brasilia","url":"http://www.jussier.com.br","contributors_enabled":false,"profile_background_tile":false,"follow_request_sent":null,"statuses_count":14483,"profile_use_background_image":true,"followers_count":14140,"following":null,"default_profile":false,"name":"JussierRamalho","profile_sidebar_fill_color":"424242","location":"Natal","notifications":null},"favorited":false}