{"in_reply_to_status_id_str":null,"in_reply_to_status_id":null,"possibly_sensitive":false,"coordinates":null,"truncated":false,"in_reply_to_user_id_str":null,"created_at":"Wed Oct 02 16:20:38 +0000 2013","source":"<a href=\"http://www.hootsuite.com\" rel=\"nofollow\">HootSuite<\/a>","retweet_count":0,"retweeted":false,"geo":null,"filter_level":"medium","in_reply_to_screen_name":null,"entities":{"urls":[{"display_url":"bit.ly/19SWtI3","indices":[115,137],"expanded_url":"http://bit.ly/19SWtI3","url":"http://t.co/Bin0CLJtAh"}],"hashtags":[],"user_mentions":[{"indices":[45,51],"screen_name":"CAIXA","id_str":"229191436","name":"CAIXA","id":229191436}],"symbols":[]},"id_str":"385439190361862144","in_reply_to_user_id":null,"favorite_count":0,"contributors":null,"text":"Conheça o Crédito Rural CAIXA, a novidade da @CAIXA para o produtor rural, pessoa física, jurídica ou cooperativa: http://t.co/Bin0CLJtAh","id":385439190361862144,"place":null,"lang":"pt","user":{"utc_offset":-10800,"friends_count":3421,"profile_image_url_https":"https://si0.twimg.com/profile_images/2209934173/logo_caixa_normal.jpg","profile_background_image_url":"http://a0.twimg.com/profile_background_images/378800000078632197/581e4ce67e6b4cd3f6b43f85514f73cd.jpeg","listed_count":179,"default_profile_image":false,"favourites_count":0,"description":"A vida exige que um banco vá além. Essa é a a proposta da CAIXA. Conte conosco também no Twitter. Atendimento ao cliente: http://migre.me/3uMJN","created_at":"Tue Dec 21 19:28:51 +0000 2010","is_translator":false,"profile_background_image_url_https":"https://si0.twimg.com/profile_background_images/378800000078632197/581e4ce67e6b4cd3f6b43f85514f73cd.jpeg","protected":false,"screen_name":"CAIXA","id_str":"229191436","profile_link_color":"FFB700","geo_enabled":false,"id":229191436,"profile_background_color":"A6A6A6","lang":"pt","profile_sidebar_border_color":"000000","profile_text_color":"363636","verified":false,"profile_image_url":"http://a0.twimg.com/profile_images/2209934173/logo_caixa_normal.jpg","time_zone":"Brasilia","url":"http://www.caixa.gov.br/","contributors_enabled":false,"profile_banner_url":"https://pbs.twimg.com/profile_banners/229191436/1373930016","profile_background_tile":false,"follow_request_sent":null,"statuses_count":1899,"profile_use_background_image":true,"followers_count":22445,"following":null,"default_profile":false,"name":"CAIXA","profile_sidebar_fill_color":"EFEFEF","location":"Brasil","notifications":null},"favorited":false}