{"in_reply_to_status_id_str":null,"in_reply_to_status_id":null,"coordinates":null,"truncated":false,"in_reply_to_user_id_str":null,"created_at":"Wed Oct 02 14:55:00 +0000 2013","source":"<a href=\"https://mobile.twitter.com\" rel=\"nofollow\">Mobile Web (M5)<\/a>","retweet_count":0,"retweeted":false,"geo":null,"filter_level":"medium","in_reply_to_screen_name":null,"entities":{"urls":[],"hashtags":[{"indices":[12,22],"text":"timbrasil"}],"user_mentions":[],"symbols":[]},"id_str":"385417639033843713","in_reply_to_user_id":null,"favorite_count":0,"contributors":null,"text":"vem pra tim #timbrasil","id":385417639033843713,"place":null,"lang":"pt","user":{"utc_offset":null,"friends_count":108,"profile_image_url_https":"https://abs.twimg.com/sticky/default_profile_images/default_profile_6_normal.png","profile_background_image_url":"http://abs.twimg.com/images/themes/theme1/bg.png","listed_count":0,"default_profile_image":true,"favourites_count":0,"description":null,"created_at":"Thu Apr 12 00:07:23 +0000 2012","is_translator":false,"profile_background_image_url_https":"https://abs.twimg.com/images/themes/theme1/bg.png","protected":false,"screen_name":"phsr2013","id_str":"551425321","profile_link_color":"0084B4","geo_enabled":false,"id":551425321,"profile_background_color":"C0DEED","lang":"pt","profile_sidebar_border_color":"C0DEED","profile_text_color":"333333","verified":false,"profile_image_url":"http://abs.twimg.com/sticky/default_profile_images/default_profile_6_normal.png","time_zone":null,"url":null,"contributors_enabled":false,"profile_background_tile":false,"follow_request_sent":null,"statuses_count":29,"profile_use_background_image":true,"followers_count":3,"following":null,"default_profile":true,"name":"Pedro Henrique","profile_sidebar_fill_color":"DDEEF6","location":"","notifications":null},"favorited":false}