{"in_reply_to_status_id_str":null,"in_reply_to_status_id":null,"coordinates":null,"truncated":false,"in_reply_to_user_id_str":"62572858","created_at":"Wed Oct 02 15:30:33 +0000 2013","source":"<a href=\"http://twitter.com/#!/download/ipad\" rel=\"nofollow\">Twitter for iPad<\/a>","retweet_count":0,"retweeted":false,"geo":null,"filter_level":"medium","in_reply_to_screen_name":"TIMBrasil","entities":{"urls":[],"hashtags":[],"user_mentions":[{"indices":[0,10],"screen_name":"TIMBrasil","id_str":"62572858","name":"TIM BRASIL","id":62572858}],"symbols":[]},"id_str":"385426586063093760","in_reply_to_user_id":62572858,"favorite_count":0,"contributors":null,"text":"@TIMBrasil ridículo cobrarem correio de voz....","id":385426586063093760,"place":null,"lang":"pt","user":{"utc_offset":-10800,"friends_count":223,"profile_image_url_https":"https://si0.twimg.com/profile_images/3230823333/bc51cf5cc5f70b23e944ad49aebacffb_normal.jpeg","profile_background_image_url":"http://a0.twimg.com/profile_background_images/96891438/free_twitter_designer1","listed_count":1,"default_profile_image":false,"favourites_count":2,"description":"Publicitária, Capricorniana, Corintiana ... Louca por Filmes, música, Esportes e tv","created_at":"Fri Jul 10 18:28:14 +0000 2009","is_translator":false,"profile_background_image_url_https":"https://si0.twimg.com/profile_background_images/96891438/free_twitter_designer1","protected":false,"screen_name":"DeaStorelli","id_str":"55629698","profile_link_color":"780727","geo_enabled":true,"id":55629698,"profile_background_color":"A35FAD","lang":"pt","profile_sidebar_border_color":"691AB8","profile_text_color":"260525","verified":false,"profile_image_url":"http://a0.twimg.com/profile_images/3230823333/bc51cf5cc5f70b23e944ad49aebacffb_normal.jpeg","time_zone":"Brasilia","url":null,"contributors_enabled":false,"profile_banner_url":"https://pbs.twimg.com/profile_banners/55629698/1354840969","profile_background_tile":false,"follow_request_sent":null,"statuses_count":5425,"profile_use_background_image":true,"followers_count":132,"following":null,"default_profile":false,"name":"Déa Storelli","profile_sidebar_fill_color":"B579BD","location":"","notifications":null},"favorited":false}