{"in_reply_to_status_id_str":null,"in_reply_to_status_id":null,"possibly_sensitive":false,"coordinates":null,"truncated":false,"in_reply_to_user_id_str":"323432118","created_at":"Wed Oct 02 14:26:30 +0000 2013","source":"web","retweet_count":0,"retweeted":false,"geo":null,"filter_level":"medium","in_reply_to_screen_name":"oi","entities":{"urls":[{"display_url":"youtube.com/watch?v=xbT7A2\u2026","indices":[67,89],"expanded_url":"http://www.youtube.com/watch?v=xbT7A2XDVBA","url":"http://t.co/P598pTH3pX"}],"hashtags":[],"user_mentions":[{"indices":[0,3],"screen_name":"oi","id_str":"323432118","name":"Oi","id":323432118}],"symbols":[]},"id_str":"385410467478257664","in_reply_to_user_id":323432118,"favorite_count":0,"contributors":null,"text":"@oi SEU ANUNCIO NA RECORD ASSOCIA SUA MARCA A DROGAS E AO BULLYING http://t.co/P598pTH3pX","id":385410467478257664,"place":null,"lang":"pt","user":{"utc_offset":-10800,"friends_count":1070,"profile_image_url_https":"https://si0.twimg.com/profile_images/378800000474860675/978b38a7c78aae212a4454e571c01cd0_normal.png","profile_background_image_url":"http://a0.twimg.com/profile_background_images/580915105/zeu17rauq6jjv4bbcdrr.jpeg","listed_count":14,"default_profile_image":false,"favourites_count":37,"description":"SOU JUSTICEIRA! ODEIO COVARDIA E INJUSTIÇAS NA VERDADE SOU AINDA CRÉDULA NO SER HUMANO...","created_at":"Sat Sep 03 03:45:10 +0000 2011","is_translator":false,"profile_background_image_url_https":"https://si0.twimg.com/profile_background_images/580915105/zeu17rauq6jjv4bbcdrr.jpeg","protected":false,"screen_name":"Reallytando","id_str":"366955777","profile_link_color":"B3001E","geo_enabled":true,"id":366955777,"profile_background_color":"9AE4E8","lang":"pt","profile_sidebar_border_color":"FFFFFF","profile_text_color":"333333","verified":false,"profile_image_url":"http://a0.twimg.com/profile_images/378800000474860675/978b38a7c78aae212a4454e571c01cd0_normal.png","time_zone":"Brasilia","url":"http://www.reallytando.blogspot.com.br","contributors_enabled":false,"profile_banner_url":"https://pbs.twimg.com/profile_banners/366955777/1353745526","profile_background_tile":true,"follow_request_sent":null,"statuses_count":33951,"profile_use_background_image":true,"followers_count":2479,"following":null,"default_profile":false,"name":"REALLYTANDO  ( D.L )","profile_sidebar_fill_color":"DDFFCC","location":"NOVA FRIBURGO","notifications":null},"favorited":false}