{"in_reply_to_status_id_str":"385442640281354244","in_reply_to_status_id":385442640281354244,"coordinates":null,"truncated":false,"in_reply_to_user_id_str":"201032128","created_at":"Wed Oct 02 16:35:53 +0000 2013","source":"web","retweet_count":0,"retweeted":false,"geo":null,"filter_level":"medium","in_reply_to_screen_name":"cesarmarcosa","entities":{"urls":[],"hashtags":[],"user_mentions":[{"indices":[0,13],"screen_name":"cesarmarcosa","id_str":"201032128","name":"César Marcos ","id":201032128},{"indices":[14,26],"screen_name":"Motorola_BR","id_str":"38731608","name":"Motorola Brasil","id":38731608},{"indices":[59,65],"screen_name":"CAIXA","id_str":"229191436","name":"CAIXA","id":229191436}],"symbols":[]},"id_str":"385443026278961152","in_reply_to_user_id":201032128,"favorite_count":0,"contributors":null,"text":"@cesarmarcosa @Motorola_BR com seu super cartão de crédito @CAIXA","id":385443026278961152,"place":null,"lang":"pt","user":{"utc_offset":-10800,"friends_count":345,"profile_image_url_https":"https://si0.twimg.com/profile_images/378800000527444138/25a84dfbd4ffc4e0cf98c87bdf7a8723_normal.jpeg","profile_background_image_url":"http://a0.twimg.com/profile_background_images/378800000084065401/a78201548aa7b187090e8b041f52fe59.jpeg","listed_count":30,"default_profile_image":false,"favourites_count":382,"description":"More interested in making money than making friends. This here is entertainment, I'm not working with charity.","created_at":"Wed Oct 07 09:37:49 +0000 2009","is_translator":false,"profile_background_image_url_https":"https://si0.twimg.com/profile_background_images/378800000084065401/a78201548aa7b187090e8b041f52fe59.jpeg","protected":false,"screen_name":"dalvandd","id_str":"80537678","profile_link_color":"335F85","geo_enabled":true,"id":80537678,"profile_background_color":"000000","lang":"pt","profile_sidebar_border_color":"000000","profile_text_color":"737E9C","verified":false,"profile_image_url":"http://a0.twimg.com/profile_images/378800000527444138/25a84dfbd4ffc4e0cf98c87bdf7a8723_normal.jpeg","time_zone":"Brasilia","url":"http://www.facebook.com/dalvanoficial","contributors_enabled":false,"profile_banner_url":"https://pbs.twimg.com/profile_banners/80537678/1380546430","profile_background_tile":false,"follow_request_sent":null,"statuses_count":7177,"profile_use_background_image":true,"followers_count":1775,"following":null,"default_profile":false,"name":"Dalvan Dornellas","profile_sidebar_fill_color":"9094B9","location":"Brazil","notifications":null},"favorited":false}