{"in_reply_to_status_id_str":null,"in_reply_to_status_id":null,"possibly_sensitive":false,"coordinates":null,"truncated":false,"in_reply_to_user_id_str":null,"created_at":"Wed Oct 02 13:46:02 +0000 2013","source":"<a href=\"http://twitter.com/tweetbutton\" rel=\"nofollow\">Tweet Button<\/a>","retweet_count":0,"retweeted":false,"geo":null,"filter_level":"medium","in_reply_to_screen_name":null,"entities":{"urls":[{"display_url":"empregoscuiaba.com/empregos/30-va\u2026","indices":[113,135],"expanded_url":"http://www.empregoscuiaba.com/empregos/30-vagas-de-emprego-na-area-de-call-center-em-cuiaba","url":"http://t.co/iFfUh5UVwE"}],"hashtags":[{"indices":[64,72],"text":"Emprego"},{"indices":[73,82],"text":"Operador"},{"indices":[83,97],"text":"BancodoBrasil"},{"indices":[98,104],"text":"vagas"},{"indices":[105,112],"text":"Cuiabá"}],"user_mentions":[],"symbols":[]},"id_str":"385400280860221440","in_reply_to_user_id":null,"favorite_count":0,"contributors":null,"text":"EMPREGO: 30 Vagas de Emprego na área de Call Center em Cuiabá | #Emprego #Operador #BancodoBrasil #vagas #Cuiabá http://t.co/iFfUh5UVwE","id":385400280860221440,"place":null,"lang":"pt","user":{"utc_offset":-7200,"friends_count":537,"profile_image_url_https":"https://si0.twimg.com/profile_images/3605722847/0bcebee333f6f4319c4f61f976267e56_normal.jpeg","profile_background_image_url":"http://a0.twimg.com/profile_background_images/251615555/Bom_Dia_MT_Logo_Pequena.png","listed_count":23,"default_profile_image":false,"favourites_count":0,"description":"Bom Dia Mato Grosso vai além das notícias e antecipa tendências. Plural no conteúdo e ponto de vista mais abrangentes dos fatos. Emprego, Concusos e Estágio.","created_at":"Wed Apr 21 06:12:37 +0000 2010","is_translator":false,"profile_background_image_url_https":"https://si0.twimg.com/profile_background_images/251615555/Bom_Dia_MT_Logo_Pequena.png","protected":false,"screen_name":"bomdiamt","id_str":"135404681","profile_link_color":"0084B4","geo_enabled":true,"id":135404681,"profile_background_color":"C0DEED","lang":"pt","profile_sidebar_border_color":"C0DEED","profile_text_color":"333333","verified":false,"profile_image_url":"http://a0.twimg.com/profile_images/3605722847/0bcebee333f6f4319c4f61f976267e56_normal.jpeg","time_zone":"Greenland","url":"http://www.empregoscuiaba.com","contributors_enabled":false,"profile_background_tile":true,"follow_request_sent":null,"statuses_count":31896,"profile_use_background_image":true,"followers_count":1240,"following":null,"default_profile":false,"name":"Rede de Emprego","profile_sidebar_fill_color":"DDEEF6","location":"Brasil","notifications":null},"favorited":false}