{"in_reply_to_status_id_str":null,"in_reply_to_status_id":null,"coordinates":null,"truncated":false,"in_reply_to_user_id_str":"62572858","created_at":"Wed Oct 02 15:00:43 +0000 2013","source":"<a href=\"http://twitter.com/download/android\" rel=\"nofollow\">Twitter for Android<\/a>","retweet_count":0,"retweeted":false,"geo":null,"filter_level":"medium","in_reply_to_screen_name":"TIMBrasil","entities":{"urls":[],"hashtags":[],"user_mentions":[{"indices":[0,10],"screen_name":"TIMBrasil","id_str":"62572858","name":"TIM BRASIL","id":62572858}],"symbols":[]},"id_str":"385419077311037440","in_reply_to_user_id":62572858,"favorite_count":0,"contributors":null,"text":"@TIMBrasil O sinal está ruim pelo Centro do RJ? Poxa... Sinal de internet então, um caos. : (","id":385419077311037440,"place":null,"lang":"pt","user":{"utc_offset":-10800,"friends_count":439,"profile_image_url_https":"https://si0.twimg.com/profile_images/3605572865/a1ae62c4fcc0c1e3cda0b56ddc6881ce_normal.jpeg","profile_background_image_url":"http://a0.twimg.com/profile_background_images/604737559/yps2t3zrzq81rvxbqe76.jpeg","listed_count":34,"default_profile_image":false,"favourites_count":202,"description":"Sou o que sou... feliz !","created_at":"Sun May 10 23:44:44 +0000 2009","is_translator":false,"profile_background_image_url_https":"https://si0.twimg.com/profile_background_images/604737559/yps2t3zrzq81rvxbqe76.jpeg","protected":false,"screen_name":"bruno_sj","id_str":"39137350","profile_link_color":"B3AAAA","geo_enabled":true,"id":39137350,"profile_background_color":"FAFEFF","lang":"pt","profile_sidebar_border_color":"FAF2CD","profile_text_color":"38371E","verified":false,"profile_image_url":"http://a0.twimg.com/profile_images/3605572865/a1ae62c4fcc0c1e3cda0b56ddc6881ce_normal.jpeg","time_zone":"Brasilia","url":"http://www.facebook.com/bruno.sj","contributors_enabled":false,"profile_banner_url":"https://pbs.twimg.com/profile_banners/39137350/1357171387","profile_background_tile":true,"follow_request_sent":null,"statuses_count":46992,"profile_use_background_image":true,"followers_count":878,"following":null,"default_profile":false,"name":"BrUnO","profile_sidebar_fill_color":"FFFFFF","location":"Brasil - Rio de Janeiro - RJ","notifications":null},"favorited":false}