{"in_reply_to_status_id_str":null,"in_reply_to_status_id":null,"possibly_sensitive":false,"coordinates":null,"truncated":false,"in_reply_to_user_id_str":null,"created_at":"Wed Oct 02 14:03:49 +0000 2013","source":"<a href=\"http://computerworld.uol.com.br/\" rel=\"nofollow\">Computerworld Brasil<\/a>","retweet_count":0,"retweeted":false,"geo":null,"filter_level":"medium","in_reply_to_screen_name":null,"entities":{"urls":[{"display_url":"bit.ly/18sYtGB","indices":[65,87],"expanded_url":"http://bit.ly/18sYtGB","url":"http://t.co/x8KS9US99A"}],"hashtags":[{"indices":[56,59],"text":"pt"},{"indices":[60,63],"text":"oi"}],"user_mentions":[],"symbols":[]},"id_str":"385404758418538497","in_reply_to_user_id":null,"favorite_count":0,"contributors":null,"text":"Portugal Telecom e Oi confirmam fusão e anunciam CorpCo #pt #oi  http://t.co/x8KS9US99A","id":385404758418538497,"place":null,"lang":"pt","user":{"utc_offset":-10800,"friends_count":1444,"profile_image_url_https":"https://si0.twimg.com/profile_images/109961820/logocw_Twitter_normal.jpg","profile_background_image_url":"http://a0.twimg.com/profile_background_images/256403552/twitter-background_computerworld.jpg","listed_count":980,"default_profile_image":false,"favourites_count":57,"description":"Computerworld é um site especializado na cobertura de temas ligados à tecnologia da informação","created_at":"Wed Mar 25 21:35:10 +0000 2009","is_translator":false,"profile_background_image_url_https":"https://si0.twimg.com/profile_background_images/256403552/twitter-background_computerworld.jpg","protected":false,"screen_name":"ComputerworldBR","id_str":"26598157","profile_link_color":"D65F37","geo_enabled":false,"id":26598157,"profile_background_color":"FFFFFF","lang":"pt","profile_sidebar_border_color":"E8E5E8","profile_text_color":"6A6C75","verified":false,"profile_image_url":"http://a0.twimg.com/profile_images/109961820/logocw_Twitter_normal.jpg","time_zone":"Brasilia","url":"http://computerworld.uol.com.br/","contributors_enabled":false,"profile_background_tile":false,"follow_request_sent":null,"statuses_count":14856,"profile_use_background_image":true,"followers_count":21852,"following":null,"default_profile":false,"name":"Computerworld - Br","profile_sidebar_fill_color":"E3E3E3","location":"São Paulo, Brasil","notifications":null},"favorited":false}