{"in_reply_to_status_id_str":null,"in_reply_to_status_id":null,"coordinates":null,"truncated":false,"in_reply_to_user_id_str":null,"created_at":"Wed Oct 02 14:47:09 +0000 2013","source":"web","retweet_count":0,"retweeted":false,"geo":null,"filter_level":"medium","in_reply_to_screen_name":null,"entities":{"urls":[],"hashtags":[],"user_mentions":[{"indices":[10,16],"screen_name":"CAIXA","id_str":"229191436","name":"CAIXA","id":229191436}],"symbols":[]},"id_str":"385415665437274112","in_reply_to_user_id":null,"favorite_count":0,"contributors":null,"text":"Liguei na @caixa para solicitar um produto e a atendente me disse: \"a regra mudou no meio do mês passado\". Falta de respeito com o cliente!","id":385415665437274112,"place":null,"lang":"pt","user":{"utc_offset":-10800,"friends_count":939,"profile_image_url_https":"https://si0.twimg.com/profile_images/1594949376/9b528ee9-c5f2-4817-87b6-413cdadc0e5b_normal.png","profile_background_image_url":"http://abs.twimg.com/images/themes/theme1/bg.png","listed_count":29,"default_profile_image":false,"favourites_count":51,"description":"Jornalista e Vascaíno. Brasília-DF","created_at":"Tue May 12 03:09:24 +0000 2009","is_translator":false,"profile_background_image_url_https":"https://abs.twimg.com/images/themes/theme1/bg.png","protected":false,"screen_name":"rodrigo_fnandes","id_str":"39419745","profile_link_color":"0084B4","geo_enabled":true,"id":39419745,"profile_background_color":"C0DEED","lang":"pt","profile_sidebar_border_color":"C0DEED","profile_text_color":"333333","verified":false,"profile_image_url":"http://a0.twimg.com/profile_images/1594949376/9b528ee9-c5f2-4817-87b6-413cdadc0e5b_normal.png","time_zone":"Brasilia","url":null,"contributors_enabled":false,"profile_background_tile":false,"follow_request_sent":null,"statuses_count":29152,"profile_use_background_image":true,"followers_count":778,"following":null,"default_profile":true,"name":"Rodrigo Fernandes","profile_sidebar_fill_color":"DDEEF6","location":"Brasil","notifications":null},"favorited":false}