{"in_reply_to_status_id_str":null,"in_reply_to_status_id":null,"coordinates":null,"truncated":false,"in_reply_to_user_id_str":null,"created_at":"Wed Oct 02 14:58:34 +0000 2013","source":"web","retweet_count":0,"retweeted":false,"geo":null,"filter_level":"medium","in_reply_to_screen_name":null,"entities":{"urls":[],"hashtags":[{"indices":[57,61],"text":"TIM"},{"indices":[70,84],"text":"PortasAbertas"}],"user_mentions":[{"indices":[44,54],"screen_name":"TIMBrasil","id_str":"62572858","name":"TIM BRASIL","id":62572858}],"symbols":[]},"id_str":"385418536840990721","in_reply_to_user_id":null,"favorite_count":0,"contributors":null,"text":"Não obrigada, to cansada de ser iludida! RT @TIMBrasil A #TIM está de #PortasAbertas p/ vc acompanhar o plano de melhorias de Qualidade.","id":385418536840990721,"place":null,"lang":"pt","user":{"utc_offset":-10800,"friends_count":345,"profile_image_url_https":"https://si0.twimg.com/profile_images/3684029014/67cfd36211e933d38cf1893797c0220e_normal.jpeg","profile_background_image_url":"http://a0.twimg.com/profile_background_images/432326952/2.jpg","listed_count":9,"default_profile_image":false,"favourites_count":5,"description":"Respiro São Paulo. Vivo para o São Paulo _X_","created_at":"Sat Feb 20 13:44:20 +0000 2010","is_translator":false,"profile_background_image_url_https":"https://si0.twimg.com/profile_background_images/432326952/2.jpg","protected":false,"screen_name":"juuliaspfc","id_str":"115929578","profile_link_color":"F70808","geo_enabled":true,"id":115929578,"profile_background_color":"000000","lang":"pt","profile_sidebar_border_color":"FFFFFF","profile_text_color":"0D0D0D","verified":false,"profile_image_url":"http://a0.twimg.com/profile_images/3684029014/67cfd36211e933d38cf1893797c0220e_normal.jpeg","time_zone":"Brasilia","url":"http://www.facebook.com/profile.php?id=100002396575094","contributors_enabled":false,"profile_banner_url":"https://pbs.twimg.com/profile_banners/115929578/1362057929","profile_background_tile":true,"follow_request_sent":null,"statuses_count":22001,"profile_use_background_image":true,"followers_count":633,"following":null,"default_profile":false,"name":"Júlia Oliveira","profile_sidebar_fill_color":"FFFFFF","location":"","notifications":null},"favorited":false}