{"in_reply_to_status_id_str":null,"in_reply_to_status_id":null,"coordinates":null,"truncated":false,"in_reply_to_user_id_str":null,"created_at":"Wed Oct 02 14:05:34 +0000 2013","source":"web","retweet_count":0,"retweeted":false,"geo":null,"filter_level":"medium","in_reply_to_screen_name":null,"entities":{"urls":[],"hashtags":[{"indices":[59,62],"text":"Oi"}],"user_mentions":[],"symbols":[]},"id_str":"385405198882992128","in_reply_to_user_id":null,"favorite_count":0,"contributors":null,"text":"A vingança capitalista é prato q se come frio. Bem feito à #Oi, q me impediu de cancelar um plano q não uso mais, comprada pela PT Telecom.","id":385405198882992128,"place":null,"lang":"pt","user":{"utc_offset":-10800,"friends_count":318,"profile_image_url_https":"https://si0.twimg.com/profile_images/3421560685/aae9d2e6c3972b8a1fa32a3f1ea7661d_normal.jpeg","profile_background_image_url":"http://a0.twimg.com/profile_background_images/378800000081875725/058234194611592488501ae7eb48ae3c.jpeg","listed_count":4,"default_profile_image":false,"favourites_count":1073,"description":"O famigerado cara do RH. Mas sem perder a ternura.","created_at":"Thu Oct 14 19:38:00 +0000 2010","is_translator":false,"profile_background_image_url_https":"https://si0.twimg.com/profile_background_images/378800000081875725/058234194611592488501ae7eb48ae3c.jpeg","protected":false,"screen_name":"drexalvarez","id_str":"202764714","profile_link_color":"1F98C7","geo_enabled":false,"id":202764714,"profile_background_color":"C6E2EE","lang":"en","profile_sidebar_border_color":"000000","profile_text_color":"663B12","verified":false,"profile_image_url":"http://a0.twimg.com/profile_images/3421560685/aae9d2e6c3972b8a1fa32a3f1ea7661d_normal.jpeg","time_zone":"Santiago","url":"http://cartasdemaracangalha.blogspot.com","contributors_enabled":false,"profile_banner_url":"https://pbs.twimg.com/profile_banners/202764714/1354055452","profile_background_tile":true,"follow_request_sent":null,"statuses_count":4402,"profile_use_background_image":true,"followers_count":175,"following":null,"default_profile":false,"name":"André Alvarez","profile_sidebar_fill_color":"DAECF4","location":"carreiraetc.blogspot.com","notifications":null},"favorited":false}