{"in_reply_to_status_id_str":null,"in_reply_to_status_id":null,"coordinates":null,"truncated":false,"in_reply_to_user_id_str":null,"created_at":"Wed Oct 02 16:49:07 +0000 2013","source":"web","retweet_count":0,"retweeted":false,"geo":null,"filter_level":"medium","in_reply_to_screen_name":null,"entities":{"urls":[],"hashtags":[],"user_mentions":[{"indices":[20,26],"screen_name":"CAIXA","id_str":"229191436","name":"CAIXA","id":229191436}],"symbols":[]},"id_str":"385446358561210369","in_reply_to_user_id":null,"favorite_count":0,"contributors":null,"text":"mano puta que pariu @caixa PELO AMOR DE DEUS CHEGA DESSA PORRA DE GREVE MEU PAI TA CANTANDO NA SALA E EU QUERO DORMIR PORRA","id":385446358561210369,"place":null,"lang":"pt","user":{"utc_offset":-7200,"friends_count":433,"profile_image_url_https":"https://si0.twimg.com/profile_images/378800000077960410/f0b95f21f1b9a15c6f0d4a77edf22d46_normal.jpeg","profile_background_image_url":"http://a0.twimg.com/profile_background_images/378800000056851839/5da19f2d6ba2003d7c1c8535b728827d.png","listed_count":14,"default_profile_image":false,"favourites_count":1128,"description":"My head is a projection room, and all I have to do is close my eyes. http://ask.fm/eliocaldas","created_at":"Thu Apr 30 21:34:20 +0000 2009","is_translator":false,"profile_background_image_url_https":"https://si0.twimg.com/profile_background_images/378800000056851839/5da19f2d6ba2003d7c1c8535b728827d.png","protected":false,"screen_name":"eliocaldas","id_str":"36779572","profile_link_color":"038543","geo_enabled":true,"id":36779572,"profile_background_color":"ACDED6","lang":"en","profile_sidebar_border_color":"FFFFFF","profile_text_color":"333333","verified":false,"profile_image_url":"http://a0.twimg.com/profile_images/378800000077960410/f0b95f21f1b9a15c6f0d4a77edf22d46_normal.jpeg","time_zone":"Greenland","url":"http://duringthestruggle.tumblr.com","contributors_enabled":false,"profile_banner_url":"https://pbs.twimg.com/profile_banners/36779572/1352944626","profile_background_tile":true,"follow_request_sent":null,"statuses_count":123543,"profile_use_background_image":true,"followers_count":710,"following":null,"default_profile":false,"name":"Elio Calças","profile_sidebar_fill_color":"C0DFEC","location":"São Paulo, Brasil","notifications":null},"favorited":false}