{"in_reply_to_status_id_str":"385415187240869888","in_reply_to_status_id":385415187240869888,"coordinates":null,"truncated":false,"in_reply_to_user_id_str":"342369842","created_at":"Wed Oct 02 14:50:28 +0000 2013","source":"<a href=\"https://mobile.twitter.com\" rel=\"nofollow\">Mobile Web (M2)<\/a>","retweet_count":0,"retweeted":false,"geo":null,"filter_level":"medium","in_reply_to_screen_name":"taylor_niquice","entities":{"urls":[],"hashtags":[],"user_mentions":[{"indices":[0,15],"screen_name":"taylor_niquice","id_str":"342369842","name":"T.Ω.Δ.β.Π on Δ Me","id":342369842},{"indices":[54,58],"screen_name":"tim","id_str":"76133","name":"Tim Bradshaw","id":76133},{"indices":[59,66],"screen_name":"start2","id_str":"8129502","name":"start","id":8129502}],"symbols":[]},"id_str":"385416499718258690","in_reply_to_user_id":342369842,"favorite_count":0,"contributors":null,"text":"@taylor_niquice ta nice, também assista o programa da @TIM @start2.0, actualizam em tudo","id":385416499718258690,"place":null,"lang":"pt","user":{"utc_offset":7200,"friends_count":626,"profile_image_url_https":"https://si0.twimg.com/profile_images/1598056288/rafa_normal","profile_background_image_url":"http://a0.twimg.com/profile_background_images/480156912/324550_220575271334152_100001450425609_674360_122377465_o.jpg","listed_count":1,"default_profile_image":false,"favourites_count":8,"description":"The devil lives with me... The future belongs to the strongs... be yourself","created_at":"Wed Oct 05 14:44:48 +0000 2011","is_translator":false,"profile_background_image_url_https":"https://si0.twimg.com/profile_background_images/480156912/324550_220575271334152_100001450425609_674360_122377465_o.jpg","protected":false,"screen_name":"rafaelmachalela","id_str":"385454233","profile_link_color":"009999","geo_enabled":true,"id":385454233,"profile_background_color":"131516","lang":"pt","profile_sidebar_border_color":"C0DEED","profile_text_color":"333333","verified":false,"profile_image_url":"http://a0.twimg.com/profile_images/1598056288/rafa_normal","time_zone":"Pretoria","url":"https://www.facebook.com/rafaelricardodias?ref=tn_tnmn","contributors_enabled":false,"profile_banner_url":"https://pbs.twimg.com/profile_banners/385454233/1378588208","profile_background_tile":true,"follow_request_sent":null,"statuses_count":3007,"profile_use_background_image":true,"followers_count":191,"following":null,"default_profile":false,"name":"THE TAYCOON","profile_sidebar_fill_color":"DDEEF6","location":"Maputo","notifications":null},"favorited":false}