{"in_reply_to_status_id_str":null,"in_reply_to_status_id":null,"coordinates":null,"truncated":false,"in_reply_to_user_id_str":"17487043","created_at":"Wed Oct 02 14:17:27 +0000 2013","source":"web","retweet_count":0,"retweeted":false,"geo":null,"filter_level":"medium","in_reply_to_screen_name":"digaoi","entities":{"urls":[],"hashtags":[],"user_mentions":[{"indices":[0,7],"screen_name":"digaoi","id_str":"17487043","name":"Diga Oi!","id":17487043}],"symbols":[]},"id_str":"385408188910022656","in_reply_to_user_id":17487043,"favorite_count":0,"contributors":null,"text":"@digaoi Agora , Deus sabe quando , vem um tecnico pra resolver meu problema . Preciso pra hoje","id":385408188910022656,"place":null,"lang":"pt","user":{"utc_offset":-10800,"friends_count":815,"profile_image_url_https":"https://si0.twimg.com/profile_images/1459540597/1_normal.jpg","profile_background_image_url":"http://a0.twimg.com/profile_background_images/109597963/sportv.jpg","listed_count":135,"default_profile_image":false,"favourites_count":9,"description":"Narrador Esportivo - 12 anos de Sportv -.","created_at":"Thu Jul 09 17:29:59 +0000 2009","is_translator":false,"profile_background_image_url_https":"https://si0.twimg.com/profile_background_images/109597963/sportv.jpg","protected":false,"screen_name":"danielpereirarj","id_str":"55300668","profile_link_color":"0084B4","geo_enabled":true,"id":55300668,"profile_background_color":"060C0F","lang":"en","profile_sidebar_border_color":"C0DEED","profile_text_color":"333333","verified":false,"profile_image_url":"http://a0.twimg.com/profile_images/1459540597/1_normal.jpg","time_zone":"Brasilia","url":"http://www.danielpereiranarra.blogspot.com","contributors_enabled":false,"profile_background_tile":true,"follow_request_sent":null,"statuses_count":21129,"profile_use_background_image":true,"followers_count":9151,"following":null,"default_profile":false,"name":"Dandan","profile_sidebar_fill_color":"DDEEF6","location":"Brasil","notifications":null},"favorited":false}