{"in_reply_to_status_id_str":null,"in_reply_to_status_id":null,"possibly_sensitive":false,"coordinates":null,"truncated":false,"in_reply_to_user_id_str":null,"created_at":"Wed Oct 02 13:51:22 +0000 2013","source":"<a href=\"http://www.hootsuite.com\" rel=\"nofollow\">HootSuite<\/a>","retweet_count":0,"retweeted":false,"geo":null,"filter_level":"medium","in_reply_to_screen_name":null,"entities":{"urls":[{"display_url":"ig.cm/19lC0s8","indices":[43,65],"expanded_url":"http://ig.cm/19lC0s8","url":"http://t.co/FXSEMUZXQi"}],"hashtags":[{"indices":[0,3],"text":"Oi"},{"indices":[6,15],"text":"Portugal"}],"user_mentions":[],"symbols":[]},"id_str":"385401626611421186","in_reply_to_user_id":null,"favorite_count":0,"contributors":null,"text":"#Oi e #Portugal Telecom avançam em fusão - http://t.co/FXSEMUZXQi","id":385401626611421186,"place":null,"lang":"pt","user":{"utc_offset":-10800,"friends_count":144,"profile_image_url_https":"https://si0.twimg.com/profile_images/774417978/selo_normal.jpg","profile_background_image_url":"http://a0.twimg.com/profile_background_images/86033463/bgs.jpg","listed_count":327,"default_profile_image":false,"favourites_count":0,"description":"Notícias sobre mercados, negócios, inovação, investimentos e mais","created_at":"Thu Mar 18 22:10:35 +0000 2010","is_translator":false,"profile_background_image_url_https":"https://si0.twimg.com/profile_background_images/86033463/bgs.jpg","protected":false,"screen_name":"iGEconomia","id_str":"124283567","profile_link_color":"3C7D37","geo_enabled":true,"id":124283567,"profile_background_color":"FFFFFF","lang":"pt","profile_sidebar_border_color":"F7F7F7","profile_text_color":"333333","verified":false,"profile_image_url":"http://a0.twimg.com/profile_images/774417978/selo_normal.jpg","time_zone":"Brasilia","url":"http://economia.ig.com.br/","contributors_enabled":false,"profile_banner_url":"https://pbs.twimg.com/profile_banners/124283567/1374686038","profile_background_tile":false,"follow_request_sent":null,"statuses_count":28608,"profile_use_background_image":true,"followers_count":14090,"following":null,"default_profile":false,"name":"iG Economia","profile_sidebar_fill_color":"F7F7F7","location":"Brasil","notifications":null},"favorited":false}