{"in_reply_to_status_id_str":"385401552196075520","in_reply_to_status_id":385401552196075520,"coordinates":null,"truncated":false,"in_reply_to_user_id_str":"229191436","created_at":"Wed Oct 02 13:57:48 +0000 2013","source":"web","retweet_count":0,"retweeted":false,"geo":null,"filter_level":"medium","in_reply_to_screen_name":"CAIXA","entities":{"urls":[],"hashtags":[],"user_mentions":[{"indices":[95,101],"screen_name":"CAIXA","id_str":"229191436","name":"CAIXA","id":229191436}],"symbols":[]},"id_str":"385403242886078464","in_reply_to_user_id":229191436,"favorite_count":0,"contributors":null,"text":"Você sabia que eu estou sem receber por conta da greve? Porque simplesmente os funcionários da @CAIXA se recusam a receber os depósitos?","id":385403242886078464,"place":null,"lang":"pt","user":{"utc_offset":-10800,"friends_count":633,"profile_image_url_https":"https://si0.twimg.com/profile_images/378800000478431122/fb8e472b2c748b58a3bd5ce1e09f8646_normal.jpeg","profile_background_image_url":"http://a0.twimg.com/profile_background_images/378800000021101574/4b018bfd7cfb510f0a73b34964e69ddf.jpeg","listed_count":0,"default_profile_image":false,"favourites_count":28,"description":"Formada em Marketing,Conectada  as redes sociais Católica,Amo cantar, Profissionalmente Marketing na ABRH PB","created_at":"Fri Dec 17 17:45:09 +0000 2010","is_translator":false,"profile_background_image_url_https":"https://si0.twimg.com/profile_background_images/378800000021101574/4b018bfd7cfb510f0a73b34964e69ddf.jpeg","protected":false,"screen_name":"Sil_gleice","id_str":"227742308","profile_link_color":"9412C7","geo_enabled":true,"id":227742308,"profile_background_color":"022330","lang":"pt","profile_sidebar_border_color":"FFFFFF","profile_text_color":"E322DD","verified":false,"profile_image_url":"http://a0.twimg.com/profile_images/378800000478431122/fb8e472b2c748b58a3bd5ce1e09f8646_normal.jpeg","time_zone":"Santiago","url":null,"contributors_enabled":false,"profile_banner_url":"https://pbs.twimg.com/profile_banners/227742308/1371062092","profile_background_tile":true,"follow_request_sent":null,"statuses_count":13844,"profile_use_background_image":true,"followers_count":513,"following":null,"default_profile":false,"name":"silmara gleice","profile_sidebar_fill_color":"DDEEF6","location":"","notifications":null},"favorited":false}