{"in_reply_to_status_id_str":null,"in_reply_to_status_id":null,"coordinates":null,"truncated":false,"in_reply_to_user_id_str":null,"created_at":"Wed Oct 02 14:53:12 +0000 2013","source":"web","retweet_count":0,"retweeted":false,"geo":null,"filter_level":"medium","in_reply_to_screen_name":null,"entities":{"urls":[],"hashtags":[{"indices":[0,3],"text":"Oi"},{"indices":[4,11],"text":"Brasil"}],"user_mentions":[],"symbols":[]},"id_str":"385417186358992897","in_reply_to_user_id":null,"favorite_count":0,"contributors":null,"text":"#Oi #Brasil!!","id":385417186358992897,"place":null,"lang":"pt","user":{"utc_offset":-7200,"friends_count":312,"profile_image_url_https":"https://si0.twimg.com/profile_images/378800000115298774/639051d7196d0ee3417237a47e0e11d2_normal.jpeg","profile_background_image_url":"http://a0.twimg.com/profile_background_images/378800000040729554/ed0418493347fb639dd65b292c63f4c5.jpeg","listed_count":40,"default_profile_image":false,"favourites_count":59,"description":"contatos- 11 9 6321-8689\n11 4416-4254- aryanedefaria@gmail.com \nAssessoria Artística- Aryane Faria","created_at":"Sun Jun 05 13:11:39 +0000 2011","is_translator":false,"profile_background_image_url_https":"https://si0.twimg.com/profile_background_images/378800000040729554/ed0418493347fb639dd65b292c63f4c5.jpeg","protected":false,"screen_name":"ManuMunhozSBT","id_str":"311439203","profile_link_color":"F016F0","geo_enabled":true,"id":311439203,"profile_background_color":"F211F2","lang":"pt","profile_sidebar_border_color":"000000","profile_text_color":"541957","verified":false,"profile_image_url":"http://a0.twimg.com/profile_images/378800000115298774/639051d7196d0ee3417237a47e0e11d2_normal.jpeg","time_zone":"Greenland","url":"http://www.manuelamunhoz.com","contributors_enabled":false,"profile_banner_url":"https://pbs.twimg.com/profile_banners/311439203/1373054320","profile_background_tile":true,"follow_request_sent":null,"statuses_count":22012,"profile_use_background_image":true,"followers_count":92768,"following":null,"default_profile":false,"name":"MANUELA MUNHOZ /SBT ","profile_sidebar_fill_color":"ED7CD3","location":"SÃO JOSÉ DO RIO PRETO/SP","notifications":null},"favorited":false}