{"in_reply_to_status_id_str":null,"in_reply_to_status_id":null,"coordinates":null,"truncated":false,"in_reply_to_user_id_str":null,"created_at":"Wed Oct 02 13:55:25 +0000 2013","source":"<a href=\"http://tapbots.com/software/tweetbot/mac\" rel=\"nofollow\">Tweetbot for Mac<\/a>","retweet_count":0,"retweeted":false,"geo":null,"filter_level":"medium","in_reply_to_screen_name":null,"entities":{"urls":[],"hashtags":[],"user_mentions":[{"indices":[34,40],"screen_name":"CAIXA","id_str":"229191436","name":"CAIXA","id":229191436}],"symbols":[]},"id_str":"385402642719338496","in_reply_to_user_id":null,"favorite_count":0,"contributors":null,"text":"\u201cFalicidade\u201d? De falência, né? RT @CAIXA: Você sabia? A CAIXA possui quase 34 mil Correspondentes CAIXA Aqui para levar mais falicidade...","id":385402642719338496,"place":null,"lang":"pt","user":{"utc_offset":-10800,"friends_count":532,"profile_image_url_https":"https://si0.twimg.com/profile_images/378800000170312724/aae56a754e2e6336299ed9e322850670_normal.jpeg","profile_background_image_url":"http://a0.twimg.com/profile_background_images/852909122/c8bd43fbbddfe26401ae32c5716dfe6a.jpeg","listed_count":13,"default_profile_image":false,"favourites_count":22,"description":"#include me.h","created_at":"Fri Jun 27 19:56:26 +0000 2008","is_translator":false,"profile_background_image_url_https":"https://si0.twimg.com/profile_background_images/852909122/c8bd43fbbddfe26401ae32c5716dfe6a.jpeg","protected":false,"screen_name":"gule","id_str":"15257282","profile_link_color":"0084B4","geo_enabled":true,"id":15257282,"profile_background_color":"9AE4E8","lang":"en","profile_sidebar_border_color":"FFFFFF","profile_text_color":"969696","verified":false,"profile_image_url":"http://a0.twimg.com/profile_images/378800000170312724/aae56a754e2e6336299ed9e322850670_normal.jpeg","time_zone":"Brasilia","url":"http://lanacaprina.com","contributors_enabled":false,"profile_banner_url":"https://pbs.twimg.com/profile_banners/15257282/1374492240","profile_background_tile":false,"follow_request_sent":null,"statuses_count":43109,"profile_use_background_image":true,"followers_count":611,"following":null,"default_profile":false,"name":"Gule Ifanger ☿","profile_sidebar_fill_color":"000000","location":"-22.943288,-47.08747","notifications":null},"favorited":false}