{"in_reply_to_status_id_str":null,"in_reply_to_status_id":null,"coordinates":null,"truncated":false,"in_reply_to_user_id_str":null,"created_at":"Wed Oct 02 14:54:22 +0000 2013","source":"<a href=\"http://www.tweetdeck.com\" rel=\"nofollow\">TweetDeck<\/a>","retweet_count":0,"retweeted":false,"geo":null,"filter_level":"medium","in_reply_to_screen_name":null,"entities":{"urls":[],"hashtags":[],"user_mentions":[{"indices":[3,13],"screen_name":"ebcnarede","id_str":"421268817","name":"ebcnarede","id":421268817},{"indices":[28,42],"screen_name":"MiniComBrasil","id_str":"169606262","name":"Comunicações Gov Br","id":169606262},{"indices":[44,59],"screen_name":"Paulo_Bernardo","id_str":"35091906","name":"Paulo Bernardo Silva","id":35091906},{"indices":[80,96],"screen_name":"PortugalTelecom","id_str":"17711659","name":"Portugal Telecom","id":17711659},{"indices":[99,106],"screen_name":"digaoi","id_str":"17487043","name":"Diga Oi!","id":17487043}],"symbols":[]},"id_str":"385417480924979200","in_reply_to_user_id":null,"favorite_count":0,"contributors":null,"text":"MT @ebcnarede: Ministro das @MiniComBrasil, @Paulo_Bernardo diz que fusão entre @PortugalTelecom e @digaoi beneficia consumidores.","id":385417480924979200,"place":null,"lang":"pt","user":{"utc_offset":-10800,"friends_count":4386,"profile_image_url_https":"https://si0.twimg.com/profile_images/2981997154/f0dc661f2ae8d48e45ec86cdf62bbbdc_normal.jpeg","profile_background_image_url":"http://a0.twimg.com/profile_background_images/334263963/twilk_background_4e7a9de36c475.jpg","listed_count":214,"default_profile_image":false,"favourites_count":9936,"description":null,"created_at":"Tue Jun 22 20:40:25 +0000 2010","is_translator":false,"profile_background_image_url_https":"https://si0.twimg.com/profile_background_images/334263963/twilk_background_4e7a9de36c475.jpg","protected":false,"screen_name":"M100Globope","id_str":"158482123","profile_link_color":"AD2D02","geo_enabled":false,"id":158482123,"profile_background_color":"FFFFFF","lang":"pt","profile_sidebar_border_color":"F5F5F5","profile_text_color":"212121","verified":false,"profile_image_url":"http://a0.twimg.com/profile_images/2981997154/f0dc661f2ae8d48e45ec86cdf62bbbdc_normal.jpeg","time_zone":"Brasilia","url":"http://tecedora.blogspot.com.br/","contributors_enabled":false,"profile_banner_url":"https://pbs.twimg.com/profile_banners/158482123/1355600923","profile_background_tile":true,"follow_request_sent":null,"statuses_count":312111,"profile_use_background_image":true,"followers_count":6180,"following":null,"default_profile":false,"name":"Sergio Pecci","profile_sidebar_fill_color":"C2C2C2","location":"São Paulo - Brasil","notifications":null},"favorited":false}