{"in_reply_to_status_id_str":null,"in_reply_to_status_id":null,"coordinates":null,"truncated":false,"in_reply_to_user_id_str":null,"created_at":"Wed Oct 02 13:56:57 +0000 2013","source":"<a href=\"http://twitter.com/download/android\" rel=\"nofollow\">Twitter for Android<\/a>","retweet_count":0,"retweeted":false,"geo":null,"filter_level":"medium","in_reply_to_screen_name":null,"entities":{"urls":[],"hashtags":[{"indices":[3,6],"text":"oi"}],"user_mentions":[],"symbols":[]},"id_str":"385403028511412224","in_reply_to_user_id":null,"favorite_count":0,"contributors":null,"text":"oi #oi","id":385403028511412224,"place":null,"lang":"pt","user":{"utc_offset":-10800,"friends_count":144,"profile_image_url_https":"https://si0.twimg.com/profile_images/378800000531099604/5e7638c366224935fbfef35cf106eef0_normal.jpeg","profile_background_image_url":"http://a0.twimg.com/profile_background_images/685380628/f2b222cdd1d959088d43218f8bc1d0e4.jpeg","listed_count":46,"default_profile_image":false,"favourites_count":2604,"description":"este perfil não é de humor!","created_at":"Wed Sep 08 00:26:39 +0000 2010","is_translator":false,"profile_background_image_url_https":"https://si0.twimg.com/profile_background_images/685380628/f2b222cdd1d959088d43218f8bc1d0e4.jpeg","protected":false,"screen_name":"viniciera","id_str":"188131823","profile_link_color":"F5A70A","geo_enabled":true,"id":188131823,"profile_background_color":"0D070D","lang":"pt","profile_sidebar_border_color":"FFFFFF","profile_text_color":"000000","verified":false,"profile_image_url":"http://a0.twimg.com/profile_images/378800000531099604/5e7638c366224935fbfef35cf106eef0_normal.jpeg","time_zone":"Brasilia","url":null,"contributors_enabled":false,"profile_banner_url":"https://pbs.twimg.com/profile_banners/188131823/1378428509","profile_background_tile":false,"follow_request_sent":null,"statuses_count":73299,"profile_use_background_image":false,"followers_count":862,"following":null,"default_profile":false,"name":"pablo do arrocha","profile_sidebar_fill_color":"DDEEF6","location":"lençois paulista - sp","notifications":null},"favorited":false}