{"in_reply_to_status_id_str":null,"in_reply_to_status_id":null,"coordinates":null,"truncated":false,"in_reply_to_user_id_str":null,"created_at":"Wed Oct 02 14:35:54 +0000 2013","source":"web","retweet_count":0,"retweeted":false,"geo":null,"filter_level":"medium","in_reply_to_screen_name":null,"entities":{"urls":[],"hashtags":[{"indices":[91,94],"text":"Oi"}],"user_mentions":[],"symbols":[]},"id_str":"385412832373661696","in_reply_to_user_id":null,"favorite_count":0,"contributors":null,"text":"So eu usando a conexao e nao consigo carregar um misero video no youtube. Ta dificil, hein #Oi","id":385412832373661696,"place":null,"lang":"pt","user":{"utc_offset":-10800,"friends_count":332,"profile_image_url_https":"https://si0.twimg.com/profile_images/378800000525936023/f521d71e9519f4cca0547d19d5ca6661_normal.jpeg","profile_background_image_url":"http://a0.twimg.com/profile_background_images/37605497/PA33-Flowery.jpg","listed_count":4,"default_profile_image":false,"favourites_count":267,"description":"Um capeta em forma de Magui. ...For me it begins at the end of the road!","created_at":"Wed Aug 26 17:31:30 +0000 2009","is_translator":false,"profile_background_image_url_https":"https://si0.twimg.com/profile_background_images/37605497/PA33-Flowery.jpg","protected":false,"screen_name":"maguizinha","id_str":"69041613","profile_link_color":"FF0000","geo_enabled":true,"id":69041613,"profile_background_color":"642D8B","lang":"fr","profile_sidebar_border_color":"65B0DA","profile_text_color":"096E2A","verified":false,"profile_image_url":"http://a0.twimg.com/profile_images/378800000525936023/f521d71e9519f4cca0547d19d5ca6661_normal.jpeg","time_zone":"Brasilia","url":null,"contributors_enabled":false,"profile_banner_url":"https://pbs.twimg.com/profile_banners/69041613/1378390242","profile_background_tile":true,"follow_request_sent":null,"statuses_count":23625,"profile_use_background_image":true,"followers_count":173,"following":null,"default_profile":false,"name":"mariana alvarenga","profile_sidebar_fill_color":"7AC3EE","location":"West Dover, VT, USA","notifications":null},"favorited":false}