{"in_reply_to_status_id_str":null,"in_reply_to_status_id":null,"coordinates":null,"truncated":false,"in_reply_to_user_id_str":"229191436","created_at":"Wed Oct 02 14:41:43 +0000 2013","source":"web","retweet_count":0,"retweeted":false,"geo":null,"filter_level":"medium","in_reply_to_screen_name":"CAIXA","entities":{"urls":[],"hashtags":[],"user_mentions":[{"indices":[0,6],"screen_name":"CAIXA","id_str":"229191436","name":"CAIXA","id":229191436}],"symbols":[]},"id_str":"385414295653064704","in_reply_to_user_id":229191436,"favorite_count":0,"contributors":null,"text":"@CAIXA ativo","id":385414295653064704,"place":null,"lang":"pt","user":{"utc_offset":null,"friends_count":253,"profile_image_url_https":"https://si0.twimg.com/profile_images/378800000306144971/1447ac2c3eed10c15427c8daefd16279_normal.png","profile_background_image_url":"http://abs.twimg.com/images/themes/theme14/bg.gif","listed_count":0,"default_profile_image":false,"favourites_count":7,"description":"BUBLICITÁRIO CONSTITUCIONALISTA","created_at":"Fri Aug 16 05:31:54 +0000 2013","is_translator":false,"profile_background_image_url_https":"https://abs.twimg.com/images/themes/theme14/bg.gif","protected":false,"screen_name":"sansaosansao","id_str":"1674917161","profile_link_color":"009999","geo_enabled":true,"id":1674917161,"profile_background_color":"131516","lang":"pt","profile_sidebar_border_color":"EEEEEE","profile_text_color":"333333","verified":false,"profile_image_url":"http://a0.twimg.com/profile_images/378800000306144971/1447ac2c3eed10c15427c8daefd16279_normal.png","time_zone":null,"url":null,"contributors_enabled":false,"profile_background_tile":true,"follow_request_sent":null,"statuses_count":589,"profile_use_background_image":true,"followers_count":20,"following":null,"default_profile":false,"name":"RONALDO  DE  ANDRADE","profile_sidebar_fill_color":"EFEFEF","location":"","notifications":null},"favorited":false}