{"in_reply_to_status_id_str":"385409039708205057","in_reply_to_status_id":385409039708205057,"coordinates":{"coordinates":[-46.62119303,-23.59599566],"type":"Point"},"truncated":false,"in_reply_to_user_id_str":"229191436","created_at":"Wed Oct 02 15:15:39 +0000 2013","source":"<a href=\"http://twitter.com/download/iphone\" rel=\"nofollow\">Twitter for iPhone<\/a>","retweet_count":0,"retweeted":false,"geo":{"coordinates":[-23.59599566,-46.62119303],"type":"Point"},"filter_level":"medium","in_reply_to_screen_name":"CAIXA","entities":{"urls":[],"hashtags":[],"user_mentions":[{"indices":[0,6],"screen_name":"CAIXA","id_str":"229191436","name":"CAIXA","id":229191436}],"symbols":[]},"id_str":"385422834748891136","in_reply_to_user_id":229191436,"favorite_count":0,"contributors":null,"text":"@CAIXA como pego meu fgts com a greve? o valor eh acima de 1500","id":385422834748891136,"place":{"country_code":"BR","country":"Brasil","full_name":"São Paulo, São Paulo","bounding_box":{"coordinates":[[[-46.826039,-24.008814],[-46.826039,-23.356792],[-46.365052,-23.356792],[-46.365052,-24.008814]]],"type":"Polygon"},"place_type":"city","name":"São Paulo","attributes":{},"id":"68e019afec7d0ba5","url":"https://api.twitter.com/1.1/geo/id/68e019afec7d0ba5.json"},"lang":"pt","user":{"utc_offset":-10800,"friends_count":172,"profile_image_url_https":"https://si0.twimg.com/profile_images/378800000252946460/14cb23bf2059fcb62e0598e9db065715_normal.jpeg","profile_background_image_url":"http://a0.twimg.com/profile_background_images/217259595/back.jpg","listed_count":2,"default_profile_image":false,"favourites_count":29,"description":"VERIFIED HETERO™","created_at":"Mon Apr 06 13:28:12 +0000 2009","is_translator":false,"profile_background_image_url_https":"https://si0.twimg.com/profile_background_images/217259595/back.jpg","protected":false,"screen_name":"fbonetti","id_str":"29199222","profile_link_color":"7A7A7A","geo_enabled":true,"id":29199222,"profile_background_color":"000000","lang":"en","profile_sidebar_border_color":"A8903B","profile_text_color":"C61A1A","verified":false,"profile_image_url":"http://a0.twimg.com/profile_images/378800000252946460/14cb23bf2059fcb62e0598e9db065715_normal.jpeg","time_zone":"Brasilia","url":"http://instagr.am/fbonetti","contributors_enabled":false,"profile_banner_url":"https://pbs.twimg.com/profile_banners/29199222/1369628599","profile_background_tile":false,"follow_request_sent":null,"statuses_count":19581,"profile_use_background_image":false,"followers_count":320,"following":null,"default_profile":false,"name":"NATALHANDO","profile_sidebar_fill_color":"000000","location":"São Paulo","notifications":null},"favorited":false}