{"in_reply_to_status_id_str":"385397925247209473","in_reply_to_status_id":385397925247209473,"coordinates":null,"truncated":false,"in_reply_to_user_id_str":"20257409","created_at":"Wed Oct 02 13:51:08 +0000 2013","source":"web","retweet_count":0,"retweeted":false,"geo":null,"filter_level":"medium","in_reply_to_screen_name":"Eliana","entities":{"urls":[],"hashtags":[],"user_mentions":[{"indices":[0,7],"screen_name":"Eliana","id_str":"20257409","name":"Eliana Michaelichen","id":20257409},{"indices":[8,11],"screen_name":"oi","id_str":"323432118","name":"Oi","id":323432118}],"symbols":[]},"id_str":"385401565822976000","in_reply_to_user_id":20257409,"favorite_count":0,"contributors":null,"text":"@Eliana @oi gata vc tem msn","id":385401565822976000,"place":null,"lang":"pt","user":{"utc_offset":-7200,"friends_count":263,"profile_image_url_https":"https://si0.twimg.com/profile_images/2439107992/19ce28d8-5d78-4460-b5ab-132d8b5200c7_normal.png","profile_background_image_url":"http://a0.twimg.com/profile_background_images/378800000078454427/4ce5dc0d51ec6d10c5468389f490b304.jpeg","listed_count":0,"default_profile_image":false,"favourites_count":142,"description":"oi","created_at":"Thu Apr 14 18:25:26 +0000 2011","is_translator":false,"profile_background_image_url_https":"https://si0.twimg.com/profile_background_images/378800000078454427/4ce5dc0d51ec6d10c5468389f490b304.jpeg","protected":false,"screen_name":"paulolido","id_str":"282184954","profile_link_color":"FF0000","geo_enabled":false,"id":282184954,"profile_background_color":"642D8B","lang":"pt","profile_sidebar_border_color":"000000","profile_text_color":"3D1957","verified":false,"profile_image_url":"http://a0.twimg.com/profile_images/2439107992/19ce28d8-5d78-4460-b5ab-132d8b5200c7_normal.png","time_zone":"Greenland","url":"http://google.com.br","contributors_enabled":false,"profile_banner_url":"https://pbs.twimg.com/profile_banners/282184954/1364933741","profile_background_tile":true,"follow_request_sent":null,"statuses_count":1318,"profile_use_background_image":true,"followers_count":55,"following":null,"default_profile":false,"name":"paulo cesar","profile_sidebar_fill_color":"7AC3EE","location":"paulolido","notifications":null},"favorited":false}