{"in_reply_to_status_id_str":null,"in_reply_to_status_id":null,"coordinates":null,"truncated":false,"in_reply_to_user_id_str":null,"created_at":"Wed Oct 02 14:59:24 +0000 2013","source":"<a href=\"http://www.tweetdeck.com\" rel=\"nofollow\">TweetDeck<\/a>","retweet_count":0,"retweeted":false,"geo":null,"filter_level":"medium","in_reply_to_screen_name":null,"entities":{"urls":[],"hashtags":[],"user_mentions":[{"indices":[68,75],"screen_name":"digaoi","id_str":"17487043","name":"Diga Oi!","id":17487043}],"symbols":[]},"id_str":"385418745247588352","in_reply_to_user_id":null,"favorite_count":0,"contributors":null,"text":"status: em um relacionamento conturbado com o atendimento online da @digaoi","id":385418745247588352,"place":null,"lang":"pt","user":{"utc_offset":-7200,"friends_count":577,"profile_image_url_https":"https://si0.twimg.com/profile_images/1269450233/allan1_normal.jpg","profile_background_image_url":"http://a0.twimg.com/profile_background_images/19697209/cultura_no_twitter_3_.jpg","listed_count":22,"default_profile_image":false,"favourites_count":4,"description":"política, cultura, entretenimento, piadas sem graça, é tudo comigo","created_at":"Sun Jan 18 17:25:47 +0000 2009","is_translator":false,"profile_background_image_url_https":"https://si0.twimg.com/profile_background_images/19697209/cultura_no_twitter_3_.jpg","protected":false,"screen_name":"Allanlpereira","id_str":"19150624","profile_link_color":"2FC2EF","geo_enabled":false,"id":19150624,"profile_background_color":"1A1B1F","lang":"en","profile_sidebar_border_color":"181A1E","profile_text_color":"666666","verified":false,"profile_image_url":"http://a0.twimg.com/profile_images/1269450233/allan1_normal.jpg","time_zone":"Greenland","url":"http://www.facebook.com/allanluispereira","contributors_enabled":false,"profile_background_tile":false,"follow_request_sent":null,"statuses_count":18276,"profile_use_background_image":true,"followers_count":1021,"following":null,"default_profile":false,"name":"Allan Luis","profile_sidebar_fill_color":"252429","location":"Curitiba","notifications":null},"favorited":false}