<?xml version="1.0" encoding="UTF-8"?>
<o><contributors class="object" null="true"/><coordinates class="object" null="true"/><created_at type="string">Thu Mar 25 20:11:28 +0000 2010</created_at><favorited type="boolean">false</favorited><geo class="object" null="true"/><id type="number">11051144255</id><in_reply_to_screen_name class="object" null="true"/><in_reply_to_status_id class="object" null="true"/><in_reply_to_user_id class="object" null="true"/><place class="object" null="true"/><source type="string">&lt;a href="http://twitterfeed.com" rel="nofollow"&gt;twitterfeed&lt;/a&gt;</source><text type="string">Labour bidding for places on Wellington City Council: The Labour Party is set to relaunch itself into Wellington l... http://bit.ly/cwun3r</text><truncated type="boolean">false</truncated><user class="object"><contributors_enabled type="boolean">false</contributors_enabled><created_at type="string">Wed Nov 07 01:25:57 +0000 2007</created_at><description type="string">The website for the daily newspaper of Wellington, New Zealand</description><favourites_count type="number">0</favourites_count><followers_count type="number">1259</followers_count><following class="object" null="true"/><friends_count type="number">15</friends_count><geo_enabled type="boolean">false</geo_enabled><id type="number">10017472</id><lang type="string">en</lang><location type="string">Wellington, New Zealand</location><name type="string">dompost</name><notifications class="object" null="true"/><profile_background_color type="string">ffFfFF</profile_background_color><profile_background_image_url type="string">http://a3.twimg.com/profile_background_images/54291729/dompostbig.jpg</profile_background_image_url><profile_background_tile type="boolean">false</profile_background_tile><profile_image_url type="string">http://a3.twimg.com/profile_images/530512887/dompost_small_normal.jpg</profile_image_url><profile_link_color type="string">0000ff</profile_link_color><profile_sidebar_border_color type="string">045599</profile_sidebar_border_color><profile_sidebar_fill_color type="string">ffffff</profile_sidebar_fill_color><profile_text_color type="string">000000</profile_text_color><protected type="boolean">false</protected><screen_name type="string">Dompost</screen_name><statuses_count type="number">13520</statuses_count><time_zone type="string">Wellington</time_zone><url type="string">http://www.dompost.co.nz</url><utc_offset type="number">43200</utc_offset><verified type="boolean">false</verified></user></o>
