<?xml version="1.0" encoding="UTF-8"?>
<o><contributors class="object" null="true"/><coordinates class="object" null="true"/><created_at type="string">Thu Mar 25 21:34:14 +0000 2010</created_at><favorited type="boolean">false</favorited><geo class="object" null="true"/><id type="number">11054437728</id><in_reply_to_screen_name class="object" null="true"/><in_reply_to_status_id class="object" null="true"/><in_reply_to_user_id class="object" null="true"/><place class="object" null="true"/><source type="string">&lt;a href="http://ubertwitter.com" rel="nofollow"&gt;UberTwitter&lt;/a&gt;</source><text type="string">Glad I have on my Tory Burch flats, today. En route to Queens to Release @jimjonescapo "Ghost of Rich Porter" Download it at  www.XXLMag.com</text><truncated type="boolean">false</truncated><user class="object"><contributors_enabled type="boolean">false</contributors_enabled><created_at type="string">Fri Oct 16 02:38:01 +0000 2009</created_at><description type="string">PR Consultant,  Founder of @RedBugNYC| Radio Personality Real Rap Radio. Every Wed. 5-7PM only on BossRadioLive.com.</description><favourites_count type="number">5</favourites_count><followers_count type="number">643</followers_count><following class="object" null="true"/><friends_count type="number">400</friends_count><geo_enabled type="boolean">false</geo_enabled><id type="number">82778061</id><lang type="string">en</lang><location type="string"> 365 Positive Lane, NYC| LA </location><name type="string">YouCanCallMeA. </name><notifications class="object" null="true"/><profile_background_color type="string">DBE9ED</profile_background_color><profile_background_image_url type="string">http://a3.twimg.com/profile_background_images/77701283/RedBugNYC.jpg</profile_background_image_url><profile_background_tile type="boolean">true</profile_background_tile><profile_image_url type="string">http://a3.twimg.com/profile_images/751862575/70818400_normal.jpg</profile_image_url><profile_link_color type="string">CC3366</profile_link_color><profile_sidebar_border_color type="string">DBE9ED</profile_sidebar_border_color><profile_sidebar_fill_color type="string">E6F6F9</profile_sidebar_fill_color><profile_text_color type="string">333333</profile_text_color><protected type="boolean">false</protected><screen_name type="string">A_ThePublicist</screen_name><statuses_count type="number">4834</statuses_count><time_zone type="string">Central Time (US &amp; Canada)</time_zone><url type="string">http://www.astoldbya.blogspot.com</url><utc_offset type="number">-21600</utc_offset><verified type="boolean">false</verified></user></o>
