<?xml version="1.0" encoding="UTF-8"?>
<o><contributors class="object" null="true"/><coordinates class="object" null="true"/><created_at type="string">Thu Mar 25 20:51:56 +0000 2010</created_at><favorited type="boolean">false</favorited><geo class="object" null="true"/><id type="number">11052737234</id><in_reply_to_screen_name class="object" null="true"/><in_reply_to_status_id class="object" null="true"/><in_reply_to_user_id class="object" null="true"/><place class="object" null="true"/><source type="string">&lt;a href="http://bit.ly" rel="nofollow"&gt;bit.ly&lt;/a&gt;</source><text type="string">And while we're at it why are #bbcwales paying for Labour MPs to attend rugby matches http://bit.ly/9vqIr2 #corruption</text><truncated type="boolean">false</truncated><user class="object"><contributors_enabled type="boolean">false</contributors_enabled><created_at type="string">Mon Oct 22 09:33:43 +0000 2007</created_at><description type="string">Glue merchant! Interested in assembling things rather than starting from scratch (unless I have too) Run a subscription based webapp for my day job.</description><favourites_count type="number">1406</favourites_count><followers_count type="number">163</followers_count><following class="object" null="true"/><friends_count type="number">108</friends_count><geo_enabled type="boolean">false</geo_enabled><id type="number">9594362</id><lang type="string">en</lang><location type="string">Gloucestershire, UK</location><name type="string">Andy Davies</name><notifications class="object" null="true"/><profile_background_color type="string">C6E2EE</profile_background_color><profile_background_image_url type="string">http://s.twimg.com/a/1269387398/images/themes/theme2/bg.gif</profile_background_image_url><profile_background_tile type="boolean">false</profile_background_tile><profile_image_url type="string">http://a1.twimg.com/profile_images/53276316/headshot_normal.jpg</profile_image_url><profile_link_color type="string">1F98C7</profile_link_color><profile_sidebar_border_color type="string">C6E2EE</profile_sidebar_border_color><profile_sidebar_fill_color type="string">DAECF4</profile_sidebar_fill_color><profile_text_color type="string">663B12</profile_text_color><protected type="boolean">false</protected><screen_name type="string">andydavies</screen_name><statuses_count type="number">1213</statuses_count><time_zone type="string">London</time_zone><url type="string">http://www.andysnotebook.com</url><utc_offset type="number">0</utc_offset><verified type="boolean">false</verified></user></o>
