<?xml version="1.0" encoding="UTF-8"?>
<o><contributors class="object" null="true"/><coordinates class="object" null="true"/><created_at type="string">Thu Mar 25 20:50:13 +0000 2010</created_at><favorited type="boolean">false</favorited><geo class="object" null="true"/><id type="number">11052670338</id><in_reply_to_screen_name type="string">jondrytay</in_reply_to_screen_name><in_reply_to_status_id type="number">11052074954</in_reply_to_status_id><in_reply_to_user_id type="number">20214209</in_reply_to_user_id><place class="object" null="true"/><source type="string">web</source><text type="string">@jondrytay Be careful with that.  I nagged four neighbours of mine into voting, even took them to the poll. They all voted tory :-(</text><truncated type="boolean">false</truncated><user class="object"><contributors_enabled type="boolean">false</contributors_enabled><created_at type="string">Sun Jan 25 11:21:29 +0000 2009</created_at><description type="string">Just me.</description><favourites_count type="number">3</favourites_count><followers_count type="number">46</followers_count><following class="object" null="true"/><friends_count type="number">29</friends_count><geo_enabled type="boolean">false</geo_enabled><id type="number">19485051</id><lang type="string">en</lang><location type="string">Lincoln</location><name type="string">Stroons</name><notifications class="object" null="true"/><profile_background_color type="string">642D8B</profile_background_color><profile_background_image_url type="string">http://s.twimg.com/a/1269281712/images/themes/theme10/bg.gif</profile_background_image_url><profile_background_tile type="boolean">true</profile_background_tile><profile_image_url type="string">http://a1.twimg.com/profile_images/526478970/me_normal.jpg</profile_image_url><profile_link_color type="string">FF0000</profile_link_color><profile_sidebar_border_color type="string">65B0DA</profile_sidebar_border_color><profile_sidebar_fill_color type="string">7AC3EE</profile_sidebar_fill_color><profile_text_color type="string">3D1957</profile_text_color><protected type="boolean">false</protected><screen_name type="string">Stroons</screen_name><statuses_count type="number">279</statuses_count><time_zone class="object" null="true"/><url class="object" null="true"/><utc_offset class="object" null="true"/><verified type="boolean">false</verified></user></o>
