<?xml version="1.0" encoding="UTF-8"?>
<o><contributors class="object" null="true"/><coordinates class="object" null="true"/><created_at type="string">Thu Mar 25 20:12:47 +0000 2010</created_at><favorited type="boolean">false</favorited><geo class="object" null="true"/><id type="number">11051194606</id><in_reply_to_screen_name class="object" null="true"/><in_reply_to_status_id class="object" null="true"/><in_reply_to_user_id class="object" null="true"/><place class="object" null="true"/><source type="string">web</source><text type="string">Telegraph used to be ok so long as u skipped editorials.  Now it's just a shrill rag pumping out Tory propaganda.</text><truncated type="boolean">false</truncated><user class="object"><contributors_enabled type="boolean">false</contributors_enabled><created_at type="string">Tue Jul 21 20:04:06 +0000 2009</created_at><description type="string">I hate David Cameron and the Tories.  Similar feelings about the Liberals. Vote Labour. Socialist. </description><favourites_count type="number">6</favourites_count><followers_count type="number">772</followers_count><following class="object" null="true"/><friends_count type="number">2000</friends_count><geo_enabled type="boolean">false</geo_enabled><id type="number">58902971</id><lang type="string">en</lang><location type="string">London</location><name type="string">matthew bond</name><notifications class="object" null="true"/><profile_background_color type="string">9ae4e8</profile_background_color><profile_background_image_url type="string">http://s.twimg.com/a/1268333781/images/themes/theme1/bg.png</profile_background_image_url><profile_background_tile type="boolean">false</profile_background_tile><profile_image_url type="string">http://a1.twimg.com/profile_images/622166298/twitterProfilePhoto_normal.jpg</profile_image_url><profile_link_color type="string">0000ff</profile_link_color><profile_sidebar_border_color type="string">87bc44</profile_sidebar_border_color><profile_sidebar_fill_color type="string">e0ff92</profile_sidebar_fill_color><profile_text_color type="string">000000</profile_text_color><protected type="boolean">false</protected><screen_name type="string">tugsandtost</screen_name><statuses_count type="number">3518</statuses_count><time_zone class="object" null="true"/><url class="object" null="true"/><utc_offset class="object" null="true"/><verified type="boolean">false</verified></user></o>
