<?xml version="1.0" encoding="UTF-8"?>
<o><contributors class="object" null="true"/><coordinates class="object" null="true"/><created_at type="string">Thu Mar 25 20:10:53 +0000 2010</created_at><favorited type="boolean">false</favorited><geo class="object" null="true"/><id type="number">11051121671</id><in_reply_to_screen_name type="string">johnprescott</in_reply_to_screen_name><in_reply_to_status_id type="number">11049840835</in_reply_to_status_id><in_reply_to_user_id type="number">19335378</in_reply_to_user_id><place class="object" null="true"/><source type="string">web</source><text type="string">@johnprescott Bilston Town Hall "refurbished by Labour"? Refurbished by our taxes and our lottery tickets, you moron.</text><truncated type="boolean">false</truncated><user class="object"><contributors_enabled type="boolean">false</contributors_enabled><created_at type="string">Fri Dec 19 19:04:40 +0000 2008</created_at><description type="string">Thanks for following me - I'll follow you back</description><favourites_count type="number">39</favourites_count><followers_count type="number">2203</followers_count><following class="object" null="true"/><friends_count type="number">2264</friends_count><geo_enabled type="boolean">false</geo_enabled><id type="number">18248535</id><lang type="string">en</lang><location type="string">Birmingham</location><name type="string">Adrian</name><notifications class="object" null="true"/><profile_background_color type="string">EBEBEB</profile_background_color><profile_background_image_url type="string">http://a1.twimg.com/profile_background_images/85769084/LS753_09_Aug_17_019s.JPG</profile_background_image_url><profile_background_tile type="boolean">true</profile_background_tile><profile_image_url type="string">http://a1.twimg.com/profile_images/767065898/062-Adrian_Bailey_normal.jpg</profile_image_url><profile_link_color type="string">050099</profile_link_color><profile_sidebar_border_color type="string">d6c3d6</profile_sidebar_border_color><profile_sidebar_fill_color type="string">F3F3F3</profile_sidebar_fill_color><profile_text_color type="string">050505</profile_text_color><protected type="boolean">false</protected><screen_name type="string">dadge</screen_name><statuses_count type="number">3888</statuses_count><time_zone type="string">London</time_zone><url type="string">http://birmingham.skepticsinthepub.org/</url><utc_offset type="number">0</utc_offset><verified type="boolean">false</verified></user></o>
