<?xml version="1.0" encoding="UTF-8"?>
<o><contributors class="object" null="true"/><coordinates class="object" null="true"/><created_at type="string">Thu Mar 25 20:27:50 +0000 2010</created_at><favorited type="boolean">false</favorited><geo class="object" null="true"/><id type="number">11051786260</id><in_reply_to_screen_name class="object" null="true"/><in_reply_to_status_id class="object" null="true"/><in_reply_to_user_id class="object" null="true"/><place class="object" null="true"/><source type="string">&lt;a href="http://www.facebook.com/twitter" rel="nofollow"&gt;Facebook&lt;/a&gt;</source><text type="string">Tory Burch up to half off just in time for spring www.toryburch.com - Sent via BlackBerry by AT&amp;T http://fb.me/vBXhwcqq</text><truncated type="boolean">false</truncated><user class="object"><contributors_enabled type="boolean">false</contributors_enabled><created_at type="string">Tue Sep 15 23:12:50 +0000 2009</created_at><description type="string">Bringing a passion for fashion to the masses. Dressing you daily at www.thestylistonline.com.</description><favourites_count type="number">3</favourites_count><followers_count type="number">135</followers_count><following class="object" null="true"/><friends_count type="number">59</friends_count><geo_enabled type="boolean">false</geo_enabled><id type="number">74586152</id><lang type="string">en</lang><location type="string">Everywhere</location><name type="string">The Stylist Online</name><notifications class="object" null="true"/><profile_background_color type="string">8ba881</profile_background_color><profile_background_image_url type="string">http://a1.twimg.com/profile_background_images/45606474/thestylist_twitter_opt2.jpg</profile_background_image_url><profile_background_tile type="boolean">false</profile_background_tile><profile_image_url type="string">http://a3.twimg.com/profile_images/472949499/thestylist_icon_normal.jpg</profile_image_url><profile_link_color type="string">0084B4</profile_link_color><profile_sidebar_border_color type="string">a8c7f7</profile_sidebar_border_color><profile_sidebar_fill_color type="string">C0DFEC</profile_sidebar_fill_color><profile_text_color type="string">333333</profile_text_color><protected type="boolean">false</protected><screen_name type="string">TheStylistLLC</screen_name><statuses_count type="number">156</statuses_count><time_zone type="string">Pacific Time (US &amp; Canada)</time_zone><url type="string">http://www.thestylistonline.com</url><utc_offset type="number">-28800</utc_offset><verified type="boolean">false</verified></user></o>
