<?xml version="1.0" encoding="UTF-8"?>
<o><contributors class="object" null="true"/><coordinates class="object" null="true"/><created_at type="string">Thu Mar 25 20:14:53 +0000 2010</created_at><favorited type="boolean">false</favorited><geo class="object" null="true"/><id type="number">11051274572</id><in_reply_to_screen_name class="object" null="true"/><in_reply_to_status_id class="object" null="true"/><in_reply_to_user_id class="object" null="true"/><place class="object" null="true"/><retweeted_status class="object"><contributors class="object" null="true"/><coordinates class="object" null="true"/><created_at type="string">Thu Mar 25 14:57:41 +0000 2010</created_at><favorited type="boolean">false</favorited><geo class="object" null="true"/><id type="number">11037803004</id><in_reply_to_screen_name class="object" null="true"/><in_reply_to_status_id class="object" null="true"/><in_reply_to_user_id class="object" null="true"/><place class="object" null="true"/><source type="string">&lt;a href="http://www.facebook.com/twitter" rel="nofollow"&gt;Facebook&lt;/a&gt;</source><text type="string">and it all passed by 283 to 278. Disgusted Tory there said they only stay for enough roll call votes to get . . . http://bit.ly/90VPNp</text><truncated type="boolean">false</truncated><user class="object"><contributors_enabled type="boolean">false</contributors_enabled><created_at type="string">Thu Dec 03 14:11:26 +0000 2009</created_at><description type="string">This is the official twitter page of British National Party Chairman and Member of the European Parliament for the North West region, Nick Griffin.</description><favourites_count type="number">0</favourites_count><followers_count type="number">594</followers_count><following class="object" null="true"/><friends_count type="number">18</friends_count><geo_enabled type="boolean">false</geo_enabled><id type="number">94336415</id><lang type="string">en</lang><location type="string"/><name type="string">Nick Griffin MEP</name><notifications class="object" null="true"/><profile_background_color type="string">9ae4e8</profile_background_color><profile_background_image_url type="string">http://s.twimg.com/a/1268953999/images/themes/theme1/bg.png</profile_background_image_url><profile_background_tile type="boolean">false</profile_background_tile><profile_image_url type="string">http://a1.twimg.com/profile_images/564848752/ng_normal.jpg</profile_image_url><profile_link_color type="string">0000ff</profile_link_color><profile_sidebar_border_color type="string">87bc44</profile_sidebar_border_color><profile_sidebar_fill_color type="string">e0ff92</profile_sidebar_fill_color><profile_text_color type="string">000000</profile_text_color><protected type="boolean">false</protected><screen_name type="string">nickgriffinmep</screen_name><statuses_count type="number">652</statuses_count><time_zone class="object" null="true"/><url type="string">http://www.nickgriffin.eu</url><utc_offset class="object" null="true"/><verified type="boolean">false</verified></user></retweeted_status><source type="string">web</source><text type="string">RT @nickgriffinmep: and it all passed by 283 to 278. Disgusted Tory there said they only stay for enough roll call votes to get . . . ht ...</text><truncated type="boolean">true</truncated><user class="object"><contributors_enabled type="boolean">false</contributors_enabled><created_at type="string">Mon Jun 15 14:59:27 +0000 2009</created_at><description type="string"/><favourites_count type="number">223</favourites_count><followers_count type="number">98</followers_count><following class="object" null="true"/><friends_count type="number">12</friends_count><geo_enabled type="boolean">false</geo_enabled><id type="number">47354013</id><lang type="string">en</lang><location type="string">England</location><name type="string">Cat Thomson</name><notifications class="object" null="true"/><profile_background_color type="string">FF6699</profile_background_color><profile_background_image_url type="string">http://s.twimg.com/a/1269387398/images/themes/theme10/bg.gif</profile_background_image_url><profile_background_tile type="boolean">true</profile_background_tile><profile_image_url type="string">http://a3.twimg.com/profile_images/712416225/roses_4_normal.jpg</profile_image_url><profile_link_color type="string">B40B43</profile_link_color><profile_sidebar_border_color type="string">cc33ad</profile_sidebar_border_color><profile_sidebar_fill_color type="string">E5507E</profile_sidebar_fill_color><profile_text_color type="string">362720</profile_text_color><protected type="boolean">false</protected><screen_name type="string">Cat_92uk</screen_name><statuses_count type="number">5667</statuses_count><time_zone class="object" null="true"/><url class="object" null="true"/><utc_offset class="object" null="true"/><verified type="boolean">false</verified></user></o>
