<?xml version="1.0" encoding="UTF-8"?>
<o><contributors class="object" null="true"/><coordinates class="object" null="true"/><created_at type="string">Thu Mar 25 21:39:25 +0000 2010</created_at><favorited type="boolean">false</favorited><geo class="object" null="true"/><id type="number">11054645031</id><in_reply_to_screen_name type="string">Ixxxy</in_reply_to_screen_name><in_reply_to_status_id type="number">11054258304</in_reply_to_status_id><in_reply_to_user_id type="number">19562161</in_reply_to_user_id><place class="object" null="true"/><source type="string">&lt;a href="http://www.brizzly.com" rel="nofollow"&gt;Brizzly&lt;/a&gt;</source><text type="string">@Ixxxy No, but he will be unless there's some kind of miracle :-(  Still, can't bring myself to vote tactically for Labour... &amp;lt;sigh&amp;gt;</text><truncated type="boolean">false</truncated><user class="object"><contributors_enabled type="boolean">false</contributors_enabled><created_at type="string">Tue Nov 21 12:52:45 +0000 2006</created_at><description type="string">Philosophical cyclist; dad of two rascals; tinkerer; pedant</description><favourites_count type="number">511</favourites_count><followers_count type="number">210</followers_count><following class="object" null="true"/><friends_count type="number">310</friends_count><geo_enabled type="boolean">false</geo_enabled><id type="number">13505</id><lang type="string">en</lang><location type="string">Stroud, Gloucestershire</location><name type="string">Francis Barton</name><notifications class="object" null="true"/><profile_background_color type="string">8e967e</profile_background_color><profile_background_image_url type="string">http://a1.twimg.com/profile_background_images/13482/stroud_from_butterow.jpg</profile_background_image_url><profile_background_tile type="boolean">false</profile_background_tile><profile_image_url type="string">http://a1.twimg.com/profile_images/605474278/P27-08-09_00.55b_normal.jpg</profile_image_url><profile_link_color type="string">b52a4d</profile_link_color><profile_sidebar_border_color type="string">b52a4d</profile_sidebar_border_color><profile_sidebar_fill_color type="string">fca6df</profile_sidebar_fill_color><profile_text_color type="string">2f362b</profile_text_color><protected type="boolean">false</protected><screen_name type="string">oddhack</screen_name><statuses_count type="number">832</statuses_count><time_zone type="string">London</time_zone><url type="string">http://delicious.com/francisbarton_work</url><utc_offset type="number">0</utc_offset><verified type="boolean">false</verified></user></o>
