<?xml version="1.0" encoding="UTF-8"?>
<o><contributors class="object" null="true"/><coordinates class="object" null="true"/><created_at type="string">Thu Mar 25 20:12:46 +0000 2010</created_at><favorited type="boolean">false</favorited><geo class="object" null="true"/><id type="number">11051193893</id><in_reply_to_screen_name class="object" null="true"/><in_reply_to_status_id class="object" null="true"/><in_reply_to_user_id class="object" null="true"/><place class="object" null="true"/><source type="string">&lt;a href="http://tweetmeme.com" rel="nofollow"&gt;TweetMeme&lt;/a&gt;</source><text type="string">RT @chickyog Refugees and torture: New Labour make the case for a Tory government http://bit.ly/9CgBSW</text><truncated type="boolean">false</truncated><user class="object"><contributors_enabled type="boolean">false</contributors_enabled><created_at type="string">Sun Oct 26 19:09:16 +0000 2008</created_at><description type="string">Works for the NHS. Interested in history, politics, Palestine, cats, music, TV, films, ballet, wine, photography, opera and books</description><favourites_count type="number">1</favourites_count><followers_count type="number">193</followers_count><following class="object" null="true"/><friends_count type="number">527</friends_count><geo_enabled type="boolean">false</geo_enabled><id type="number">16984207</id><lang type="string">en</lang><location type="string">UK</location><name type="string">Moonbootica</name><notifications class="object" null="true"/><profile_background_color type="string">FF6699</profile_background_color><profile_background_image_url type="string">http://a1.twimg.com/profile_background_images/12612184/Isis.jpg</profile_background_image_url><profile_background_tile type="boolean">true</profile_background_tile><profile_image_url type="string">http://a3.twimg.com/profile_images/298281853/pyramids_normal.jpg</profile_image_url><profile_link_color type="string">B40B43</profile_link_color><profile_sidebar_border_color type="string">CC3366</profile_sidebar_border_color><profile_sidebar_fill_color type="string">E5507E</profile_sidebar_fill_color><profile_text_color type="string">362720</profile_text_color><protected type="boolean">false</protected><screen_name type="string">Moonbootica</screen_name><statuses_count type="number">1894</statuses_count><time_zone type="string">London</time_zone><url type="string">http://devizesmeltingpot.blogspot.com/</url><utc_offset type="number">0</utc_offset><verified type="boolean">false</verified></user></o>
