<?xml version="1.0" encoding="UTF-8"?>
<o><contributors class="object" null="true"/><coordinates class="object" null="true"/><created_at type="string">Thu Mar 25 21:13:45 +0000 2010</created_at><favorited type="boolean">false</favorited><geo class="object" null="true"/><id type="number">11053605459</id><in_reply_to_screen_name type="string">hfergusonx</in_reply_to_screen_name><in_reply_to_status_id type="number">11053522871</in_reply_to_status_id><in_reply_to_user_id type="number">62514685</in_reply_to_user_id><place class="object" null="true"/><source type="string">&lt;a href="http://www.nibirutech.com" rel="nofollow"&gt;TwitBird iPhone&lt;/a&gt;</source><text type="string">@hfergusonx oh sorry I forgots :( I don't like mussolini or hitler or the liberals or labour or anything written in my history jotters :) xx</text><truncated type="boolean">false</truncated><user class="object"><contributors_enabled type="boolean">false</contributors_enabled><created_at type="string">Wed Feb 03 20:20:33 +0000 2010</created_at><description class="object" null="true"/><favourites_count type="number">0</favourites_count><followers_count type="number">42</followers_count><following class="object" null="true"/><friends_count type="number">68</friends_count><geo_enabled type="boolean">false</geo_enabled><id type="number">111098224</id><lang type="string">en</lang><location class="object" null="true"/><name type="string">Bethany Lawler</name><notifications class="object" null="true"/><profile_background_color type="string">FF6699</profile_background_color><profile_background_image_url type="string">http://s.twimg.com/a/1269387398/images/themes/theme11/bg.gif</profile_background_image_url><profile_background_tile type="boolean">true</profile_background_tile><profile_image_url type="string">http://a3.twimg.com/profile_images/684010789/DSC02360_normal.JPG</profile_image_url><profile_link_color type="string">B40B43</profile_link_color><profile_sidebar_border_color type="string">CC3366</profile_sidebar_border_color><profile_sidebar_fill_color type="string">E5507E</profile_sidebar_fill_color><profile_text_color type="string">362720</profile_text_color><protected type="boolean">false</protected><screen_name type="string">Bethybum93</screen_name><statuses_count type="number">212</statuses_count><time_zone class="object" null="true"/><url class="object" null="true"/><utc_offset class="object" null="true"/><verified type="boolean">false</verified></user></o>
