<?xml version="1.0" encoding="UTF-8"?>
<o><contributors class="object" null="true"/><coordinates class="object" null="true"/><created_at type="string">Thu Mar 25 20:50:04 +0000 2010</created_at><favorited type="boolean">false</favorited><geo class="object" null="true"/><id type="number">11052663449</id><in_reply_to_screen_name class="object" null="true"/><in_reply_to_status_id class="object" null="true"/><in_reply_to_user_id class="object" null="true"/><place class="object" null="true"/><source type="string">web</source><text type="string">Accepting the following consignments..Chanel,Tory Burch,Gucci. If interested DM us today or send an email to info@christiesclosett.com</text><truncated type="boolean">false</truncated><user class="object"><contributors_enabled type="boolean">false</contributors_enabled><created_at type="string">Mon Jul 13 04:38:59 +0000 2009</created_at><description type="string">Christie's Closet is a traveling consignment boutique where there is something for everyone! Offering pre owned designer items at phenomenal prices. </description><favourites_count type="number">0</favourites_count><followers_count type="number">43</followers_count><following class="object" null="true"/><friends_count type="number">52</friends_count><geo_enabled type="boolean">false</geo_enabled><id type="number">56288492</id><lang type="string">en</lang><location type="string"/><name type="string">CHRISTIE'S CLOSET</name><notifications class="object" null="true"/><profile_background_color type="string">9ae4e8</profile_background_color><profile_background_image_url type="string">http://s.twimg.com/a/1269387398/images/themes/theme1/bg.png</profile_background_image_url><profile_background_tile type="boolean">false</profile_background_tile><profile_image_url type="string">http://a1.twimg.com/profile_images/734303102/isz-m_normal.jpg</profile_image_url><profile_link_color type="string">0000ff</profile_link_color><profile_sidebar_border_color type="string">87bc44</profile_sidebar_border_color><profile_sidebar_fill_color type="string">e0ff92</profile_sidebar_fill_color><profile_text_color type="string">000000</profile_text_color><protected type="boolean">false</protected><screen_name type="string">ConsignmentDiva</screen_name><statuses_count type="number">98</statuses_count><time_zone type="string">Quito</time_zone><url class="object" null="true"/><utc_offset type="number">-18000</utc_offset><verified type="boolean">false</verified></user></o>
