<?xml version="1.0" encoding="UTF-8"?>
<o><contributors class="object" null="true"/><coordinates class="object" null="true"/><created_at type="string">Thu Mar 25 21:39:57 +0000 2010</created_at><favorited type="boolean">false</favorited><geo class="object" null="true"/><id type="number">11054666374</id><in_reply_to_screen_name type="string">awgreen</in_reply_to_screen_name><in_reply_to_status_id type="number">11054349511</in_reply_to_status_id><in_reply_to_user_id type="number">10692</in_reply_to_user_id><place class="object" null="true"/><source type="string">&lt;a href="http://echofon.com/" rel="nofollow"&gt;Echofon&lt;/a&gt;</source><text type="string">@awgreen labour steals from the libs and so the libs can take from labour. Tim Wilson worries me tho and the whole conservative gay thing</text><truncated type="boolean">false</truncated><user class="object"><contributors_enabled type="boolean">false</contributors_enabled><created_at type="string">Sat Feb 21 02:19:52 +0000 2009</created_at><description type="string">architect </description><favourites_count type="number">7</favourites_count><followers_count type="number">57</followers_count><following class="object" null="true"/><friends_count type="number">119</friends_count><geo_enabled type="boolean">false</geo_enabled><id type="number">21456615</id><lang type="string">en</lang><location type="string">iPhone: -37.825710,144.966080</location><name type="string">こげパン</name><notifications class="object" null="true"/><profile_background_color type="string">ffffff</profile_background_color><profile_background_image_url type="string">http://a1.twimg.com/profile_background_images/7632044/9781846462849.jpg</profile_background_image_url><profile_background_tile type="boolean">false</profile_background_tile><profile_image_url type="string">http://a3.twimg.com/profile_images/84765741/melbstorm271108_normal.jpg</profile_image_url><profile_link_color type="string">ffbe0a</profile_link_color><profile_sidebar_border_color type="string">000000</profile_sidebar_border_color><profile_sidebar_fill_color type="string">8f8f8f</profile_sidebar_fill_color><profile_text_color type="string">000000</profile_text_color><protected type="boolean">false</protected><screen_name type="string">scoprz</screen_name><statuses_count type="number">505</statuses_count><time_zone type="string">Hawaii</time_zone><url class="object" null="true"/><utc_offset type="number">-36000</utc_offset><verified type="boolean">false</verified></user></o>
