<?xml version="1.0" encoding="UTF-8"?>
<o><contributors class="object" null="true"/><coordinates class="object" null="true"/><created_at type="string">Thu Mar 25 20:49:45 +0000 2010</created_at><favorited type="boolean">false</favorited><geo class="object" null="true"/><id type="number">11052651199</id><in_reply_to_screen_name class="object" null="true"/><in_reply_to_status_id class="object" null="true"/><in_reply_to_user_id class="object" null="true"/><place class="object" null="true"/><source type="string">&lt;a href="http://ping.fm/" rel="nofollow"&gt;Ping.fm&lt;/a&gt;</source><text type="string">New post, "A mother&amp;#8217;s labour of love to give back to Haiti &amp;#8211; CTV.ca" - http://bit.ly/dmlHvu</text><truncated type="boolean">false</truncated><user class="object"><contributors_enabled type="boolean">false</contributors_enabled><created_at type="string">Sun Aug 02 16:05:53 +0000 2009</created_at><description type="string"/><favourites_count type="number">0</favourites_count><followers_count type="number">15324</followers_count><following class="object" null="true"/><friends_count type="number">14736</friends_count><geo_enabled type="boolean">false</geo_enabled><id type="number">62286829</id><lang type="string">en</lang><location type="string"/><name type="string">Linda</name><notifications class="object" null="true"/><profile_background_color type="string">000000</profile_background_color><profile_background_image_url type="string">http://a3.twimg.com/profile_background_images/43393505/nvglowingbutterflies.br.jpg</profile_background_image_url><profile_background_tile type="boolean">false</profile_background_tile><profile_image_url type="string">http://a1.twimg.com/profile_images/458243276/364536127_medium_normal.jpg</profile_image_url><profile_link_color type="string">8f0042</profile_link_color><profile_sidebar_border_color type="string">000000</profile_sidebar_border_color><profile_sidebar_fill_color type="string">e3639f</profile_sidebar_fill_color><profile_text_color type="string">000000</profile_text_color><protected type="boolean">false</protected><screen_name type="string">LindaBlog</screen_name><statuses_count type="number">126615</statuses_count><time_zone type="string">Santiago</time_zone><url class="object" null="true"/><utc_offset type="number">-14400</utc_offset><verified type="boolean">false</verified></user></o>
