<?xml version="1.0" encoding="UTF-8"?>
<o><contributors class="object" null="true"/><coordinates class="object" null="true"/><created_at type="string">Thu Mar 25 21:47:30 +0000 2010</created_at><favorited type="boolean">false</favorited><geo class="object" null="true"/><id type="number">11054974397</id><in_reply_to_screen_name class="object" null="true"/><in_reply_to_status_id class="object" null="true"/><in_reply_to_user_id class="object" null="true"/><place class="object" null="true"/><source type="string">web</source><text type="string">Big campaign day - Saturday 27 March. If you can spare an hour to help Labour win, we'll be open 10am to 6pm. Meet 4 Chantry Court, CW1 2DL.</text><truncated type="boolean">false</truncated><user class="object"><contributors_enabled type="boolean">false</contributors_enabled><created_at type="string">Mon May 11 00:55:45 +0000 2009</created_at><description type="string">David is Labour's Parliamentary Candidate for Crewe and Nantwich</description><favourites_count type="number">0</favourites_count><followers_count type="number">60</followers_count><following class="object" null="true"/><friends_count type="number">5</friends_count><geo_enabled type="boolean">false</geo_enabled><id type="number">39150943</id><lang type="string">en</lang><location type="string">Crewe, UK</location><name type="string">David Williams</name><notifications class="object" null="true"/><profile_background_color type="string">9ae4e8</profile_background_color><profile_background_image_url type="string">http://s.twimg.com/a/1269020849/images/themes/theme1/bg.png</profile_background_image_url><profile_background_tile type="boolean">false</profile_background_tile><profile_image_url type="string">http://a3.twimg.com/profile_images/756441363/IMG_8123_small__normal.JPG</profile_image_url><profile_link_color type="string">0000ff</profile_link_color><profile_sidebar_border_color type="string">87bc44</profile_sidebar_border_color><profile_sidebar_fill_color type="string">e0ff92</profile_sidebar_fill_color><profile_text_color type="string">000000</profile_text_color><protected type="boolean">false</protected><screen_name type="string">DaveWilliamsPPC</screen_name><statuses_count type="number">215</statuses_count><time_zone type="string">London</time_zone><url type="string">http://www.davidwilliams.org.uk</url><utc_offset type="number">0</utc_offset><verified type="boolean">false</verified></user></o>
