<?xml version="1.0" encoding="UTF-8"?>
<o><contributors class="object" null="true"/><coordinates class="object" null="true"/><created_at type="string">Thu Mar 25 21:04:29 +0000 2010</created_at><favorited type="boolean">false</favorited><geo class="object" null="true"/><id type="number">11053238471</id><in_reply_to_screen_name class="object" null="true"/><in_reply_to_status_id class="object" null="true"/><in_reply_to_user_id class="object" null="true"/><place class="object" null="true"/><source type="string">&lt;a href="http://apiwiki.twitter.com/" rel="nofollow"&gt;API&lt;/a&gt;</source><text type="string">Tory Burch Debuts a Grateful Dead Homage http://cli.gs/PHrnb</text><truncated type="boolean">false</truncated><user class="object"><contributors_enabled type="boolean">false</contributors_enabled><created_at type="string">Sun May 17 19:32:41 +0000 2009</created_at><description type="string">The Secrets To the Best Makeup Application, Color, and Product Reviews Found Anywhere.</description><favourites_count type="number">0</favourites_count><followers_count type="number">10940</followers_count><following class="object" null="true"/><friends_count type="number">11171</friends_count><geo_enabled type="boolean">false</geo_enabled><id type="number">40720260</id><lang type="string">en</lang><location type="string">New York</location><name type="string">Linda Hartmann</name><notifications class="object" null="true"/><profile_background_color type="string">f7ebca</profile_background_color><profile_background_image_url type="string">http://a1.twimg.com/profile_background_images/81287544/art-of-faces-background5.jpg</profile_background_image_url><profile_background_tile type="boolean">true</profile_background_tile><profile_image_url type="string">http://a1.twimg.com/profile_images/376617868/Linda-crop_twitter__normal.jpg</profile_image_url><profile_link_color type="string">0688ea</profile_link_color><profile_sidebar_border_color type="string">ffffff</profile_sidebar_border_color><profile_sidebar_fill_color type="string">cfcfcf</profile_sidebar_fill_color><profile_text_color type="string">634047</profile_text_color><protected type="boolean">false</protected><screen_name type="string">ArtOfFaces</screen_name><statuses_count type="number">8816</statuses_count><time_zone type="string">Quito</time_zone><url class="object" null="true"/><utc_offset type="number">-18000</utc_offset><verified type="boolean">false</verified></user></o>
