<?xml version="1.0" encoding="UTF-8"?>
<o><contributors class="object" null="true"/><coordinates class="object" null="true"/><created_at type="string">Thu Mar 25 20:42:06 +0000 2010</created_at><favorited type="boolean">false</favorited><geo class="object" null="true"/><id type="number">11052355129</id><in_reply_to_screen_name class="object" null="true"/><in_reply_to_status_id class="object" null="true"/><in_reply_to_user_id class="object" null="true"/><place class="object" null="true"/><source type="string">&lt;a href="http://ubertwitter.com" rel="nofollow"&gt;UberTwitter&lt;/a&gt;</source><text type="string">RT @bevcraig So I'm at a labour dinner. No starter &amp; they're serving hotpot. #notsomiddleclassnow &amp;gt;Labour dinners are different in the NW</text><truncated type="boolean">false</truncated><user class="object"><contributors_enabled type="boolean">false</contributors_enabled><created_at type="string">Sun Mar 08 17:38:33 +0000 2009</created_at><description type="string">Brighton based, working in communications for trade union movement, Labour activist and LGBT Labour ctte member.</description><favourites_count type="number">0</favourites_count><followers_count type="number">528</followers_count><following class="object" null="true"/><friends_count type="number">354</friends_count><geo_enabled type="boolean">false</geo_enabled><id type="number">23330953</id><lang type="string">en</lang><location type="string">Brighton&amp;Hove or London</location><name type="string">James Asser</name><notifications class="object" null="true"/><profile_background_color type="string">642D8B</profile_background_color><profile_background_image_url type="string">http://a1.twimg.com/profile_background_images/7495560/Asser.png</profile_background_image_url><profile_background_tile type="boolean">true</profile_background_tile><profile_image_url type="string">http://a1.twimg.com/profile_images/616471894/twitterProfilePhoto_normal.jpg</profile_image_url><profile_link_color type="string">5cdb55</profile_link_color><profile_sidebar_border_color type="string">feb9bf</profile_sidebar_border_color><profile_sidebar_fill_color type="string">0f0f10</profile_sidebar_fill_color><profile_text_color type="string">1483fa</profile_text_color><protected type="boolean">false</protected><screen_name type="string">JamesAsser</screen_name><statuses_count type="number">3172</statuses_count><time_zone type="string">London</time_zone><url type="string">http://www.facebook.com/home.php#/profile.php?id=551230699&amp;ref=profile</url><utc_offset type="number">0</utc_offset><verified type="boolean">false</verified></user></o>
