<?xml version="1.0" encoding="UTF-8"?>
<o><contributors class="object" null="true"/><coordinates class="object" null="true"/><created_at type="string">Thu Mar 25 21:12:07 +0000 2010</created_at><favorited type="boolean">false</favorited><geo class="object" null="true"/><id type="number">11053540525</id><in_reply_to_screen_name class="object" null="true"/><in_reply_to_status_id class="object" null="true"/><in_reply_to_user_id class="object" null="true"/><place class="object" null="true"/><source type="string">&lt;a href="http://www.tweetdeck.com" rel="nofollow"&gt;TweetDeck&lt;/a&gt;</source><text type="string">Oh look, another Tory MP milking the system http://bit.ly/cQzz9v</text><truncated type="boolean">false</truncated><user class="object"><contributors_enabled type="boolean">false</contributors_enabled><created_at type="string">Wed Feb 11 16:05:41 +0000 2009</created_at><description type="string">Hobbies: Provocation, Mischief</description><favourites_count type="number">0</favourites_count><followers_count type="number">537</followers_count><following class="object" null="true"/><friends_count type="number">212</friends_count><geo_enabled type="boolean">false</geo_enabled><id type="number">20598899</id><lang type="string">en</lang><location type="string">everywhere</location><name type="string">Old Holborn</name><notifications class="object" null="true"/><profile_background_color type="string">709397</profile_background_color><profile_background_image_url type="string">http://s.twimg.com/a/1268687377/images/themes/theme6/bg.gif</profile_background_image_url><profile_background_tile type="boolean">false</profile_background_tile><profile_image_url type="string">http://a3.twimg.com/profile_images/474165187/G20-Protests-G20-Protest--003_normal.jpg</profile_image_url><profile_link_color type="string">FF3300</profile_link_color><profile_sidebar_border_color type="string">86A4A6</profile_sidebar_border_color><profile_sidebar_fill_color type="string">A0C5C7</profile_sidebar_fill_color><profile_text_color type="string">333333</profile_text_color><protected type="boolean">false</protected><screen_name type="string">OldHoborn</screen_name><statuses_count type="number">2079</statuses_count><time_zone class="object" null="true"/><url class="object" null="true"/><utc_offset class="object" null="true"/><verified type="boolean">false</verified></user></o>
