<?xml version="1.0" encoding="UTF-8"?>
<o><contributors class="object" null="true"/><coordinates class="object" null="true"/><created_at type="string">Thu Mar 25 21:12:20 +0000 2010</created_at><favorited type="boolean">false</favorited><geo class="object" null="true"/><id type="number">11053548832</id><in_reply_to_screen_name class="object" null="true"/><in_reply_to_status_id class="object" null="true"/><in_reply_to_user_id class="object" null="true"/><place class="object" null="true"/><source type="string">&lt;a href="http://www.hootsuite.com" rel="nofollow"&gt;HootSuite&lt;/a&gt;</source><text type="string">RT @shintaroyamaguc: @ystr_ktkr laborだと構造推定は、かなりマイナーですからね。この話はLabour Economicsですけど、J of Labor Econ辺りでも、ありえると思いますよ。エディターが構造推定知っている人をレフェリーにしてく</text><truncated type="boolean">false</truncated><user class="object"><contributors_enabled type="boolean">false</contributors_enabled><created_at type="string">Sat Oct 17 23:12:56 +0000 2009</created_at><description type="string">The views and opinions tweeted on this page are strictly mine. They do not necessarily reflect those of the institutions with which I have been affiliated.</description><favourites_count type="number">3</favourites_count><followers_count type="number">84</followers_count><following class="object" null="true"/><friends_count type="number">56</friends_count><geo_enabled type="boolean">false</geo_enabled><id type="number">83243354</id><lang type="string">en</lang><location type="string">Never out of the ivory tower</location><name type="string">TA</name><notifications class="object" null="true"/><profile_background_color type="string">C0DEED</profile_background_color><profile_background_image_url type="string">http://s.twimg.com/a/1268844775/images/themes/theme1/bg.png</profile_background_image_url><profile_background_tile type="boolean">false</profile_background_tile><profile_image_url type="string">http://a3.twimg.com/profile_images/658387955/twitter_normal.jpg</profile_image_url><profile_link_color type="string">0084B4</profile_link_color><profile_sidebar_border_color type="string">C0DEED</profile_sidebar_border_color><profile_sidebar_fill_color type="string">DDEEF6</profile_sidebar_fill_color><profile_text_color type="string">333333</profile_text_color><protected type="boolean">false</protected><screen_name type="string">tknr_adch</screen_name><statuses_count type="number">97</statuses_count><time_zone type="string">Tokyo</time_zone><url class="object" null="true"/><utc_offset type="number">32400</utc_offset><verified type="boolean">false</verified></user></o>
