<?xml version="1.0" encoding="UTF-8"?>
<o><contributors class="object" null="true"/><coordinates class="object" null="true"/><created_at type="string">Thu Mar 25 21:21:52 +0000 2010</created_at><favorited type="boolean">false</favorited><geo class="object" null="true"/><id type="number">11053934159</id><in_reply_to_screen_name class="object" null="true"/><in_reply_to_status_id class="object" null="true"/><in_reply_to_user_id class="object" null="true"/><place class="object" null="true"/><source type="string">&lt;a href="http://www.atebits.com/" rel="nofollow"&gt;Tweetie&lt;/a&gt;</source><text type="string">The Labour Budget's hidden tax break for millionaires #ukpolitics http://bit.ly/bGxbLm /via @politicsofuk</text><truncated type="boolean">false</truncated><user class="object"><contributors_enabled type="boolean">false</contributors_enabled><created_at type="string">Mon Apr 14 21:47:33 +0000 2008</created_at><description type="string">Hi, I'm a 15-yo Canadian iPhone Developer, Liberal Party Member, and Star Trek fan. I'm always looking to make new friends! J'essaye de parler français :)</description><favourites_count type="number">160</favourites_count><followers_count type="number">353</followers_count><following class="object" null="true"/><friends_count type="number">290</friends_count><geo_enabled type="boolean">true</geo_enabled><id type="number">14390721</id><lang type="string">en</lang><location type="string">Thornhill, Ontario, Canada</location><name type="string">Jamil D</name><notifications class="object" null="true"/><profile_background_color type="string">1A1B1F</profile_background_color><profile_background_image_url type="string">http://a3.twimg.com/profile_background_images/66253337/Wallpaper.jpg</profile_background_image_url><profile_background_tile type="boolean">false</profile_background_tile><profile_image_url type="string">http://a1.twimg.com/profile_images/746652168/image_normal.jpg</profile_image_url><profile_link_color type="string">2FC2EF</profile_link_color><profile_sidebar_border_color type="string">181A1E</profile_sidebar_border_color><profile_sidebar_fill_color type="string">252429</profile_sidebar_fill_color><profile_text_color type="string">666666</profile_text_color><protected type="boolean">false</protected><screen_name type="string">JamilD</screen_name><statuses_count type="number">14490</statuses_count><time_zone type="string">Eastern Time (US &amp; Canada)</time_zone><url type="string">http://www.jamild.com/</url><utc_offset type="number">-18000</utc_offset><verified type="boolean">false</verified></user></o>
