<?xml version="1.0" encoding="UTF-8"?>
<o><contributors class="object" null="true"/><coordinates class="object" null="true"/><created_at type="string">Thu Mar 25 20:42:18 +0000 2010</created_at><favorited type="boolean">false</favorited><geo class="object" null="true"/><id type="number">11052362978</id><in_reply_to_screen_name class="object" null="true"/><in_reply_to_status_id class="object" null="true"/><in_reply_to_user_id class="object" null="true"/><place class="object" null="true"/><source type="string">web</source><text type="string">In the Tory Budget response statement George tries to offer the arguement Tories V Labour, a vision for Britain. More like Boom/Bust -</text><truncated type="boolean">false</truncated><user class="object"><contributors_enabled type="boolean">false</contributors_enabled><created_at type="string">Tue Jun 30 20:17:03 +0000 2009</created_at><description type="string">Genuine Girl Rather extrovert Red hair green eyes likes men in a shirt and tie nice one for xmas be fab I love Newsround 5 news and pop stars Lolly Sonia Evans.</description><favourites_count type="number">59</favourites_count><followers_count type="number">170</followers_count><following class="object" null="true"/><friends_count type="number">644</friends_count><geo_enabled type="boolean">false</geo_enabled><id type="number">52506594</id><lang type="string">en</lang><location type="string">Europe UK.</location><name type="string"> Lydia N Livingston</name><notifications class="object" null="true"/><profile_background_color type="string">9ae4e8</profile_background_color><profile_background_image_url type="string">http://s.twimg.com/a/1269387398/images/themes/theme1/bg.png</profile_background_image_url><profile_background_tile type="boolean">false</profile_background_tile><profile_image_url type="string">http://a3.twimg.com/profile_images/311867009/makeover_normal.jpg</profile_image_url><profile_link_color type="string">0000ff</profile_link_color><profile_sidebar_border_color type="string">87bc44</profile_sidebar_border_color><profile_sidebar_fill_color type="string">e0ff92</profile_sidebar_fill_color><profile_text_color type="string">000000</profile_text_color><protected type="boolean">false</protected><screen_name type="string">SimonVigarfan32</screen_name><statuses_count type="number">1354</statuses_count><time_zone type="string">London</time_zone><url class="object" null="true"/><utc_offset type="number">0</utc_offset><verified type="boolean">false</verified></user></o>
