<?xml version="1.0" encoding="UTF-8"?>
<o><contributors class="object" null="true"/><coordinates class="object" null="true"/><created_at type="string">Thu Mar 25 20:26:00 +0000 2010</created_at><favorited type="boolean">false</favorited><geo class="object" null="true"/><id type="number">11051713621</id><in_reply_to_screen_name class="object" null="true"/><in_reply_to_status_id class="object" null="true"/><in_reply_to_user_id class="object" null="true"/><place class="object" null="true"/><source type="string">&lt;a href="http://su.pr/" rel="nofollow"&gt;Su.pr&lt;/a&gt;</source><text type="string">[NEW] Compelling campaign to fight child labour in Egypt: http://su.pr/1Dod0R What you think?</text><truncated type="boolean">false</truncated><user class="object"><contributors_enabled type="boolean">false</contributors_enabled><created_at type="string">Wed Feb 18 00:48:32 +0000 2009</created_at><description type="string">Chargé de veille-e-reputation,  Etudiant à l'ESC Grenoble, Créateur de Dyvantity &amp; Gars sympa ^^</description><favourites_count type="number">4</favourites_count><followers_count type="number">1276</followers_count><following class="object" null="true"/><friends_count type="number">1105</friends_count><geo_enabled type="boolean">true</geo_enabled><id type="number">21152901</id><lang type="string">fr</lang><location type="string">Grenoble</location><name type="string">Dany Vilela</name><notifications class="object" null="true"/><profile_background_color type="string">C0DEED</profile_background_color><profile_background_image_url type="string">http://s.twimg.com/a/1269387398/images/themes/theme1/bg.png</profile_background_image_url><profile_background_tile type="boolean">false</profile_background_tile><profile_image_url type="string">http://a1.twimg.com/profile_images/422061282/Profile-Pic_normal.jpg</profile_image_url><profile_link_color type="string">0084B4</profile_link_color><profile_sidebar_border_color type="string">C0DEED</profile_sidebar_border_color><profile_sidebar_fill_color type="string">DDEEF6</profile_sidebar_fill_color><profile_text_color type="string">333333</profile_text_color><protected type="boolean">false</protected><screen_name type="string">dyvantity</screen_name><statuses_count type="number">4787</statuses_count><time_zone type="string">Paris</time_zone><url type="string">http://dyvantity.com</url><utc_offset type="number">3600</utc_offset><verified type="boolean">false</verified></user></o>
