<?xml version="1.0" encoding="UTF-8"?>
<o><contributors class="object" null="true"/><coordinates class="object" null="true"/><created_at type="string">Thu Mar 25 21:03:25 +0000 2010</created_at><favorited type="boolean">false</favorited><geo class="object" null="true"/><id type="number">11053195529</id><in_reply_to_screen_name class="object" null="true"/><in_reply_to_status_id class="object" null="true"/><in_reply_to_user_id class="object" null="true"/><place class="object" null="true"/><source type="string">&lt;a href="http://apiwiki.twitter.com/" rel="nofollow"&gt;API&lt;/a&gt;</source><text type="string">Labour need to Walk The Walk - A Future Fair For Gary McKinnon? Prove it! Stop the extradition BEFORE the election. #freegary</text><truncated type="boolean">false</truncated><user class="object"><contributors_enabled type="boolean">false</contributors_enabled><created_at type="string">Tue Apr 17 12:23:58 +0000 2007</created_at><description type="string">In 1919 she was born, on a Pembroke dairy farm.  A bouncing bonny baby girl, with bags of style and charm.</description><favourites_count type="number">21</favourites_count><followers_count type="number">335</followers_count><following class="object" null="true"/><friends_count type="number">424</friends_count><geo_enabled type="boolean">false</geo_enabled><id type="number">4990311</id><lang type="string">en</lang><location type="string">London, England</location><name type="string">Dandelion</name><notifications class="object" null="true"/><profile_background_color type="string">C6E2EE</profile_background_color><profile_background_image_url type="string">http://a1.twimg.com/profile_background_images/60999330/twitterProfilePhoto.jpg</profile_background_image_url><profile_background_tile type="boolean">false</profile_background_tile><profile_image_url type="string">http://a3.twimg.com/profile_images/732899767/twitterProfilePhoto_normal.jpg</profile_image_url><profile_link_color type="string">1F98C7</profile_link_color><profile_sidebar_border_color type="string">C6E2EE</profile_sidebar_border_color><profile_sidebar_fill_color type="string">DAECF4</profile_sidebar_fill_color><profile_text_color type="string">663B12</profile_text_color><protected type="boolean">false</protected><screen_name type="string">dandelion101</screen_name><statuses_count type="number">12160</statuses_count><time_zone type="string">Tijuana</time_zone><url type="string">http://lonesomeocean.blogspot.com</url><utc_offset type="number">-28800</utc_offset><verified type="boolean">false</verified></user></o>
