<?xml version="1.0" encoding="UTF-8"?>
<o><contributors class="object" null="true"/><coordinates class="object" null="true"/><created_at type="string">Thu Mar 25 21:17:46 +0000 2010</created_at><favorited type="boolean">false</favorited><geo class="object" null="true"/><id type="number">11053766139</id><in_reply_to_screen_name class="object" null="true"/><in_reply_to_status_id class="object" null="true"/><in_reply_to_user_id class="object" null="true"/><place class="object" null="true"/><source type="string">&lt;a href="http://ubertwitter.com" rel="nofollow"&gt;UberTwitter&lt;/a&gt;</source><text type="string">RT @stop_child_det: Can Labour 'out-nasty' the Tories on asylum? for Guardian's @commentisfree: http://is.gd/aYX6W #ecdn</text><truncated type="boolean">false</truncated><user class="object"><contributors_enabled type="boolean">false</contributors_enabled><created_at type="string">Sat Oct 17 21:39:42 +0000 2009</created_at><description type="string">Families and individuals fighting deportation and injustice in the immigraiton and asylum system</description><favourites_count type="number">4</favourites_count><followers_count type="number">97</followers_count><following class="object" null="true"/><friends_count type="number">60</friends_count><geo_enabled type="boolean">false</geo_enabled><id type="number">83227053</id><lang type="string">en</lang><location type="string">ÜT: 57.569536,-4.251365</location><name type="string">NCADC</name><notifications class="object" null="true"/><profile_background_color type="string">C0DEED</profile_background_color><profile_background_image_url type="string">http://a1.twimg.com/profile_background_images/83620378/tbround.jpg</profile_background_image_url><profile_background_tile type="boolean">false</profile_background_tile><profile_image_url type="string">http://a3.twimg.com/profile_images/756060465/ncadc_logo_200_normal.jpg</profile_image_url><profile_link_color type="string">0084B4</profile_link_color><profile_sidebar_border_color type="string">C0DEED</profile_sidebar_border_color><profile_sidebar_fill_color type="string">DDEEF6</profile_sidebar_fill_color><profile_text_color type="string">333333</profile_text_color><protected type="boolean">false</protected><screen_name type="string">ncadc</screen_name><statuses_count type="number">218</statuses_count><time_zone type="string">Edinburgh</time_zone><url type="string">http://www.ncadc.wordpress.com</url><utc_offset type="number">0</utc_offset><verified type="boolean">false</verified></user></o>
