<?xml version="1.0" encoding="UTF-8"?>
<o><contributors class="object" null="true"/><coordinates class="object" null="true"/><created_at type="string">Thu Mar 25 20:23:08 +0000 2010</created_at><favorited type="boolean">false</favorited><geo class="object" null="true"/><id type="number">11051599832</id><in_reply_to_screen_name type="string">DanShapland</in_reply_to_screen_name><in_reply_to_status_id class="object" null="true"/><in_reply_to_user_id type="number">51006072</in_reply_to_user_id><place class="object" null="true"/><source type="string">web</source><text type="string">@DanShapland Hahaha, you LIED about being a mini-tory. Maybe you're really a lovely-leftie???</text><truncated type="boolean">false</truncated><user class="object"><contributors_enabled type="boolean">false</contributors_enabled><created_at type="string">Sun Sep 13 09:12:47 +0000 2009</created_at><description type="string">'We're all in the gutter, but some of us are looking at the stars'.
SmilesLiteratureMusicLove
PoliticsFoodArt</description><favourites_count type="number">4</favourites_count><followers_count type="number">45</followers_count><following class="object" null="true"/><friends_count type="number">47</friends_count><geo_enabled type="boolean">false</geo_enabled><id type="number">73849396</id><lang type="string">en</lang><location type="string">Behind you...</location><name type="string">ani brooker</name><notifications class="object" null="true"/><profile_background_color type="string">78a0e6</profile_background_color><profile_background_image_url type="string">http://a1.twimg.com/profile_background_images/49399904/3720893370_96c238fee0.jpg</profile_background_image_url><profile_background_tile type="boolean">true</profile_background_tile><profile_image_url type="string">http://a3.twimg.com/profile_images/679981835/DSC00038_normal.jpg</profile_image_url><profile_link_color type="string">4eb9d4</profile_link_color><profile_sidebar_border_color type="string">D3D2CF</profile_sidebar_border_color><profile_sidebar_fill_color type="string">011f02</profile_sidebar_fill_color><profile_text_color type="string">0c805f</profile_text_color><protected type="boolean">false</protected><screen_name type="string">purpleparoxysm</screen_name><statuses_count type="number">1923</statuses_count><time_zone type="string">London</time_zone><url type="string">http://www.whatkeepsitspinning.blogspot.com</url><utc_offset type="number">0</utc_offset><verified type="boolean">false</verified></user></o>
