<?xml version="1.0" encoding="UTF-8"?>
<o><contributors class="object" null="true"/><coordinates class="object" null="true"/><created_at type="string">Thu Mar 25 20:22:53 +0000 2010</created_at><favorited type="boolean">false</favorited><geo class="object" null="true"/><id type="number">11051590673</id><in_reply_to_screen_name class="object" null="true"/><in_reply_to_status_id class="object" null="true"/><in_reply_to_user_id class="object" null="true"/><place class="object" null="true"/><source type="string">&lt;a href="http://www.atebits.com/" rel="nofollow"&gt;Tweetie&lt;/a&gt;</source><text type="string">It's official: Vote Tory - get fucked Thatcher-style. Vote Labour - get fucked Thatcher-style.

Why bother? http://bit.ly/8ZP2sz</text><truncated type="boolean">false</truncated><user class="object"><contributors_enabled type="boolean">false</contributors_enabled><created_at type="string">Sun Mar 09 22:48:25 +0000 2008</created_at><description type="string">I've got ham but I'm not a hamster.</description><favourites_count type="number">26</favourites_count><followers_count type="number">252</followers_count><following class="object" null="true"/><friends_count type="number">219</friends_count><geo_enabled type="boolean">false</geo_enabled><id type="number">14109945</id><lang type="string">en</lang><location type="string">Leicester</location><name type="string">Hot Buttered Jonze</name><notifications class="object" null="true"/><profile_background_color type="string">0099B9</profile_background_color><profile_background_image_url type="string">http://s.twimg.com/a/1269281712/images/themes/theme4/bg.gif</profile_background_image_url><profile_background_tile type="boolean">false</profile_background_tile><profile_image_url type="string">http://a1.twimg.com/profile_images/725329246/twitterProfilePhoto_normal.jpg</profile_image_url><profile_link_color type="string">0099B9</profile_link_color><profile_sidebar_border_color type="string">5ED4DC</profile_sidebar_border_color><profile_sidebar_fill_color type="string">95E8EC</profile_sidebar_fill_color><profile_text_color type="string">3C3940</profile_text_color><protected type="boolean">false</protected><screen_name type="string">quarkmonkey</screen_name><statuses_count type="number">3953</statuses_count><time_zone type="string">London</time_zone><url type="string">http://jonzeblog.wordpress.com</url><utc_offset type="number">0</utc_offset><verified type="boolean">false</verified></user></o>
