<?xml version="1.0" encoding="UTF-8"?>
<o><contributors class="object" null="true"/><coordinates class="object" null="true"/><created_at type="string">Thu Mar 25 20:25:32 +0000 2010</created_at><favorited type="boolean">false</favorited><geo class="object" null="true"/><id type="number">11051695735</id><in_reply_to_screen_name class="object" null="true"/><in_reply_to_status_id class="object" null="true"/><in_reply_to_user_id class="object" null="true"/><place class="object" null="true"/><source type="string">&lt;a href="http://m.twitter.com/" rel="nofollow"&gt;mobile web&lt;/a&gt;</source><text type="string">Incase you didnt know.daniel aka tory boy was the guy that ask me out and i said but still trying it. #doublesupress ©</text><truncated type="boolean">false</truncated><user class="object"><contributors_enabled type="boolean">false</contributors_enabled><created_at type="string">Fri Mar 20 23:42:11 +0000 2009</created_at><description type="string">HELLO HELLLO IM A TALENTED MEECHE ©</description><favourites_count type="number">116</favourites_count><followers_count type="number">479</followers_count><following class="object" null="true"/><friends_count type="number">100</friends_count><geo_enabled type="boolean">false</geo_enabled><id type="number">25600812</id><lang type="string">en</lang><location type="string">LAANNDAN TOWNAGE.</location><name type="string">Funmi Laniuh</name><notifications class="object" null="true"/><profile_background_color type="string">642D8B</profile_background_color><profile_background_image_url type="string">http://a3.twimg.com/profile_background_images/74240333/MILKKID.jpg</profile_background_image_url><profile_background_tile type="boolean">true</profile_background_tile><profile_image_url type="string">http://a3.twimg.com/profile_images/740804733/20445_1339930982209_1349196664_974447_6704262_n_normal.jpg</profile_image_url><profile_link_color type="string">FF0000</profile_link_color><profile_sidebar_border_color type="string">65B0DA</profile_sidebar_border_color><profile_sidebar_fill_color type="string">7AC3EE</profile_sidebar_fill_color><profile_text_color type="string">3D1957</profile_text_color><protected type="boolean">false</protected><screen_name type="string">thatlondongirl</screen_name><statuses_count type="number">12077</statuses_count><time_zone type="string">London</time_zone><url type="string">http://thatlondongirl-loves.blogspot.com/</url><utc_offset type="number">0</utc_offset><verified type="boolean">false</verified></user></o>
