<?xml version="1.0" encoding="UTF-8"?>
<o><contributors class="object" null="true"/><coordinates class="object" null="true"/><created_at type="string">Thu Mar 25 20:08:06 +0000 2010</created_at><favorited type="boolean">false</favorited><geo class="object" null="true"/><id type="number">11051012869</id><in_reply_to_screen_name class="object" null="true"/><in_reply_to_status_id class="object" null="true"/><in_reply_to_user_id class="object" null="true"/><place class="object" null="true"/><source type="string">&lt;a href="http://apiwiki.twitter.com/" rel="nofollow"&gt;API&lt;/a&gt;</source><text type="string">Opening remarks by SLW at the LegCo Special Finance Committee Meeting (Labour) http://finance.nitews.com/383c6</text><truncated type="boolean">false</truncated><user class="object"><contributors_enabled type="boolean">false</contributors_enabled><created_at type="string">Tue Feb 23 02:32:55 +0000 2010</created_at><description class="object" null="true"/><favourites_count type="number">0</favourites_count><followers_count type="number">436</followers_count><following class="object" null="true"/><friends_count type="number">2001</friends_count><geo_enabled type="boolean">false</geo_enabled><id type="number">116612149</id><lang type="string">en</lang><location class="object" null="true"/><name type="string">John Aberdeen</name><notifications class="object" null="true"/><profile_background_color type="string">C0DEED</profile_background_color><profile_background_image_url type="string">http://s.twimg.com/a/1269387398/images/themes/theme1/bg.png</profile_background_image_url><profile_background_tile type="boolean">false</profile_background_tile><profile_image_url type="string">http://s.twimg.com/a/1269387398/images/default_profile_3_normal.png</profile_image_url><profile_link_color type="string">0084B4</profile_link_color><profile_sidebar_border_color type="string">C0DEED</profile_sidebar_border_color><profile_sidebar_fill_color type="string">DDEEF6</profile_sidebar_fill_color><profile_text_color type="string">7d697d</profile_text_color><protected type="boolean">false</protected><screen_name type="string">financenewsman</screen_name><statuses_count type="number">3416</statuses_count><time_zone class="object" null="true"/><url class="object" null="true"/><utc_offset class="object" null="true"/><verified type="boolean">false</verified></user></o>
