<?xml version="1.0" encoding="UTF-8"?>
<o><contributors class="object" null="true"/><coordinates class="object" null="true"/><created_at type="string">Thu Mar 25 20:35:12 +0000 2010</created_at><favorited type="boolean">false</favorited><geo class="object" null="true"/><id type="number">11052086232</id><in_reply_to_screen_name class="object" null="true"/><in_reply_to_status_id class="object" null="true"/><in_reply_to_user_id class="object" null="true"/><place class="object" null="true"/><source type="string">&lt;a href="http://m.twitter.com/" rel="nofollow"&gt;mobile web&lt;/a&gt;</source><text type="string">Anyone who is seriously contemplating voting LibDem should take heed of #LeedsCouncil #VoteFodderForTheTories</text><truncated type="boolean">false</truncated><user class="object"><contributors_enabled type="boolean">false</contributors_enabled><created_at type="string">Wed Jan 28 23:06:00 +0000 2009</created_at><description type="string">Democratic socialist, social activist, all round good egg.</description><favourites_count type="number">7</favourites_count><followers_count type="number">1644</followers_count><following class="object" null="true"/><friends_count type="number">1571</friends_count><geo_enabled type="boolean">false</geo_enabled><id type="number">19682709</id><lang type="string">en</lang><location type="string">On a hillside desolate</location><name type="string">Ged Robinson</name><notifications class="object" null="true"/><profile_background_color type="string">642D8B</profile_background_color><profile_background_image_url type="string">http://s.twimg.com/a/1269387398/images/themes/theme10/bg.gif</profile_background_image_url><profile_background_tile type="boolean">true</profile_background_tile><profile_image_url type="string">http://a1.twimg.com/profile_images/736974530/twitterProfilePhoto_normal.jpg</profile_image_url><profile_link_color type="string">FF0000</profile_link_color><profile_sidebar_border_color type="string">65B0DA</profile_sidebar_border_color><profile_sidebar_fill_color type="string">7AC3EE</profile_sidebar_fill_color><profile_text_color type="string">3D1957</profile_text_color><protected type="boolean">false</protected><screen_name type="string">gedrobinson</screen_name><statuses_count type="number">28087</statuses_count><time_zone type="string">Tehran</time_zone><url class="object" null="true"/><utc_offset type="number">12600</utc_offset><verified type="boolean">false</verified></user></o>
