<?xml version="1.0" encoding="UTF-8"?>
<o><contributors class="object" null="true"/><coordinates class="object" null="true"/><created_at type="string">Thu Mar 25 21:09:08 +0000 2010</created_at><favorited type="boolean">false</favorited><geo class="object" null="true"/><id type="number">11053421679</id><in_reply_to_screen_name type="string">itslucysummer_</in_reply_to_screen_name><in_reply_to_status_id type="number">11053347544</in_reply_to_status_id><in_reply_to_user_id type="number">30081818</in_reply_to_user_id><place class="object" null="true"/><source type="string">web</source><text type="string">@itslucysummer_ I've got it we'll write to Netto. We'll get in there with the whole free labour thing! lol :)</text><truncated type="boolean">false</truncated><user class="object"><contributors_enabled type="boolean">false</contributors_enabled><created_at type="string">Thu Nov 12 19:24:33 +0000 2009</created_at><description type="string">Behind the Lads in Red &amp; White all the way! Burnin' Up for Jonas Brothers! Te Quiero Fernando Torres! Who's afraid of the big bad wolf? lol</description><favourites_count type="number">1</favourites_count><followers_count type="number">114</followers_count><following class="object" null="true"/><friends_count type="number">309</friends_count><geo_enabled type="boolean">false</geo_enabled><id type="number">89518786</id><lang type="string">en</lang><location type="string">Sunderland, UK</location><name type="string">Amy Armstrong</name><notifications class="object" null="true"/><profile_background_color type="string">ffffff</profile_background_color><profile_background_image_url type="string">http://a3.twimg.com/profile_background_images/85516717/2010-03-23_10-13-09_84.13.73.80.jpg</profile_background_image_url><profile_background_tile type="boolean">false</profile_background_tile><profile_image_url type="string">http://a1.twimg.com/profile_images/772661458/TWITTER_PIC_normal.png</profile_image_url><profile_link_color type="string">000000</profile_link_color><profile_sidebar_border_color type="string">ff0303</profile_sidebar_border_color><profile_sidebar_fill_color type="string">ffffff</profile_sidebar_fill_color><profile_text_color type="string">7a7a7a</profile_text_color><protected type="boolean">false</protected><screen_name type="string">AmyArmx</screen_name><statuses_count type="number">1248</statuses_count><time_zone type="string">London</time_zone><url class="object" null="true"/><utc_offset type="number">0</utc_offset><verified type="boolean">false</verified></user></o>
