<?xml version="1.0" encoding="UTF-8"?>
<o><contributors class="object" null="true"/><coordinates class="object" null="true"/><created_at type="string">Thu Mar 25 21:04:08 +0000 2010</created_at><favorited type="boolean">false</favorited><geo class="object" null="true"/><id type="number">11053223940</id><in_reply_to_screen_name class="object" null="true"/><in_reply_to_status_id class="object" null="true"/><in_reply_to_user_id class="object" null="true"/><place class="object" null="true"/><retweeted_status class="object"><contributors class="object" null="true"/><coordinates class="object" null="true"/><created_at type="string">Thu Mar 25 19:26:40 +0000 2010</created_at><favorited type="boolean">false</favorited><geo class="object" null="true"/><id type="number">11049413975</id><in_reply_to_screen_name class="object" null="true"/><in_reply_to_status_id class="object" null="true"/><in_reply_to_user_id class="object" null="true"/><place class="object" null="true"/><source type="string">&lt;a href="http://twitterfeed.com" rel="nofollow"&gt;twitterfeed&lt;/a&gt;</source><text type="string">If Labour is re-elected spending cuts will be "tougher and deeper" than those under Margaret Thatcher, Alistair Darling accepts.</text><truncated type="boolean">false</truncated><user class="object"><contributors_enabled type="boolean">false</contributors_enabled><created_at type="string">Thu Apr 30 23:32:52 +0000 2009</created_at><description type="string">Breaking news and headlines 24 hours a day from the BBC.</description><favourites_count type="number">0</favourites_count><followers_count type="number">2376</followers_count><following class="object" null="true"/><friends_count type="number">0</friends_count><geo_enabled type="boolean">false</geo_enabled><id type="number">36811951</id><lang type="string">en</lang><location type="string"/><name type="string">BBC News 24</name><notifications class="object" null="true"/><profile_background_color type="string">9ae4e8</profile_background_color><profile_background_image_url type="string">http://s.twimg.com/a/1269387398/images/themes/theme1/bg.png</profile_background_image_url><profile_background_tile type="boolean">false</profile_background_tile><profile_image_url type="string">http://a1.twimg.com/profile_images/193505372/bbc_news_120x60_normal.gif</profile_image_url><profile_link_color type="string">0000ff</profile_link_color><profile_sidebar_border_color type="string">87bc44</profile_sidebar_border_color><profile_sidebar_fill_color type="string">e0ff92</profile_sidebar_fill_color><profile_text_color type="string">000000</profile_text_color><protected type="boolean">false</protected><screen_name type="string">bbc24</screen_name><statuses_count type="number">12373</statuses_count><time_zone class="object" null="true"/><url type="string">http://www.bbc.co.uk</url><utc_offset class="object" null="true"/><verified type="boolean">false</verified></user></retweeted_status><source type="string">web</source><text type="string">RT @bbc24: If Labour is re-elected spending cuts will be "tougher and deeper" than those under Margaret Thatcher, Alistair Darling accepts.</text><truncated type="boolean">false</truncated><user class="object"><contributors_enabled type="boolean">false</contributors_enabled><created_at type="string">Fri Mar 19 17:15:49 +0000 2010</created_at><description type="string">ANTI-CAPITALIST candidate in Vauxhall, South London, at UK general election</description><favourites_count type="number">0</favourites_count><followers_count type="number">12</followers_count><following class="object" null="true"/><friends_count type="number">29</friends_count><geo_enabled type="boolean">false</geo_enabled><id type="number">124517975</id><lang type="string">en</lang><location type="string"/><name type="string">jeremy drinkall</name><notifications class="object" null="true"/><profile_background_color type="string">9ae4e8</profile_background_color><profile_background_image_url type="string">http://s.twimg.com/a/1269387398/images/themes/theme1/bg.png</profile_background_image_url><profile_background_tile type="boolean">false</profile_background_tile><profile_image_url type="string">http://a3.twimg.com/profile_images/762382107/jer_twitter_normal.jpg</profile_image_url><profile_link_color type="string">0000ff</profile_link_color><profile_sidebar_border_color type="string">87bc44</profile_sidebar_border_color><profile_sidebar_fill_color type="string">e0ff92</profile_sidebar_fill_color><profile_text_color type="string">000000</profile_text_color><protected type="boolean">false</protected><screen_name type="string">VoteDrinkall</screen_name><statuses_count type="number">7</statuses_count><time_zone class="object" null="true"/><url type="string">http://drinkall4vauxhall.blogspot.com</url><utc_offset class="object" null="true"/><verified type="boolean">false</verified></user></o>
