<?xml version="1.0" encoding="UTF-8"?>
<o><contributors class="object" null="true"/><coordinates class="object" null="true"/><created_at type="string">Thu Mar 25 20:08:04 +0000 2010</created_at><favorited type="boolean">false</favorited><geo class="object" null="true"/><id type="number">11051011429</id><in_reply_to_screen_name type="string">Jonantz</in_reply_to_screen_name><in_reply_to_status_id class="object" null="true"/><in_reply_to_user_id type="number">20418571</in_reply_to_user_id><place class="object" null="true"/><source type="string">&lt;a href="http://www.tweetdeck.com/" rel="nofollow"&gt;TweetDeck&lt;/a&gt;</source><text type="string">@jonantz sat with @labourstudents, Tory future, liberal youth and plaid @aberguild question time!</text><truncated type="boolean">false</truncated><user class="object"><contributors_enabled type="boolean">false</contributors_enabled><created_at type="string">Sun Feb 08 17:27:20 +0000 2009</created_at><description type="string"/><favourites_count type="number">5</favourites_count><followers_count type="number">210</followers_count><following class="object" null="true"/><friends_count type="number">254</friends_count><geo_enabled type="boolean">false</geo_enabled><id type="number">20379040</id><lang type="string">en</lang><location type="string">iPhone: 52.414597,-4.082820</location><name type="string">Jess Leigh</name><notifications class="object" null="true"/><profile_background_color type="string">1A1B1F</profile_background_color><profile_background_image_url type="string">http://s.twimg.com/a/1269020849/images/themes/theme9/bg.gif</profile_background_image_url><profile_background_tile type="boolean">false</profile_background_tile><profile_image_url type="string">http://a3.twimg.com/profile_images/715334785/twitterProfilePhoto_normal.jpg</profile_image_url><profile_link_color type="string">2FC2EF</profile_link_color><profile_sidebar_border_color type="string">181A1E</profile_sidebar_border_color><profile_sidebar_fill_color type="string">252429</profile_sidebar_fill_color><profile_text_color type="string">666666</profile_text_color><protected type="boolean">false</protected><screen_name type="string">Jess_Leigh</screen_name><statuses_count type="number">691</statuses_count><time_zone type="string">London</time_zone><url class="object" null="true"/><utc_offset type="number">0</utc_offset><verified type="boolean">false</verified></user></o>
