<?xml version="1.0" encoding="UTF-8"?>
<o><contributors class="object" null="true"/><coordinates class="object" null="true"/><created_at type="string">Thu Mar 25 21:09:12 +0000 2010</created_at><favorited type="boolean">false</favorited><geo class="object" null="true"/><id type="number">11053424515</id><in_reply_to_screen_name class="object" null="true"/><in_reply_to_status_id class="object" null="true"/><in_reply_to_user_id class="object" null="true"/><place class="object" null="true"/><source type="string">&lt;a href="http://www.tweetdeck.com" rel="nofollow"&gt;TweetDeck&lt;/a&gt;</source><text type="string">RT @dandelion101: Labour need 2 Walk The Walk - A Future Fair 4 Gary McKinnon? Prove it! stp the extradition BEFORE the election. #freegary</text><truncated type="boolean">false</truncated><user class="object"><contributors_enabled type="boolean">false</contributors_enabled><created_at type="string">Fri Feb 06 08:24:49 +0000 2009</created_at><description type="string">One year and 50,000 tweets ago, I started tweeting every moment of my life. I provided all the dots. Very few have managed to connect them. My name is Elyssa.</description><favourites_count type="number">352</favourites_count><followers_count type="number">4006</followers_count><following class="object" null="true"/><friends_count type="number">3568</friends_count><geo_enabled type="boolean">false</geo_enabled><id type="number">20223138</id><lang type="string">en</lang><location type="string">CyberSquatting somewhere...</location><name type="string">Elyssa Durant</name><notifications class="object" null="true"/><profile_background_color type="string">9AE4E8</profile_background_color><profile_background_image_url type="string">http://a1.twimg.com/profile_background_images/4293794/007.jpg</profile_background_image_url><profile_background_tile type="boolean">false</profile_background_tile><profile_image_url type="string">http://a3.twimg.com/profile_images/748025053/little_elys_normal.jpg</profile_image_url><profile_link_color type="string">0084B4</profile_link_color><profile_sidebar_border_color type="string">BDDCAD</profile_sidebar_border_color><profile_sidebar_fill_color type="string">DDFFCC</profile_sidebar_fill_color><profile_text_color type="string">333333</profile_text_color><protected type="boolean">false</protected><screen_name type="string">ElyssaD</screen_name><statuses_count type="number">57187</statuses_count><time_zone type="string">Central Time (US &amp; Canada)</time_zone><url type="string">http://thepowersthatbeat.blogspot.com/</url><utc_offset type="number">-21600</utc_offset><verified type="boolean">false</verified></user></o>
