<?xml version="1.0" encoding="UTF-8"?>
<o><contributors class="object" null="true"/><coordinates class="object" null="true"/><created_at type="string">Thu Mar 25 20:41:57 +0000 2010</created_at><favorited type="boolean">false</favorited><geo class="object" null="true"/><id type="number">11052349494</id><in_reply_to_screen_name class="object" null="true"/><in_reply_to_status_id class="object" null="true"/><in_reply_to_user_id class="object" null="true"/><place class="object" null="true"/><source type="string">&lt;a href="http://m.twitter.com/" rel="nofollow"&gt;mobile web&lt;/a&gt;</source><text type="string">#edtwestival. woohoo. twitter on windows mobile 3.6. it's a labour of love</text><truncated type="boolean">false</truncated><user class="object"><contributors_enabled type="boolean">false</contributors_enabled><created_at type="string">Sat Nov 29 00:48:08 +0000 2008</created_at><description type="string">Man about the media - PR, media relations, journalism, web 2.0, blogging, photography and video. Like a pint as well</description><favourites_count type="number">2</favourites_count><followers_count type="number">534</followers_count><following class="object" null="true"/><friends_count type="number">454</friends_count><geo_enabled type="boolean">false</geo_enabled><id type="number">17724440</id><lang type="string">en</lang><location type="string">edinburgh</location><name type="string">Scott Douglas</name><notifications class="object" null="true"/><profile_background_color type="string">96FAFA</profile_background_color><profile_background_image_url type="string">http://a3.twimg.com/profile_background_images/33870423/scottgdouglas_1251889474.jpg</profile_background_image_url><profile_background_tile type="boolean">false</profile_background_tile><profile_image_url type="string">http://a3.twimg.com/profile_images/180721871/Scott-Twitter_normal.jpg</profile_image_url><profile_link_color type="string">0000ff</profile_link_color><profile_sidebar_border_color type="string">87bc44</profile_sidebar_border_color><profile_sidebar_fill_color type="string">e0ff92</profile_sidebar_fill_color><profile_text_color type="string">000000</profile_text_color><protected type="boolean">false</protected><screen_name type="string">scottgdouglas</screen_name><statuses_count type="number">782</statuses_count><time_zone type="string">Edinburgh</time_zone><url type="string">http://www.holyroodpr.co.uk</url><utc_offset type="number">0</utc_offset><verified type="boolean">false</verified></user></o>
