<?xml version="1.0" encoding="UTF-8"?>
<o><contributors class="object" null="true"/><coordinates class="object" null="true"/><created_at type="string">Thu Mar 25 20:18:07 +0000 2010</created_at><favorited type="boolean">false</favorited><geo class="object" null="true"/><id type="number">11051401372</id><in_reply_to_screen_name class="object" null="true"/><in_reply_to_status_id class="object" null="true"/><in_reply_to_user_id class="object" null="true"/><place class="object" null="true"/><source type="string">web</source><text type="string">Labour promise us even more tax rises - but haven't they already made life hard enough?</text><truncated type="boolean">false</truncated><user class="object"><contributors_enabled type="boolean">false</contributors_enabled><created_at type="string">Sun Jan 03 19:31:52 +0000 2010</created_at><description type="string">Plymouth, Devon, South West England, UK</description><favourites_count type="number">0</favourites_count><followers_count type="number">234</followers_count><following class="object" null="true"/><friends_count type="number">324</friends_count><geo_enabled type="boolean">false</geo_enabled><id type="number">101553450</id><lang type="string">en</lang><location type="string">Plymouth Devon England UK</location><name type="string">Plymouth Devon UK</name><notifications class="object" null="true"/><profile_background_color type="string">587aa8</profile_background_color><profile_background_image_url type="string">http://a1.twimg.com/profile_background_images/64123166/Cimg3644_plymouth_FX_150.jpg</profile_background_image_url><profile_background_tile type="boolean">true</profile_background_tile><profile_image_url type="string">http://a3.twimg.com/profile_images/610316867/Cimg3644_plymouth_FX_250_normal.jpg</profile_image_url><profile_link_color type="string">a30d6c</profile_link_color><profile_sidebar_border_color type="string">16572e</profile_sidebar_border_color><profile_sidebar_fill_color type="string">85c75a</profile_sidebar_fill_color><profile_text_color type="string">0c0736</profile_text_color><protected type="boolean">false</protected><screen_name type="string">plymouth_devon</screen_name><statuses_count type="number">176</statuses_count><time_zone class="object" null="true"/><url class="object" null="true"/><utc_offset class="object" null="true"/><verified type="boolean">false</verified></user></o>
