<?xml version="1.0" encoding="UTF-8"?>
<o><contributors class="object" null="true"/><coordinates class="object" null="true"/><created_at type="string">Thu Mar 25 21:06:45 +0000 2010</created_at><favorited type="boolean">false</favorited><geo class="object" null="true"/><id type="number">11053327879</id><in_reply_to_screen_name class="object" null="true"/><in_reply_to_status_id class="object" null="true"/><in_reply_to_user_id class="object" null="true"/><place class="object" null="true"/><source type="string">&lt;a href="http://twitterfeed.com" rel="nofollow"&gt;twitterfeed&lt;/a&gt;</source><text type="string">GENERAL LABOUR: Location: Cambridge, Ontario, CANADA; Guelph, Ontario, CANADA; Kitchener, Ontario, CANADA; Wa... http://bit.ly/aiewo8 #jobs</text><truncated type="boolean">false</truncated><user class="object"><contributors_enabled type="boolean">false</contributors_enabled><created_at type="string">Wed Aug 19 14:06:10 +0000 2009</created_at><description type="string">Workopolis is Canada's #1 online resource for your next job or career in Kitchener!</description><favourites_count type="number">0</favourites_count><followers_count type="number">281</followers_count><following class="object" null="true"/><friends_count type="number">0</friends_count><geo_enabled type="boolean">false</geo_enabled><id type="number">67008169</id><lang type="string">en</lang><location type="string">Canada</location><name type="string">Kitchener Jobs</name><notifications class="object" null="true"/><profile_background_color type="string">ccdfd5</profile_background_color><profile_background_image_url type="string">http://a1.twimg.com/profile_background_images/30433730/bg.gif</profile_background_image_url><profile_background_tile type="boolean">false</profile_background_tile><profile_image_url type="string">http://a1.twimg.com/profile_images/370299928/Workopolisavatar2_normal.jpg</profile_image_url><profile_link_color type="string">088253</profile_link_color><profile_sidebar_border_color type="string">d3d2cf</profile_sidebar_border_color><profile_sidebar_fill_color type="string">e3e2de</profile_sidebar_fill_color><profile_text_color type="string">634047</profile_text_color><protected type="boolean">false</protected><screen_name type="string">Kitchener_Jobs</screen_name><statuses_count type="number">3254</statuses_count><time_zone type="string">Quito</time_zone><url type="string">http://bit.ly/Pqlff</url><utc_offset type="number">-18000</utc_offset><verified type="boolean">false</verified></user></o>
