<?xml version="1.0" encoding="UTF-8"?>
<o><contributors class="object" null="true"/><coordinates class="object" null="true"/><created_at type="string">Thu Mar 25 21:35:10 +0000 2010</created_at><favorited type="boolean">false</favorited><geo class="object" null="true"/><id type="number">11054475739</id><in_reply_to_screen_name class="object" null="true"/><in_reply_to_status_id class="object" null="true"/><in_reply_to_user_id class="object" null="true"/><place class="object" null="true"/><source type="string">&lt;a href="http://www.tweetdeck.com" rel="nofollow"&gt;TweetDeck&lt;/a&gt;</source><text type="string">Loe the way that Labour tribalists are justifying how cutting deeper than Thatcher is a "good thing" bbcqt</text><truncated type="boolean">false</truncated><user class="object"><contributors_enabled type="boolean">false</contributors_enabled><created_at type="string">Thu Dec 04 20:19:10 +0000 2008</created_at><description type="string">Nah! </description><favourites_count type="number">6</favourites_count><followers_count type="number">308</followers_count><following class="object" null="true"/><friends_count type="number">187</friends_count><geo_enabled type="boolean">true</geo_enabled><id type="number">17877390</id><lang type="string">en</lang><location type="string">UK </location><name type="string">Simon </name><notifications class="object" null="true"/><profile_background_color type="string">709397</profile_background_color><profile_background_image_url type="string">http://s.twimg.com/a/1269387398/images/themes/theme6/bg.gif</profile_background_image_url><profile_background_tile type="boolean">false</profile_background_tile><profile_image_url type="string">http://a3.twimg.com/profile_images/616307159/images_normal.jpeg</profile_image_url><profile_link_color type="string">FF3300</profile_link_color><profile_sidebar_border_color type="string">86A4A6</profile_sidebar_border_color><profile_sidebar_fill_color type="string">A0C5C7</profile_sidebar_fill_color><profile_text_color type="string">333333</profile_text_color><protected type="boolean">false</protected><screen_name type="string">SimonG_1</screen_name><statuses_count type="number">5467</statuses_count><time_zone type="string">London</time_zone><url class="object" null="true"/><utc_offset type="number">0</utc_offset><verified type="boolean">false</verified></user></o>
