<?xml version="1.0" encoding="UTF-8"?>
<o><contributors class="object" null="true"/><coordinates class="object" null="true"/><created_at type="string">Thu Mar 25 21:35:52 +0000 2010</created_at><favorited type="boolean">false</favorited><geo class="object" null="true"/><id type="number">11054503864</id><in_reply_to_screen_name class="object" null="true"/><in_reply_to_status_id class="object" null="true"/><in_reply_to_user_id class="object" null="true"/><place class="object" null="true"/><source type="string">web</source><text type="string">More labour strikes on the way, likely RT @globeandmail Ontario government moves to contain public-sector wages...http://tgam.ca/K7i</text><truncated type="boolean">false</truncated><user class="object"><contributors_enabled type="boolean">false</contributors_enabled><created_at type="string">Fri Mar 20 20:53:06 +0000 2009</created_at><description type="string">East meets West in US-Canadian connection. My family is everything. I never stop knitting, sewing, making one-of-a-kind, emailing, taking photos, exercising. </description><favourites_count type="number">199</favourites_count><followers_count type="number">429</followers_count><following class="object" null="true"/><friends_count type="number">372</friends_count><geo_enabled type="boolean">false</geo_enabled><id type="number">25574056</id><lang type="string">en</lang><location type="string">Toronto and Boston</location><name type="string">Y N Quan</name><notifications class="object" null="true"/><profile_background_color type="string">9AE4E8</profile_background_color><profile_background_image_url type="string">http://s.twimg.com/a/1269020849/images/themes/theme1/bg.png</profile_background_image_url><profile_background_tile type="boolean">false</profile_background_tile><profile_image_url type="string">http://a3.twimg.com/profile_images/459595395/twitterProfilePhoto_normal.jpg</profile_image_url><profile_link_color type="string">0084B4</profile_link_color><profile_sidebar_border_color type="string">BDDCAD</profile_sidebar_border_color><profile_sidebar_fill_color type="string">DDFFCC</profile_sidebar_fill_color><profile_text_color type="string">333333</profile_text_color><protected type="boolean">false</protected><screen_name type="string">ynq25335</screen_name><statuses_count type="number">3590</statuses_count><time_zone type="string">Eastern Time (US &amp; Canada)</time_zone><url class="object" null="true"/><utc_offset type="number">-18000</utc_offset><verified type="boolean">false</verified></user></o>
