<?xml version="1.0" encoding="UTF-8"?>
<o><contributors class="object" null="true"/><coordinates class="object" null="true"/><created_at type="string">Thu Mar 25 21:42:29 +0000 2010</created_at><favorited type="boolean">false</favorited><geo class="object" null="true"/><id type="number">11054769686</id><in_reply_to_screen_name class="object" null="true"/><in_reply_to_status_id class="object" null="true"/><in_reply_to_user_id class="object" null="true"/><place class="object" null="true"/><source type="string">web</source><text type="string">Many Tory supporters have been telling me that they won't be voting Tory in Bath this time.</text><truncated type="boolean">false</truncated><user class="object"><contributors_enabled type="boolean">false</contributors_enabled><created_at type="string">Sat Jul 04 17:58:01 +0000 2009</created_at><description type="string">Bath Councillor for 18 years Liberal Democrat</description><favourites_count type="number">0</favourites_count><followers_count type="number">35</followers_count><following class="object" null="true"/><friends_count type="number">16</friends_count><geo_enabled type="boolean">false</geo_enabled><id type="number">53723098</id><lang type="string">en</lang><location type="string">Bath</location><name type="string">Tim Ball</name><notifications class="object" null="true"/><profile_background_color type="string">352726</profile_background_color><profile_background_image_url type="string">http://s.twimg.com/a/1268437273/images/themes/theme5/bg.gif</profile_background_image_url><profile_background_tile type="boolean">false</profile_background_tile><profile_image_url type="string">http://a1.twimg.com/profile_images/375950212/Shophouse_Road_Sign_normal.jpg</profile_image_url><profile_link_color type="string">D02B55</profile_link_color><profile_sidebar_border_color type="string">829D5E</profile_sidebar_border_color><profile_sidebar_fill_color type="string">99CC33</profile_sidebar_fill_color><profile_text_color type="string">3E4415</profile_text_color><protected type="boolean">false</protected><screen_name type="string">timothyball</screen_name><statuses_count type="number">185</statuses_count><time_zone type="string">London</time_zone><url type="string">http://www.readmyday.co.uk/timball</url><utc_offset type="number">0</utc_offset><verified type="boolean">false</verified></user></o>
