<?xml version="1.0" encoding="UTF-8"?>
<o><contributors class="object" null="true"/><coordinates class="object" null="true"/><created_at type="string">Thu Mar 25 20:34:47 +0000 2010</created_at><favorited type="boolean">false</favorited><geo class="object" null="true"/><id type="number">11052068592</id><in_reply_to_screen_name class="object" null="true"/><in_reply_to_status_id class="object" null="true"/><in_reply_to_user_id class="object" null="true"/><place class="object" null="true"/><retweeted_status class="object"><contributors class="object" null="true"/><coordinates class="object" null="true"/><created_at type="string">Thu Mar 25 17:57:52 +0000 2010</created_at><favorited type="boolean">false</favorited><geo class="object" null="true"/><id type="number">11045878083</id><in_reply_to_screen_name class="object" null="true"/><in_reply_to_status_id class="object" null="true"/><in_reply_to_user_id class="object" null="true"/><place class="object" null="true"/><source type="string">&lt;a href="http://www.orangatame.com/products/openbeak/" rel="nofollow"&gt;OpenBeak&lt;/a&gt;</source><text type="string">is attending the Labour Party's annual East Midlands gala dinner this evening, where Foreign Secretary @DMiliband is the keynote speaker.</text><truncated type="boolean">false</truncated><user class="object"><contributors_enabled type="boolean">false</contributors_enabled><created_at type="string">Mon Nov 17 22:19:30 +0000 2008</created_at><description type="string">Trainee Solicitor | Law Society JLD Rep | Labour Co-op activist | School Governor | Legal, political &amp; news commentary | Reflective quotes | BlackBerry 20EE5F40</description><favourites_count type="number">0</favourites_count><followers_count type="number">572</followers_count><following class="object" null="true"/><friends_count type="number">302</friends_count><geo_enabled type="boolean">false</geo_enabled><id type="number">17452196</id><lang type="string">en</lang><location type="string">Leicester | Nottingham</location><name type="string">Sundip Meghani</name><notifications class="object" null="true"/><profile_background_color type="string">000000</profile_background_color><profile_background_image_url type="string">http://a1.twimg.com/profile_background_images/79313720/citypic2.JPG</profile_background_image_url><profile_background_tile type="boolean">false</profile_background_tile><profile_image_url type="string">http://a1.twimg.com/profile_images/744504582/Reunion_3_normal.jpg</profile_image_url><profile_link_color type="string">a86d0d</profile_link_color><profile_sidebar_border_color type="string">000000</profile_sidebar_border_color><profile_sidebar_fill_color type="string">ffffff</profile_sidebar_fill_color><profile_text_color type="string">333333</profile_text_color><protected type="boolean">false</protected><screen_name type="string">Sundip</screen_name><statuses_count type="number">1151</statuses_count><time_zone type="string">London</time_zone><url type="string">http://www.sundipmeghani.com</url><utc_offset type="number">0</utc_offset><verified type="boolean">false</verified></user></retweeted_status><source type="string">web</source><text type="string">RT @Sundip: is attending the Labour Party's annual East Midlands gala dinner this evening, where Foreign Secretary @DMiliband is the key ...</text><truncated type="boolean">true</truncated><user class="object"><contributors_enabled type="boolean">false</contributors_enabled><created_at type="string">Mon Jul 02 00:24:14 +0000 2007</created_at><description type="string">Technical Director of a Software business, Chartered Engineer and Member of the IET, former Rugby Player, Punjabi speaking Imperfect Sikh</description><favourites_count type="number">82</favourites_count><followers_count type="number">920</followers_count><following class="object" null="true"/><friends_count type="number">848</friends_count><geo_enabled type="boolean">false</geo_enabled><id type="number">7193962</id><lang type="string">en</lang><location type="string">Leicester</location><name type="string">Vijay Singh Riyait</name><notifications class="object" null="true"/><profile_background_color type="string">96FAFA</profile_background_color><profile_background_image_url type="string">http://a3.twimg.com/profile_background_images/50496909/gurdwara_singh_sabha.jpg</profile_background_image_url><profile_background_tile type="boolean">false</profile_background_tile><profile_image_url type="string">http://a3.twimg.com/profile_images/719640179/twitterProfilePhoto_normal.jpg</profile_image_url><profile_link_color type="string">0000ff</profile_link_color><profile_sidebar_border_color type="string">87bc44</profile_sidebar_border_color><profile_sidebar_fill_color type="string">e0ff92</profile_sidebar_fill_color><profile_text_color type="string">000000</profile_text_color><protected type="boolean">false</protected><screen_name type="string">vriyait</screen_name><statuses_count type="number">6792</statuses_count><time_zone type="string">London</time_zone><url type="string">http://www.sikhgeek.com</url><utc_offset type="number">0</utc_offset><verified type="boolean">false</verified></user></o>
