<?xml version="1.0" encoding="UTF-8"?>
<o><contributors class="object" null="true"/><coordinates class="object" null="true"/><created_at type="string">Thu Mar 25 21:28:09 +0000 2010</created_at><favorited type="boolean">false</favorited><geo class="object" null="true"/><id type="number">11054188002</id><in_reply_to_screen_name type="string">davidangell</in_reply_to_screen_name><in_reply_to_status_id type="number">11054025533</in_reply_to_status_id><in_reply_to_user_id type="number">20004721</in_reply_to_user_id><place class="object" null="true"/><source type="string">&lt;a href="http://www.tweetdeck.com/" rel="nofollow"&gt;TweetDeck&lt;/a&gt;</source><text type="string">@davidangell Hello, David. As a web-knowledgableish libdem, do you know if I can watch debates online? I'm in Norway, see..</text><truncated type="boolean">false</truncated><user class="object"><contributors_enabled type="boolean">false</contributors_enabled><created_at type="string">Thu Sep 10 18:11:44 +0000 2009</created_at><description type="string">Liberalist, europeer. Glad i politikk, musikk og alt annet som er bra. Aktiv i Unge Venstre, men meningene mine er ikke alltid representative.</description><favourites_count type="number">2</favourites_count><followers_count type="number">207</followers_count><following class="object" null="true"/><friends_count type="number">330</friends_count><geo_enabled type="boolean">false</geo_enabled><id type="number">73180596</id><lang type="string">en</lang><location type="string">Bergen, Norway</location><name type="string">Mathias Queseth</name><notifications class="object" null="true"/><profile_background_color type="string">C0DEED</profile_background_color><profile_background_image_url type="string">http://a1.twimg.com/profile_background_images/41468746/1242806404062.jpg</profile_background_image_url><profile_background_tile type="boolean">false</profile_background_tile><profile_image_url type="string">http://a3.twimg.com/profile_images/768731659/twitterProfilePhoto_normal.jpg</profile_image_url><profile_link_color type="string">0084B4</profile_link_color><profile_sidebar_border_color type="string">C0DEED</profile_sidebar_border_color><profile_sidebar_fill_color type="string">DDEEF6</profile_sidebar_fill_color><profile_text_color type="string">333333</profile_text_color><protected type="boolean">false</protected><screen_name type="string">MQueseth</screen_name><statuses_count type="number">1056</statuses_count><time_zone type="string">Skopje</time_zone><url class="object" null="true"/><utc_offset type="number">3600</utc_offset><verified type="boolean">false</verified></user></o>
