<?xml version="1.0" encoding="UTF-8"?>
<o><contributors class="object" null="true"/><coordinates class="object" null="true"/><created_at type="string">Thu Mar 25 21:38:26 +0000 2010</created_at><favorited type="boolean">false</favorited><geo class="object" null="true"/><id type="number">11054606173</id><in_reply_to_screen_name class="object" null="true"/><in_reply_to_status_id class="object" null="true"/><in_reply_to_user_id class="object" null="true"/><place class="object" null="true"/><retweeted_status class="object"><contributors class="object" null="true"/><coordinates class="object" null="true"/><created_at type="string">Thu Mar 25 19:08:17 +0000 2010</created_at><favorited type="boolean">false</favorited><geo class="object" null="true"/><id type="number">11048696764</id><in_reply_to_screen_name class="object" null="true"/><in_reply_to_status_id class="object" null="true"/><in_reply_to_user_id class="object" null="true"/><place class="object" null="true"/><source type="string">web</source><text type="string">Darling admits Labour plan deeper and harsher cuts that Margaret Thatcher http://bit.ly/dcKi6U</text><truncated type="boolean">false</truncated><user class="object"><contributors_enabled type="boolean">false</contributors_enabled><created_at type="string">Sun Sep 27 20:19:48 +0000 2009</created_at><description type="string">The official twitter of the Scottish National Party. </description><favourites_count type="number">2</favourites_count><followers_count type="number">627</followers_count><following class="object" null="true"/><friends_count type="number">108</friends_count><geo_enabled type="boolean">false</geo_enabled><id type="number">77821953</id><lang type="string">en</lang><location type="string">ÜT: 51.498856,-0.110361</location><name type="string">SNPofficial</name><notifications class="object" null="true"/><profile_background_color type="string">fffd99</profile_background_color><profile_background_image_url type="string">http://a3.twimg.com/profile_background_images/41052295/SNPTARTANTWITTER.JPG</profile_background_image_url><profile_background_tile type="boolean">true</profile_background_tile><profile_image_url type="string">http://a1.twimg.com/profile_images/453747738/snp_logo_normal.jpg</profile_image_url><profile_link_color type="string">25739e</profile_link_color><profile_sidebar_border_color type="string">030303</profile_sidebar_border_color><profile_sidebar_fill_color type="string">fffd99</profile_sidebar_fill_color><profile_text_color type="string">333333</profile_text_color><protected type="boolean">false</protected><screen_name type="string">SNPofficial</screen_name><statuses_count type="number">312</statuses_count><time_zone type="string">Edinburgh</time_zone><url type="string">http://www.snp.org</url><utc_offset type="number">0</utc_offset><verified type="boolean">false</verified></user></retweeted_status><source type="string">web</source><text type="string">RT @SNPofficial: Darling admits Labour plan deeper and harsher cuts that Margaret Thatcher http://bit.ly/dcKi6U</text><truncated type="boolean">false</truncated><user class="object"><contributors_enabled type="boolean">false</contributors_enabled><created_at type="string">Sun Oct 11 15:24:41 +0000 2009</created_at><description type="string">Smelling sharp and sweet and breaking the heart</description><favourites_count type="number">0</favourites_count><followers_count type="number">56</followers_count><following class="object" null="true"/><friends_count type="number">87</friends_count><geo_enabled type="boolean">false</geo_enabled><id type="number">81616986</id><lang type="string">en</lang><location type="string">Scotland/Alba</location><name type="string">whiterose1314</name><notifications class="object" null="true"/><profile_background_color type="string">642D8B</profile_background_color><profile_background_image_url type="string">http://s.twimg.com/a/1268266151/images/themes/theme10/bg.gif</profile_background_image_url><profile_background_tile type="boolean">false</profile_background_tile><profile_image_url type="string">http://a3.twimg.com/profile_images/464825685/73132666_c64241bf66_s_normal.jpg</profile_image_url><profile_link_color type="string">0000ff</profile_link_color><profile_sidebar_border_color type="string">65B0DA</profile_sidebar_border_color><profile_sidebar_fill_color type="string">7AC3EE</profile_sidebar_fill_color><profile_text_color type="string">5b1fff</profile_text_color><protected type="boolean">false</protected><screen_name type="string">whiterose1314</screen_name><statuses_count type="number">452</statuses_count><time_zone type="string">Perth</time_zone><url class="object" null="true"/><utc_offset type="number">28800</utc_offset><verified type="boolean">false</verified></user></o>
