<?xml version="1.0" encoding="UTF-8"?>
<o><contributors class="object" null="true"/><coordinates class="object" null="true"/><created_at type="string">Thu Mar 25 21:41:24 +0000 2010</created_at><favorited type="boolean">false</favorited><geo class="object" null="true"/><id type="number">11054725539</id><in_reply_to_screen_name class="object" null="true"/><in_reply_to_status_id class="object" null="true"/><in_reply_to_user_id class="object" null="true"/><place class="object" null="true"/><source type="string">&lt;a href="http://www.tweetdeck.com" rel="nofollow"&gt;TweetDeck&lt;/a&gt;</source><text type="string">This is good for those women who have backache with labour.... it can help assist rotating baby to better position http://bit.ly/bl4b9b</text><truncated type="boolean">false</truncated><user class="object"><contributors_enabled type="boolean">false</contributors_enabled><created_at type="string">Thu Feb 05 08:49:16 +0000 2009</created_at><description type="string">Third year student midwife.... Or is that madwife???? Lol</description><favourites_count type="number">0</favourites_count><followers_count type="number">45</followers_count><following class="object" null="true"/><friends_count type="number">70</friends_count><geo_enabled type="boolean">false</geo_enabled><id type="number">20129341</id><lang type="string">en</lang><location type="string">Catshill, Worcestershire GB</location><name type="string">Kookie Salt</name><notifications class="object" null="true"/><profile_background_color type="string">DBE9ED</profile_background_color><profile_background_image_url type="string">http://s.twimg.com/a/1269387398/images/themes/theme17/bg.gif</profile_background_image_url><profile_background_tile type="boolean">false</profile_background_tile><profile_image_url type="string">http://a3.twimg.com/profile_images/758233377/jF21S_normal.jpg</profile_image_url><profile_link_color type="string">CC3366</profile_link_color><profile_sidebar_border_color type="string">DBE9ED</profile_sidebar_border_color><profile_sidebar_fill_color type="string">E6F6F9</profile_sidebar_fill_color><profile_text_color type="string">333333</profile_text_color><protected type="boolean">false</protected><screen_name type="string">Kookie31</screen_name><statuses_count type="number">1071</statuses_count><time_zone type="string">London</time_zone><url class="object" null="true"/><utc_offset type="number">0</utc_offset><verified type="boolean">false</verified></user></o>
