<?xml version="1.0" encoding="UTF-8"?>
<o><contributors class="object" null="true"/><coordinates class="object" null="true"/><created_at type="string">Thu Mar 25 21:28:14 +0000 2010</created_at><favorited type="boolean">false</favorited><geo class="object" null="true"/><id type="number">11054191484</id><in_reply_to_screen_name type="string">tomjamesscott</in_reply_to_screen_name><in_reply_to_status_id type="number">11054144182</in_reply_to_status_id><in_reply_to_user_id type="number">50766625</in_reply_to_user_id><place class="object" null="true"/><source type="string">web</source><text type="string">@tomjamesscott warsi isn't my cup of tea. byrne is a bit a great figure for labour- yesterday he didn't know any figures in budget. erm and</text><truncated type="boolean">false</truncated><user class="object"><contributors_enabled type="boolean">false</contributors_enabled><created_at type="string">Sun Jan 25 16:24:50 +0000 2009</created_at><description type="string">progressive left, wannabe globe trotter, blogger (above), sociology + news journalism student, volunteer, and champagne waitress when short of pennies.</description><favourites_count type="number">7</favourites_count><followers_count type="number">642</followers_count><following class="object" null="true"/><friends_count type="number">1203</friends_count><geo_enabled type="boolean">true</geo_enabled><id type="number">19493491</id><lang type="string">en</lang><location type="string">East Sussex, UK</location><name type="string">Claire French</name><notifications class="object" null="true"/><profile_background_color type="string">ffffff</profile_background_color><profile_background_image_url type="string">http://a3.twimg.com/profile_background_images/76674343/dubai-towers.jpg</profile_background_image_url><profile_background_tile type="boolean">true</profile_background_tile><profile_image_url type="string">http://a3.twimg.com/profile_images/728155621/Scan_1_normal.jpeg</profile_image_url><profile_link_color type="string">000000</profile_link_color><profile_sidebar_border_color type="string">050000</profile_sidebar_border_color><profile_sidebar_fill_color type="string">9e73fa</profile_sidebar_fill_color><profile_text_color type="string">000000</profile_text_color><protected type="boolean">false</protected><screen_name type="string">clairee_french</screen_name><statuses_count type="number">3388</statuses_count><time_zone type="string">London</time_zone><url type="string">http://clairefrench.wordpress.com/</url><utc_offset type="number">0</utc_offset><verified type="boolean">false</verified></user></o>
