<?xml version="1.0" encoding="UTF-8"?>
<o><contributors class="object" null="true"/><coordinates class="object" null="true"/><created_at type="string">Thu Mar 25 21:40:41 +0000 2010</created_at><favorited type="boolean">false</favorited><geo class="object" null="true"/><id type="number">11054697007</id><in_reply_to_screen_name class="object" null="true"/><in_reply_to_status_id class="object" null="true"/><in_reply_to_user_id class="object" null="true"/><place class="object" null="true"/><source type="string">&lt;a href="http://www.hootsuite.com" rel="nofollow"&gt;HootSuite&lt;/a&gt;</source><text type="string">Alan Dukes on @rRTEPrimeTime discussing #Anglo with Joan Burton @joanburtontd #RTE @labour @finegael @fiannafail</text><truncated type="boolean">false</truncated><user class="object"><contributors_enabled type="boolean">false</contributors_enabled><created_at type="string">Sun Apr 19 13:41:05 +0000 2009</created_at><description type="string">Occasional blogger, media contributor and writer. If you're sellling, thanks for the follow but I don't follow sellers.</description><favourites_count type="number">0</favourites_count><followers_count type="number">36</followers_count><following class="object" null="true"/><friends_count type="number">12</friends_count><geo_enabled type="boolean">false</geo_enabled><id type="number">33200973</id><lang type="string">en</lang><location type="string">Skerries, Dublin, Ireland</location><name type="string">Jude Hamilton</name><notifications class="object" null="true"/><profile_background_color type="string">C6E2EE</profile_background_color><profile_background_image_url type="string">http://s.twimg.com/a/1268953999/images/themes/theme2/bg.gif</profile_background_image_url><profile_background_tile type="boolean">false</profile_background_tile><profile_image_url type="string">http://a3.twimg.com/profile_images/146507105/Mask.2_normal.jpg</profile_image_url><profile_link_color type="string">1F98C7</profile_link_color><profile_sidebar_border_color type="string">C6E2EE</profile_sidebar_border_color><profile_sidebar_fill_color type="string">DAECF4</profile_sidebar_fill_color><profile_text_color type="string">663B12</profile_text_color><protected type="boolean">false</protected><screen_name type="string">judehamilton</screen_name><statuses_count type="number">417</statuses_count><time_zone type="string">Dublin</time_zone><url type="string">http://eclecticjude.wordpress.com/</url><utc_offset type="number">0</utc_offset><verified type="boolean">false</verified></user></o>
