<?xml version="1.0" encoding="UTF-8"?>
<o><contributors class="object" null="true"/><coordinates class="object" null="true"/><created_at type="string">Thu Mar 25 20:17:14 +0000 2010</created_at><favorited type="boolean">false</favorited><geo class="object" null="true"/><id type="number">11051367232</id><in_reply_to_screen_name type="string">DanShapland</in_reply_to_screen_name><in_reply_to_status_id type="number">11051155499</in_reply_to_status_id><in_reply_to_user_id type="number">51006072</in_reply_to_user_id><place class="object" null="true"/><source type="string">&lt;a href="http://www.tweetdeck.com" rel="nofollow"&gt;TweetDeck&lt;/a&gt;</source><text type="string">@DanShapland Yes, the south-west is something of a lib-dem stronghold. Not sure why though. Most rural areas outside SW vote Tory</text><truncated type="boolean">false</truncated><user class="object"><contributors_enabled type="boolean">false</contributors_enabled><created_at type="string">Sat Mar 21 16:02:55 +0000 2009</created_at><description type="string">Liberal/left leaning postgraduate law student and aspiring academic</description><favourites_count type="number">1</favourites_count><followers_count type="number">247</followers_count><following class="object" null="true"/><friends_count type="number">670</friends_count><geo_enabled type="boolean">true</geo_enabled><id type="number">25689671</id><lang type="string">en</lang><location type="string">Cambridge, UK</location><name type="string">Matt</name><notifications class="object" null="true"/><profile_background_color type="string">1A1B1F</profile_background_color><profile_background_image_url type="string">http://s.twimg.com/a/1269281712/images/themes/theme9/bg.gif</profile_background_image_url><profile_background_tile type="boolean">false</profile_background_tile><profile_image_url type="string">http://a3.twimg.com/profile_images/730651291/0906-wallace4_normal.jpg</profile_image_url><profile_link_color type="string">2FC2EF</profile_link_color><profile_sidebar_border_color type="string">181A1E</profile_sidebar_border_color><profile_sidebar_fill_color type="string">252429</profile_sidebar_fill_color><profile_text_color type="string">666666</profile_text_color><protected type="boolean">false</protected><screen_name type="string">Kopmatt09</screen_name><statuses_count type="number">1365</statuses_count><time_zone type="string">London</time_zone><url class="object" null="true"/><utc_offset type="number">0</utc_offset><verified type="boolean">false</verified></user></o>
