<?xml version="1.0" encoding="UTF-8"?>
<o><contributors class="object" null="true"/><coordinates class="object" null="true"/><created_at type="string">Thu Mar 25 21:18:08 +0000 2010</created_at><favorited type="boolean">false</favorited><geo class="object" null="true"/><id type="number">11053780568</id><in_reply_to_screen_name class="object" null="true"/><in_reply_to_status_id class="object" null="true"/><in_reply_to_user_id class="object" null="true"/><place class="object" null="true"/><source type="string">&lt;a href="http://www.google.com/support/youtube/bin/answer.py?hl=en&amp;answer=164577" rel="nofollow"&gt;Google&lt;/a&gt;</source><text type="string">Porn Events  Tory Lane Live http://goo.gl/fb/ynO2</text><truncated type="boolean">false</truncated><user class="object"><contributors_enabled type="boolean">false</contributors_enabled><created_at type="string">Thu Aug 20 22:00:22 +0000 2009</created_at><description type="string">Find any adult video in any niche - dynamic RSS updates 24/7. &#x0D;
*NEW* BUZZ TUBE!&#x0D;
http://adultvideobuzz.com/buzztube/</description><favourites_count type="number">0</favourites_count><followers_count type="number">679</followers_count><following class="object" null="true"/><friends_count type="number">193</friends_count><geo_enabled type="boolean">false</geo_enabled><id type="number">67437756</id><lang type="string">en</lang><location type="string">adult video land of course</location><name type="string">Doc Caligari</name><notifications class="object" null="true"/><profile_background_color type="string">9AE4E8</profile_background_color><profile_background_image_url type="string">http://a3.twimg.com/profile_background_images/75691375/twitterbg3.jpg</profile_background_image_url><profile_background_tile type="boolean">false</profile_background_tile><profile_image_url type="string">http://a1.twimg.com/profile_images/373005558/orgasmgirl2_normal.jpg</profile_image_url><profile_link_color type="string">0084B4</profile_link_color><profile_sidebar_border_color type="string">BDDCAD</profile_sidebar_border_color><profile_sidebar_fill_color type="string">DDFFCC</profile_sidebar_fill_color><profile_text_color type="string">333333</profile_text_color><protected type="boolean">false</protected><screen_name type="string">adultvideobuzz</screen_name><statuses_count type="number">26670</statuses_count><time_zone type="string">Central Time (US &amp; Canada)</time_zone><url type="string">http://www.adultvideobuzz.com</url><utc_offset type="number">-21600</utc_offset><verified type="boolean">false</verified></user></o>
