<?xml version="1.0" encoding="UTF-8"?>
<o><contributors class="object" null="true"/><coordinates class="object" null="true"/><created_at type="string">Thu Mar 25 21:11:08 +0000 2010</created_at><favorited type="boolean">false</favorited><geo class="object" null="true"/><id type="number">11053501229</id><in_reply_to_screen_name class="object" null="true"/><in_reply_to_status_id class="object" null="true"/><in_reply_to_user_id class="object" null="true"/><place class="object" null="true"/><source type="string">web</source><text type="string">marina and the diamonds to take over labour! RT RT RT xx</text><truncated type="boolean">false</truncated><user class="object"><contributors_enabled type="boolean">false</contributors_enabled><created_at type="string">Sat Jan 16 23:23:18 +0000 2010</created_at><description type="string"/><favourites_count type="number">0</favourites_count><followers_count type="number">447</followers_count><following class="object" null="true"/><friends_count type="number">1993</friends_count><geo_enabled type="boolean">true</geo_enabled><id type="number">105621788</id><lang type="string">en</lang><location type="string">Dundee</location><name type="string">one weeks notice</name><notifications class="object" null="true"/><profile_background_color type="string">1A1B1F</profile_background_color><profile_background_image_url type="string">http://s.twimg.com/a/1269387398/images/themes/theme9/bg.gif</profile_background_image_url><profile_background_tile type="boolean">false</profile_background_tile><profile_image_url type="string">http://a1.twimg.com/profile_images/637400966/twist_flyer_normal.jpg</profile_image_url><profile_link_color type="string">2FC2EF</profile_link_color><profile_sidebar_border_color type="string">181A1E</profile_sidebar_border_color><profile_sidebar_fill_color type="string">252429</profile_sidebar_fill_color><profile_text_color type="string">666666</profile_text_color><protected type="boolean">false</protected><screen_name type="string">oneweeksnotice</screen_name><statuses_count type="number">815</statuses_count><time_zone type="string">Edinburgh</time_zone><url type="string">http://www.myspace.com/oneweekmusic</url><utc_offset type="number">0</utc_offset><verified type="boolean">false</verified></user></o>
