<?xml version="1.0" encoding="UTF-8"?>
<o><contributors class="object" null="true"/><coordinates class="object" null="true"/><created_at type="string">Thu Mar 25 20:35:49 +0000 2010</created_at><favorited type="boolean">false</favorited><geo class="object" null="true"/><id type="number">11052110633</id><in_reply_to_screen_name class="object" null="true"/><in_reply_to_status_id class="object" null="true"/><in_reply_to_user_id class="object" null="true"/><place class="object" null="true"/><source type="string">web</source><text type="string">Are the Saatchis "Change" we can believe in? Or a symbol of Tory message/messenger confusion http://bit.ly/cKzXUu</text><truncated type="boolean">false</truncated><user class="object"><contributors_enabled type="boolean">false</contributors_enabled><created_at type="string">Fri Sep 26 21:02:20 +0000 2008</created_at><description type="string">GenSec of Fabian Society (www.fabians.org.uk), politics, news and sports (Evertonian) addict. Dad of 3</description><favourites_count type="number">3</favourites_count><followers_count type="number">1863</followers_count><following class="object" null="true"/><friends_count type="number">1347</friends_count><geo_enabled type="boolean">false</geo_enabled><id type="number">16474781</id><lang type="string">en</lang><location type="string">London</location><name type="string">Sunder Katwala</name><notifications class="object" null="true"/><profile_background_color type="string">9ae4e8</profile_background_color><profile_background_image_url type="string">http://s.twimg.com/a/1269387398/images/themes/theme1/bg.png</profile_background_image_url><profile_background_tile type="boolean">false</profile_background_tile><profile_image_url type="string">http://a1.twimg.com/profile_images/343924480/twitterProfilePhoto_normal.jpg</profile_image_url><profile_link_color type="string">0000ff</profile_link_color><profile_sidebar_border_color type="string">87bc44</profile_sidebar_border_color><profile_sidebar_fill_color type="string">e0ff92</profile_sidebar_fill_color><profile_text_color type="string">000000</profile_text_color><protected type="boolean">false</protected><screen_name type="string">nextleft</screen_name><statuses_count type="number">2991</statuses_count><time_zone type="string">London</time_zone><url type="string">http://www.nextleft.org</url><utc_offset type="number">0</utc_offset><verified type="boolean">false</verified></user></o>
