<?xml version="1.0" encoding="UTF-8"?>
<o><contributors class="object" null="true"/><coordinates class="object" null="true"/><created_at type="string">Thu Mar 25 21:44:26 +0000 2010</created_at><favorited type="boolean">false</favorited><geo class="object" null="true"/><id type="number">11054848891</id><in_reply_to_screen_name class="object" null="true"/><in_reply_to_status_id class="object" null="true"/><in_reply_to_user_id class="object" null="true"/><place class="object" null="true"/><source type="string">&lt;a href="http://twitterrific.com" rel="nofollow"&gt;Twitterrific&lt;/a&gt;</source><text type="string">Where is my bonus Morrisons!?! I trusted you for 2 and a half years with my 'man' labour!!</text><truncated type="boolean">false</truncated><user class="object"><contributors_enabled type="boolean">false</contributors_enabled><created_at type="string">Sun Sep 06 19:42:46 +0000 2009</created_at><description type="string">I think the numbers are all wrong, therefore, I'm out...</description><favourites_count type="number">1</favourites_count><followers_count type="number">35</followers_count><following class="object" null="true"/><friends_count type="number">47</friends_count><geo_enabled type="boolean">false</geo_enabled><id type="number">72108583</id><lang type="string">en</lang><location type="string">Stratford on an avon!!</location><name type="string">Joe Fathers</name><notifications class="object" null="true"/><profile_background_color type="string">000000</profile_background_color><profile_background_image_url type="string">http://a3.twimg.com/profile_background_images/34917523/watchmen_smileyface.jpg</profile_background_image_url><profile_background_tile type="boolean">true</profile_background_tile><profile_image_url type="string">http://a1.twimg.com/profile_images/401760810/5215_123350971506_507031506_2825743_3645862_n_normal.jpg</profile_image_url><profile_link_color type="string">2FC2EF</profile_link_color><profile_sidebar_border_color type="string">ffff00</profile_sidebar_border_color><profile_sidebar_fill_color type="string">000000</profile_sidebar_fill_color><profile_text_color type="string">ff0000</profile_text_color><protected type="boolean">false</protected><screen_name type="string">cucumberchop</screen_name><statuses_count type="number">41</statuses_count><time_zone type="string">London</time_zone><url class="object" null="true"/><utc_offset type="number">0</utc_offset><verified type="boolean">false</verified></user></o>
