<?xml version="1.0" encoding="UTF-8"?>
<o><contributors class="object" null="true"/><coordinates class="object" null="true"/><created_at type="string">Thu Mar 25 21:00:14 +0000 2010</created_at><favorited type="boolean">false</favorited><geo class="object" null="true"/><id type="number">11053064135</id><in_reply_to_screen_name class="object" null="true"/><in_reply_to_status_id class="object" null="true"/><in_reply_to_user_id class="object" null="true"/><place class="object" null="true"/><source type="string">&lt;a href="http://ubertwitter.com" rel="nofollow"&gt;UberTwitter&lt;/a&gt;</source><text type="string">What a day! No doubt labour force is the key engine for a country's development</text><truncated type="boolean">false</truncated><user class="object"><contributors_enabled type="boolean">false</contributors_enabled><created_at type="string">Wed Sep 09 19:32:39 +0000 2009</created_at><description type="string"/><favourites_count type="number">2</favourites_count><followers_count type="number">108</followers_count><following class="object" null="true"/><friends_count type="number">168</friends_count><geo_enabled type="boolean">false</geo_enabled><id type="number">72929935</id><lang type="string">en</lang><location type="string">ÜT: 19.170389,-96.120909</location><name type="string">Daniel Chavez Z</name><notifications class="object" null="true"/><profile_background_color type="string">fa0a12</profile_background_color><profile_background_image_url type="string">http://a3.twimg.com/profile_background_images/79111199/Sho_-_copia.JPG</profile_background_image_url><profile_background_tile type="boolean">false</profile_background_tile><profile_image_url type="string">http://a1.twimg.com/profile_images/734390746/Sleepy_-_copia_normal.JPG</profile_image_url><profile_link_color type="string">fa0810</profile_link_color><profile_sidebar_border_color type="string">f7eded</profile_sidebar_border_color><profile_sidebar_fill_color type="string">f5ebeb</profile_sidebar_fill_color><profile_text_color type="string">120404</profile_text_color><protected type="boolean">false</protected><screen_name type="string">Dachazam</screen_name><statuses_count type="number">1646</statuses_count><time_zone type="string">Mexico City</time_zone><url class="object" null="true"/><utc_offset type="number">-21600</utc_offset><verified type="boolean">false</verified></user></o>
