<?xml version="1.0" encoding="UTF-8"?>
<o><contributors class="object" null="true"/><coordinates class="object" null="true"/><created_at type="string">Thu Mar 25 21:37:45 +0000 2010</created_at><favorited type="boolean">false</favorited><geo class="object" null="true"/><id type="number">11054578764</id><in_reply_to_screen_name class="object" null="true"/><in_reply_to_status_id class="object" null="true"/><in_reply_to_user_id class="object" null="true"/><place class="object" null="true"/><source type="string">&lt;a href="http://www.atebits.com/" rel="nofollow"&gt;Tweetie&lt;/a&gt;</source><text type="string">Hey, PitPass? I'm pretty sure you're a motorsports website. Can you keep the Tory campaigning off your news fee? Thanks.</text><truncated type="boolean">false</truncated><user class="object"><contributors_enabled type="boolean">false</contributors_enabled><created_at type="string">Thu May 22 23:55:10 +0000 2008</created_at><description type="string">Student, web broadcaster and semi-pro video producer. Also the Creator, Host &amp; Producer of Counter Culture Weekly, the Ironically Named Pop Culture Podcast.</description><favourites_count type="number">1</favourites_count><followers_count type="number">228</followers_count><following class="object" null="true"/><friends_count type="number">175</friends_count><geo_enabled type="boolean">true</geo_enabled><id type="number">14875121</id><lang type="string">en</lang><location type="string">Yaxley, Cambridgeshire GB</location><name type="string">Paul Douglas</name><notifications class="object" null="true"/><profile_background_color type="string">fafafa</profile_background_color><profile_background_image_url type="string">http://s.twimg.com/a/1269387398/images/themes/theme1/bg.png</profile_background_image_url><profile_background_tile type="boolean">false</profile_background_tile><profile_image_url type="string">http://a3.twimg.com/profile_images/640493403/twitterProfilePhoto_normal.jpg</profile_image_url><profile_link_color type="string">8000ff</profile_link_color><profile_sidebar_border_color type="string">fafafa</profile_sidebar_border_color><profile_sidebar_fill_color type="string">fafafa</profile_sidebar_fill_color><profile_text_color type="string">b5b5b5</profile_text_color><protected type="boolean">false</protected><screen_name type="string">Jensonb</screen_name><statuses_count type="number">4973</statuses_count><time_zone type="string">London</time_zone><url type="string">http://www.jensonb.co.uk</url><utc_offset type="number">0</utc_offset><verified type="boolean">false</verified></user></o>
