<?xml version="1.0" encoding="UTF-8"?>
<o><contributors class="object" null="true"/><coordinates class="object" null="true"/><created_at type="string">Thu Mar 25 20:31:11 +0000 2010</created_at><favorited type="boolean">false</favorited><geo class="object" null="true"/><id type="number">11051923155</id><in_reply_to_screen_name class="object" null="true"/><in_reply_to_status_id class="object" null="true"/><in_reply_to_user_id class="object" null="true"/><place class="object" null="true"/><source type="string">&lt;a href="http://www.tweetdeck.com" rel="nofollow"&gt;TweetDeck&lt;/a&gt;</source><text type="string">#UK #Chancellor #Darling #budget yesterday was a fudge,and today the real big #cuts are declared by #Labour. #GE10 #election #Labourfail</text><truncated type="boolean">false</truncated><user class="object"><contributors_enabled type="boolean">false</contributors_enabled><created_at type="string">Sat Aug 22 12:37:11 +0000 2009</created_at><description type="string">Please no Spam,sell links or gimmicks.Like interesting,amusing,intelligent tweets,with aliitle dry humour.</description><favourites_count type="number">6</favourites_count><followers_count type="number">477</followers_count><following class="object" null="true"/><friends_count type="number">192</friends_count><geo_enabled type="boolean">false</geo_enabled><id type="number">67879486</id><lang type="string">en</lang><location type="string">Scotland,UK</location><name type="string">jolyonwagg1</name><notifications class="object" null="true"/><profile_background_color type="string">000000</profile_background_color><profile_background_image_url type="string">http://a1.twimg.com/profile_background_images/63665888/nvfiberopticwater.br.jpg</profile_background_image_url><profile_background_tile type="boolean">false</profile_background_tile><profile_image_url type="string">http://a1.twimg.com/profile_images/380944946/Thompson_Thomson_normal.png</profile_image_url><profile_link_color type="string">f89112</profile_link_color><profile_sidebar_border_color type="string">f89112</profile_sidebar_border_color><profile_sidebar_fill_color type="string">4B48BD</profile_sidebar_fill_color><profile_text_color type="string">000000</profile_text_color><protected type="boolean">false</protected><screen_name type="string">jolyonwagg1</screen_name><statuses_count type="number">4032</statuses_count><time_zone type="string">London</time_zone><url class="object" null="true"/><utc_offset type="number">0</utc_offset><verified type="boolean">false</verified></user></o>
