<?xml version="1.0" encoding="UTF-8"?>
<o><contributors class="object" null="true"/><coordinates class="object" null="true"/><created_at type="string">Thu Mar 25 20:34:42 +0000 2010</created_at><favorited type="boolean">false</favorited><geo class="object" null="true"/><id type="number">11052065566</id><in_reply_to_screen_name class="object" null="true"/><in_reply_to_status_id class="object" null="true"/><in_reply_to_user_id class="object" null="true"/><place class="object" null="true"/><source type="string">web</source><text type="string">New post: Oswald Mosley, Labour, the New Party, and British Fascism http://is.gd/aZaIj</text><truncated type="boolean">false</truncated><user class="object"><contributors_enabled type="boolean">false</contributors_enabled><created_at type="string">Tue Mar 10 07:38:06 +0000 2009</created_at><description type="string">Recent recruit to Labour, but still blogging the same old lefty nonsense.</description><favourites_count type="number">16</favourites_count><followers_count type="number">1302</followers_count><following class="object" null="true"/><friends_count type="number">286</friends_count><geo_enabled type="boolean">false</geo_enabled><id type="number">23568222</id><lang type="string">en</lang><location type="string">Stoke-on-Trent</location><name type="string">Phil BC</name><notifications class="object" null="true"/><profile_background_color type="string">000000</profile_background_color><profile_background_image_url type="string">http://a3.twimg.com/profile_background_images/49892561/stryper_thwtd_shot_fs.jpg</profile_background_image_url><profile_background_tile type="boolean">true</profile_background_tile><profile_image_url type="string">http://a1.twimg.com/profile_images/713978324/images_normal.jpeg</profile_image_url><profile_link_color type="string">3e647a</profile_link_color><profile_sidebar_border_color type="string">3e647a</profile_sidebar_border_color><profile_sidebar_fill_color type="string">A9B2B7</profile_sidebar_fill_color><profile_text_color type="string">111111</profile_text_color><protected type="boolean">false</protected><screen_name type="string">averyps</screen_name><statuses_count type="number">7879</statuses_count><time_zone type="string">London</time_zone><url type="string">http://averypublicsociologist.blogspot.com</url><utc_offset type="number">0</utc_offset><verified type="boolean">false</verified></user></o>
