<?xml version="1.0" encoding="UTF-8"?>
<o><contributors class="object" null="true"/><coordinates class="object" null="true"/><created_at type="string">Thu Mar 25 20:29:26 +0000 2010</created_at><favorited type="boolean">false</favorited><geo class="object" null="true"/><id type="number">11051849746</id><in_reply_to_screen_name class="object" null="true"/><in_reply_to_status_id class="object" null="true"/><in_reply_to_user_id class="object" null="true"/><place class="object" null="true"/><source type="string">&lt;a href="http://www.hootsuite.com" rel="nofollow"&gt;HootSuite&lt;/a&gt;</source><text type="string">Labour cuts 'tougher than 1980s' - If Labour is re-elected spending cuts will be "tougher and deeper" than those un... http://ow.ly/16TdEU</text><truncated type="boolean">false</truncated><user class="object"><contributors_enabled type="boolean">false</contributors_enabled><created_at type="string">Thu May 14 12:21:52 +0000 2009</created_at><description type="string"/><favourites_count type="number">0</favourites_count><followers_count type="number">718</followers_count><following class="object" null="true"/><friends_count type="number">22</friends_count><geo_enabled type="boolean">false</geo_enabled><id type="number">39981666</id><lang type="string">en</lang><location type="string"/><name type="string">Barrie Ainsworth</name><notifications class="object" null="true"/><profile_background_color type="string">EBEBEB</profile_background_color><profile_background_image_url type="string">http://s.twimg.com/a/1269020849/images/themes/theme7/bg.gif</profile_background_image_url><profile_background_tile type="boolean">false</profile_background_tile><profile_image_url type="string">http://s.twimg.com/a/1269020849/images/default_profile_4_normal.png</profile_image_url><profile_link_color type="string">990000</profile_link_color><profile_sidebar_border_color type="string">DFDFDF</profile_sidebar_border_color><profile_sidebar_fill_color type="string">F3F3F3</profile_sidebar_fill_color><profile_text_color type="string">333333</profile_text_color><protected type="boolean">false</protected><screen_name type="string">BarrieAinsworth</screen_name><statuses_count type="number">31953</statuses_count><time_zone type="string">London</time_zone><url class="object" null="true"/><utc_offset type="number">0</utc_offset><verified type="boolean">false</verified></user></o>
