<?xml version="1.0" encoding="UTF-8"?>
<o><contributors class="object" null="true"/><coordinates class="object" null="true"/><created_at type="string">Thu Mar 25 20:59:18 +0000 2010</created_at><favorited type="boolean">false</favorited><geo class="object" null="true"/><id type="number">11053024145</id><in_reply_to_screen_name class="object" null="true"/><in_reply_to_status_id class="object" null="true"/><in_reply_to_user_id class="object" null="true"/><place class="object" null="true"/><source type="string">&lt;a href="http://www.facebook.com/twitter" rel="nofollow"&gt;Facebook&lt;/a&gt;</source><text type="string">http://bit.ly/brToIG UUP MP resigns the whip &amp; says she'll support Labour in the next parliament in fall out UUP... http://bit.ly/9q6DcI</text><truncated type="boolean">false</truncated><user class="object"><contributors_enabled type="boolean">false</contributors_enabled><created_at type="string">Sun Dec 13 22:27:10 +0000 2009</created_at><description type="string">Liverpool Young Labour</description><favourites_count type="number">0</favourites_count><followers_count type="number">246</followers_count><following class="object" null="true"/><friends_count type="number">204</friends_count><geo_enabled type="boolean">true</geo_enabled><id type="number">96638941</id><lang type="string">en</lang><location type="string">http://bit.ly/officelabour</location><name type="string">Liverpool Labour </name><notifications class="object" null="true"/><profile_background_color type="string">EBEBEB</profile_background_color><profile_background_image_url type="string">http://s.twimg.com/a/1269281712/images/themes/theme7/bg.gif</profile_background_image_url><profile_background_tile type="boolean">false</profile_background_tile><profile_image_url type="string">http://a1.twimg.com/profile_images/573282292/Labour_Party.svg_normal.png</profile_image_url><profile_link_color type="string">990000</profile_link_color><profile_sidebar_border_color type="string">DFDFDF</profile_sidebar_border_color><profile_sidebar_fill_color type="string">F3F3F3</profile_sidebar_fill_color><profile_text_color type="string">333333</profile_text_color><protected type="boolean">false</protected><screen_name type="string">LiverpoolLabour</screen_name><statuses_count type="number">289</statuses_count><time_zone type="string">London</time_zone><url type="string">http://tiny.cc/liverpoollabour</url><utc_offset type="number">0</utc_offset><verified type="boolean">false</verified></user></o>
