<?xml version="1.0" encoding="UTF-8"?>
<o><contributors class="object" null="true"/><coordinates class="object" null="true"/><created_at type="string">Thu Mar 25 20:43:40 +0000 2010</created_at><favorited type="boolean">false</favorited><geo class="object" null="true"/><id type="number">11052415552</id><in_reply_to_screen_name class="object" null="true"/><in_reply_to_status_id class="object" null="true"/><in_reply_to_user_id class="object" null="true"/><place class="object" null="true"/><source type="string">web</source><text type="string">Feeling Trapped in Your #Job? Check out this AM's @ToryJohnson Segment. A Must Read &amp; Tory is THE BEST! http://bit.ly/9eHjCs</text><truncated type="boolean">false</truncated><user class="object"><contributors_enabled type="boolean">false</contributors_enabled><created_at type="string">Tue Mar 03 17:40:29 +0000 2009</created_at><description type="string">The Official Good Morning America Twitter Page</description><favourites_count type="number">0</favourites_count><followers_count type="number">1713700</followers_count><following class="object" null="true"/><friends_count type="number">947</friends_count><geo_enabled type="boolean">false</geo_enabled><id type="number">22650211</id><lang type="string">en</lang><location type="string">Times Square, USA</location><name type="string">Good Morning America</name><notifications class="object" null="true"/><profile_background_color type="string">e8e8e8</profile_background_color><profile_background_image_url type="string">http://a1.twimg.com/profile_background_images/73791852/gma_twitterpage_100208.jpg</profile_background_image_url><profile_background_tile type="boolean">false</profile_background_tile><profile_image_url type="string">http://a3.twimg.com/profile_images/685324933/gma_logo_400x400_normal.jpg</profile_image_url><profile_link_color type="string">003366</profile_link_color><profile_sidebar_border_color type="string">cccccc</profile_sidebar_border_color><profile_sidebar_fill_color type="string">f8f6f6</profile_sidebar_fill_color><profile_text_color type="string">333333</profile_text_color><protected type="boolean">false</protected><screen_name type="string">GMA</screen_name><statuses_count type="number">4664</statuses_count><time_zone type="string">Eastern Time (US &amp; Canada)</time_zone><url type="string">http://abcnews.com/gma</url><utc_offset type="number">-18000</utc_offset><verified type="boolean">false</verified></user></o>
