<?xml version="1.0" encoding="UTF-8"?>
<o><contributors class="object" null="true"/><coordinates class="object" null="true"/><created_at type="string">Thu Mar 25 20:36:09 +0000 2010</created_at><favorited type="boolean">false</favorited><geo class="object" null="true"/><id type="number">11052124020</id><in_reply_to_screen_name class="object" null="true"/><in_reply_to_status_id class="object" null="true"/><in_reply_to_user_id class="object" null="true"/><place class="object" null="true"/><source type="string">&lt;a href="http://www.tweetdeck.com" rel="nofollow"&gt;TweetDeck&lt;/a&gt;</source><text type="string">Child labour, or not? I now have an ethical issue eating chocolate. DISASTER!</text><truncated type="boolean">false</truncated><user class="object"><contributors_enabled type="boolean">false</contributors_enabled><created_at type="string">Mon Nov 30 23:37:25 +0000 2009</created_at><description type="string">The less you expect, the more you are happy.</description><favourites_count type="number">31</favourites_count><followers_count type="number">11</followers_count><following class="object" null="true"/><friends_count type="number">27</friends_count><geo_enabled type="boolean">true</geo_enabled><id type="number">93738205</id><lang type="string">en</lang><location type="string">London</location><name type="string">Tristan Oakes</name><notifications class="object" null="true"/><profile_background_color type="string">fc7100</profile_background_color><profile_background_image_url type="string">http://a1.twimg.com/profile_background_images/57135454/om-mani-padme-hung.gif</profile_background_image_url><profile_background_tile type="boolean">true</profile_background_tile><profile_image_url type="string">http://a3.twimg.com/profile_images/552052757/n1139955956_47350_9256_normal.jpg</profile_image_url><profile_link_color type="string">0084B4</profile_link_color><profile_sidebar_border_color type="string">C0DEED</profile_sidebar_border_color><profile_sidebar_fill_color type="string">DDEEF6</profile_sidebar_fill_color><profile_text_color type="string">333333</profile_text_color><protected type="boolean">false</protected><screen_name type="string">tristanoakes</screen_name><statuses_count type="number">71</statuses_count><time_zone type="string">London</time_zone><url class="object" null="true"/><utc_offset type="number">0</utc_offset><verified type="boolean">false</verified></user></o>
