<?xml version="1.0" encoding="UTF-8"?>
<o><contributors class="object" null="true"/><coordinates class="object" null="true"/><created_at type="string">Thu Mar 25 20:52:28 +0000 2010</created_at><favorited type="boolean">false</favorited><geo class="object" null="true"/><id type="number">11052757989</id><in_reply_to_screen_name class="object" null="true"/><in_reply_to_status_id class="object" null="true"/><in_reply_to_user_id class="object" null="true"/><place class="object" null="true"/><source type="string">web</source><text type="string">Tory spin doctor (PPC) for Watford blames the Lib Dems for mistakes made by Tory run Hertfordshire County Council http://is.gd/aZbvF</text><truncated type="boolean">false</truncated><user class="object"><contributors_enabled type="boolean">false</contributors_enabled><created_at type="string">Wed Jan 20 19:41:57 +0000 2010</created_at><description type="string">Campaign Organiser for Christopher Townsend [@TownsendChris], Liberal Democrat Parliamentary Candidate for South West Hertfordshire</description><favourites_count type="number">0</favourites_count><followers_count type="number">42</followers_count><following class="object" null="true"/><friends_count type="number">53</friends_count><geo_enabled type="boolean">false</geo_enabled><id type="number">106813968</id><lang type="string">en</lang><location type="string">South West Hertfordshire | UK</location><name type="string">Tom Frostick</name><notifications class="object" null="true"/><profile_background_color type="string">022330</profile_background_color><profile_background_image_url type="string">http://s.twimg.com/a/1268437273/images/themes/theme15/bg.png</profile_background_image_url><profile_background_tile type="boolean">false</profile_background_tile><profile_image_url type="string">http://a1.twimg.com/profile_images/757165006/twitterProfilePhoto_normal.jpg</profile_image_url><profile_link_color type="string">0084B4</profile_link_color><profile_sidebar_border_color type="string">a8c7f7</profile_sidebar_border_color><profile_sidebar_fill_color type="string">C0DFEC</profile_sidebar_fill_color><profile_text_color type="string">333333</profile_text_color><protected type="boolean">false</protected><screen_name type="string">TomFrostick</screen_name><statuses_count type="number">60</statuses_count><time_zone type="string">London</time_zone><url type="string">http://swhertslibdems.org.uk/</url><utc_offset type="number">0</utc_offset><verified type="boolean">false</verified></user></o>
