<?xml version="1.0" encoding="UTF-8"?>
<o><contributors class="object" null="true"/><coordinates class="object" null="true"/><created_at type="string">Thu Mar 25 21:44:48 +0000 2010</created_at><favorited type="boolean">false</favorited><geo class="object" null="true"/><id type="number">11054863499</id><in_reply_to_screen_name class="object" null="true"/><in_reply_to_status_id class="object" null="true"/><in_reply_to_user_id class="object" null="true"/><place class="object" null="true"/><source type="string">&lt;a href="http://newzfor.me" rel="nofollow"&gt;NewzFor.me&lt;/a&gt;</source><text type="string">Budget 2010: 10m families have lost out in Labour's tax changes - http://bit.ly/9iG2v5</text><truncated type="boolean">false</truncated><user class="object"><contributors_enabled type="boolean">false</contributors_enabled><created_at type="string">Mon Dec 14 06:07:25 +0000 2009</created_at><description type="string">PromosXchange will take the best care of your brand. Just let us know the objective of your promotional corporate</description><favourites_count type="number">0</favourites_count><followers_count type="number">101</followers_count><following class="object" null="true"/><friends_count type="number">83</friends_count><geo_enabled type="boolean">false</geo_enabled><id type="number">96706545</id><lang type="string">en</lang><location type="string">BRISBANE, QLD-4000,Australia</location><name type="string">Promos</name><notifications class="object" null="true"/><profile_background_color type="string">C0DEED</profile_background_color><profile_background_image_url type="string">http://a1.twimg.com/profile_background_images/59659766/logo23.jpg</profile_background_image_url><profile_background_tile type="boolean">false</profile_background_tile><profile_image_url type="string">http://a3.twimg.com/profile_images/573868567/logo23_normal.jpg</profile_image_url><profile_link_color type="string">0084B4</profile_link_color><profile_sidebar_border_color type="string">C0DEED</profile_sidebar_border_color><profile_sidebar_fill_color type="string">DDEEF6</profile_sidebar_fill_color><profile_text_color type="string">333333</profile_text_color><protected type="boolean">false</protected><screen_name type="string">promosxch</screen_name><statuses_count type="number">3189</statuses_count><time_zone type="string">Hawaii</time_zone><url type="string">http://www.promosxchange.com.au</url><utc_offset type="number">-36000</utc_offset><verified type="boolean">false</verified></user></o>
