<?xml version="1.0" encoding="UTF-8"?>
<o><contributors class="object" null="true"/><coordinates class="object" null="true"/><created_at type="string">Thu Mar 25 20:38:18 +0000 2010</created_at><favorited type="boolean">false</favorited><geo class="object" null="true"/><id type="number">11052207890</id><in_reply_to_screen_name class="object" null="true"/><in_reply_to_status_id class="object" null="true"/><in_reply_to_user_id class="object" null="true"/><place class="object" null="true"/><source type="string">&lt;a href="http://ubertwitter.com" rel="nofollow"&gt;UberTwitter&lt;/a&gt;</source><text type="string">RT @TelegraphNews: Truancy hits record high under Labour http://bit.ly/bZS6tm http://myloc.me/5ergo</text><truncated type="boolean">false</truncated><user class="object"><contributors_enabled type="boolean">false</contributors_enabled><created_at type="string">Thu Feb 12 20:29:00 +0000 2009</created_at><description type="string">Specialist Community Public Health Nurse, Member of Junior Chambers International, student, mother, aspiring domestic goddess, feminist.</description><favourites_count type="number">0</favourites_count><followers_count type="number">53</followers_count><following class="object" null="true"/><friends_count type="number">75</friends_count><geo_enabled type="boolean">false</geo_enabled><id type="number">20714127</id><lang type="string">en</lang><location type="string">ÜT: 51.5822,-0.186086</location><name type="string">Natalie Parker</name><notifications class="object" null="true"/><profile_background_color type="string">FFF04D</profile_background_color><profile_background_image_url type="string">http://s.twimg.com/a/1269387398/images/themes/theme19/bg.gif</profile_background_image_url><profile_background_tile type="boolean">false</profile_background_tile><profile_image_url type="string">http://a3.twimg.com/profile_images/82964029/s595047039_604488_8757_normal.jpg</profile_image_url><profile_link_color type="string">0099CC</profile_link_color><profile_sidebar_border_color type="string">fff8ad</profile_sidebar_border_color><profile_sidebar_fill_color type="string">f6ffd1</profile_sidebar_fill_color><profile_text_color type="string">333333</profile_text_color><protected type="boolean">false</protected><screen_name type="string">Nat7P</screen_name><statuses_count type="number">642</statuses_count><time_zone type="string">London</time_zone><url class="object" null="true"/><utc_offset type="number">0</utc_offset><verified type="boolean">false</verified></user></o>
