<?xml version="1.0" encoding="UTF-8"?>
<o><contributors class="object" null="true"/><coordinates class="object" null="true"/><created_at type="string">Thu Mar 25 20:49:49 +0000 2010</created_at><favorited type="boolean">false</favorited><geo class="object" null="true"/><id type="number">11052653618</id><in_reply_to_screen_name class="object" null="true"/><in_reply_to_status_id class="object" null="true"/><in_reply_to_user_id class="object" null="true"/><place class="object" null="true"/><source type="string">&lt;a href="http://twitterride.net/" rel="nofollow"&gt;TwitterRide&lt;/a&gt;</source><text type="string">Some times I think were too rough, but having read Wed daily Mirror I see were pussy cats. #Labour have some nasty friends.</text><truncated type="boolean">false</truncated><user class="object"><contributors_enabled type="boolean">false</contributors_enabled><created_at type="string">Thu May 08 08:40:35 +0000 2008</created_at><description type="string">An Englishman's shed is his cave.</description><favourites_count type="number">6</favourites_count><followers_count type="number">378</followers_count><following class="object" null="true"/><friends_count type="number">191</friends_count><geo_enabled type="boolean">false</geo_enabled><id type="number">14697931</id><lang type="string">en</lang><location type="string">52.643630505,-0.624348521</location><name type="string">Man in a Shed</name><notifications class="object" null="true"/><profile_background_color type="string">2F7826</profile_background_color><profile_background_image_url type="string">http://a3.twimg.com/profile_background_images/4276239/DCP_7047.JPG</profile_background_image_url><profile_background_tile type="boolean">true</profile_background_tile><profile_image_url type="string">http://a1.twimg.com/profile_images/654607778/twitterProfilePhoto_normal.jpg</profile_image_url><profile_link_color type="string">0000ff</profile_link_color><profile_sidebar_border_color type="string">87bc44</profile_sidebar_border_color><profile_sidebar_fill_color type="string">e0ff92</profile_sidebar_fill_color><profile_text_color type="string">000000</profile_text_color><protected type="boolean">false</protected><screen_name type="string">Man_in_a_Shed</screen_name><statuses_count type="number">3316</statuses_count><time_zone type="string">London</time_zone><url type="string">http://atoryblog.blogspot.com</url><utc_offset type="number">0</utc_offset><verified type="boolean">false</verified></user></o>
