<?xml version="1.0" encoding="UTF-8"?>
<o><contributors class="object" null="true"/><coordinates class="object" null="true"/><created_at type="string">Thu Mar 25 20:40:58 +0000 2010</created_at><favorited type="boolean">false</favorited><geo class="object" null="true"/><id type="number">11052311756</id><in_reply_to_screen_name class="object" null="true"/><in_reply_to_status_id class="object" null="true"/><in_reply_to_user_id class="object" null="true"/><place class="object" null="true"/><source type="string">&lt;a href="http://www.hootsuite.com" rel="nofollow"&gt;HootSuite&lt;/a&gt;</source><text type="string">RT @b_uncut SAVE SAM: Labour Party And B-UNCUT Encourage Street Art http://bit.ly/ckYCjO</text><truncated type="boolean">false</truncated><user class="object"><contributors_enabled type="boolean">false</contributors_enabled><created_at type="string">Sat May 09 18:30:55 +0000 2009</created_at><description type="string">Postdraduate student, MSc Marketing Communications</description><favourites_count type="number">0</favourites_count><followers_count type="number">39</followers_count><following class="object" null="true"/><friends_count type="number">25</friends_count><geo_enabled type="boolean">false</geo_enabled><id type="number">38901596</id><lang type="string">en</lang><location type="string">Athens, Greece</location><name type="string">Eirini Gele</name><notifications class="object" null="true"/><profile_background_color type="string">adaab0</profile_background_color><profile_background_image_url type="string">http://a1.twimg.com/profile_background_images/80364848/nao-woman-walltat.jpg</profile_background_image_url><profile_background_tile type="boolean">true</profile_background_tile><profile_image_url type="string">http://a1.twimg.com/profile_images/459308472/sushi_normal.jpg</profile_image_url><profile_link_color type="string">434147</profile_link_color><profile_sidebar_border_color type="string">686175</profile_sidebar_border_color><profile_sidebar_fill_color type="string">c27fcf</profile_sidebar_fill_color><profile_text_color type="string">333333</profile_text_color><protected type="boolean">false</protected><screen_name type="string">EirGele</screen_name><statuses_count type="number">24</statuses_count><time_zone type="string">London</time_zone><url class="object" null="true"/><utc_offset type="number">0</utc_offset><verified type="boolean">false</verified></user></o>
