<?xml version="1.0" encoding="UTF-8"?>
<o><contributors class="object" null="true"/><coordinates class="object" null="true"/><created_at type="string">Thu Mar 25 21:01:20 +0000 2010</created_at><favorited type="boolean">false</favorited><geo class="object" null="true"/><id type="number">11053111175</id><in_reply_to_screen_name type="string">sarahshobbs</in_reply_to_screen_name><in_reply_to_status_id type="number">11052241215</in_reply_to_status_id><in_reply_to_user_id type="number">24801824</in_reply_to_user_id><place class="object" null="true"/><source type="string">&lt;a href="http://mobile.twitter.com" rel="nofollow"&gt;mobile web&lt;/a&gt;</source><text type="string">@sarahshobbs That is gross...but pretty soon you'll be somewhere where most don't know what Tory burch is...dindin please before you leave!</text><truncated type="boolean">false</truncated><user class="object"><contributors_enabled type="boolean">false</contributors_enabled><created_at type="string">Wed May 06 01:58:00 +0000 2009</created_at><description class="object" null="true"/><favourites_count type="number">0</favourites_count><followers_count type="number">16</followers_count><following class="object" null="true"/><friends_count type="number">20</friends_count><geo_enabled type="boolean">false</geo_enabled><id type="number">38084678</id><lang type="string">en</lang><location class="object" null="true"/><name type="string">Samantha Stravinski</name><notifications class="object" null="true"/><profile_background_color type="string">040103</profile_background_color><profile_background_image_url type="string">http://a3.twimg.com/profile_background_images/11756283/twitterbackground.jpg</profile_background_image_url><profile_background_tile type="boolean">true</profile_background_tile><profile_image_url type="string">http://a3.twimg.com/profile_images/199613937/monmouth_007_normal.JPG</profile_image_url><profile_link_color type="string">f41093</profile_link_color><profile_sidebar_border_color type="string">000000</profile_sidebar_border_color><profile_sidebar_fill_color type="string">070708</profile_sidebar_fill_color><profile_text_color type="string">f52492</profile_text_color><protected type="boolean">false</protected><screen_name type="string">SamStravinski</screen_name><statuses_count type="number">108</statuses_count><time_zone class="object" null="true"/><url class="object" null="true"/><utc_offset class="object" null="true"/><verified type="boolean">false</verified></user></o>
