<?xml version="1.0" encoding="UTF-8"?>
<o><contributors class="object" null="true"/><coordinates class="object" null="true"/><created_at type="string">Thu Mar 25 21:33:25 +0000 2010</created_at><favorited type="boolean">false</favorited><geo class="object" null="true"/><id type="number">11054404436</id><in_reply_to_screen_name type="string">ComicalEllie</in_reply_to_screen_name><in_reply_to_status_id class="object" null="true"/><in_reply_to_user_id type="number">126303147</in_reply_to_user_id><place class="object" null="true"/><source type="string">web</source><text type="string">@ComicalEllie  Wake up sunshine. The New #labourfascists have been nicking Tory policies since for years.They have no ideas of their own</text><truncated type="boolean">false</truncated><user class="object"><contributors_enabled type="boolean">false</contributors_enabled><created_at type="string">Sun Sep 20 16:49:03 +0000 2009</created_at><description type="string">Mum of three. Author of 'What's a Politician, Mum?' - a controversial political satire that attacks politicians and the Labour government. Theatre lover</description><favourites_count type="number">4</favourites_count><followers_count type="number">92</followers_count><following class="object" null="true"/><friends_count type="number">97</friends_count><geo_enabled type="boolean">false</geo_enabled><id type="number">75824385</id><lang type="string">en</lang><location type="string">Burnley and London</location><name type="string">haddy nuff</name><notifications class="object" null="true"/><profile_background_color type="string">FFF04D</profile_background_color><profile_background_image_url type="string">http://s.twimg.com/a/1269020849/images/themes/theme19/bg.gif</profile_background_image_url><profile_background_tile type="boolean">false</profile_background_tile><profile_image_url type="string">http://a3.twimg.com/profile_images/738591631/21147225.jpg_BIG_BEN_2_normal.jpg</profile_image_url><profile_link_color type="string">0099CC</profile_link_color><profile_sidebar_border_color type="string">fff8ad</profile_sidebar_border_color><profile_sidebar_fill_color type="string">f6ffd1</profile_sidebar_fill_color><profile_text_color type="string">333333</profile_text_color><protected type="boolean">false</protected><screen_name type="string">haddynuff</screen_name><statuses_count type="number">164</statuses_count><time_zone type="string">London</time_zone><url type="string">http://www.haddynuff.com</url><utc_offset type="number">0</utc_offset><verified type="boolean">false</verified></user></o>
