<?xml version="1.0" encoding="UTF-8"?>
<o><contributors class="object" null="true"/><coordinates class="object" null="true"/><created_at type="string">Thu Mar 25 21:35:23 +0000 2010</created_at><favorited type="boolean">false</favorited><geo class="object" null="true"/><id type="number">11054484968</id><in_reply_to_screen_name class="object" null="true"/><in_reply_to_status_id class="object" null="true"/><in_reply_to_user_id class="object" null="true"/><place class="object" null="true"/><source type="string">web</source><text type="string">My prof for my labour in comm industries loves making up words; ethnicization, transnationalization, flexicurity, precarization, okay sir...</text><truncated type="boolean">false</truncated><user class="object"><contributors_enabled type="boolean">false</contributors_enabled><created_at type="string">Sat Jul 25 14:49:41 +0000 2009</created_at><description type="string">Free Thinker</description><favourites_count type="number">0</favourites_count><followers_count type="number">54</followers_count><following class="object" null="true"/><friends_count type="number">85</friends_count><geo_enabled type="boolean">false</geo_enabled><id type="number">60072234</id><lang type="string">en</lang><location type="string"/><name type="string">Hetty Larbi</name><notifications class="object" null="true"/><profile_background_color type="string">0099B9</profile_background_color><profile_background_image_url type="string">http://s.twimg.com/a/1269281712/images/themes/theme4/bg.gif</profile_background_image_url><profile_background_tile type="boolean">false</profile_background_tile><profile_image_url type="string">http://a1.twimg.com/profile_images/627914096/Photo_141_normal.jpg</profile_image_url><profile_link_color type="string">0099B9</profile_link_color><profile_sidebar_border_color type="string">5ED4DC</profile_sidebar_border_color><profile_sidebar_fill_color type="string">95E8EC</profile_sidebar_fill_color><profile_text_color type="string">3C3940</profile_text_color><protected type="boolean">false</protected><screen_name type="string">hettylarbs</screen_name><statuses_count type="number">411</statuses_count><time_zone type="string">Quito</time_zone><url class="object" null="true"/><utc_offset type="number">-18000</utc_offset><verified type="boolean">false</verified></user></o>
