<?xml version="1.0" encoding="UTF-8"?>
<o><contributors class="object" null="true"/><coordinates class="object" null="true"/><created_at type="string">Thu Mar 25 20:10:42 +0000 2010</created_at><favorited type="boolean">false</favorited><geo class="object" null="true"/><id type="number">11051115024</id><in_reply_to_screen_name class="object" null="true"/><in_reply_to_status_id class="object" null="true"/><in_reply_to_user_id class="object" null="true"/><place class="object" null="true"/><source type="string">&lt;a href="http://www.tweetdeck.com" rel="nofollow"&gt;TweetDeck&lt;/a&gt;</source><text type="string">Wow! "if Labour is re-elected its spending cuts "will be deeper and tougher" than Thatcher's" - did Darling mention that yesterday?</text><truncated type="boolean">false</truncated><user class="object"><contributors_enabled type="boolean">false</contributors_enabled><created_at type="string">Wed Apr 11 15:01:23 +0000 2007</created_at><description type="string">Conservative Parliamentary Candidate for Brighton Pavilion</description><favourites_count type="number">0</favourites_count><followers_count type="number">380</followers_count><following class="object" null="true"/><friends_count type="number">156</friends_count><geo_enabled type="boolean">false</geo_enabled><id type="number">4192681</id><lang type="string">en</lang><location type="string">Brighton and Kingston</location><name type="string">Charlotte Vere</name><notifications class="object" null="true"/><profile_background_color type="string">B2DFDA</profile_background_color><profile_background_image_url type="string">http://s.twimg.com/a/1269281712/images/themes/theme13/bg.gif</profile_background_image_url><profile_background_tile type="boolean">false</profile_background_tile><profile_image_url type="string">http://a1.twimg.com/profile_images/328766042/n577575693_7276_normal.jpg</profile_image_url><profile_link_color type="string">93A644</profile_link_color><profile_sidebar_border_color type="string">eeeeee</profile_sidebar_border_color><profile_sidebar_fill_color type="string">ffffff</profile_sidebar_fill_color><profile_text_color type="string">333333</profile_text_color><protected type="boolean">false</protected><screen_name type="string">CharlotteV</screen_name><statuses_count type="number">1064</statuses_count><time_zone type="string">London</time_zone><url type="string">http://www.charlottevere.com</url><utc_offset type="number">0</utc_offset><verified type="boolean">false</verified></user></o>
