<?xml version="1.0" encoding="UTF-8"?>
<o><contributors class="object" null="true"/><coordinates class="object" null="true"/><created_at type="string">Thu Mar 25 20:53:54 +0000 2010</created_at><favorited type="boolean">false</favorited><geo class="object" null="true"/><id type="number">11052812997</id><in_reply_to_screen_name class="object" null="true"/><in_reply_to_status_id class="object" null="true"/><in_reply_to_user_id class="object" null="true"/><place class="object" null="true"/><source type="string">&lt;a href="http://twitterrific.com" rel="nofollow"&gt;Twitterrific&lt;/a&gt;</source><text type="string">Some shameless electioneering in the #Warrington Guardian by Labour's Jack Straw and Nick Bent at Warrington Wolves.. Do they know the ...</text><truncated type="boolean">false</truncated><user class="object"><contributors_enabled type="boolean">false</contributors_enabled><created_at type="string">Fri Mar 06 21:19:43 +0000 2009</created_at><description type="string">29 year old who works in Communications and loves his rugby league </description><favourites_count type="number">2</favourites_count><followers_count type="number">81</followers_count><following class="object" null="true"/><friends_count type="number">156</friends_count><geo_enabled type="boolean">false</geo_enabled><id type="number">23120293</id><lang type="string">en</lang><location type="string">Warrington, Cheshire</location><name type="string">Greg Spruce</name><notifications class="object" null="true"/><profile_background_color type="string">BADFCD</profile_background_color><profile_background_image_url type="string">http://s.twimg.com/a/1269281712/images/themes/theme12/bg.gif</profile_background_image_url><profile_background_tile type="boolean">false</profile_background_tile><profile_image_url type="string">http://a1.twimg.com/profile_images/90265990/0_normal.jpg</profile_image_url><profile_link_color type="string">FF0000</profile_link_color><profile_sidebar_border_color type="string">F2E195</profile_sidebar_border_color><profile_sidebar_fill_color type="string">FFF7CC</profile_sidebar_fill_color><profile_text_color type="string">0C3E53</profile_text_color><protected type="boolean">false</protected><screen_name type="string">GregSpruce</screen_name><statuses_count type="number">126</statuses_count><time_zone type="string">London</time_zone><url class="object" null="true"/><utc_offset type="number">0</utc_offset><verified type="boolean">false</verified></user></o>
