<?xml version="1.0" encoding="UTF-8"?>
<o><contributors class="object" null="true"/><coordinates class="object" null="true"/><created_at type="string">Thu Mar 25 21:23:19 +0000 2010</created_at><favorited type="boolean">false</favorited><geo class="object" null="true"/><id type="number">11053992186</id><in_reply_to_screen_name class="object" null="true"/><in_reply_to_status_id class="object" null="true"/><in_reply_to_user_id class="object" null="true"/><place class="object" null="true"/><source type="string">&lt;a href="http://echofon.com/" rel="nofollow"&gt;Echofon&lt;/a&gt;</source><text type="string">HAHAH! I hate that too! RT: @GF_Insider: Word, please stop correcting me when I type labour #iamcanadiansostopwiththeautocorrectingalready</text><truncated type="boolean">false</truncated><user class="object"><contributors_enabled type="boolean">false</contributors_enabled><created_at type="string">Sun Jan 24 04:01:51 +0000 2010</created_at><description type="string">Trials and tribulations of a SAHM raising 3 kids in a gluten free household. Sharing product reviews, recipes, rants, tricks and tips for gluten free parenting.</description><favourites_count type="number">2</favourites_count><followers_count type="number">230</followers_count><following class="object" null="true"/><friends_count type="number">286</friends_count><geo_enabled type="boolean">false</geo_enabled><id type="number">107898844</id><lang type="string">en</lang><location type="string">Ontario, Canada</location><name type="string">Devan Snider</name><notifications class="object" null="true"/><profile_background_color type="string">da5c82</profile_background_color><profile_background_image_url type="string">http://a1.twimg.com/profile_background_images/75062996/bg_body.gif</profile_background_image_url><profile_background_tile type="boolean">true</profile_background_tile><profile_image_url type="string">http://a1.twimg.com/profile_images/715700396/accustomedchaosbutton2bg_normal.jpg</profile_image_url><profile_link_color type="string">ba476b</profile_link_color><profile_sidebar_border_color type="string">632004</profile_sidebar_border_color><profile_sidebar_fill_color type="string">feeef3</profile_sidebar_fill_color><profile_text_color type="string">632035</profile_text_color><protected type="boolean">false</protected><screen_name type="string">AccustomedChaos</screen_name><statuses_count type="number">507</statuses_count><time_zone type="string">Central Time (US &amp; Canada)</time_zone><url type="string">http://accustomedchaos.blogspot.com/</url><utc_offset type="number">-21600</utc_offset><verified type="boolean">false</verified></user></o>
