<?xml version="1.0" encoding="UTF-8"?>
<o><contributors class="object" null="true"/><coordinates class="object" null="true"/><created_at type="string">Thu Mar 25 20:50:00 +0000 2010</created_at><favorited type="boolean">false</favorited><geo class="object" null="true"/><id type="number">11052660995</id><in_reply_to_screen_name class="object" null="true"/><in_reply_to_status_id class="object" null="true"/><in_reply_to_user_id class="object" null="true"/><place class="object" null="true"/><source type="string">&lt;a href="http://ubertwitter.com" rel="nofollow"&gt;UberTwitter&lt;/a&gt;</source><text type="string">RT @jazzifull How will labour fund all these gimmicks they call policies if Darling plans cuts bigger than Thatcher?« By printing more money</text><truncated type="boolean">false</truncated><user class="object"><contributors_enabled type="boolean">false</contributors_enabled><created_at type="string">Thu Nov 19 12:13:16 +0000 2009</created_at><description type="string">IF IT'S HOT I WANT TO KNOW !!!!!! 
catch me on the playstation network: Gmoney008 
also on blackberry messenger just holla for my pin !!!
WORLD AFFAIRS.</description><favourites_count type="number">0</favourites_count><followers_count type="number">104</followers_count><following class="object" null="true"/><friends_count type="number">97</friends_count><geo_enabled type="boolean">true</geo_enabled><id type="number">91092596</id><lang type="string">en</lang><location type="string">ÜT: 51.561135,-0.299483</location><name type="string">gabriel taylor</name><notifications class="object" null="true"/><profile_background_color type="string">000000</profile_background_color><profile_background_image_url type="string">http://a3.twimg.com/profile_background_images/69954297/nvmurdahcity.br.jpg</profile_background_image_url><profile_background_tile type="boolean">true</profile_background_tile><profile_image_url type="string">http://a1.twimg.com/profile_images/753899018/71414170_normal.jpg</profile_image_url><profile_link_color type="string">fd210d</profile_link_color><profile_sidebar_border_color type="string">000000</profile_sidebar_border_color><profile_sidebar_fill_color type="string">b1afaf</profile_sidebar_fill_color><profile_text_color type="string">000000</profile_text_color><protected type="boolean">false</protected><screen_name type="string">Grand_Cru1</screen_name><statuses_count type="number">1076</statuses_count><time_zone type="string">London</time_zone><url type="string">http://facebook.com/gabrielGrandCrutaylor</url><utc_offset type="number">0</utc_offset><verified type="boolean">false</verified></user></o>
