<?xml version="1.0" encoding="UTF-8"?>
<o><contributors class="object" null="true"/><coordinates class="object" null="true"/><created_at type="string">Thu Mar 25 20:42:00 +0000 2010</created_at><favorited type="boolean">false</favorited><geo class="object" null="true"/><id type="number">11052351062</id><in_reply_to_screen_name class="object" null="true"/><in_reply_to_status_id class="object" null="true"/><in_reply_to_user_id class="object" null="true"/><place class="object" null="true"/><retweeted_status class="object"><contributors class="object" null="true"/><coordinates class="object" null="true"/><created_at type="string">Thu Mar 25 19:05:39 +0000 2010</created_at><favorited type="boolean">false</favorited><geo class="object" null="true"/><id type="number">11048593095</id><in_reply_to_screen_name class="object" null="true"/><in_reply_to_status_id class="object" null="true"/><in_reply_to_user_id class="object" null="true"/><place class="object" null="true"/><source type="string">web</source><text type="string">Expect the new Tory M &amp; C Saatchi ad campaign - which breaks on Monday - to be REALLY aggressive</text><truncated type="boolean">false</truncated><user class="object"><contributors_enabled type="boolean">false</contributors_enabled><created_at type="string">Tue Sep 18 10:30:47 +0000 2007</created_at><description type="string">Publicist stuntster blogger www.markborkowski.com and media commentator Please @ me with an intro when you follow, thanks</description><favourites_count type="number">4</favourites_count><followers_count type="number">5143</followers_count><following class="object" null="true"/><friends_count type="number">625</friends_count><geo_enabled type="boolean">false</geo_enabled><id type="number">8948962</id><lang type="string">en</lang><location type="string">51.516295, -0.149517</location><name type="string">Mark Borkowski</name><notifications class="object" null="true"/><profile_background_color type="string">9ae4e8</profile_background_color><profile_background_image_url type="string">http://a3.twimg.com/profile_background_images/4472663/barnum_moran.jpg</profile_background_image_url><profile_background_tile type="boolean">true</profile_background_tile><profile_image_url type="string">http://a1.twimg.com/profile_images/530730382/Tap_dancing_dog2_normal.jpg</profile_image_url><profile_link_color type="string">0000ff</profile_link_color><profile_sidebar_border_color type="string">87bc44</profile_sidebar_border_color><profile_sidebar_fill_color type="string">e0ff92</profile_sidebar_fill_color><profile_text_color type="string">000000</profile_text_color><protected type="boolean">false</protected><screen_name type="string">MarkBorkowski</screen_name><statuses_count type="number">5076</statuses_count><time_zone type="string">London</time_zone><url type="string">http://www.markborkowski.com</url><utc_offset type="number">0</utc_offset><verified type="boolean">false</verified></user></retweeted_status><source type="string">web</source><text type="string">RT @MarkBorkowski: Expect the new Tory M &amp; C Saatchi ad campaign - which breaks on Monday - to be REALLY aggressive</text><truncated type="boolean">false</truncated><user class="object"><contributors_enabled type="boolean">false</contributors_enabled><created_at type="string">Thu Oct 22 23:21:42 +0000 2009</created_at><description type="string">PR student willing to work in the music industry... Artists out there gimme a shout!!!</description><favourites_count type="number">0</favourites_count><followers_count type="number">91</followers_count><following class="object" null="true"/><friends_count type="number">108</friends_count><geo_enabled type="boolean">false</geo_enabled><id type="number">84450881</id><lang type="string">en</lang><location type="string">London - UK</location><name type="string">Beatrice Alessio</name><notifications class="object" null="true"/><profile_background_color type="string">352726</profile_background_color><profile_background_image_url type="string">http://a1.twimg.com/profile_background_images/47265656/vans.jpg</profile_background_image_url><profile_background_tile type="boolean">true</profile_background_tile><profile_image_url type="string">http://a1.twimg.com/profile_images/741904896/Photo_on_2010-03-02_at_13.34__3_normal.jpg</profile_image_url><profile_link_color type="string">35ad23</profile_link_color><profile_sidebar_border_color type="string">ff1cd2</profile_sidebar_border_color><profile_sidebar_fill_color type="string">474444</profile_sidebar_fill_color><profile_text_color type="string">ff05e2</profile_text_color><protected type="boolean">false</protected><screen_name type="string">BeaW12</screen_name><statuses_count type="number">399</statuses_count><time_zone type="string">London</time_zone><url class="object" null="true"/><utc_offset type="number">0</utc_offset><verified type="boolean">false</verified></user></o>
