<?xml version="1.0" encoding="UTF-8"?>
<o><contributors class="object" null="true"/><coordinates class="object" null="true"/><created_at type="string">Thu Mar 25 20:54:20 +0000 2010</created_at><favorited type="boolean">false</favorited><geo class="object" null="true"/><id type="number">11052829885</id><in_reply_to_screen_name class="object" null="true"/><in_reply_to_status_id class="object" null="true"/><in_reply_to_user_id class="object" null="true"/><place class="object" null="true"/><source type="string">&lt;a href="http://twitterfeed.com" rel="nofollow"&gt;twitterfeed&lt;/a&gt;</source><text type="string">Tories hope Saatchi can get election campaign working: Margaret Thatcher guru who dreamed up famous 'Labour isn't ... http://bit.ly/assx8z</text><truncated type="boolean">false</truncated><user class="object"><contributors_enabled type="boolean">false</contributors_enabled><created_at type="string">Tue Dec 01 14:18:23 +0000 2009</created_at><description type="string">Married, interested in politics, social media,computers,gadgets &amp;  creativewriting</description><favourites_count type="number">0</favourites_count><followers_count type="number">2393</followers_count><following class="object" null="true"/><friends_count type="number">2464</friends_count><geo_enabled type="boolean">true</geo_enabled><id type="number">93867486</id><lang type="string">en</lang><location type="string">coventry UK</location><name type="string">phil</name><notifications class="object" null="true"/><profile_background_color type="string">370000</profile_background_color><profile_background_image_url type="string">http://a3.twimg.com/profile_background_images/74783097/l387.jpg</profile_background_image_url><profile_background_tile type="boolean">true</profile_background_tile><profile_image_url type="string">http://a1.twimg.com/profile_images/553172114/profile_normal.jpg</profile_image_url><profile_link_color type="string">5b89ff</profile_link_color><profile_sidebar_border_color type="string">fffaf2</profile_sidebar_border_color><profile_sidebar_fill_color type="string">120400</profile_sidebar_fill_color><profile_text_color type="string">ffa04e</profile_text_color><protected type="boolean">false</protected><screen_name type="string">philbealeuk</screen_name><statuses_count type="number">7203</statuses_count><time_zone type="string">London</time_zone><url type="string">http://philbeale.blogspot.com/</url><utc_offset type="number">0</utc_offset><verified type="boolean">false</verified></user></o>
