<?xml version="1.0" encoding="UTF-8"?>
<o><contributors class="object" null="true"/><coordinates class="object" null="true"/><created_at type="string">Thu Mar 25 20:21:13 +0000 2010</created_at><favorited type="boolean">false</favorited><geo class="object" null="true"/><id type="number">11051524793</id><in_reply_to_screen_name class="object" null="true"/><in_reply_to_status_id class="object" null="true"/><in_reply_to_user_id class="object" null="true"/><place class="object" null="true"/><source type="string">&lt;a href="http://echofon.com/" rel="nofollow"&gt;Echofon&lt;/a&gt;</source><text type="string">http://news.bbc.co.uk/1/hi/uk_politics/8587877.stm Will Labour NOW stop bleating about the bad years under Thatcher?</text><truncated type="boolean">false</truncated><user class="object"><contributors_enabled type="boolean">false</contributors_enabled><created_at type="string">Mon Dec 22 15:19:21 +0000 2008</created_at><description type="string">Geordie, libertarian Conservative blogger, ex cllr. from South Shields, Sunderland fan and photographer. </description><favourites_count type="number">2</favourites_count><followers_count type="number">435</followers_count><following class="object" null="true"/><friends_count type="number">497</friends_count><geo_enabled type="boolean">false</geo_enabled><id type="number">18308565</id><lang type="string">en</lang><location type="string">North East England</location><name type="string">Curly15</name><notifications class="object" null="true"/><profile_background_color type="string">eee5c6</profile_background_color><profile_background_image_url type="string">http://a1.twimg.com/profile_background_images/4255176/6423lge.jpg</profile_background_image_url><profile_background_tile type="boolean">false</profile_background_tile><profile_image_url type="string">http://a3.twimg.com/profile_images/68269979/blog1_normal.jpg</profile_image_url><profile_link_color type="string">c75c1f</profile_link_color><profile_sidebar_border_color type="string">a82205</profile_sidebar_border_color><profile_sidebar_fill_color type="string">dedad8</profile_sidebar_fill_color><profile_text_color type="string">663B12</profile_text_color><protected type="boolean">false</protected><screen_name type="string">Curly15</screen_name><statuses_count type="number">4441</statuses_count><time_zone type="string">London</time_zone><url type="string">http://curly15.wordpress.com</url><utc_offset type="number">0</utc_offset><verified type="boolean">false</verified></user></o>
