<?xml version="1.0" encoding="UTF-8"?>
<o><contributors class="object" null="true"/><coordinates class="object" null="true"/><created_at type="string">Thu Mar 25 21:45:16 +0000 2010</created_at><favorited type="boolean">false</favorited><geo class="object" null="true"/><id type="number">11054884072</id><in_reply_to_screen_name class="object" null="true"/><in_reply_to_status_id class="object" null="true"/><in_reply_to_user_id class="object" null="true"/><place class="object" null="true"/><retweeted_status class="object"><contributors class="object" null="true"/><coordinates class="object" null="true"/><created_at type="string">Thu Mar 25 21:35:05 +0000 2010</created_at><favorited type="boolean">false</favorited><geo class="object" null="true"/><id type="number">11054472128</id><in_reply_to_screen_name class="object" null="true"/><in_reply_to_status_id class="object" null="true"/><in_reply_to_user_id class="object" null="true"/><place class="object" null="true"/><source type="string">&lt;a href="http://apiwiki.twitter.com/" rel="nofollow"&gt;API&lt;/a&gt;</source><text type="string">RT @SimonMagus Why Labour is campaigning for a hung parliament http://bit.ly/c1yY9k</text><truncated type="boolean">false</truncated><user class="object"><contributors_enabled type="boolean">false</contributors_enabled><created_at type="string">Fri Apr 10 10:56:52 +0000 2009</created_at><description type="string">Grassroots Political Reaction</description><favourites_count type="number">1</favourites_count><followers_count type="number">342</followers_count><following class="object" null="true"/><friends_count type="number">316</friends_count><geo_enabled type="boolean">false</geo_enabled><id type="number">30197309</id><lang type="string">en</lang><location type="string">Speakers Chair, House of Twits</location><name type="string">HouseOfTwitsCon</name><notifications class="object" null="true"/><profile_background_color type="string">ffffff</profile_background_color><profile_background_image_url type="string">http://a3.twimg.com/profile_background_images/50877233/Picture_9.jpg</profile_background_image_url><profile_background_tile type="boolean">false</profile_background_tile><profile_image_url type="string">http://a3.twimg.com/profile_images/654735421/Picture_8_normal.jpg</profile_image_url><profile_link_color type="string">0084B4</profile_link_color><profile_sidebar_border_color type="string">BDDCAD</profile_sidebar_border_color><profile_sidebar_fill_color type="string">DDFFCC</profile_sidebar_fill_color><profile_text_color type="string">333333</profile_text_color><protected type="boolean">false</protected><screen_name type="string">HouseOfTwitsCon</screen_name><statuses_count type="number">10139</statuses_count><time_zone type="string">London</time_zone><url type="string">http://www.houseoftwits.co.uk</url><utc_offset type="number">0</utc_offset><verified type="boolean">false</verified></user></retweeted_status><source type="string">web</source><text type="string">RT @HouseOfTwitsCon: RT @SimonMagus Why Labour is campaigning for a hung parliament http://bit.ly/c1yY9k</text><truncated type="boolean">false</truncated><user class="object"><contributors_enabled type="boolean">false</contributors_enabled><created_at type="string">Mon Feb 02 20:03:48 +0000 2009</created_at><description type="string">Teacher, Magician, Magistrate, Married with 2 kids and dog. </description><favourites_count type="number">0</favourites_count><followers_count type="number">82</followers_count><following class="object" null="true"/><friends_count type="number">31</friends_count><geo_enabled type="boolean">false</geo_enabled><id type="number">19927209</id><lang type="string">en</lang><location type="string">Tamworth, Staffordshire</location><name type="string">Richard Kingstone</name><notifications class="object" null="true"/><profile_background_color type="string">C6E2EE</profile_background_color><profile_background_image_url type="string">http://s.twimg.com/a/1269387398/images/themes/theme2/bg.gif</profile_background_image_url><profile_background_tile type="boolean">false</profile_background_tile><profile_image_url type="string">http://a1.twimg.com/profile_images/366090200/twitterProfilePhoto_normal.jpg</profile_image_url><profile_link_color type="string">1F98C7</profile_link_color><profile_sidebar_border_color type="string">C6E2EE</profile_sidebar_border_color><profile_sidebar_fill_color type="string">DAECF4</profile_sidebar_fill_color><profile_text_color type="string">663B12</profile_text_color><protected type="boolean">false</protected><screen_name type="string">RichKingstone</screen_name><statuses_count type="number">336</statuses_count><time_zone type="string">London</time_zone><url type="string">http://www.kingstone.me.uk</url><utc_offset type="number">0</utc_offset><verified type="boolean">false</verified></user></o>
