<?xml version="1.0" encoding="UTF-8"?>
<o><contributors class="object" null="true"/><coordinates class="object" null="true"/><created_at type="string">Thu Mar 25 20:54:39 +0000 2010</created_at><favorited type="boolean">false</favorited><geo class="object" null="true"/><id type="number">11052842454</id><in_reply_to_screen_name class="object" null="true"/><in_reply_to_status_id class="object" null="true"/><in_reply_to_user_id class="object" null="true"/><place class="object" null="true"/><source type="string">&lt;a href="/devices" rel="nofollow"&gt;txt&lt;/a&gt;</source><text type="string">Bea makes passionate plea for better support for cleaners in hospitals and against Tory privatisation.</text><truncated type="boolean">false</truncated><user class="object"><contributors_enabled type="boolean">false</contributors_enabled><created_at type="string">Tue Feb 24 11:08:06 +0000 2009</created_at><description type="string">Where the conversation about news in Camden, Barnet, Westminster and Haringey begins.&#x0D;
www.hamhigh.co.uk</description><favourites_count type="number">0</favourites_count><followers_count type="number">295</followers_count><following class="object" null="true"/><friends_count type="number">147</friends_count><geo_enabled type="boolean">false</geo_enabled><id type="number">21745074</id><lang type="string">en</lang><location type="string">Hampstead</location><name type="string">Ham and High</name><notifications class="object" null="true"/><profile_background_color type="string">131516</profile_background_color><profile_background_image_url type="string">http://s.twimg.com/a/1269387398/images/themes/theme14/bg.gif</profile_background_image_url><profile_background_tile type="boolean">true</profile_background_tile><profile_image_url type="string">http://a1.twimg.com/profile_images/82207054/Ham_High_Upright_2_normal.jpg</profile_image_url><profile_link_color type="string">114e8f</profile_link_color><profile_sidebar_border_color type="string">eeeeee</profile_sidebar_border_color><profile_sidebar_fill_color type="string">efefef</profile_sidebar_fill_color><profile_text_color type="string">333333</profile_text_color><protected type="boolean">false</protected><screen_name type="string">HamandHigh</screen_name><statuses_count type="number">202</statuses_count><time_zone type="string">London</time_zone><url type="string">http://www.hamhigh.co.uk</url><utc_offset type="number">0</utc_offset><verified type="boolean">false</verified></user></o>
