<?xml version="1.0" encoding="UTF-8"?>
<o><contributors class="object" null="true"/><coordinates class="object" null="true"/><created_at type="string">Thu Mar 25 20:43:24 +0000 2010</created_at><favorited type="boolean">false</favorited><geo class="object" null="true"/><id type="number">11052405410</id><in_reply_to_screen_name class="object" null="true"/><in_reply_to_status_id class="object" null="true"/><in_reply_to_user_id class="object" null="true"/><place class="object" null="true"/><source type="string">&lt;a href="http://twitterfeed.com" rel="nofollow"&gt;twitterfeed&lt;/a&gt;</source><text type="string">Tory Burch Debuts a Grateful Dead Homage: Tory Burch; Herb Greene, 710 Ashbury Street, San Francisco, CA, 1966. Sp... http://bit.ly/9ZcRms</text><truncated type="boolean">false</truncated><user class="object"><contributors_enabled type="boolean">false</contributors_enabled><created_at type="string">Mon Jul 06 16:18:42 +0000 2009</created_at><description type="string">A girl fascinated with anything awesome and gorgeous!</description><favourites_count type="number">0</favourites_count><followers_count type="number">1110</followers_count><following class="object" null="true"/><friends_count type="number">23</friends_count><geo_enabled type="boolean">false</geo_enabled><id type="number">54250735</id><lang type="string">en</lang><location type="string"/><name type="string">Rachel Lee</name><notifications class="object" null="true"/><profile_background_color type="string">EDECE9</profile_background_color><profile_background_image_url type="string">http://s.twimg.com/a/1269020849/images/themes/theme3/bg.gif</profile_background_image_url><profile_background_tile type="boolean">false</profile_background_tile><profile_image_url type="string">http://a1.twimg.com/profile_images/300056800/2_normal.png</profile_image_url><profile_link_color type="string">088253</profile_link_color><profile_sidebar_border_color type="string">D3D2CF</profile_sidebar_border_color><profile_sidebar_fill_color type="string">E3E2DE</profile_sidebar_fill_color><profile_text_color type="string">634047</profile_text_color><protected type="boolean">false</protected><screen_name type="string">rachelejlee</screen_name><statuses_count type="number">19836</statuses_count><time_zone type="string">Eastern Time (US &amp; Canada)</time_zone><url class="object" null="true"/><utc_offset type="number">-18000</utc_offset><verified type="boolean">false</verified></user></o>
