<?xml version="1.0" encoding="UTF-8"?>
<o><contributors class="object" null="true"/><coordinates class="object" null="true"/><created_at type="string">Thu Mar 25 21:04:29 +0000 2010</created_at><favorited type="boolean">false</favorited><geo class="object" null="true"/><id type="number">11053238087</id><in_reply_to_screen_name class="object" null="true"/><in_reply_to_status_id class="object" null="true"/><in_reply_to_user_id class="object" null="true"/><place class="object" null="true"/><source type="string">&lt;a href="http://www.atebits.com/" rel="nofollow"&gt;Tweetie&lt;/a&gt;</source><text type="string">Damn. 40 pages to go and my brain went on strike. Uppity labour ruins my profitability.</text><truncated type="boolean">false</truncated><user class="object"><contributors_enabled type="boolean">false</contributors_enabled><created_at type="string">Sun Feb 01 06:27:17 +0000 2009</created_at><description type="string">political nerd, leftist, democracy enthusiast, studier of religion</description><favourites_count type="number">3</favourites_count><followers_count type="number">315</followers_count><following class="object" null="true"/><friends_count type="number">397</friends_count><geo_enabled type="boolean">false</geo_enabled><id type="number">19849205</id><lang type="string">en</lang><location type="string">Calgary</location><name type="string">joelaf</name><notifications class="object" null="true"/><profile_background_color type="string">1A1B1F</profile_background_color><profile_background_image_url type="string">http://s.twimg.com/a/1269387398/images/themes/theme9/bg.gif</profile_background_image_url><profile_background_tile type="boolean">false</profile_background_tile><profile_image_url type="string">http://a3.twimg.com/profile_images/364037721/madmen_icon2_normal.jpg</profile_image_url><profile_link_color type="string">2FC2EF</profile_link_color><profile_sidebar_border_color type="string">181A1E</profile_sidebar_border_color><profile_sidebar_fill_color type="string">252429</profile_sidebar_fill_color><profile_text_color type="string">666666</profile_text_color><protected type="boolean">false</protected><screen_name type="string">joelaf</screen_name><statuses_count type="number">1172</statuses_count><time_zone type="string">Mountain Time (US &amp; Canada)</time_zone><url type="string">http://joelaf.tumblr.com</url><utc_offset type="number">-25200</utc_offset><verified type="boolean">false</verified></user></o>
