<?xml version="1.0" encoding="UTF-8"?>
<o><contributors class="object" null="true"/><coordinates class="object" null="true"/><created_at type="string">Thu Mar 25 21:38:45 +0000 2010</created_at><favorited type="boolean">false</favorited><geo class="object" null="true"/><id type="number">11054619265</id><in_reply_to_screen_name type="string">sophiefarrier</in_reply_to_screen_name><in_reply_to_status_id type="number">11054094131</in_reply_to_status_id><in_reply_to_user_id type="number">107569587</in_reply_to_user_id><place class="object" null="true"/><source type="string">&lt;a href="http://ubertwitter.com" rel="nofollow"&gt;UberTwitter&lt;/a&gt;</source><text type="string">@sophiefarrier no because you are all labour sloth rats</text><truncated type="boolean">false</truncated><user class="object"><contributors_enabled type="boolean">false</contributors_enabled><created_at type="string">Fri Jun 05 16:06:55 +0000 2009</created_at><description type="string">Anna Victoria Photography</description><favourites_count type="number">0</favourites_count><followers_count type="number">124</followers_count><following class="object" null="true"/><friends_count type="number">402</friends_count><geo_enabled type="boolean">false</geo_enabled><id type="number">44925178</id><lang type="string">en</lang><location type="string">ÜT: 55.04087,-1.911473</location><name type="string">Anna Victoria Best </name><notifications class="object" null="true"/><profile_background_color type="string">131516</profile_background_color><profile_background_image_url type="string">http://a1.twimg.com/profile_background_images/68387920/twitter.jpg</profile_background_image_url><profile_background_tile type="boolean">true</profile_background_tile><profile_image_url type="string">http://a3.twimg.com/profile_images/769031723/19365_237292257834_533547834_4238340_7529320_n_normal.jpg</profile_image_url><profile_link_color type="string">009999</profile_link_color><profile_sidebar_border_color type="string">eeeeee</profile_sidebar_border_color><profile_sidebar_fill_color type="string">efefef</profile_sidebar_fill_color><profile_text_color type="string">333333</profile_text_color><protected type="boolean">false</protected><screen_name type="string">AnnaVicPhoto</screen_name><statuses_count type="number">223</statuses_count><time_zone type="string">London</time_zone><url type="string">http://www.facebook.com/pages/Anna-Victoria-Photography/103444618010?ref=ts</url><utc_offset type="number">0</utc_offset><verified type="boolean">false</verified></user></o>
