<?xml version="1.0" encoding="UTF-8"?>
<o><contributors class="object" null="true"/><coordinates class="object" null="true"/><created_at type="string">Thu Mar 25 20:42:34 +0000 2010</created_at><favorited type="boolean">false</favorited><geo class="object" null="true"/><id type="number">11052373090</id><in_reply_to_screen_name type="string">PippaD</in_reply_to_screen_name><in_reply_to_status_id type="number">11051409582</in_reply_to_status_id><in_reply_to_user_id type="number">17230850</in_reply_to_user_id><place class="object" null="true"/><source type="string">&lt;a href="http://www.brizzly.com" rel="nofollow"&gt;Brizzly&lt;/a&gt;</source><text type="string">@PippaD labour? no, poo? no puke? no, apparently we love all of it! lmao I'm no help at all am I? hee hee</text><truncated type="boolean">false</truncated><user class="object"><contributors_enabled type="boolean">false</contributors_enabled><created_at type="string">Wed Feb 04 12:26:28 +0000 2009</created_at><description type="string">Good friends are like diamonds, predcious and rare.  False friends are like fallen leaves, found everywhere.</description><favourites_count type="number">2</favourites_count><followers_count type="number">60</followers_count><following class="object" null="true"/><friends_count type="number">123</friends_count><geo_enabled type="boolean">true</geo_enabled><id type="number">20048655</id><lang type="string">en</lang><location type="string">Glasgow, Scotland</location><name type="string">Paula Miller</name><notifications class="object" null="true"/><profile_background_color type="string">022330</profile_background_color><profile_background_image_url type="string">http://s.twimg.com/a/1269020849/images/themes/theme15/bg.png</profile_background_image_url><profile_background_tile type="boolean">false</profile_background_tile><profile_image_url type="string">http://a1.twimg.com/profile_images/760506376/twitterProfilePhoto_normal.jpg</profile_image_url><profile_link_color type="string">0084B4</profile_link_color><profile_sidebar_border_color type="string">a8c7f7</profile_sidebar_border_color><profile_sidebar_fill_color type="string">C0DFEC</profile_sidebar_fill_color><profile_text_color type="string">333333</profile_text_color><protected type="boolean">false</protected><screen_name type="string">_MillerTime</screen_name><statuses_count type="number">574</statuses_count><time_zone type="string">Edinburgh</time_zone><url class="object" null="true"/><utc_offset type="number">0</utc_offset><verified type="boolean">false</verified></user></o>
