<?xml version="1.0" encoding="UTF-8"?>
<o><contributors class="object" null="true"/><coordinates class="object" null="true"/><created_at type="string">Thu Mar 25 21:38:10 +0000 2010</created_at><favorited type="boolean">false</favorited><geo class="object" null="true"/><id type="number">11054595469</id><in_reply_to_screen_name class="object" null="true"/><in_reply_to_status_id class="object" null="true"/><in_reply_to_user_id class="object" null="true"/><place class="object" null="true"/><source type="string">&lt;a href="http://www.atebits.com/" rel="nofollow"&gt;Tweetie&lt;/a&gt;</source><text type="string">Congratulations to #Labour &amp; #coop Thornton Heath Ward council candidates for a good fundraiser. Good cheer from Recent polls. #gameon</text><truncated type="boolean">false</truncated><user class="object"><contributors_enabled type="boolean">false</contributors_enabled><created_at type="string">Thu Feb 19 16:13:49 +0000 2009</created_at><description type="string">The Labour Party in Croydon</description><favourites_count type="number">3</favourites_count><followers_count type="number">333</followers_count><following class="object" null="true"/><friends_count type="number">75</friends_count><geo_enabled type="boolean">false</geo_enabled><id type="number">21311766</id><lang type="string">en</lang><location type="string">Croydon</location><name type="string">Croydon Labour Party</name><notifications class="object" null="true"/><profile_background_color type="string">9AE4E8</profile_background_color><profile_background_image_url type="string">http://a3.twimg.com/profile_background_images/4680049/rose_square.gif</profile_background_image_url><profile_background_tile type="boolean">false</profile_background_tile><profile_image_url type="string">http://a3.twimg.com/profile_images/81072093/rose_square_normal.gif</profile_image_url><profile_link_color type="string">0084B4</profile_link_color><profile_sidebar_border_color type="string">BDDCAD</profile_sidebar_border_color><profile_sidebar_fill_color type="string">DDFFCC</profile_sidebar_fill_color><profile_text_color type="string">333333</profile_text_color><protected type="boolean">false</protected><screen_name type="string">CroydonLabour</screen_name><statuses_count type="number">324</statuses_count><time_zone type="string">London</time_zone><url type="string">http://www.CroydonLabour.org.uk</url><utc_offset type="number">0</utc_offset><verified type="boolean">false</verified></user></o>
