<?xml version="1.0" encoding="UTF-8"?>
<o><contributors class="object" null="true"/><coordinates class="object" null="true"/><created_at type="string">Thu Mar 25 20:32:37 +0000 2010</created_at><favorited type="boolean">false</favorited><geo class="object" null="true"/><id type="number">11051981331</id><in_reply_to_screen_name class="object" null="true"/><in_reply_to_status_id class="object" null="true"/><in_reply_to_user_id class="object" null="true"/><place class="object" null="true"/><retweeted_status class="object"><contributors class="object" null="true"/><coordinates class="object" null="true"/><created_at type="string">Tue Mar 23 13:57:59 +0000 2010</created_at><favorited type="boolean">false</favorited><geo class="object" null="true"/><id type="number">10926269094</id><in_reply_to_screen_name class="object" null="true"/><in_reply_to_status_id class="object" null="true"/><in_reply_to_user_id class="object" null="true"/><place class="object" null="true"/><source type="string">web</source><text type="string">Donate to CWF at any RONA and they'll match it in labour and materials to renovate shelters for abused women. http://www.rona.ca/women</text><truncated type="boolean">false</truncated><user class="object"><contributors_enabled type="boolean">false</contributors_enabled><created_at type="string">Fri Mar 19 13:25:20 +0000 2010</created_at><description type="string">The Canadian Women's Foundation is Canada's only national foundation dedicated to improving the lives of women and girls.</description><favourites_count type="number">0</favourites_count><followers_count type="number">3</followers_count><following class="object" null="true"/><friends_count type="number">1</friends_count><geo_enabled type="boolean">false</geo_enabled><id type="number">124459427</id><lang type="string">en</lang><location type="string">Canada</location><name type="string">CWF</name><notifications class="object" null="true"/><profile_background_color type="string">9ae4e8</profile_background_color><profile_background_image_url type="string">http://s.twimg.com/a/1269281712/images/themes/theme1/bg.png</profile_background_image_url><profile_background_tile type="boolean">false</profile_background_tile><profile_image_url type="string">http://a1.twimg.com/profile_images/762033560/CWF-logo-graphic_normal.jpg</profile_image_url><profile_link_color type="string">0000ff</profile_link_color><profile_sidebar_border_color type="string">87bc44</profile_sidebar_border_color><profile_sidebar_fill_color type="string">e0ff92</profile_sidebar_fill_color><profile_text_color type="string">000000</profile_text_color><protected type="boolean">false</protected><screen_name type="string">cdnwomenorg</screen_name><statuses_count type="number">1</statuses_count><time_zone class="object" null="true"/><url type="string">http://www.canadianwomen.org</url><utc_offset class="object" null="true"/><verified type="boolean">false</verified></user></retweeted_status><source type="string">web</source><text type="string">RT @cdnwomenorg: Donate to CWF at any RONA and they'll match it in labour and materials to renovate shelters for abused women. http://ww ...</text><truncated type="boolean">true</truncated><user class="object"><contributors_enabled type="boolean">false</contributors_enabled><created_at type="string">Wed Mar 25 20:58:54 +0000 2009</created_at><description type="string">abuse coach/speaker/trainer/writer</description><favourites_count type="number">16</favourites_count><followers_count type="number">957</followers_count><following class="object" null="true"/><friends_count type="number">1794</friends_count><geo_enabled type="boolean">false</geo_enabled><id type="number">26589593</id><lang type="string">en</lang><location type="string">Ontario</location><name type="string">Janet Auty-Carlisle</name><notifications class="object" null="true"/><profile_background_color type="string">303030</profile_background_color><profile_background_image_url type="string">http://a1.twimg.com/profile_background_images/70035758/jan_in_company_of_women_0_.jpg</profile_background_image_url><profile_background_tile type="boolean">true</profile_background_tile><profile_image_url type="string">http://a1.twimg.com/profile_images/520763448/jan_in_company_of_women_0__normal.jpg</profile_image_url><profile_link_color type="string">0b57a1</profile_link_color><profile_sidebar_border_color type="string">303030</profile_sidebar_border_color><profile_sidebar_fill_color type="string">9fbac9</profile_sidebar_fill_color><profile_text_color type="string">303030</profile_text_color><protected type="boolean">false</protected><screen_name type="string">abusecoachjan</screen_name><statuses_count type="number">3036</statuses_count><time_zone type="string">Quito</time_zone><url type="string">http://www.thrivingbeyondabuse.com</url><utc_offset type="number">-18000</utc_offset><verified type="boolean">false</verified></user></o>
