<?xml version="1.0" encoding="UTF-8"?>
<o><contributors class="object" null="true"/><coordinates class="object" null="true"/><created_at type="string">Thu Mar 25 21:24:36 +0000 2010</created_at><favorited type="boolean">false</favorited><geo class="object" null="true"/><id type="number">11054043761</id><in_reply_to_screen_name class="object" null="true"/><in_reply_to_status_id class="object" null="true"/><in_reply_to_user_id class="object" null="true"/><place class="object" null="true"/><source type="string">&lt;a href="http://www.atebits.com/" rel="nofollow"&gt;Tweetie&lt;/a&gt;</source><text type="string">'Shipbuilding on the Clyde is in the Labour Party DNA.' £4bn contract hope for Clyde: http://bit.ly/cP5jk0</text><truncated type="boolean">false</truncated><user class="object"><contributors_enabled type="boolean">false</contributors_enabled><created_at type="string">Fri Feb 13 23:41:48 +0000 2009</created_at><description type="string">Civis Britannicus Sum. Dw i’n byw yn Yr Alban. Politics, History and Humanism. Pagan Jedi. Anglophile. Wishy-washy liberal lefty. Labour Kid. Plays nice. </description><favourites_count type="number">21</favourites_count><followers_count type="number">1259</followers_count><following class="object" null="true"/><friends_count type="number">1496</friends_count><geo_enabled type="boolean">false</geo_enabled><id type="number">20818214</id><lang type="string">en</lang><location type="string">iPhone: 55.814819,-4.139520</location><name type="string">Lawrence Mills</name><notifications class="object" null="true"/><profile_background_color type="string">000000</profile_background_color><profile_background_image_url type="string">http://a1.twimg.com/profile_background_images/77861600/5.jpg</profile_background_image_url><profile_background_tile type="boolean">true</profile_background_tile><profile_image_url type="string">http://a1.twimg.com/profile_images/599616778/twitterProfilePhoto_normal.jpg</profile_image_url><profile_link_color type="string">93A644</profile_link_color><profile_sidebar_border_color type="string">eeeeee</profile_sidebar_border_color><profile_sidebar_fill_color type="string">ffffff</profile_sidebar_fill_color><profile_text_color type="string">333333</profile_text_color><protected type="boolean">false</protected><screen_name type="string">LawrenceMills</screen_name><statuses_count type="number">24901</statuses_count><time_zone type="string">London</time_zone><url class="object" null="true"/><utc_offset type="number">0</utc_offset><verified type="boolean">false</verified></user></o>
