<?xml version="1.0" encoding="UTF-8"?>
<o><contributors class="object" null="true"/><coordinates class="object" null="true"/><created_at type="string">Thu Mar 25 21:29:46 +0000 2010</created_at><favorited type="boolean">false</favorited><geo class="object" null="true"/><id type="number">11054252658</id><in_reply_to_screen_name class="object" null="true"/><in_reply_to_status_id class="object" null="true"/><in_reply_to_user_id class="object" null="true"/><place class="object" null="true"/><source type="string">web</source><text type="string">OMFG make it stop for crying out loud this slow labour shit better hurry up its painful :*(</text><truncated type="boolean">false</truncated><user class="object"><contributors_enabled type="boolean">false</contributors_enabled><created_at type="string">Mon Nov 24 23:21:35 +0000 2008</created_at><description type="string">i am me, you can't fake me i am who i am</description><favourites_count type="number">6</favourites_count><followers_count type="number">214</followers_count><following class="object" null="true"/><friends_count type="number">334</friends_count><geo_enabled type="boolean">false</geo_enabled><id type="number">17604307</id><lang type="string">en</lang><location type="string">manchester,uk</location><name type="string">kk</name><notifications class="object" null="true"/><profile_background_color type="string">f0142e</profile_background_color><profile_background_image_url type="string">http://a3.twimg.com/profile_background_images/76164473/Miss_Piggy_15587_normal.jpg</profile_background_image_url><profile_background_tile type="boolean">true</profile_background_tile><profile_image_url type="string">http://a3.twimg.com/profile_images/673602249/me_normal.jpg</profile_image_url><profile_link_color type="string">e40c0f</profile_link_color><profile_sidebar_border_color type="string">d1d3cf</profile_sidebar_border_color><profile_sidebar_fill_color type="string">e014e0</profile_sidebar_fill_color><profile_text_color type="string">4a3b3b</profile_text_color><protected type="boolean">false</protected><screen_name type="string">TheKezzie</screen_name><statuses_count type="number">4473</statuses_count><time_zone type="string">Hawaii</time_zone><url class="object" null="true"/><utc_offset type="number">-36000</utc_offset><verified type="boolean">false</verified></user></o>
