<?xml version="1.0" encoding="UTF-8"?>
<o><contributors class="object" null="true"/><coordinates class="object" null="true"/><created_at type="string">Thu Mar 25 20:47:08 +0000 2010</created_at><favorited type="boolean">false</favorited><geo class="object" null="true"/><id type="number">11052550440</id><in_reply_to_screen_name class="object" null="true"/><in_reply_to_status_id class="object" null="true"/><in_reply_to_user_id class="object" null="true"/><place class="object" null="true"/><source type="string">web</source><text type="string">Album prep coming along together. so thankful to God for our team. Unless the Lord builds the house, the builders labour in vein. Ps 127:1</text><truncated type="boolean">false</truncated><user class="object"><contributors_enabled type="boolean">false</contributors_enabled><created_at type="string">Thu Mar 05 06:41:18 +0000 2009</created_at><description type="string">Husband to Michelle, father to Maddison, Mikayla and Lachlan. Music Director at C3 Church.</description><favourites_count type="number">2</favourites_count><followers_count type="number">596</followers_count><following class="object" null="true"/><friends_count type="number">40</friends_count><geo_enabled type="boolean">false</geo_enabled><id type="number">22891116</id><lang type="string">en</lang><location type="string"/><name type="string">Ryan Smith</name><notifications class="object" null="true"/><profile_background_color type="string">B2DFDA</profile_background_color><profile_background_image_url type="string">http://a1.twimg.com/profile_background_images/80587734/fenderdeluxerev.jpg</profile_background_image_url><profile_background_tile type="boolean">true</profile_background_tile><profile_image_url type="string">http://a3.twimg.com/profile_images/653077889/Ryan_2_normal.jpg</profile_image_url><profile_link_color type="string">93A644</profile_link_color><profile_sidebar_border_color type="string">eeeeee</profile_sidebar_border_color><profile_sidebar_fill_color type="string">ffffff</profile_sidebar_fill_color><profile_text_color type="string">333333</profile_text_color><protected type="boolean">false</protected><screen_name type="string">Ryan_A_Smith</screen_name><statuses_count type="number">514</statuses_count><time_zone type="string">Sydney</time_zone><url class="object" null="true"/><utc_offset type="number">36000</utc_offset><verified type="boolean">false</verified></user></o>
