<?xml version="1.0" encoding="UTF-8"?>
<o><contributors class="object" null="true"/><coordinates class="object" null="true"/><created_at type="string">Thu Mar 25 20:29:44 +0000 2010</created_at><favorited type="boolean">false</favorited><geo class="object" null="true"/><id type="number">11051861741</id><in_reply_to_screen_name class="object" null="true"/><in_reply_to_status_id class="object" null="true"/><in_reply_to_user_id class="object" null="true"/><place class="object" null="true"/><source type="string">&lt;a href="http://www.tweetdeck.com" rel="nofollow"&gt;TweetDeck&lt;/a&gt;</source><text type="string">How the UK govt is actively helping London to lose its financial edge to Paris. http://is.gd/aZamX. #ukpolitics</text><truncated type="boolean">false</truncated><user class="object"><contributors_enabled type="boolean">false</contributors_enabled><created_at type="string">Tue Feb 23 22:29:26 +0000 2010</created_at><description type="string">Old hairy banker with a weird SOH, too many interests, 2 kids, 1 wife, 9 gadgets, 6 blogs, 8 hobbies, a flair for horrible groany puns and not enough time</description><favourites_count type="number">2</favourites_count><followers_count type="number">107</followers_count><following class="object" null="true"/><friends_count type="number">418</friends_count><geo_enabled type="boolean">true</geo_enabled><id type="number">116893190</id><lang type="string">en</lang><location type="string">London off coastal Europe</location><name type="string">Bhaskar Dasgupta</name><notifications class="object" null="true"/><profile_background_color type="string">C0DEED</profile_background_color><profile_background_image_url type="string">http://a3.twimg.com/profile_background_images/82344611/earth.jpg</profile_background_image_url><profile_background_tile type="boolean">false</profile_background_tile><profile_image_url type="string">http://a3.twimg.com/profile_images/714801177/HSBC-23_normal.jpg</profile_image_url><profile_link_color type="string">0084B4</profile_link_color><profile_sidebar_border_color type="string">C0DEED</profile_sidebar_border_color><profile_sidebar_fill_color type="string">DDEEF6</profile_sidebar_fill_color><profile_text_color type="string">333333</profile_text_color><protected type="boolean">false</protected><screen_name type="string">1bdasgupta</screen_name><statuses_count type="number">552</statuses_count><time_zone type="string">London</time_zone><url type="string">http://dailysalty.blogspot.com</url><utc_offset type="number">0</utc_offset><verified type="boolean">false</verified></user></o>
