<?xml version="1.0" encoding="UTF-8"?>
<o><contributors class="object" null="true"/><coordinates class="object" null="true"/><created_at type="string">Thu Mar 25 20:20:45 +0000 2010</created_at><favorited type="boolean">false</favorited><geo class="object" null="true"/><id type="number">11051507000</id><in_reply_to_screen_name class="object" null="true"/><in_reply_to_status_id class="object" null="true"/><in_reply_to_user_id class="object" null="true"/><place class="object" null="true"/><source type="string">&lt;a href="http://www.joedolson.com/articles/wp-to-twitter/" rel="nofollow"&gt;WP to Twitter&lt;/a&gt;</source><text type="string">Sword Heaven w/ Little Women + Induced Labour + Yukon http://bit.ly/97yi8h</text><truncated type="boolean">false</truncated><user class="object"><contributors_enabled type="boolean">false</contributors_enabled><created_at type="string">Wed Aug 26 07:54:48 +0000 2009</created_at><description type="string">Our site is a huge but simple Toronto guide containing everything you need to know about TO!</description><favourites_count type="number">0</favourites_count><followers_count type="number">486</followers_count><following class="object" null="true"/><friends_count type="number">1223</friends_count><geo_enabled type="boolean">false</geo_enabled><id type="number">68927537</id><lang type="string">en</lang><location type="string">Toronto</location><name type="string">Searching Toronto</name><notifications class="object" null="true"/><profile_background_color type="string">000000</profile_background_color><profile_background_image_url type="string">http://a1.twimg.com/profile_background_images/70486348/st-twitter-bg.jpg</profile_background_image_url><profile_background_tile type="boolean">false</profile_background_tile><profile_image_url type="string">http://a1.twimg.com/profile_images/660495014/twitter-pic_normal.jpg</profile_image_url><profile_link_color type="string">0084B4</profile_link_color><profile_sidebar_border_color type="string">BDDCAD</profile_sidebar_border_color><profile_sidebar_fill_color type="string">DDFFCC</profile_sidebar_fill_color><profile_text_color type="string">333333</profile_text_color><protected type="boolean">false</protected><screen_name type="string">searchtoronto</screen_name><statuses_count type="number">3273</statuses_count><time_zone type="string">Eastern Time (US &amp; Canada)</time_zone><url type="string">http://www.searchingtoronto.com</url><utc_offset type="number">-18000</utc_offset><verified type="boolean">false</verified></user></o>
