<?xml version="1.0" encoding="UTF-8"?>
<o><contributors class="object" null="true"/><coordinates class="object" null="true"/><created_at type="string">Thu Mar 25 21:42:51 +0000 2010</created_at><favorited type="boolean">false</favorited><geo class="object" null="true"/><id type="number">11054784805</id><in_reply_to_screen_name class="object" null="true"/><in_reply_to_status_id class="object" null="true"/><in_reply_to_user_id class="object" null="true"/><place class="object" null="true"/><source type="string">web</source><text type="string">Lilly Pulitzer dress &amp; cardigan, Tory Burch boots. RT @JGIWC 
  
http://twitpic.com/1avyuv - What is JGIWC wearing today?</text><truncated type="boolean">false</truncated><user class="object"><contributors_enabled type="boolean">false</contributors_enabled><created_at type="string">Tue Apr 22 19:30:10 +0000 2008</created_at><description type="string">Jewish girl in Wasp's clothing.</description><favourites_count type="number">1</favourites_count><followers_count type="number">490</followers_count><following class="object" null="true"/><friends_count type="number">90</friends_count><geo_enabled type="boolean">false</geo_enabled><id type="number">14479128</id><lang type="string">en</lang><location type="string">New York, New York</location><name type="string">JGIWC</name><notifications class="object" null="true"/><profile_background_color type="string">0099B9</profile_background_color><profile_background_image_url type="string">http://a1.twimg.com/profile_background_images/31779180/of_50_332_442.jpeg</profile_background_image_url><profile_background_tile type="boolean">true</profile_background_tile><profile_image_url type="string">http://a1.twimg.com/profile_images/683989766/SDC11738_normal.JPG</profile_image_url><profile_link_color type="string">0099B9</profile_link_color><profile_sidebar_border_color type="string">5ED4DC</profile_sidebar_border_color><profile_sidebar_fill_color type="string">95E8EC</profile_sidebar_fill_color><profile_text_color type="string">3C3940</profile_text_color><protected type="boolean">false</protected><screen_name type="string">JGIWC</screen_name><statuses_count type="number">2511</statuses_count><time_zone type="string">Eastern Time (US &amp; Canada)</time_zone><url type="string">http://www.jgiwc.com</url><utc_offset type="number">-18000</utc_offset><verified type="boolean">false</verified></user></o>
