<?xml version="1.0" encoding="UTF-8"?>
<o><contributors class="object" null="true"/><coordinates class="object" null="true"/><created_at type="string">Thu Mar 25 21:29:41 +0000 2010</created_at><favorited type="boolean">false</favorited><geo class="object" null="true"/><id type="number">11054248853</id><in_reply_to_screen_name class="object" null="true"/><in_reply_to_status_id class="object" null="true"/><in_reply_to_user_id class="object" null="true"/><place class="object" null="true"/><retweeted_status class="object"><contributors class="object" null="true"/><coordinates class="object" null="true"/><created_at type="string">Thu Mar 25 21:27:48 +0000 2010</created_at><favorited type="boolean">false</favorited><geo class="object" null="true"/><id type="number">11054174154</id><in_reply_to_screen_name class="object" null="true"/><in_reply_to_status_id class="object" null="true"/><in_reply_to_user_id class="object" null="true"/><place class="object" null="true"/><source type="string">web</source><text type="string">love how the right are getting so excited about "Red Len" taking over Unite!! He could cause a future Tory govt a lot of problems!!</text><truncated type="boolean">false</truncated><user class="object"><contributors_enabled type="boolean">false</contributors_enabled><created_at type="string">Thu Mar 26 01:44:07 +0000 2009</created_at><description type="string">Socialist, Labour Party activist in Staly &amp; Hyde constituency, member of the LRC national committee, HnH organiser &amp; Though Cowards Flinch blogger.. </description><favourites_count type="number">0</favourites_count><followers_count type="number">766</followers_count><following class="object" null="true"/><friends_count type="number">718</friends_count><geo_enabled type="boolean">false</geo_enabled><id type="number">26657227</id><lang type="string">en</lang><location type="string">Tameside, Manchester</location><name type="string">Adam White</name><notifications class="object" null="true"/><profile_background_color type="string">EDECE9</profile_background_color><profile_background_image_url type="string">http://a3.twimg.com/profile_background_images/7062585/chartists.jpg</profile_background_image_url><profile_background_tile type="boolean">true</profile_background_tile><profile_image_url type="string">http://a3.twimg.com/profile_images/765126049/twitterProfilePhoto_normal.jpg</profile_image_url><profile_link_color type="string">50bf6c</profile_link_color><profile_sidebar_border_color type="string">D3D2CF</profile_sidebar_border_color><profile_sidebar_fill_color type="string">ffffff</profile_sidebar_fill_color><profile_text_color type="string">0d0101</profile_text_color><protected type="boolean">false</protected><screen_name type="string">theday2day</screen_name><statuses_count type="number">9126</statuses_count><time_zone class="object" null="true"/><url type="string">http://thedaytoday2day.blogspot.com/</url><utc_offset class="object" null="true"/><verified type="boolean">false</verified></user></retweeted_status><source type="string">web</source><text type="string">RT @theday2day: love how the right are getting so excited about "Red Len" taking over Unite!! He could cause a future Tory govt a lot of ...</text><truncated type="boolean">true</truncated><user class="object"><contributors_enabled type="boolean">false</contributors_enabled><created_at type="string">Thu Sep 24 22:18:06 +0000 2009</created_at><description type="string">Ranting 18 year old lefty Scottish Londoner. </description><favourites_count type="number">12</favourites_count><followers_count type="number">76</followers_count><following class="object" null="true"/><friends_count type="number">120</friends_count><geo_enabled type="boolean">false</geo_enabled><id type="number">77058340</id><lang type="string">en</lang><location type="string">London</location><name type="string">Natasha MH</name><notifications class="object" null="true"/><profile_background_color type="string">371266</profile_background_color><profile_background_image_url type="string">http://s.twimg.com/a/1269387398/images/themes/theme10/bg.gif</profile_background_image_url><profile_background_tile type="boolean">true</profile_background_tile><profile_image_url type="string">http://a3.twimg.com/profile_images/714465923/DSCF0650_normal.JPG</profile_image_url><profile_link_color type="string">0b9938</profile_link_color><profile_sidebar_border_color type="string">009411</profile_sidebar_border_color><profile_sidebar_fill_color type="string">63ceff</profile_sidebar_fill_color><profile_text_color type="string">e0122d</profile_text_color><protected type="boolean">false</protected><screen_name type="string">tashmac91</screen_name><statuses_count type="number">718</statuses_count><time_zone type="string">London</time_zone><url class="object" null="true"/><utc_offset type="number">0</utc_offset><verified type="boolean">false</verified></user></o>
