<?xml version="1.0" encoding="UTF-8"?>
<o><contributors class="object" null="true"/><coordinates class="object" null="true"/><created_at type="string">Thu Mar 25 21:00:59 +0000 2010</created_at><favorited type="boolean">false</favorited><geo class="object" null="true"/><id type="number">11053096933</id><in_reply_to_screen_name class="object" null="true"/><in_reply_to_status_id class="object" null="true"/><in_reply_to_user_id class="object" null="true"/><place class="object" null="true"/><source type="string">&lt;a href="http://twitterrific.com" rel="nofollow"&gt;Twitterrific&lt;/a&gt;</source><text type="string">#ACQ in Didsbury: Chris Green: labour has failed, the local Lib Dem MP have failed when it comes to green measures</text><truncated type="boolean">false</truncated><user class="object"><contributors_enabled type="boolean">false</contributors_enabled><created_at type="string">Fri Sep 18 14:10:11 +0000 2009</created_at><description type="string">All things Oxfam in the North West of England</description><favourites_count type="number">51</favourites_count><followers_count type="number">350</followers_count><following class="object" null="true"/><friends_count type="number">554</friends_count><geo_enabled type="boolean">true</geo_enabled><id type="number">75288782</id><lang type="string">en</lang><location type="string">Manchester</location><name type="string">Oxfam North West</name><notifications class="object" null="true"/><profile_background_color type="string">B2DFDA</profile_background_color><profile_background_image_url type="string">http://a1.twimg.com/profile_background_images/74174006/twitterProfilePhoto.jpg</profile_background_image_url><profile_background_tile type="boolean">false</profile_background_tile><profile_image_url type="string">http://a3.twimg.com/profile_images/688071059/twitterProfilePhoto_normal.jpg</profile_image_url><profile_link_color type="string">93A644</profile_link_color><profile_sidebar_border_color type="string">eeeeee</profile_sidebar_border_color><profile_sidebar_fill_color type="string">ffffff</profile_sidebar_fill_color><profile_text_color type="string">333333</profile_text_color><protected type="boolean">false</protected><screen_name type="string">oxfamnorthwest</screen_name><statuses_count type="number">360</statuses_count><time_zone type="string">London</time_zone><url type="string">http://www.oxfam.org.uk/get_involved/campaign/north-west/</url><utc_offset type="number">0</utc_offset><verified type="boolean">false</verified></user></o>
