<?xml version="1.0" encoding="UTF-8"?>
<o><contributors class="object" null="true"/><coordinates class="object" null="true"/><created_at type="string">Thu Mar 25 21:36:54 +0000 2010</created_at><favorited type="boolean">false</favorited><geo class="object" null="true"/><id type="number">11054545394</id><in_reply_to_screen_name class="object" null="true"/><in_reply_to_status_id class="object" null="true"/><in_reply_to_user_id class="object" null="true"/><place class="object" null="true"/><source type="string">&lt;a href="http://www.tweetdeck.com/" rel="nofollow"&gt;TweetDeck&lt;/a&gt;</source><text type="string">The polls suggest that everything is still to play for but the momentum is clearly with Labour...from The Times</text><truncated type="boolean">false</truncated><user class="object"><contributors_enabled type="boolean">false</contributors_enabled><created_at type="string">Sat Mar 28 16:18:39 +0000 2009</created_at><description type="string">Teacher, Labour Party and NUT member and Papist</description><favourites_count type="number">1</favourites_count><followers_count type="number">271</followers_count><following class="object" null="true"/><friends_count type="number">375</friends_count><geo_enabled type="boolean">true</geo_enabled><id type="number">27255816</id><lang type="string">en</lang><location type="string">Brighton</location><name type="string">Ron Gordon</name><notifications class="object" null="true"/><profile_background_color type="string">352726</profile_background_color><profile_background_image_url type="string">http://a3.twimg.com/profile_background_images/67496145/x0e0159872a10be58f251fdb4b5951d8.png</profile_background_image_url><profile_background_tile type="boolean">true</profile_background_tile><profile_image_url type="string">http://a3.twimg.com/profile_images/762378681/Capture3_normal.PNG</profile_image_url><profile_link_color type="string">D02B55</profile_link_color><profile_sidebar_border_color type="string">829D5E</profile_sidebar_border_color><profile_sidebar_fill_color type="string">99CC33</profile_sidebar_fill_color><profile_text_color type="string">3E4415</profile_text_color><protected type="boolean">false</protected><screen_name type="string">ronggordon</screen_name><statuses_count type="number">1754</statuses_count><time_zone type="string">London</time_zone><url type="string">http://ronniegordon.wordpress.com/</url><utc_offset type="number">0</utc_offset><verified type="boolean">false</verified></user></o>
