<?xml version="1.0" encoding="UTF-8"?>
<o><contributors class="object" null="true"/><coordinates class="object" null="true"/><created_at type="string">Thu Mar 25 21:05:34 +0000 2010</created_at><favorited type="boolean">false</favorited><geo class="object" null="true"/><id type="number">11053281376</id><in_reply_to_screen_name class="object" null="true"/><in_reply_to_status_id class="object" null="true"/><in_reply_to_user_id class="object" null="true"/><place class="object" null="true"/><source type="string">&lt;a href="http://www.atebits.com/" rel="nofollow"&gt;Tweetie&lt;/a&gt;</source><text type="string">Labour's huge gain in the polls today... may I suggest... sampling error..?</text><truncated type="boolean">false</truncated><user class="object"><contributors_enabled type="boolean">false</contributors_enabled><created_at type="string">Sat Jan 17 08:35:23 +0000 2009</created_at><description type="string">Head of Strategy and Planning, Facebook</description><favourites_count type="number">27</favourites_count><followers_count type="number">411</followers_count><following class="object" null="true"/><friends_count type="number">161</friends_count><geo_enabled type="boolean">true</geo_enabled><id type="number">19105204</id><lang type="string">en</lang><location type="string">ÜT: 24.681436,46.695152</location><name type="string">Trevor Johnson</name><notifications class="object" null="true"/><profile_background_color type="string">1A1B1F</profile_background_color><profile_background_image_url type="string">http://s.twimg.com/a/1269387398/images/themes/theme9/bg.gif</profile_background_image_url><profile_background_tile type="boolean">false</profile_background_tile><profile_image_url type="string">http://a1.twimg.com/profile_images/737773642/image_normal.jpg</profile_image_url><profile_link_color type="string">2FC2EF</profile_link_color><profile_sidebar_border_color type="string">181A1E</profile_sidebar_border_color><profile_sidebar_fill_color type="string">252429</profile_sidebar_fill_color><profile_text_color type="string">666666</profile_text_color><protected type="boolean">false</protected><screen_name type="string">UKTrevor</screen_name><statuses_count type="number">435</statuses_count><time_zone type="string">London</time_zone><url type="string">http://www.facebook.com/trevorjohnsonuk</url><utc_offset type="number">0</utc_offset><verified type="boolean">false</verified></user></o>
