<?xml version="1.0" encoding="UTF-8"?>
<o><contributors class="object" null="true"/><coordinates class="object" null="true"/><created_at type="string">Thu Mar 25 21:11:30 +0000 2010</created_at><favorited type="boolean">false</favorited><geo class="object" null="true"/><id type="number">11053516145</id><in_reply_to_screen_name class="object" null="true"/><in_reply_to_status_id class="object" null="true"/><in_reply_to_user_id class="object" null="true"/><place class="object" null="true"/><source type="string">web</source><text type="string">HATES LABOUR! But I must admit Peter Mandelson is bloody good. It's difficult to beat him.</text><truncated type="boolean">false</truncated><user class="object"><contributors_enabled type="boolean">false</contributors_enabled><created_at type="string">Mon Jan 26 14:52:23 +0000 2009</created_at><description type="string">conservative activist,international athlete, enterpreneur,pianist.Interested in politics,music.Like blogging.</description><favourites_count type="number">7</favourites_count><followers_count type="number">95</followers_count><following class="object" null="true"/><friends_count type="number">174</friends_count><geo_enabled type="boolean">true</geo_enabled><id type="number">19537430</id><lang type="string">en</lang><location type="string">Hastings, England, South East.</location><name type="string">anna sabetian</name><notifications class="object" null="true"/><profile_background_color type="string">642D8B</profile_background_color><profile_background_image_url type="string">http://s.twimg.com/a/1269387398/images/themes/theme10/bg.gif</profile_background_image_url><profile_background_tile type="boolean">true</profile_background_tile><profile_image_url type="string">http://a1.twimg.com/profile_images/774188666/spring_forum_brighton_2010_003_normal.JPG</profile_image_url><profile_link_color type="string">FF0000</profile_link_color><profile_sidebar_border_color type="string">65B0DA</profile_sidebar_border_color><profile_sidebar_fill_color type="string">7AC3EE</profile_sidebar_fill_color><profile_text_color type="string">3D1957</profile_text_color><protected type="boolean">false</protected><screen_name type="string">anna346</screen_name><statuses_count type="number">178</statuses_count><time_zone type="string">London</time_zone><url class="object" null="true"/><utc_offset type="number">0</utc_offset><verified type="boolean">false</verified></user></o>
