<?xml version="1.0" encoding="UTF-8"?>
<o><contributors class="object" null="true"/><coordinates class="object" null="true"/><created_at type="string">Thu Mar 25 20:39:29 +0000 2010</created_at><favorited type="boolean">false</favorited><geo class="object" null="true"/><id type="number">11052253107</id><in_reply_to_screen_name type="string">HouseofTwits</in_reply_to_screen_name><in_reply_to_status_id type="number">11052093760</in_reply_to_status_id><in_reply_to_user_id type="number">30193517</in_reply_to_user_id><place class="object" null="true"/><source type="string">web</source><text type="string">@HouseofTwits Oh dear... he is my MP (I've just moved) I vote labour... but not keen on authoritarians :-)</text><truncated type="boolean">false</truncated><user class="object"><contributors_enabled type="boolean">false</contributors_enabled><created_at type="string">Sun Jun 01 12:19:14 +0000 2008</created_at><description type="string">Blawger and Rioja drinker</description><favourites_count type="number">514</favourites_count><followers_count type="number">1820</followers_count><following class="object" null="true"/><friends_count type="number">346</friends_count><geo_enabled type="boolean">false</geo_enabled><id type="number">14971048</id><lang type="string">en</lang><location type="string">London</location><name type="string">Charonqc</name><notifications class="object" null="true"/><profile_background_color type="string">9ae4e8</profile_background_color><profile_background_image_url type="string">http://a3.twimg.com/profile_background_images/37059157/twilk_background.jpg</profile_background_image_url><profile_background_tile type="boolean">true</profile_background_tile><profile_image_url type="string">http://a1.twimg.com/profile_images/740312556/twitterProfilePhoto_normal.jpg</profile_image_url><profile_link_color type="string">0000ff</profile_link_color><profile_sidebar_border_color type="string">87bc44</profile_sidebar_border_color><profile_sidebar_fill_color type="string">e0ff92</profile_sidebar_fill_color><profile_text_color type="string">000000</profile_text_color><protected type="boolean">false</protected><screen_name type="string">Charonqc</screen_name><statuses_count type="number">39967</statuses_count><time_zone type="string">London</time_zone><url type="string">http://charonqc.wordpress.com</url><utc_offset type="number">0</utc_offset><verified type="boolean">false</verified></user></o>
