<?xml version="1.0" encoding="UTF-8"?>
<o><contributors class="object" null="true"/><coordinates class="object" null="true"/><created_at type="string">Thu Mar 25 20:39:40 +0000 2010</created_at><favorited type="boolean">false</favorited><geo class="object" null="true"/><id type="number">11052259884</id><in_reply_to_screen_name class="object" null="true"/><in_reply_to_status_id class="object" null="true"/><in_reply_to_user_id class="object" null="true"/><place class="object" null="true"/><source type="string">&lt;a href="http://www.tweetdeck.com/" rel="nofollow"&gt;TweetDeck&lt;/a&gt;</source><text type="string">RT @gedrobinson: Anyone who is seriously contemplating voting LibDem should take heed of #LeedsCouncil #VoteFodderForTheTories</text><truncated type="boolean">false</truncated><user class="object"><contributors_enabled type="boolean">false</contributors_enabled><created_at type="string">Wed Apr 22 14:59:37 +0000 2009</created_at><description type="string">Labour Supporting Guardian Reader, Atheist, Wine Drinker, Part-Time Liberal Blogger &amp; @stonewalluk E-campaigner.</description><favourites_count type="number">28</favourites_count><followers_count type="number">831</followers_count><following class="object" null="true"/><friends_count type="number">395</friends_count><geo_enabled type="boolean">false</geo_enabled><id type="number">34293782</id><lang type="string">en</lang><location type="string">iPhone: 0.000000,0.000000</location><name type="string">Ben Cooper</name><notifications class="object" null="true"/><profile_background_color type="string">ffffff</profile_background_color><profile_background_image_url type="string">http://a3.twimg.com/profile_background_images/75013629/labour-1957-poster.jpg</profile_background_image_url><profile_background_tile type="boolean">true</profile_background_tile><profile_image_url type="string">http://a1.twimg.com/profile_images/772434876/twitterProfilePhoto_normal.jpg</profile_image_url><profile_link_color type="string">ff0009</profile_link_color><profile_sidebar_border_color type="string">48ff00</profile_sidebar_border_color><profile_sidebar_fill_color type="string">79ff4c</profile_sidebar_fill_color><profile_text_color type="string">000000</profile_text_color><protected type="boolean">false</protected><screen_name type="string">BenCooper86</screen_name><statuses_count type="number">13323</statuses_count><time_zone type="string">London</time_zone><url type="string">http://bencooper86.wordpress.com/</url><utc_offset type="number">0</utc_offset><verified type="boolean">false</verified></user></o>
