<?xml version="1.0" encoding="UTF-8"?>
<o><contributors class="object" null="true"/><coordinates class="object" null="true"/><created_at type="string">Thu Mar 25 21:45:34 +0000 2010</created_at><favorited type="boolean">false</favorited><geo class="object" null="true"/><id type="number">11054896188</id><in_reply_to_screen_name class="object" null="true"/><in_reply_to_status_id class="object" null="true"/><in_reply_to_user_id class="object" null="true"/><place class="object" null="true"/><source type="string">&lt;a href="http://friendfeed.com" rel="nofollow"&gt;FriendFeed&lt;/a&gt;</source><text type="string">Tory Burch Debuts a Grateful Dead Homage http://ff.im/i7e3K</text><truncated type="boolean">false</truncated><user class="object"><contributors_enabled type="boolean">false</contributors_enabled><created_at type="string">Wed Sep 24 02:41:08 +0000 2008</created_at><description type="string">eco-conscious fashionista entrepreneur building the House of CMar and sustainable fashion community builder in NYC</description><favourites_count type="number">16</favourites_count><followers_count type="number">1124</followers_count><following class="object" null="true"/><friends_count type="number">961</friends_count><geo_enabled type="boolean">false</geo_enabled><id type="number">16429482</id><lang type="string">en</lang><location type="string">New York City and the World</location><name type="string">c.marchuska</name><notifications class="object" null="true"/><profile_background_color type="string">EDECE9</profile_background_color><profile_background_image_url type="string">http://a3.twimg.com/profile_background_images/53881043/twitter_pic.jpg</profile_background_image_url><profile_background_tile type="boolean">true</profile_background_tile><profile_image_url type="string">http://a3.twimg.com/profile_images/773390957/c._marchuska_image_normal.jpg</profile_image_url><profile_link_color type="string">088253</profile_link_color><profile_sidebar_border_color type="string">D3D2CF</profile_sidebar_border_color><profile_sidebar_fill_color type="string">E3E2DE</profile_sidebar_fill_color><profile_text_color type="string">634047</profile_text_color><protected type="boolean">false</protected><screen_name type="string">cmarchuska</screen_name><statuses_count type="number">2774</statuses_count><time_zone type="string">Central Time (US &amp; Canada)</time_zone><url type="string">http://www.cmarchuska.com</url><utc_offset type="number">-21600</utc_offset><verified type="boolean">false</verified></user></o>
