<?xml version="1.0" encoding="UTF-8"?>
<o><contributors class="object" null="true"/><coordinates class="object" null="true"/><created_at type="string">Thu Mar 25 20:26:17 +0000 2010</created_at><favorited type="boolean">false</favorited><geo class="object" null="true"/><id type="number">11051724843</id><in_reply_to_screen_name class="object" null="true"/><in_reply_to_status_id class="object" null="true"/><in_reply_to_user_id class="object" null="true"/><place class="object" null="true"/><retweeted_status class="object"><contributors class="object" null="true"/><coordinates class="object" null="true"/><created_at type="string">Thu Mar 25 19:48:37 +0000 2010</created_at><favorited type="boolean">false</favorited><geo class="object" null="true"/><id type="number">11050254434</id><in_reply_to_screen_name class="object" null="true"/><in_reply_to_status_id class="object" null="true"/><in_reply_to_user_id class="object" null="true"/><place class="object" null="true"/><source type="string">web</source><text type="string">Road to nowhere? At today's hustings event, neither Labour nor Conservative would commit their would-be governments to dualling the A453</text><truncated type="boolean">false</truncated><user class="object"><contributors_enabled type="boolean">false</contributors_enabled><created_at type="string">Sat Feb 13 00:29:20 +0000 2010</created_at><description type="string">From the Nottingham Post Business Desk</description><favourites_count type="number">0</favourites_count><followers_count type="number">42</followers_count><following class="object" null="true"/><friends_count type="number">13</friends_count><geo_enabled type="boolean">false</geo_enabled><id type="number">113771982</id><lang type="string">en</lang><location type="string">Nottingham</location><name type="string">thisisnottingham/biz</name><notifications class="object" null="true"/><profile_background_color type="string">9ae4e8</profile_background_color><profile_background_image_url type="string">http://s.twimg.com/a/1269281712/images/themes/theme1/bg.png</profile_background_image_url><profile_background_tile type="boolean">false</profile_background_tile><profile_image_url type="string">http://s.twimg.com/a/1269281712/images/default_profile_2_normal.png</profile_image_url><profile_link_color type="string">0000ff</profile_link_color><profile_sidebar_border_color type="string">87bc44</profile_sidebar_border_color><profile_sidebar_fill_color type="string">e0ff92</profile_sidebar_fill_color><profile_text_color type="string">000000</profile_text_color><protected type="boolean">false</protected><screen_name type="string">NottsPostBiz</screen_name><statuses_count type="number">127</statuses_count><time_zone type="string">London</time_zone><url type="string">http://thisisbusinesseastmidlands.co.uk</url><utc_offset type="number">0</utc_offset><verified type="boolean">false</verified></user></retweeted_status><source type="string">web</source><text type="string">RT @NottsPostBiz: Road to nowhere? At today's hustings event, neither Labour nor Conservative would commit their would-be governments to ...</text><truncated type="boolean">true</truncated><user class="object"><contributors_enabled type="boolean">false</contributors_enabled><created_at type="string">Thu Jan 22 09:24:39 +0000 2009</created_at><description type="string">Writer/account director at PR agency Tweeting about journalism, PR, politics, books and owt I find interesting. (Some work Tweets, mostly own thoughts).</description><favourites_count type="number">1</favourites_count><followers_count type="number">92</followers_count><following class="object" null="true"/><friends_count type="number">82</friends_count><geo_enabled type="boolean">false</geo_enabled><id type="number">19332274</id><lang type="string">en</lang><location type="string">Nottingham, UK</location><name type="string">Wayne Swiffin</name><notifications class="object" null="true"/><profile_background_color type="string">1A1B1F</profile_background_color><profile_background_image_url type="string">http://a3.twimg.com/profile_background_images/58905233/IMG00276.jpg</profile_background_image_url><profile_background_tile type="boolean">false</profile_background_tile><profile_image_url type="string">http://a3.twimg.com/profile_images/339286051/Wayne_Swiffin_comp_normal.JPG</profile_image_url><profile_link_color type="string">2FC2EF</profile_link_color><profile_sidebar_border_color type="string">181A1E</profile_sidebar_border_color><profile_sidebar_fill_color type="string">252429</profile_sidebar_fill_color><profile_text_color type="string">666666</profile_text_color><protected type="boolean">false</protected><screen_name type="string">Swiffin</screen_name><statuses_count type="number">330</statuses_count><time_zone type="string">London</time_zone><url type="string">http://swiffin.blogspot.com/</url><utc_offset type="number">0</utc_offset><verified type="boolean">false</verified></user></o>
