<?xml version="1.0" encoding="UTF-8"?>
<o><contributors class="object" null="true"/><coordinates class="object" null="true"/><created_at type="string">Thu Mar 25 20:28:02 +0000 2010</created_at><favorited type="boolean">false</favorited><geo class="object" null="true"/><id type="number">11051794395</id><in_reply_to_screen_name class="object" null="true"/><in_reply_to_status_id class="object" null="true"/><in_reply_to_user_id class="object" null="true"/><place class="object" null="true"/><source type="string">&lt;a href="http://twitterfeed.com" rel="nofollow"&gt;twitterfeed&lt;/a&gt;</source><text type="string">'Tories' e 'Labour' fazem campanha no Facebook: David Cameron e Gordon Brown estão a usar as redes sociais para ca... http://bit.ly/aB07gc</text><truncated type="boolean">false</truncated><user class="object"><contributors_enabled type="boolean">false</contributors_enabled><created_at type="string">Sat Nov 21 18:16:28 +0000 2009</created_at><description type="string">Todas as notícias de economia em Portugal</description><favourites_count type="number">0</favourites_count><followers_count type="number">5019</followers_count><following class="object" null="true"/><friends_count type="number">5220</friends_count><geo_enabled type="boolean">true</geo_enabled><id type="number">91623867</id><lang type="string">en</lang><location type="string">Lisboa</location><name type="string">Economia Portugal</name><notifications class="object" null="true"/><profile_background_color type="string">9ae4e8</profile_background_color><profile_background_image_url type="string">http://s.twimg.com/a/1269020849/images/themes/theme1/bg.png</profile_background_image_url><profile_background_tile type="boolean">false</profile_background_tile><profile_image_url type="string">http://a1.twimg.com/profile_images/537336636/economia_portugal_normal.jpg</profile_image_url><profile_link_color type="string">0000ff</profile_link_color><profile_sidebar_border_color type="string">87bc44</profile_sidebar_border_color><profile_sidebar_fill_color type="string">e0ff92</profile_sidebar_fill_color><profile_text_color type="string">000000</profile_text_color><protected type="boolean">false</protected><screen_name type="string">economiaportuga</screen_name><statuses_count type="number">9692</statuses_count><time_zone type="string">Lisbon</time_zone><url class="object" null="true"/><utc_offset type="number">0</utc_offset><verified type="boolean">false</verified></user></o>
