<?xml version="1.0" encoding="UTF-8"?>
<o><contributors class="object" null="true"/><coordinates class="object" null="true"/><created_at type="string">Thu Mar 25 20:22:15 +0000 2010</created_at><favorited type="boolean">false</favorited><geo class="object" null="true"/><id type="number">11051565410</id><in_reply_to_screen_name class="object" null="true"/><in_reply_to_status_id class="object" null="true"/><in_reply_to_user_id class="object" null="true"/><place class="object" null="true"/><retweeted_status class="object"><contributors class="object" null="true"/><coordinates class="object" null="true"/><created_at type="string">Wed Mar 24 23:01:14 +0000 2010</created_at><favorited type="boolean">false</favorited><geo class="object" null="true"/><id type="number">11003233818</id><in_reply_to_screen_name class="object" null="true"/><in_reply_to_status_id class="object" null="true"/><in_reply_to_user_id class="object" null="true"/><place class="object" null="true"/><source type="string">web</source><text type="string">Panorama tonight showed #Fairtrade at least has system to tackle child labour. Which is more than can be said about most choc companies</text><truncated type="boolean">false</truncated><user class="object"><contributors_enabled type="boolean">false</contributors_enabled><created_at type="string">Tue Jun 24 22:40:30 +0000 2008</created_at><description type="string">Campaigner, chocolate addict, Fairtrade activist and BWFC fan!</description><favourites_count type="number">2</favourites_count><followers_count type="number">360</followers_count><following class="object" null="true"/><friends_count type="number">271</friends_count><geo_enabled type="boolean">false</geo_enabled><id type="number">15224898</id><lang type="string">en</lang><location type="string">Ivory Coast</location><name type="string">Barbara Crowther</name><notifications class="object" null="true"/><profile_background_color type="string">9AE4E8</profile_background_color><profile_background_image_url type="string">http://a3.twimg.com/profile_background_images/5296709/iceland_aug08_152.jpg</profile_background_image_url><profile_background_tile type="boolean">true</profile_background_tile><profile_image_url type="string">http://a3.twimg.com/profile_images/773679387/mary_mungo_normal.jpg</profile_image_url><profile_link_color type="string">0084B4</profile_link_color><profile_sidebar_border_color type="string">BDDCAD</profile_sidebar_border_color><profile_sidebar_fill_color type="string">DDFFCC</profile_sidebar_fill_color><profile_text_color type="string">333333</profile_text_color><protected type="boolean">false</protected><screen_name type="string">chocoholix</screen_name><statuses_count type="number">475</statuses_count><time_zone type="string">London</time_zone><url class="object" null="true"/><utc_offset type="number">0</utc_offset><verified type="boolean">false</verified></user></retweeted_status><source type="string">web</source><text type="string">RT @chocoholix: Panorama tonight showed #Fairtrade at least has system to tackle child labour. Which is more than can be said about most ...</text><truncated type="boolean">true</truncated><user class="object"><contributors_enabled type="boolean">false</contributors_enabled><created_at type="string">Mon Mar 30 22:35:17 +0000 2009</created_at><description type="string">consultant in responsible fashion and textiles among other things</description><favourites_count type="number">11</favourites_count><followers_count type="number">12</followers_count><following class="object" null="true"/><friends_count type="number">40</friends_count><geo_enabled type="boolean">false</geo_enabled><id type="number">27748943</id><lang type="string">en</lang><location type="string">London,Paris, Domfront, </location><name type="string">Mo Tomaney</name><notifications class="object" null="true"/><profile_background_color type="string">C0DEED</profile_background_color><profile_background_image_url type="string">http://a3.twimg.com/profile_background_images/47690651/Image003.jpg</profile_background_image_url><profile_background_tile type="boolean">false</profile_background_tile><profile_image_url type="string">http://a1.twimg.com/profile_images/555741680/P1000087_2_normal.JPG</profile_image_url><profile_link_color type="string">0084B4</profile_link_color><profile_sidebar_border_color type="string">C0DEED</profile_sidebar_border_color><profile_sidebar_fill_color type="string">DDEEF6</profile_sidebar_fill_color><profile_text_color type="string">333333</profile_text_color><protected type="boolean">false</protected><screen_name type="string">motomaney</screen_name><statuses_count type="number">51</statuses_count><time_zone type="string">London</time_zone><url class="object" null="true"/><utc_offset type="number">0</utc_offset><verified type="boolean">false</verified></user></o>
