<?xml version="1.0" encoding="UTF-8"?>
<o><contributors class="object" null="true"/><coordinates class="object" null="true"/><created_at type="string">Thu Mar 25 20:10:47 +0000 2010</created_at><favorited type="boolean">false</favorited><geo class="object" null="true"/><id type="number">11051117930</id><in_reply_to_screen_name class="object" null="true"/><in_reply_to_status_id class="object" null="true"/><in_reply_to_user_id class="object" null="true"/><place class="object" null="true"/><source type="string">&lt;a href="http://twitterfeed.com" rel="nofollow"&gt;twitterfeed&lt;/a&gt;</source><text type="string">RT @webtraffic101: CN reaches tentative labour agreement with Canada-based rail traffic controllers (CNW Group via Yahoo! Finance) htt...</text><truncated type="boolean">false</truncated><user class="object"><contributors_enabled type="boolean">false</contributors_enabled><created_at type="string">Sat Feb 13 15:37:05 +0000 2010</created_at><description type="string"/><favourites_count type="number">0</favourites_count><followers_count type="number">251</followers_count><following class="object" null="true"/><friends_count type="number">250</friends_count><geo_enabled type="boolean">false</geo_enabled><id type="number">113949728</id><lang type="string">es</lang><location type="string">España</location><name type="string">paco frances</name><notifications class="object" null="true"/><profile_background_color type="string">022330</profile_background_color><profile_background_image_url type="string">http://s.twimg.com/a/1269281712/images/themes/theme15/bg.png</profile_background_image_url><profile_background_tile type="boolean">false</profile_background_tile><profile_image_url type="string">http://a3.twimg.com/profile_images/701806859/lince1_normal.jpg</profile_image_url><profile_link_color type="string">0084B4</profile_link_color><profile_sidebar_border_color type="string">a8c7f7</profile_sidebar_border_color><profile_sidebar_fill_color type="string">C0DFEC</profile_sidebar_fill_color><profile_text_color type="string">333333</profile_text_color><protected type="boolean">false</protected><screen_name type="string">PacoFrances</screen_name><statuses_count type="number">2368</statuses_count><time_zone type="string">Madrid</time_zone><url type="string">http://www.activoplus.com</url><utc_offset type="number">3600</utc_offset><verified type="boolean">false</verified></user></o>
