<?xml version="1.0" encoding="UTF-8"?>
<o><contributors class="object" null="true"/><coordinates class="object" null="true"/><created_at type="string">Thu Mar 25 20:31:55 +0000 2010</created_at><favorited type="boolean">false</favorited><geo class="object" null="true"/><id type="number">11051952937</id><in_reply_to_screen_name class="object" null="true"/><in_reply_to_status_id class="object" null="true"/><in_reply_to_user_id class="object" null="true"/><place class="object" null="true"/><source type="string">&lt;a href="http://weread.com" rel="nofollow"&gt;weread&lt;/a&gt;</source><text type="string">owns a copy of The Birds: Life Nature Library by Roger Tory &amp; Editors of Time-... - http://bit.ly/aWf9O5</text><truncated type="boolean">false</truncated><user class="object"><contributors_enabled type="boolean">false</contributors_enabled><created_at type="string">Mon May 11 15:07:40 +0000 2009</created_at><description type="string">Hi Everyone...! </description><favourites_count type="number">0</favourites_count><followers_count type="number">9</followers_count><following class="object" null="true"/><friends_count type="number">1</friends_count><geo_enabled type="boolean">false</geo_enabled><id type="number">39268087</id><lang type="string">en</lang><location type="string">Gandhidham</location><name type="string">Prabhat Sharma</name><notifications class="object" null="true"/><profile_background_color type="string">709397</profile_background_color><profile_background_image_url type="string">http://s.twimg.com/a/1269387398/images/themes/theme6/bg.gif</profile_background_image_url><profile_background_tile type="boolean">false</profile_background_tile><profile_image_url type="string">http://s.twimg.com/a/1269387398/images/default_profile_5_normal.png</profile_image_url><profile_link_color type="string">FF3300</profile_link_color><profile_sidebar_border_color type="string">86A4A6</profile_sidebar_border_color><profile_sidebar_fill_color type="string">A0C5C7</profile_sidebar_fill_color><profile_text_color type="string">333333</profile_text_color><protected type="boolean">false</protected><screen_name type="string">Prabhatps</screen_name><statuses_count type="number">2</statuses_count><time_zone type="string">Mumbai</time_zone><url type="string">http://www.flickr.com/photos/prabhatps</url><utc_offset type="number">19800</utc_offset><verified type="boolean">false</verified></user></o>
