<?xml version="1.0" encoding="UTF-8"?>
<o><contributors class="object" null="true"/><coordinates class="object" null="true"/><created_at type="string">Thu Mar 25 20:08:13 +0000 2010</created_at><favorited type="boolean">false</favorited><geo class="object" null="true"/><id type="number">11051017185</id><in_reply_to_screen_name class="object" null="true"/><in_reply_to_status_id class="object" null="true"/><in_reply_to_user_id class="object" null="true"/><place class="object" null="true"/><source type="string">web</source><text type="string">I was talking about the Tory party and Methadrone and she told me I'm disgustin</text><truncated type="boolean">false</truncated><user class="object"><contributors_enabled type="boolean">false</contributors_enabled><created_at type="string">Fri May 22 18:48:54 +0000 2009</created_at><description type="string">I'm Sarah. I love David Tennant! I like Snowboarding, Paint balling and Go-karting. DT is my main focus though. I want to go to AFC Harrogate when I leave skwl.</description><favourites_count type="number">0</favourites_count><followers_count type="number">135</followers_count><following class="object" null="true"/><friends_count type="number">105</friends_count><geo_enabled type="boolean">false</geo_enabled><id type="number">41874747</id><lang type="string">en</lang><location type="string">Gallifrey</location><name type="string">Sarah Rimmer</name><notifications class="object" null="true"/><profile_background_color type="string">1A1B1F</profile_background_color><profile_background_image_url type="string">http://a3.twimg.com/profile_background_images/80166315/Voyage_Of_The_Damed.jpg</profile_background_image_url><profile_background_tile type="boolean">true</profile_background_tile><profile_image_url type="string">http://a3.twimg.com/profile_images/695482077/Twitter_normal.png</profile_image_url><profile_link_color type="string">2FC2EF</profile_link_color><profile_sidebar_border_color type="string">181A1E</profile_sidebar_border_color><profile_sidebar_fill_color type="string">252429</profile_sidebar_fill_color><profile_text_color type="string">666666</profile_text_color><protected type="boolean">false</protected><screen_name type="string">SarahDTlover</screen_name><statuses_count type="number">2182</statuses_count><time_zone type="string">London</time_zone><url type="string">http://Facebook.com/firebolt59</url><utc_offset type="number">0</utc_offset><verified type="boolean">false</verified></user></o>
