<?xml version="1.0" encoding="UTF-8"?>
<o><contributors class="object" null="true"/><coordinates class="object" null="true"/><created_at type="string">Thu Mar 25 21:11:10 +0000 2010</created_at><favorited type="boolean">false</favorited><geo class="object" null="true"/><id type="number">11053502711</id><in_reply_to_screen_name class="object" null="true"/><in_reply_to_status_id class="object" null="true"/><in_reply_to_user_id class="object" null="true"/><place class="object" null="true"/><source type="string">&lt;a href="/devices" rel="nofollow"&gt;txt&lt;/a&gt;</source><text type="string">Diane Abbott &amp; Meg Hillier, 2 wonderfl @uklabour Hackney MPs; jst inspiring &amp;great. "Remember Hackney b4 a Labour-led Council; vote wise"</text><truncated type="boolean">false</truncated><user class="object"><contributors_enabled type="boolean">false</contributors_enabled><created_at type="string">Wed Jan 28 08:55:10 +0000 2009</created_at><description type="string">Human Rights &amp; LGBT activist/campaigner. Politics, HIV awreness &amp; prevention and poetry.</description><favourites_count type="number">16</favourites_count><followers_count type="number">248</followers_count><following class="object" null="true"/><friends_count type="number">150</friends_count><geo_enabled type="boolean">true</geo_enabled><id type="number">19642527</id><lang type="string">en</lang><location type="string">Dalston, London E8</location><name type="string">Godwyns Onwuchekwa</name><notifications class="object" null="true"/><profile_background_color type="string">642D8B</profile_background_color><profile_background_image_url type="string">http://s.twimg.com/a/1269387398/images/themes/theme10/bg.gif</profile_background_image_url><profile_background_tile type="boolean">true</profile_background_tile><profile_image_url type="string">http://a3.twimg.com/profile_images/733032995/telegraphPic_normal.jpg</profile_image_url><profile_link_color type="string">FF0000</profile_link_color><profile_sidebar_border_color type="string">65B0DA</profile_sidebar_border_color><profile_sidebar_fill_color type="string">7AC3EE</profile_sidebar_fill_color><profile_text_color type="string">3D1957</profile_text_color><protected type="boolean">false</protected><screen_name type="string">godwyns</screen_name><statuses_count type="number">3882</statuses_count><time_zone type="string">London</time_zone><url type="string">http://www.godwyns.com</url><utc_offset type="number">0</utc_offset><verified type="boolean">false</verified></user></o>
