<?xml version="1.0" encoding="UTF-8"?>
<o><contributors class="object" null="true"/><coordinates class="object" null="true"/><created_at type="string">Thu Mar 25 20:32:21 +0000 2010</created_at><favorited type="boolean">false</favorited><geo class="object" null="true"/><id type="number">11051969940</id><in_reply_to_screen_name class="object" null="true"/><in_reply_to_status_id class="object" null="true"/><in_reply_to_user_id class="object" null="true"/><place class="object" null="true"/><source type="string">&lt;a href="http://tweetmeme.com" rel="nofollow"&gt;TweetMeme&lt;/a&gt;</source><text type="string">38 Degrees | Don't rush through extreme web laws http://bit.ly/dBaMcg Use this link to easily email your MP to urge Labour to debate fairly</text><truncated type="boolean">false</truncated><user class="object"><contributors_enabled type="boolean">false</contributors_enabled><created_at type="string">Sat Feb 06 19:45:29 +0000 2010</created_at><description type="string">43 y/o married to a 20-something Brazilian (curiously HE is coy about his age!). Atheist, Lib. Democrats supporter working for a traditional London gun-maker.</description><favourites_count type="number">1</favourites_count><followers_count type="number">28</followers_count><following class="object" null="true"/><friends_count type="number">56</friends_count><geo_enabled type="boolean">true</geo_enabled><id type="number">111966379</id><lang type="string">en</lang><location type="string">51.490539,-0.1199</location><name type="string">Steve Mills</name><notifications class="object" null="true"/><profile_background_color type="string">E6A61F</profile_background_color><profile_background_image_url type="string">http://a1.twimg.com/profile_background_images/82729302/x92e004526d92eab3b99d01248ab720b.png</profile_background_image_url><profile_background_tile type="boolean">true</profile_background_tile><profile_image_url type="string">http://a3.twimg.com/profile_images/681075811/IMG_2244_2_2_normal.JPG</profile_image_url><profile_link_color type="string">0A798D</profile_link_color><profile_sidebar_border_color type="string">0B6D2F</profile_sidebar_border_color><profile_sidebar_fill_color type="string">E6A61F</profile_sidebar_fill_color><profile_text_color type="string">BD0303</profile_text_color><protected type="boolean">false</protected><screen_name type="string">SteveHMills</screen_name><statuses_count type="number">80</statuses_count><time_zone type="string">London</time_zone><url class="object" null="true"/><utc_offset type="number">0</utc_offset><verified type="boolean">false</verified></user></o>
