<?xml version="1.0" encoding="UTF-8"?>
<o><contributors class="object" null="true"/><coordinates class="object" null="true"/><created_at type="string">Thu Mar 25 21:27:39 +0000 2010</created_at><favorited type="boolean">false</favorited><geo class="object" null="true"/><id type="number">11054167562</id><in_reply_to_screen_name type="string">MythBusters</in_reply_to_screen_name><in_reply_to_status_id type="number">11041548888</in_reply_to_status_id><in_reply_to_user_id type="number">52146755</in_reply_to_user_id><place class="object" null="true"/><source type="string">&lt;a href="http://echofon.com/" rel="nofollow"&gt;Echofon&lt;/a&gt;</source><text type="string">@MythBusters It's sort of mean, but I can't help but laugh every time Tory gets injured. He just begs to get hurt.</text><truncated type="boolean">false</truncated><user class="object"><contributors_enabled type="boolean">false</contributors_enabled><created_at type="string">Wed Jul 11 02:24:10 +0000 2007</created_at><description type="string">Entertainment fan. I like movies, video games, music, books and TV. I also tweet about these things once and a while, as it turns out.</description><favourites_count type="number">1</favourites_count><followers_count type="number">185</followers_count><following class="object" null="true"/><friends_count type="number">255</friends_count><geo_enabled type="boolean">true</geo_enabled><id type="number">7389942</id><lang type="string">en</lang><location type="string">NC</location><name type="string">Matthew</name><notifications class="object" null="true"/><profile_background_color type="string">131516</profile_background_color><profile_background_image_url type="string">http://s.twimg.com/a/1269387398/images/themes/theme14/bg.gif</profile_background_image_url><profile_background_tile type="boolean">true</profile_background_tile><profile_image_url type="string">http://a3.twimg.com/profile_images/595959551/100_lips_lady_GaGa_normal.jpg</profile_image_url><profile_link_color type="string">002b99</profile_link_color><profile_sidebar_border_color type="string">a300a3</profile_sidebar_border_color><profile_sidebar_fill_color type="string">51dbed</profile_sidebar_fill_color><profile_text_color type="string">333333</profile_text_color><protected type="boolean">false</protected><screen_name type="string">MattChance</screen_name><statuses_count type="number">2218</statuses_count><time_zone type="string">Eastern Time (US &amp; Canada)</time_zone><url type="string">http://UncoveredFilms.blogspot.com</url><utc_offset type="number">-18000</utc_offset><verified type="boolean">false</verified></user></o>
