<?xml version="1.0" encoding="UTF-8"?>
<o><contributors class="object" null="true"/><coordinates class="object" null="true"/><created_at type="string">Thu Mar 25 21:43:20 +0000 2010</created_at><favorited type="boolean">false</favorited><geo class="object" null="true"/><id type="number">11054804021</id><in_reply_to_screen_name class="object" null="true"/><in_reply_to_status_id class="object" null="true"/><in_reply_to_user_id class="object" null="true"/><place class="object" null="true"/><source type="string">&lt;a href="http://www.atebits.com/" rel="nofollow"&gt;Tweetie&lt;/a&gt;</source><text type="string">I helped some lifting n00bs last night, and spent most of the night loading and unloading bars. My back protests this needless manual labour</text><truncated type="boolean">false</truncated><user class="object"><contributors_enabled type="boolean">false</contributors_enabled><created_at type="string">Wed Sep 03 10:19:53 +0000 2008</created_at><description type="string">Academented gym rat &amp; all around digital dandy.</description><favourites_count type="number">22</favourites_count><followers_count type="number">629</followers_count><following class="object" null="true"/><friends_count type="number">121</friends_count><geo_enabled type="boolean">false</geo_enabled><id type="number">16110703</id><lang type="string">en</lang><location type="string">Melbourne</location><name type="string">Nerdfish</name><notifications class="object" null="true"/><profile_background_color type="string">9ae4e8</profile_background_color><profile_background_image_url type="string">http://a3.twimg.com/profile_background_images/2979531/cat_and_monkey_2.jpg</profile_background_image_url><profile_background_tile type="boolean">true</profile_background_tile><profile_image_url type="string">http://a1.twimg.com/profile_images/351683862/sting-in-dune_normal.jpg</profile_image_url><profile_link_color type="string">0000ff</profile_link_color><profile_sidebar_border_color type="string">87bc44</profile_sidebar_border_color><profile_sidebar_fill_color type="string">e0ff92</profile_sidebar_fill_color><profile_text_color type="string">000000</profile_text_color><protected type="boolean">false</protected><screen_name type="string">nerdfish</screen_name><statuses_count type="number">3429</statuses_count><time_zone type="string">Melbourne</time_zone><url type="string">http://www.motorcoconut.com</url><utc_offset type="number">36000</utc_offset><verified type="boolean">false</verified></user></o>
