<?xml version="1.0" encoding="UTF-8"?>
<o><contributors class="object" null="true"/><coordinates class="object" null="true"/><created_at type="string">Thu Mar 25 20:15:39 +0000 2010</created_at><favorited type="boolean">false</favorited><geo class="object" null="true"/><id type="number">11051305946</id><in_reply_to_screen_name class="object" null="true"/><in_reply_to_status_id class="object" null="true"/><in_reply_to_user_id class="object" null="true"/><place class="object" null="true"/><source type="string">web</source><text type="string">nickgriffin: it all passed by 283 to 278.Disgusted Tory there said they only stay for enough roll call votes to get . . http://bit.ly/90VPNp</text><truncated type="boolean">false</truncated><user class="object"><contributors_enabled type="boolean">false</contributors_enabled><created_at type="string">Mon Jun 15 14:59:27 +0000 2009</created_at><description type="string"/><favourites_count type="number">223</favourites_count><followers_count type="number">98</followers_count><following class="object" null="true"/><friends_count type="number">12</friends_count><geo_enabled type="boolean">false</geo_enabled><id type="number">47354013</id><lang type="string">en</lang><location type="string">England</location><name type="string">Cat Thomson</name><notifications class="object" null="true"/><profile_background_color type="string">FF6699</profile_background_color><profile_background_image_url type="string">http://s.twimg.com/a/1269387398/images/themes/theme10/bg.gif</profile_background_image_url><profile_background_tile type="boolean">true</profile_background_tile><profile_image_url type="string">http://a3.twimg.com/profile_images/712416225/roses_4_normal.jpg</profile_image_url><profile_link_color type="string">B40B43</profile_link_color><profile_sidebar_border_color type="string">cc33ad</profile_sidebar_border_color><profile_sidebar_fill_color type="string">E5507E</profile_sidebar_fill_color><profile_text_color type="string">362720</profile_text_color><protected type="boolean">false</protected><screen_name type="string">Cat_92uk</screen_name><statuses_count type="number">5668</statuses_count><time_zone class="object" null="true"/><url class="object" null="true"/><utc_offset class="object" null="true"/><verified type="boolean">false</verified></user></o>
