<?xml version="1.0" encoding="UTF-8"?>
<o><contributors class="object" null="true"/><coordinates class="object" null="true"/><created_at type="string">Thu Mar 25 20:35:59 +0000 2010</created_at><favorited type="boolean">false</favorited><geo class="object" null="true"/><id type="number">11052117050</id><in_reply_to_screen_name class="object" null="true"/><in_reply_to_status_id class="object" null="true"/><in_reply_to_user_id class="object" null="true"/><place class="object" null="true"/><source type="string">&lt;a href="http://www.tweetdeck.com" rel="nofollow"&gt;TweetDeck&lt;/a&gt;</source><text type="string">Logistic Labour Survey 20101 nu ook  op Slideshare: http://bit.ly/biBtnG #TempoTeam</text><truncated type="boolean">false</truncated><user class="object"><contributors_enabled type="boolean">false</contributors_enabled><created_at type="string">Fri Nov 06 08:34:42 +0000 2009</created_at><description type="string">Uitzenden | Professionals | Inhouse Services | Payrolling | Employability | Outsourcing</description><favourites_count type="number">0</favourites_count><followers_count type="number">70</followers_count><following class="object" null="true"/><friends_count type="number">34</friends_count><geo_enabled type="boolean">false</geo_enabled><id type="number">87897847</id><lang type="string">en</lang><location type="string">Netherlands, Belgium</location><name type="string">Tempo-Team</name><notifications class="object" null="true"/><profile_background_color type="string">C0DEED</profile_background_color><profile_background_image_url type="string">http://s.twimg.com/a/1269387398/images/themes/theme1/bg.png</profile_background_image_url><profile_background_tile type="boolean">false</profile_background_tile><profile_image_url type="string">http://a3.twimg.com/profile_images/517720887/tempo-team_normal.gif</profile_image_url><profile_link_color type="string">0084B4</profile_link_color><profile_sidebar_border_color type="string">C0DEED</profile_sidebar_border_color><profile_sidebar_fill_color type="string">DDEEF6</profile_sidebar_fill_color><profile_text_color type="string">333333</profile_text_color><protected type="boolean">false</protected><screen_name type="string">TempoTeam</screen_name><statuses_count type="number">85</statuses_count><time_zone class="object" null="true"/><url type="string">http://www.tempoteam.com</url><utc_offset class="object" null="true"/><verified type="boolean">false</verified></user></o>
