<?xml version="1.0" encoding="UTF-8"?>
<o><contributors class="object" null="true"/><coordinates class="object" null="true"/><created_at type="string">Thu Mar 25 20:56:25 +0000 2010</created_at><favorited type="boolean">false</favorited><geo class="object" null="true"/><id type="number">11052912843</id><in_reply_to_screen_name class="object" null="true"/><in_reply_to_status_id class="object" null="true"/><in_reply_to_user_id class="object" null="true"/><place class="object" null="true"/><source type="string">&lt;a href="http://twitterfeed.com" rel="nofollow"&gt;twitterfeed&lt;/a&gt;</source><text type="string">Truancy has rocketed under Labour: “It’s obvious that Labour’s top-down approach has failed. We need a more effect... http://bit.ly/bcnCcY</text><truncated type="boolean">false</truncated><user class="object"><contributors_enabled type="boolean">false</contributors_enabled><created_at type="string">Sun Mar 15 19:45:56 +0000 2009</created_at><description type="string"/><favourites_count type="number">0</favourites_count><followers_count type="number">174</followers_count><following class="object" null="true"/><friends_count type="number">20</friends_count><geo_enabled type="boolean">false</geo_enabled><id type="number">24573774</id><lang type="string">en</lang><location type="string">Bath and North East Somerset</location><name type="string">BathNES Lib Dems</name><notifications class="object" null="true"/><profile_background_color type="string">eaa734</profile_background_color><profile_background_image_url type="string">http://a1.twimg.com/profile_background_images/5762218/LD_Logo_own.jpg</profile_background_image_url><profile_background_tile type="boolean">true</profile_background_tile><profile_image_url type="string">http://a3.twimg.com/profile_images/97050681/BNESLDTWIT_normal.jpg</profile_image_url><profile_link_color type="string">0084B4</profile_link_color><profile_sidebar_border_color type="string">BDDCAD</profile_sidebar_border_color><profile_sidebar_fill_color type="string">fafb46</profile_sidebar_fill_color><profile_text_color type="string">333333</profile_text_color><protected type="boolean">false</protected><screen_name type="string">bathnesld</screen_name><statuses_count type="number">2196</statuses_count><time_zone class="object" null="true"/><url type="string">http://www.bathlibdems.org.uk/pages/council-index.html</url><utc_offset class="object" null="true"/><verified type="boolean">false</verified></user></o>
