<?xml version="1.0" encoding="UTF-8"?>
<o><contributors class="object" null="true"/><coordinates class="object" null="true"/><created_at type="string">Thu Mar 25 21:32:16 +0000 2010</created_at><favorited type="boolean">false</favorited><geo class="object" null="true"/><id type="number">11054357083</id><in_reply_to_screen_name class="object" null="true"/><in_reply_to_status_id class="object" null="true"/><in_reply_to_user_id class="object" null="true"/><place class="object" null="true"/><source type="string">&lt;a href="http://www.tumblr.com/" rel="nofollow"&gt;Tumblr&lt;/a&gt;</source><text type="string">Of course Labour and the Tories are different... - The Chameleon Conservatives try to change their image and... http://tumblr.com/xzy7tqyi6</text><truncated type="boolean">false</truncated><user class="object"><contributors_enabled type="boolean">false</contributors_enabled><created_at type="string">Tue Mar 31 19:42:03 +0000 2009</created_at><description type="string"/><favourites_count type="number">0</favourites_count><followers_count type="number">60</followers_count><following class="object" null="true"/><friends_count type="number">36</friends_count><geo_enabled type="boolean">false</geo_enabled><id type="number">27944664</id><lang type="string">en</lang><location type="string">Swansea, Wales</location><name type="string">Evan Llywelyn John</name><notifications class="object" null="true"/><profile_background_color type="string">9ae4e8</profile_background_color><profile_background_image_url type="string">http://s.twimg.com/a/1268333781/images/themes/theme1/bg.png</profile_background_image_url><profile_background_tile type="boolean">false</profile_background_tile><profile_image_url type="string">http://a3.twimg.com/profile_images/119927665/hiro_nakamura_heroes_by_joke_art_normal.jpg</profile_image_url><profile_link_color type="string">0000ff</profile_link_color><profile_sidebar_border_color type="string">87bc44</profile_sidebar_border_color><profile_sidebar_fill_color type="string">e0ff92</profile_sidebar_fill_color><profile_text_color type="string">000000</profile_text_color><protected type="boolean">false</protected><screen_name type="string">einllywolaf</screen_name><statuses_count type="number">336</statuses_count><time_zone type="string">Hawaii</time_zone><url class="object" null="true"/><utc_offset type="number">-36000</utc_offset><verified type="boolean">false</verified></user></o>
