<?xml version="1.0" encoding="UTF-8"?>
<o><contributors class="object" null="true"/><coordinates class="object" null="true"/><created_at type="string">Thu Mar 25 20:30:28 +0000 2010</created_at><favorited type="boolean">false</favorited><geo class="object" null="true"/><id type="number">11051894004</id><in_reply_to_screen_name class="object" null="true"/><in_reply_to_status_id class="object" null="true"/><in_reply_to_user_id class="object" null="true"/><place class="object" null="true"/><source type="string">&lt;a href="http://twitterfeed.com" rel="nofollow"&gt;twitterfeed&lt;/a&gt;</source><text type="string">Jazz Dispatchers ratify labour agreement: HALIFAX, March 25 /CNW/ - Jazz Air LP (Jazz) announced today that its Dis... http://cli.gs/gWN1y</text><truncated type="boolean">false</truncated><user class="object"><contributors_enabled type="boolean">false</contributors_enabled><created_at type="string">Tue Jan 06 16:25:53 +0000 2009</created_at><description type="string">News and information from Transportation, trucking and railroad companies, via CNW Group</description><favourites_count type="number">0</favourites_count><followers_count type="number">91</followers_count><following class="object" null="true"/><friends_count type="number">0</friends_count><geo_enabled type="boolean">false</geo_enabled><id type="number">18682197</id><lang type="string">en</lang><location type="string">Canada</location><name type="string">TransportNews</name><notifications class="object" null="true"/><profile_background_color type="string">ffffff</profile_background_color><profile_background_image_url type="string">http://s.twimg.com/a/1269020849/images/themes/theme1/bg.png</profile_background_image_url><profile_background_tile type="boolean">false</profile_background_tile><profile_image_url type="string">http://a1.twimg.com/profile_images/69861072/twitter_normal.jpg</profile_image_url><profile_link_color type="string">f2873e</profile_link_color><profile_sidebar_border_color type="string">f2873e</profile_sidebar_border_color><profile_sidebar_fill_color type="string">FFFFFF</profile_sidebar_fill_color><profile_text_color type="string">666666</profile_text_color><protected type="boolean">false</protected><screen_name type="string">TransportNews</screen_name><statuses_count type="number">1249</statuses_count><time_zone type="string">Central Time (US &amp; Canada)</time_zone><url type="string">http://Newswire.ca/getnews</url><utc_offset type="number">-21600</utc_offset><verified type="boolean">false</verified></user></o>
