<?xml version="1.0" encoding="UTF-8"?>
<o><contributors class="object" null="true"/><coordinates class="object" null="true"/><created_at type="string">Thu Mar 25 21:22:17 +0000 2010</created_at><favorited type="boolean">false</favorited><geo class="object" null="true"/><id type="number">11053950954</id><in_reply_to_screen_name class="object" null="true"/><in_reply_to_status_id class="object" null="true"/><in_reply_to_user_id class="object" null="true"/><place class="object" null="true"/><source type="string">web</source><text type="string">Are Labour actively trying to lose the election?</text><truncated type="boolean">false</truncated><user class="object"><contributors_enabled type="boolean">false</contributors_enabled><created_at type="string">Thu May 03 22:57:48 +0000 2007</created_at><description type="string">Musical football fan, with an uhealthy obsession with food and unusual things.</description><favourites_count type="number">3</favourites_count><followers_count type="number">166</followers_count><following class="object" null="true"/><friends_count type="number">86</friends_count><geo_enabled type="boolean">false</geo_enabled><id type="number">5753042</id><lang type="string">en</lang><location type="string">Birmingham, UK</location><name type="string">Andrew Nixon</name><notifications class="object" null="true"/><profile_background_color type="string">dfe1e7</profile_background_color><profile_background_image_url type="string">http://a1.twimg.com/profile_background_images/3241864/0000004A4848_53.png</profile_background_image_url><profile_background_tile type="boolean">true</profile_background_tile><profile_image_url type="string">http://a3.twimg.com/profile_images/218883909/Photo_20_normal.jpg</profile_image_url><profile_link_color type="string">2E556E</profile_link_color><profile_sidebar_border_color type="string">ffffff</profile_sidebar_border_color><profile_sidebar_fill_color type="string">dfe1e7</profile_sidebar_fill_color><profile_text_color type="string">303030</profile_text_color><protected type="boolean">false</protected><screen_name type="string">PixelSmack</screen_name><statuses_count type="number">4507</statuses_count><time_zone type="string">London</time_zone><url type="string">http://www.cocoageek.com</url><utc_offset type="number">0</utc_offset><verified type="boolean">false</verified></user></o>
