<?xml version="1.0" encoding="UTF-8"?>
<o><contributors class="object" null="true"/><coordinates class="object" null="true"/><created_at type="string">Thu Mar 25 20:11:48 +0000 2010</created_at><favorited type="boolean">false</favorited><geo class="object" null="true"/><id type="number">11051156543</id><in_reply_to_screen_name class="object" null="true"/><in_reply_to_status_id class="object" null="true"/><in_reply_to_user_id class="object" null="true"/><place class="object" null="true"/><source type="string">&lt;a href="http://ubertwitter.com" rel="nofollow"&gt;UberTwitter&lt;/a&gt;</source><text type="string">Tori, LibDem a Plaid wedi gwneud datganiadau agoriadol a nawr tro Llafur. LibDem a Plaid yn weddol debyg; Tori yn gwisgo'r iwnion jac.</text><truncated type="boolean">false</truncated><user class="object"><contributors_enabled type="boolean">false</contributors_enabled><created_at type="string">Wed Mar 21 16:54:20 +0000 2007</created_at><description type="string">Rydw i'n dderwydd a chynghorydd o Aberystwyth, Ceredigion ac weithiau'n defnyddio'r enw Lyn Lewis Dafis.</description><favourites_count type="number">5</favourites_count><followers_count type="number">167</followers_count><following class="object" null="true"/><friends_count type="number">80</friends_count><geo_enabled type="boolean">true</geo_enabled><id type="number">1768401</id><lang type="string">en</lang><location type="string">ÜT: 52.40258,-4.06663</location><name type="string">Dogfael</name><notifications class="object" null="true"/><profile_background_color type="string">BADFCD</profile_background_color><profile_background_image_url type="string">http://s.twimg.com/a/1269387398/images/themes/theme12/bg.gif</profile_background_image_url><profile_background_tile type="boolean">false</profile_background_tile><profile_image_url type="string">http://a1.twimg.com/profile_images/30156152/dogfael_normal.jpg</profile_image_url><profile_link_color type="string">FF0000</profile_link_color><profile_sidebar_border_color type="string">F2E195</profile_sidebar_border_color><profile_sidebar_fill_color type="string">FFF7CC</profile_sidebar_fill_color><profile_text_color type="string">0C3E53</profile_text_color><protected type="boolean">false</protected><screen_name type="string">Dogfael</screen_name><statuses_count type="number">1082</statuses_count><time_zone type="string">London</time_zone><url type="string">http://blogdogfael.org</url><utc_offset type="number">0</utc_offset><verified type="boolean">false</verified></user></o>
