<?xml version='1.0' encoding='UTF-8'?>
<GateDocument>
<!-- The document's features-->

<GateDocumentFeatures>
<Feature>
  <Name className="java.lang.String">kind</Name>
  <Value className="java.lang.String"></Value>
</Feature>
<Feature>
  <Name className="java.lang.String">MimeType</Name>
  <Value className="java.lang.String">text/xml</Value>
</Feature>
<Feature>
  <Name className="java.lang.String">gate.SourceURL</Name>
  <Value className="java.lang.String">file:/home/diana/gate-extras/sentiment/testdocs/politwits/politwits-5000/politwits-5000_00021.xml</Value>
</Feature>
</GateDocumentFeatures>
<!-- The document content area with serialized nodes -->

<TextWithNodes><Node id="0" />Thu Mar 25 20:10:25 +0000 2010<Node id="30" /> <Node id="31" />false<Node id="36" /> <Node id="37" />11051103779<Node id="48" /> <Node id="49" />MythBusters<Node id="60" /> <Node id="61" />11041548888<Node id="72" /> <Node id="73" />52146755<Node id="81" /> <Node id="82" />&lt;a href="http://echofon.com/" rel="nofollow">Echofon&lt;/a><Node id="138" />@<Node id="139" />MythBusters<Node id="150" /> <Node id="151" />Glad<Node id="155" /> <Node id="156" />u<Node id="157" /> <Node id="158" />guys<Node id="162" /> <Node id="163" />are<Node id="166" /> <Node id="167" />back<Node id="171" />,<Node id="172" /> <Node id="173" /> <Node id="174" />how<Node id="177" /> <Node id="178" />is<Node id="180" /> <Node id="181" />Tory<Node id="185" />'s<Node id="187" /> <Node id="188" />shin<Node id="192" />?<Node id="193" /> <Node id="194" />That<Node id="198" /> <Node id="199" />looked<Node id="205" /> <Node id="206" />like<Node id="210" /> <Node id="211" />a<Node id="212" /> <Node id="213" />nasty<Node id="218" /> <Node id="219" />scrape<Node id="225" />!<Node id="226" /> <Node id="227" />false<Node id="232" /> <Node id="233" />false<Node id="238" /> <Node id="239" />Mon Aug 24 19:24:30 +0000 2009<Node id="269" /> <Node id="270" />B.S. E.E, likes NCIS and BSG, not MSG<Node id="307" /> <Node id="308" />4<Node id="309" /> <Node id="310" />53<Node id="312" /> <Node id="313" />67<Node id="315" /> <Node id="316" />false<Node id="321" /> <Node id="322" />68488954<Node id="330" /> <Node id="331" />en<Node id="333" /> <Node id="334" />lat 34.151313 long -118.453328<Node id="364" /> <Node id="365" />Victor Lopez<Node id="377" /> <Node id="378" />dd0c0c<Node id="384" /> <Node id="385" />http://a1.twimg.com/profile_background_images/79218164/background_001.GIF<Node id="458" /> <Node id="459" />false<Node id="464" /> <Node id="465" />http://a3.twimg.com/profile_images/562580909/happy-holidays_normal.jpg<Node id="535" /> <Node id="536" />dd0c0c<Node id="542" /> <Node id="543" />ebe7e7<Node id="549" /> <Node id="550" />ebe7e7<Node id="556" /> <Node id="557" />000000<Node id="563" /> <Node id="564" />false<Node id="569" /> <Node id="570" />vhlopez1120<Node id="581" /> <Node id="582" />665<Node id="585" /> <Node id="586" />Pacific Time (US &amp; Canada)<Node id="612" /> <Node id="613" />http://www.facebook.com/vhlopez1120<Node id="648" /> <Node id="649" />-28800<Node id="655" /> <Node id="656" />false<Node id="661" /></TextWithNodes>
<!-- The default annotation set -->

<AnnotationSet>
<Annotation Id="1153" Type="Token" StartNode="181" EndNode="185">
<Feature>
  <Name className="java.lang.String">length</Name>
  <Value className="java.lang.String">4</Value>
</Feature>
<Feature>
  <Name className="java.lang.String">category</Name>
  <Value className="java.lang.String">NNP</Value>
</Feature>
<Feature>
  <Name className="java.lang.String">orth</Name>
  <Value className="java.lang.String">upperInitial</Value>
</Feature>
<Feature>
  <Name className="java.lang.String">root</Name>
  <Value className="java.lang.String">tory</Value>
</Feature>
<Feature>
  <Name className="java.lang.String">kind</Name>
  <Value className="java.lang.String">word</Value>
</Feature>
<Feature>
  <Name className="java.lang.String">string</Name>
  <Value className="java.lang.String">Tory</Value>
</Feature>
</Annotation>
<Annotation Id="1152" Type="SpaceToken" StartNode="180" EndNode="181">
<Feature>
  <Name className="java.lang.String">length</Name>
  <Value className="java.lang.String">1</Value>
</Feature>
<Feature>
  <Name className="java.lang.String">kind</Name>
  <Value className="java.lang.String">space</Value>
</Feature>
<Feature>
  <Name className="java.lang.String">string</Name>
  <Value className="java.lang.String"> </Value>
</Feature>
</Annotation>
<Annotation Id="1157" Type="Token" StartNode="188" EndNode="192">
<Feature>
  <Name className="java.lang.String">length</Name>
  <Value className="java.lang.String">4</Value>
</Feature>
<Feature>
  <Name className="java.lang.String">category</Name>
  <Value className="java.lang.String">NN</Value>
</Feature>
<Feature>
  <Name className="java.lang.String">orth</Name>
  <Value className="java.lang.String">lowercase</Value>
</Feature>
<Feature>
  <Name className="java.lang.String">root</Name>
  <Value className="java.lang.String">shin</Value>
</Feature>
<Feature>
  <Name className="java.lang.String">kind</Name>
  <Value className="java.lang.String">word</Value>
</Feature>
<Feature>
  <Name className="java.lang.String">string</Name>
  <Value className="java.lang.String">shin</Value>
</Feature>
</Annotation>
<Annotation Id="1156" Type="SpaceToken" StartNode="187" EndNode="188">
<Feature>
  <Name className="java.lang.String">length</Name>
  <Value className="java.lang.String">1</Value>
</Feature>
<Feature>
  <Name className="java.lang.String">kind</Name>
  <Value className="java.lang.String">space</Value>
</Feature>
<Feature>
  <Name className="java.lang.String">string</Name>
  <Value className="java.lang.String"> </Value>
</Feature>
</Annotation>
<Annotation Id="1159" Type="SpaceToken" StartNode="193" EndNode="194">
<Feature>
  <Name className="java.lang.String">length</Name>
  <Value className="java.lang.String">1</Value>
</Feature>
<Feature>
  <Name className="java.lang.String">kind</Name>
  <Value className="java.lang.String">space</Value>
</Feature>
<Feature>
  <Name className="java.lang.String">string</Name>
  <Value className="java.lang.String"> </Value>
</Feature>
</Annotation>
<Annotation Id="1158" Type="Token" StartNode="192" EndNode="193">
<Feature>
  <Name className="java.lang.String">length</Name>
  <Value className="java.lang.String">1</Value>
</Feature>
<Feature>
  <Name className="java.lang.String">category</Name>
  <Value className="java.lang.String">.</Value>
</Feature>
<Feature>
  <Name className="java.lang.String">root</Name>
  <Value className="java.lang.String">?</Value>
</Feature>
<Feature>
  <Name className="java.lang.String">kind</Name>
  <Value className="java.lang.String">punctuation</Value>
</Feature>
<Feature>
  <Name className="java.lang.String">string</Name>
  <Value className="java.lang.String">?</Value>
</Feature>
</Annotation>
<Annotation Id="1161" Type="SpaceToken" StartNode="198" EndNode="199">
<Feature>
  <Name className="java.lang.String">length</Name>
  <Value className="java.lang.String">1</Value>
</Feature>
<Feature>
  <Name className="java.lang.String">kind</Name>
  <Value className="java.lang.String">space</Value>
</Feature>
<Feature>
  <Name className="java.lang.String">string</Name>
  <Value className="java.lang.String"> </Value>
</Feature>
</Annotation>
<Annotation Id="1160" Type="Token" StartNode="194" EndNode="198">
<Feature>
  <Name className="java.lang.String">length</Name>
  <Value className="java.lang.String">4</Value>
</Feature>
<Feature>
  <Name className="java.lang.String">category</Name>
  <Value className="java.lang.String">DT</Value>
</Feature>
<Feature>
  <Name className="java.lang.String">orth</Name>
  <Value className="java.lang.String">upperInitial</Value>
</Feature>
<Feature>
  <Name className="java.lang.String">root</Name>
  <Value className="java.lang.String">that</Value>
</Feature>
<Feature>
  <Name className="java.lang.String">kind</Name>
  <Value className="java.lang.String">word</Value>
</Feature>
<Feature>
  <Name className="java.lang.String">string</Name>
  <Value className="java.lang.String">That</Value>
</Feature>
</Annotation>
<Annotation Id="1163" Type="SpaceToken" StartNode="205" EndNode="206">
<Feature>
  <Name className="java.lang.String">length</Name>
  <Value className="java.lang.String">1</Value>
</Feature>
<Feature>
  <Name className="java.lang.String">kind</Name>
  <Value className="java.lang.String">space</Value>
</Feature>
<Feature>
  <Name className="java.lang.String">string</Name>
  <Value className="java.lang.String"> </Value>
</Feature>
</Annotation>
<Annotation Id="1162" Type="Token" StartNode="199" EndNode="205">
<Feature>
  <Name className="java.lang.String">orth</Name>
  <Value className="java.lang.String">lowercase</Value>
</Feature>
<Feature>
  <Name className="java.lang.String">category</Name>
  <Value className="java.lang.String">VBD</Value>
</Feature>
<Feature>
  <Name className="java.lang.String">root</Name>
  <Value className="java.lang.String">look</Value>
</Feature>
<Feature>
  <Name className="java.lang.String">string</Name>
  <Value className="java.lang.String">looked</Value>
</Feature>
<Feature>
  <Name className="java.lang.String">length</Name>
  <Value className="java.lang.String">6</Value>
</Feature>
<Feature>
  <Name className="java.lang.String">affix</Name>
  <Value className="java.lang.String">ed</Value>
</Feature>
<Feature>
  <Name className="java.lang.String">kind</Name>
  <Value className="java.lang.String">word</Value>
</Feature>
</Annotation>
<Annotation Id="1165" Type="SpaceToken" StartNode="210" EndNode="211">
<Feature>
  <Name className="java.lang.String">length</Name>
  <Value className="java.lang.String">1</Value>
</Feature>
<Feature>
  <Name className="java.lang.String">kind</Name>
  <Value className="java.lang.String">space</Value>
</Feature>
<Feature>
  <Name className="java.lang.String">string</Name>
  <Value className="java.lang.String"> </Value>
</Feature>
</Annotation>
<Annotation Id="1164" Type="Token" StartNode="206" EndNode="210">
<Feature>
  <Name className="java.lang.String">length</Name>
  <Value className="java.lang.String">4</Value>
</Feature>
<Feature>
  <Name className="java.lang.String">category</Name>
  <Value className="java.lang.String">IN</Value>
</Feature>
<Feature>
  <Name className="java.lang.String">orth</Name>
  <Value className="java.lang.String">lowercase</Value>
</Feature>
<Feature>
  <Name className="java.lang.String">root</Name>
  <Value className="java.lang.String">like</Value>
</Feature>
<Feature>
  <Name className="java.lang.String">kind</Name>
  <Value className="java.lang.String">word</Value>
</Feature>
<Feature>
  <Name className="java.lang.String">string</Name>
  <Value className="java.lang.String">like</Value>
</Feature>
</Annotation>
<Annotation Id="1167" Type="SpaceToken" StartNode="212" EndNode="213">
<Feature>
  <Name className="java.lang.String">length</Name>
  <Value className="java.lang.String">1</Value>
</Feature>
<Feature>
  <Name className="java.lang.String">kind</Name>
  <Value className="java.lang.String">space</Value>
</Feature>
<Feature>
  <Name className="java.lang.String">string</Name>
  <Value className="java.lang.String"> </Value>
</Feature>
</Annotation>
<Annotation Id="1166" Type="Token" StartNode="211" EndNode="212">
<Feature>
  <Name className="java.lang.String">length</Name>
  <Value className="java.lang.String">1</Value>
</Feature>
<Feature>
  <Name className="java.lang.String">category</Name>
  <Value className="java.lang.String">DT</Value>
</Feature>
<Feature>
  <Name className="java.lang.String">orth</Name>
  <Value className="java.lang.String">lowercase</Value>
</Feature>
<Feature>
  <Name className="java.lang.String">root</Name>
  <Value className="java.lang.String">a</Value>
</Feature>
<Feature>
  <Name className="java.lang.String">kind</Name>
  <Value className="java.lang.String">word</Value>
</Feature>
<Feature>
  <Name className="java.lang.String">string</Name>
  <Value className="java.lang.String">a</Value>
</Feature>
</Annotation>
<Annotation Id="1168" Type="Token" StartNode="213" EndNode="218">
<Feature>
  <Name className="java.lang.String">length</Name>
  <Value className="java.lang.String">5</Value>
</Feature>
<Feature>
  <Name className="java.lang.String">category</Name>
  <Value className="java.lang.String">JJ</Value>
</Feature>
<Feature>
  <Name className="java.lang.String">orth</Name>
  <Value className="java.lang.String">lowercase</Value>
</Feature>
<Feature>
  <Name className="java.lang.String">root</Name>
  <Value className="java.lang.String">nasty</Value>
</Feature>
<Feature>
  <Name className="java.lang.String">kind</Name>
  <Value className="java.lang.String">word</Value>
</Feature>
<Feature>
  <Name className="java.lang.String">string</Name>
  <Value className="java.lang.String">nasty</Value>
</Feature>
</Annotation>
<Annotation Id="1169" Type="SpaceToken" StartNode="218" EndNode="219">
<Feature>
  <Name className="java.lang.String">length</Name>
  <Value className="java.lang.String">1</Value>
</Feature>
<Feature>
  <Name className="java.lang.String">kind</Name>
  <Value className="java.lang.String">space</Value>
</Feature>
<Feature>
  <Name className="java.lang.String">string</Name>
  <Value className="java.lang.String"> </Value>
</Feature>
</Annotation>
<Annotation Id="1170" Type="Token" StartNode="219" EndNode="225">
<Feature>
  <Name className="java.lang.String">length</Name>
  <Value className="java.lang.String">6</Value>
</Feature>
<Feature>
  <Name className="java.lang.String">category</Name>
  <Value className="java.lang.String">NN</Value>
</Feature>
<Feature>
  <Name className="java.lang.String">orth</Name>
  <Value className="java.lang.String">lowercase</Value>
</Feature>
<Feature>
  <Name className="java.lang.String">root</Name>
  <Value className="java.lang.String">scrape</Value>
</Feature>
<Feature>
  <Name className="java.lang.String">kind</Name>
  <Value className="java.lang.String">word</Value>
</Feature>
<Feature>
  <Name className="java.lang.String">string</Name>
  <Value className="java.lang.String">scrape</Value>
</Feature>
</Annotation>
<Annotation Id="1171" Type="Token" StartNode="225" EndNode="226">
<Feature>
  <Name className="java.lang.String">length</Name>
  <Value className="java.lang.String">1</Value>
</Feature>
<Feature>
  <Name className="java.lang.String">category</Name>
  <Value className="java.lang.String">.</Value>
</Feature>
<Feature>
  <Name className="java.lang.String">root</Name>
  <Value className="java.lang.String">!</Value>
</Feature>
<Feature>
  <Name className="java.lang.String">kind</Name>
  <Value className="java.lang.String">punctuation</Value>
</Feature>
<Feature>
  <Name className="java.lang.String">string</Name>
  <Value className="java.lang.String">!</Value>
</Feature>
</Annotation>
<Annotation Id="1172" Type="Token" StartNode="185" EndNode="187">
<Feature>
  <Name className="java.lang.String">length</Name>
  <Value className="java.lang.String">2</Value>
</Feature>
<Feature>
  <Name className="java.lang.String">category</Name>
  <Value className="java.lang.String">POS</Value>
</Feature>
<Feature>
  <Name className="java.lang.String">orth</Name>
  <Value className="java.lang.String">apostrophe</Value>
</Feature>
<Feature>
  <Name className="java.lang.String">root</Name>
  <Value className="java.lang.String">'s</Value>
</Feature>
<Feature>
  <Name className="java.lang.String">kind</Name>
  <Value className="java.lang.String">word</Value>
</Feature>
<Feature>
  <Name className="java.lang.String">string</Name>
  <Value className="java.lang.String">'s</Value>
</Feature>
</Annotation>
<Annotation Id="1173" Type="Split" StartNode="192" EndNode="193">
<Feature>
  <Name className="java.lang.String">kind</Name>
  <Value className="java.lang.String">internal</Value>
</Feature>
</Annotation>
<Annotation Id="1174" Type="Split" StartNode="225" EndNode="226">
<Feature>
  <Name className="java.lang.String">kind</Name>
  <Value className="java.lang.String">internal</Value>
</Feature>
</Annotation>
<Annotation Id="1175" Type="Sentence" StartNode="139" EndNode="193">
</Annotation>
<Annotation Id="1176" Type="Sentence" StartNode="194" EndNode="226">
</Annotation>
<Annotation Id="1177" Type="Lookup" StartNode="194" EndNode="198">
<Feature>
  <Name className="java.lang.String">majorType</Name>
  <Value className="java.lang.String">stop</Value>
</Feature>
</Annotation>
<Annotation Id="1178" Type="Lookup" StartNode="206" EndNode="210">
<Feature>
  <Name className="java.lang.String">majorType</Name>
  <Value className="java.lang.String">affect</Value>
</Feature>
<Feature>
  <Name className="java.lang.String">category</Name>
  <Value className="java.lang.String">verb</Value>
</Feature>
<Feature>
  <Name className="java.lang.String">minorType</Name>
  <Value className="java.lang.String">joy</Value>
</Feature>
</Annotation>
<Annotation Id="1179" Type="Lookup" StartNode="181" EndNode="185">
<Feature>
  <Name className="java.lang.String">type</Name>
  <Value className="java.lang.String">Con</Value>
</Feature>
<Feature>
  <Name className="java.lang.String">majorType</Name>
  <Value className="java.lang.String">party</Value>
</Feature>
</Annotation>
<Annotation Id="1180" Type="Unknown" StartNode="139" EndNode="150">
<Feature>
  <Name className="java.lang.String">kind</Name>
  <Value className="java.lang.String">PN</Value>
</Feature>
<Feature>
  <Name className="java.lang.String">rule</Name>
  <Value className="java.lang.String">Unknown</Value>
</Feature>
</Annotation>
<Annotation Id="1181" Type="Unknown" StartNode="151" EndNode="155">
<Feature>
  <Name className="java.lang.String">kind</Name>
  <Value className="java.lang.String">PN</Value>
</Feature>
<Feature>
  <Name className="java.lang.String">rule</Name>
  <Value className="java.lang.String">Unknown</Value>
</Feature>
</Annotation>
<Annotation Id="1182" Type="Party" StartNode="181" EndNode="185">
<Feature>
  <Name className="java.lang.String">kind</Name>
  <Value className="java.lang.String">Con</Value>
</Feature>
</Annotation>
<Annotation Id="1183" Type="AffectLookup" StartNode="206" EndNode="210">
<Feature>
  <Name className="java.lang.String">category</Name>
  <Value className="java.lang.String">verb</Value>
</Feature>
<Feature>
  <Name className="java.lang.String">kind</Name>
  <Value className="java.lang.String">joy</Value>
</Feature>
</Annotation>
<Annotation Id="1134" Type="Token" StartNode="138" EndNode="139">
<Feature>
  <Name className="java.lang.String">length</Name>
  <Value className="java.lang.String">1</Value>
</Feature>
<Feature>
  <Name className="java.lang.String">category</Name>
  <Value className="java.lang.String">IN</Value>
</Feature>
<Feature>
  <Name className="java.lang.String">root</Name>
  <Value className="java.lang.String">@</Value>
</Feature>
<Feature>
  <Name className="java.lang.String">kind</Name>
  <Value className="java.lang.String">punctuation</Value>
</Feature>
<Feature>
  <Name className="java.lang.String">string</Name>
  <Value className="java.lang.String">@</Value>
</Feature>
</Annotation>
<Annotation Id="1135" Type="Token" StartNode="139" EndNode="150">
<Feature>
  <Name className="java.lang.String">length</Name>
  <Value className="java.lang.String">11</Value>
</Feature>
<Feature>
  <Name className="java.lang.String">category</Name>
  <Value className="java.lang.String">NNP</Value>
</Feature>
<Feature>
  <Name className="java.lang.String">orth</Name>
  <Value className="java.lang.String">mixedCaps</Value>
</Feature>
<Feature>
  <Name className="java.lang.String">root</Name>
  <Value className="java.lang.String">mythbusters</Value>
</Feature>
<Feature>
  <Name className="java.lang.String">kind</Name>
  <Value className="java.lang.String">word</Value>
</Feature>
<Feature>
  <Name className="java.lang.String">string</Name>
  <Value className="java.lang.String">MythBusters</Value>
</Feature>
</Annotation>
<Annotation Id="1151" Type="Token" StartNode="178" EndNode="180">
<Feature>
  <Name className="java.lang.String">orth</Name>
  <Value className="java.lang.String">lowercase</Value>
</Feature>
<Feature>
  <Name className="java.lang.String">category</Name>
  <Value className="java.lang.String">VBZ</Value>
</Feature>
<Feature>
  <Name className="java.lang.String">root</Name>
  <Value className="java.lang.String">be</Value>
</Feature>
<Feature>
  <Name className="java.lang.String">string</Name>
  <Value className="java.lang.String">is</Value>
</Feature>
<Feature>
  <Name className="java.lang.String">length</Name>
  <Value className="java.lang.String">2</Value>
</Feature>
<Feature>
  <Name className="java.lang.String">affix</Name>
  <Value className="java.lang.String">s</Value>
</Feature>
<Feature>
  <Name className="java.lang.String">kind</Name>
  <Value className="java.lang.String">word</Value>
</Feature>
</Annotation>
<Annotation Id="1150" Type="SpaceToken" StartNode="177" EndNode="178">
<Feature>
  <Name className="java.lang.String">length</Name>
  <Value className="java.lang.String">1</Value>
</Feature>
<Feature>
  <Name className="java.lang.String">kind</Name>
  <Value className="java.lang.String">space</Value>
</Feature>
<Feature>
  <Name className="java.lang.String">string</Name>
  <Value className="java.lang.String"> </Value>
</Feature>
</Annotation>
<Annotation Id="1149" Type="Token" StartNode="174" EndNode="177">
<Feature>
  <Name className="java.lang.String">length</Name>
  <Value className="java.lang.String">3</Value>
</Feature>
<Feature>
  <Name className="java.lang.String">category</Name>
  <Value className="java.lang.String">WRB</Value>
</Feature>
<Feature>
  <Name className="java.lang.String">orth</Name>
  <Value className="java.lang.String">lowercase</Value>
</Feature>
<Feature>
  <Name className="java.lang.String">root</Name>
  <Value className="java.lang.String">how</Value>
</Feature>
<Feature>
  <Name className="java.lang.String">kind</Name>
  <Value className="java.lang.String">word</Value>
</Feature>
<Feature>
  <Name className="java.lang.String">string</Name>
  <Value className="java.lang.String">how</Value>
</Feature>
</Annotation>
<Annotation Id="1148" Type="SpaceToken" StartNode="173" EndNode="174">
<Feature>
  <Name className="java.lang.String">length</Name>
  <Value className="java.lang.String">1</Value>
</Feature>
<Feature>
  <Name className="java.lang.String">kind</Name>
  <Value className="java.lang.String">space</Value>
</Feature>
<Feature>
  <Name className="java.lang.String">string</Name>
  <Value className="java.lang.String"> </Value>
</Feature>
</Annotation>
<Annotation Id="1147" Type="SpaceToken" StartNode="172" EndNode="173">
<Feature>
  <Name className="java.lang.String">length</Name>
  <Value className="java.lang.String">1</Value>
</Feature>
<Feature>
  <Name className="java.lang.String">kind</Name>
  <Value className="java.lang.String">space</Value>
</Feature>
<Feature>
  <Name className="java.lang.String">string</Name>
  <Value className="java.lang.String"> </Value>
</Feature>
</Annotation>
<Annotation Id="1146" Type="Token" StartNode="171" EndNode="172">
<Feature>
  <Name className="java.lang.String">length</Name>
  <Value className="java.lang.String">1</Value>
</Feature>
<Feature>
  <Name className="java.lang.String">category</Name>
  <Value className="java.lang.String">,</Value>
</Feature>
<Feature>
  <Name className="java.lang.String">root</Name>
  <Value className="java.lang.String">,</Value>
</Feature>
<Feature>
  <Name className="java.lang.String">kind</Name>
  <Value className="java.lang.String">punctuation</Value>
</Feature>
<Feature>
  <Name className="java.lang.String">string</Name>
  <Value className="java.lang.String">,</Value>
</Feature>
</Annotation>
<Annotation Id="1145" Type="Token" StartNode="167" EndNode="171">
<Feature>
  <Name className="java.lang.String">length</Name>
  <Value className="java.lang.String">4</Value>
</Feature>
<Feature>
  <Name className="java.lang.String">category</Name>
  <Value className="java.lang.String">RB</Value>
</Feature>
<Feature>
  <Name className="java.lang.String">orth</Name>
  <Value className="java.lang.String">lowercase</Value>
</Feature>
<Feature>
  <Name className="java.lang.String">root</Name>
  <Value className="java.lang.String">back</Value>
</Feature>
<Feature>
  <Name className="java.lang.String">kind</Name>
  <Value className="java.lang.String">word</Value>
</Feature>
<Feature>
  <Name className="java.lang.String">string</Name>
  <Value className="java.lang.String">back</Value>
</Feature>
</Annotation>
<Annotation Id="1144" Type="SpaceToken" StartNode="166" EndNode="167">
<Feature>
  <Name className="java.lang.String">length</Name>
  <Value className="java.lang.String">1</Value>
</Feature>
<Feature>
  <Name className="java.lang.String">kind</Name>
  <Value className="java.lang.String">space</Value>
</Feature>
<Feature>
  <Name className="java.lang.String">string</Name>
  <Value className="java.lang.String"> </Value>
</Feature>
</Annotation>
<Annotation Id="1143" Type="Token" StartNode="163" EndNode="166">
<Feature>
  <Name className="java.lang.String">orth</Name>
  <Value className="java.lang.String">lowercase</Value>
</Feature>
<Feature>
  <Name className="java.lang.String">category</Name>
  <Value className="java.lang.String">VBP</Value>
</Feature>
<Feature>
  <Name className="java.lang.String">root</Name>
  <Value className="java.lang.String">be</Value>
</Feature>
<Feature>
  <Name className="java.lang.String">string</Name>
  <Value className="java.lang.String">are</Value>
</Feature>
<Feature>
  <Name className="java.lang.String">length</Name>
  <Value className="java.lang.String">3</Value>
</Feature>
<Feature>
  <Name className="java.lang.String">affix</Name>
  <Value className="java.lang.String"></Value>
</Feature>
<Feature>
  <Name className="java.lang.String">kind</Name>
  <Value className="java.lang.String">word</Value>
</Feature>
</Annotation>
<Annotation Id="1142" Type="SpaceToken" StartNode="162" EndNode="163">
<Feature>
  <Name className="java.lang.String">length</Name>
  <Value className="java.lang.String">1</Value>
</Feature>
<Feature>
  <Name className="java.lang.String">kind</Name>
  <Value className="java.lang.String">space</Value>
</Feature>
<Feature>
  <Name className="java.lang.String">string</Name>
  <Value className="java.lang.String"> </Value>
</Feature>
</Annotation>
<Annotation Id="1141" Type="Token" StartNode="158" EndNode="162">
<Feature>
  <Name className="java.lang.String">orth</Name>
  <Value className="java.lang.String">lowercase</Value>
</Feature>
<Feature>
  <Name className="java.lang.String">category</Name>
  <Value className="java.lang.String">NNS</Value>
</Feature>
<Feature>
  <Name className="java.lang.String">root</Name>
  <Value className="java.lang.String">guy</Value>
</Feature>
<Feature>
  <Name className="java.lang.String">string</Name>
  <Value className="java.lang.String">guys</Value>
</Feature>
<Feature>
  <Name className="java.lang.String">length</Name>
  <Value className="java.lang.String">4</Value>
</Feature>
<Feature>
  <Name className="java.lang.String">affix</Name>
  <Value className="java.lang.String">s</Value>
</Feature>
<Feature>
  <Name className="java.lang.String">kind</Name>
  <Value className="java.lang.String">word</Value>
</Feature>
</Annotation>
<Annotation Id="1140" Type="SpaceToken" StartNode="157" EndNode="158">
<Feature>
  <Name className="java.lang.String">length</Name>
  <Value className="java.lang.String">1</Value>
</Feature>
<Feature>
  <Name className="java.lang.String">kind</Name>
  <Value className="java.lang.String">space</Value>
</Feature>
<Feature>
  <Name className="java.lang.String">string</Name>
  <Value className="java.lang.String"> </Value>
</Feature>
</Annotation>
<Annotation Id="1139" Type="Token" StartNode="156" EndNode="157">
<Feature>
  <Name className="java.lang.String">length</Name>
  <Value className="java.lang.String">1</Value>
</Feature>
<Feature>
  <Name className="java.lang.String">category</Name>
  <Value className="java.lang.String">NN</Value>
</Feature>
<Feature>
  <Name className="java.lang.String">orth</Name>
  <Value className="java.lang.String">lowercase</Value>
</Feature>
<Feature>
  <Name className="java.lang.String">root</Name>
  <Value className="java.lang.String">u</Value>
</Feature>
<Feature>
  <Name className="java.lang.String">kind</Name>
  <Value className="java.lang.String">word</Value>
</Feature>
<Feature>
  <Name className="java.lang.String">string</Name>
  <Value className="java.lang.String">u</Value>
</Feature>
</Annotation>
<Annotation Id="1138" Type="SpaceToken" StartNode="155" EndNode="156">
<Feature>
  <Name className="java.lang.String">length</Name>
  <Value className="java.lang.String">1</Value>
</Feature>
<Feature>
  <Name className="java.lang.String">kind</Name>
  <Value className="java.lang.String">space</Value>
</Feature>
<Feature>
  <Name className="java.lang.String">string</Name>
  <Value className="java.lang.String"> </Value>
</Feature>
</Annotation>
<Annotation Id="1137" Type="Token" StartNode="151" EndNode="155">
<Feature>
  <Name className="java.lang.String">length</Name>
  <Value className="java.lang.String">4</Value>
</Feature>
<Feature>
  <Name className="java.lang.String">category</Name>
  <Value className="java.lang.String">NNP</Value>
</Feature>
<Feature>
  <Name className="java.lang.String">orth</Name>
  <Value className="java.lang.String">upperInitial</Value>
</Feature>
<Feature>
  <Name className="java.lang.String">root</Name>
  <Value className="java.lang.String">glad</Value>
</Feature>
<Feature>
  <Name className="java.lang.String">kind</Name>
  <Value className="java.lang.String">word</Value>
</Feature>
<Feature>
  <Name className="java.lang.String">string</Name>
  <Value className="java.lang.String">Glad</Value>
</Feature>
</Annotation>
<Annotation Id="1136" Type="SpaceToken" StartNode="150" EndNode="151">
<Feature>
  <Name className="java.lang.String">length</Name>
  <Value className="java.lang.String">1</Value>
</Feature>
<Feature>
  <Name className="java.lang.String">kind</Name>
  <Value className="java.lang.String">space</Value>
</Feature>
<Feature>
  <Name className="java.lang.String">string</Name>
  <Value className="java.lang.String"> </Value>
</Feature>
</Annotation>
</AnnotationSet>

<!-- Named annotation set -->

<AnnotationSet Name="Original markups">
<Annotation Id="0" Type="o" StartNode="0" EndNode="661">
</Annotation>
<Annotation Id="1" Type="contributors" StartNode="0" EndNode="0">
<Feature>
  <Name className="java.lang.String">class</Name>
  <Value className="java.lang.String">object</Value>
</Feature>
<Feature>
  <Name className="java.lang.String">isEmptyAndSpan</Name>
  <Value className="java.lang.String">true</Value>
</Feature>
<Feature>
  <Name className="java.lang.String">null</Name>
  <Value className="java.lang.String">true</Value>
</Feature>
</Annotation>
<Annotation Id="2" Type="coordinates" StartNode="0" EndNode="0">
<Feature>
  <Name className="java.lang.String">class</Name>
  <Value className="java.lang.String">object</Value>
</Feature>
<Feature>
  <Name className="java.lang.String">isEmptyAndSpan</Name>
  <Value className="java.lang.String">true</Value>
</Feature>
<Feature>
  <Name className="java.lang.String">null</Name>
  <Value className="java.lang.String">true</Value>
</Feature>
</Annotation>
<Annotation Id="3" Type="created_at" StartNode="0" EndNode="30">
<Feature>
  <Name className="java.lang.String">type</Name>
  <Value className="java.lang.String">string</Value>
</Feature>
</Annotation>
<Annotation Id="4" Type="favorited" StartNode="31" EndNode="36">
<Feature>
  <Name className="java.lang.String">type</Name>
  <Value className="java.lang.String">boolean</Value>
</Feature>
</Annotation>
<Annotation Id="5" Type="geo" StartNode="36" EndNode="36">
<Feature>
  <Name className="java.lang.String">class</Name>
  <Value className="java.lang.String">object</Value>
</Feature>
<Feature>
  <Name className="java.lang.String">isEmptyAndSpan</Name>
  <Value className="java.lang.String">true</Value>
</Feature>
<Feature>
  <Name className="java.lang.String">null</Name>
  <Value className="java.lang.String">true</Value>
</Feature>
</Annotation>
<Annotation Id="6" Type="id" StartNode="37" EndNode="48">
<Feature>
  <Name className="java.lang.String">type</Name>
  <Value className="java.lang.String">number</Value>
</Feature>
</Annotation>
<Annotation Id="7" Type="in_reply_to_screen_name" StartNode="49" EndNode="60">
<Feature>
  <Name className="java.lang.String">type</Name>
  <Value className="java.lang.String">string</Value>
</Feature>
</Annotation>
<Annotation Id="8" Type="in_reply_to_status_id" StartNode="61" EndNode="72">
<Feature>
  <Name className="java.lang.String">type</Name>
  <Value className="java.lang.String">number</Value>
</Feature>
</Annotation>
<Annotation Id="9" Type="in_reply_to_user_id" StartNode="73" EndNode="81">
<Feature>
  <Name className="java.lang.String">type</Name>
  <Value className="java.lang.String">number</Value>
</Feature>
</Annotation>
<Annotation Id="10" Type="place" StartNode="81" EndNode="81">
<Feature>
  <Name className="java.lang.String">class</Name>
  <Value className="java.lang.String">object</Value>
</Feature>
<Feature>
  <Name className="java.lang.String">isEmptyAndSpan</Name>
  <Value className="java.lang.String">true</Value>
</Feature>
<Feature>
  <Name className="java.lang.String">null</Name>
  <Value className="java.lang.String">true</Value>
</Feature>
</Annotation>
<Annotation Id="11" Type="source" StartNode="82" EndNode="138">
<Feature>
  <Name className="java.lang.String">type</Name>
  <Value className="java.lang.String">string</Value>
</Feature>
</Annotation>
<Annotation Id="12" Type="text" StartNode="138" EndNode="226">
<Feature>
  <Name className="java.lang.String">type</Name>
  <Value className="java.lang.String">string</Value>
</Feature>
</Annotation>
<Annotation Id="13" Type="truncated" StartNode="227" EndNode="232">
<Feature>
  <Name className="java.lang.String">type</Name>
  <Value className="java.lang.String">boolean</Value>
</Feature>
</Annotation>
<Annotation Id="14" Type="user" StartNode="233" EndNode="661">
<Feature>
  <Name className="java.lang.String">class</Name>
  <Value className="java.lang.String">object</Value>
</Feature>
</Annotation>
<Annotation Id="15" Type="contributors_enabled" StartNode="233" EndNode="238">
<Feature>
  <Name className="java.lang.String">type</Name>
  <Value className="java.lang.String">boolean</Value>
</Feature>
</Annotation>
<Annotation Id="17" Type="description" StartNode="270" EndNode="307">
<Feature>
  <Name className="java.lang.String">type</Name>
  <Value className="java.lang.String">string</Value>
</Feature>
</Annotation>
<Annotation Id="16" Type="created_at" StartNode="239" EndNode="269">
<Feature>
  <Name className="java.lang.String">type</Name>
  <Value className="java.lang.String">string</Value>
</Feature>
</Annotation>
<Annotation Id="19" Type="followers_count" StartNode="310" EndNode="312">
<Feature>
  <Name className="java.lang.String">type</Name>
  <Value className="java.lang.String">number</Value>
</Feature>
</Annotation>
<Annotation Id="18" Type="favourites_count" StartNode="308" EndNode="309">
<Feature>
  <Name className="java.lang.String">type</Name>
  <Value className="java.lang.String">number</Value>
</Feature>
</Annotation>
<Annotation Id="21" Type="friends_count" StartNode="313" EndNode="315">
<Feature>
  <Name className="java.lang.String">type</Name>
  <Value className="java.lang.String">number</Value>
</Feature>
</Annotation>
<Annotation Id="20" Type="following" StartNode="312" EndNode="312">
<Feature>
  <Name className="java.lang.String">class</Name>
  <Value className="java.lang.String">object</Value>
</Feature>
<Feature>
  <Name className="java.lang.String">isEmptyAndSpan</Name>
  <Value className="java.lang.String">true</Value>
</Feature>
<Feature>
  <Name className="java.lang.String">null</Name>
  <Value className="java.lang.String">true</Value>
</Feature>
</Annotation>
<Annotation Id="23" Type="id" StartNode="322" EndNode="330">
<Feature>
  <Name className="java.lang.String">type</Name>
  <Value className="java.lang.String">number</Value>
</Feature>
</Annotation>
<Annotation Id="22" Type="geo_enabled" StartNode="316" EndNode="321">
<Feature>
  <Name className="java.lang.String">type</Name>
  <Value className="java.lang.String">boolean</Value>
</Feature>
</Annotation>
<Annotation Id="25" Type="location" StartNode="334" EndNode="364">
<Feature>
  <Name className="java.lang.String">type</Name>
  <Value className="java.lang.String">string</Value>
</Feature>
</Annotation>
<Annotation Id="24" Type="lang" StartNode="331" EndNode="333">
<Feature>
  <Name className="java.lang.String">type</Name>
  <Value className="java.lang.String">string</Value>
</Feature>
</Annotation>
<Annotation Id="27" Type="notifications" StartNode="377" EndNode="377">
<Feature>
  <Name className="java.lang.String">class</Name>
  <Value className="java.lang.String">object</Value>
</Feature>
<Feature>
  <Name className="java.lang.String">isEmptyAndSpan</Name>
  <Value className="java.lang.String">true</Value>
</Feature>
<Feature>
  <Name className="java.lang.String">null</Name>
  <Value className="java.lang.String">true</Value>
</Feature>
</Annotation>
<Annotation Id="26" Type="name" StartNode="365" EndNode="377">
<Feature>
  <Name className="java.lang.String">type</Name>
  <Value className="java.lang.String">string</Value>
</Feature>
</Annotation>
<Annotation Id="29" Type="profile_background_image_url" StartNode="385" EndNode="458">
<Feature>
  <Name className="java.lang.String">type</Name>
  <Value className="java.lang.String">string</Value>
</Feature>
</Annotation>
<Annotation Id="28" Type="profile_background_color" StartNode="378" EndNode="384">
<Feature>
  <Name className="java.lang.String">type</Name>
  <Value className="java.lang.String">string</Value>
</Feature>
</Annotation>
<Annotation Id="31" Type="profile_image_url" StartNode="465" EndNode="535">
<Feature>
  <Name className="java.lang.String">type</Name>
  <Value className="java.lang.String">string</Value>
</Feature>
</Annotation>
<Annotation Id="30" Type="profile_background_tile" StartNode="459" EndNode="464">
<Feature>
  <Name className="java.lang.String">type</Name>
  <Value className="java.lang.String">boolean</Value>
</Feature>
</Annotation>
<Annotation Id="34" Type="profile_sidebar_fill_color" StartNode="550" EndNode="556">
<Feature>
  <Name className="java.lang.String">type</Name>
  <Value className="java.lang.String">string</Value>
</Feature>
</Annotation>
<Annotation Id="35" Type="profile_text_color" StartNode="557" EndNode="563">
<Feature>
  <Name className="java.lang.String">type</Name>
  <Value className="java.lang.String">string</Value>
</Feature>
</Annotation>
<Annotation Id="32" Type="profile_link_color" StartNode="536" EndNode="542">
<Feature>
  <Name className="java.lang.String">type</Name>
  <Value className="java.lang.String">string</Value>
</Feature>
</Annotation>
<Annotation Id="33" Type="profile_sidebar_border_color" StartNode="543" EndNode="549">
<Feature>
  <Name className="java.lang.String">type</Name>
  <Value className="java.lang.String">string</Value>
</Feature>
</Annotation>
<Annotation Id="38" Type="statuses_count" StartNode="582" EndNode="585">
<Feature>
  <Name className="java.lang.String">type</Name>
  <Value className="java.lang.String">number</Value>
</Feature>
</Annotation>
<Annotation Id="39" Type="time_zone" StartNode="586" EndNode="612">
<Feature>
  <Name className="java.lang.String">type</Name>
  <Value className="java.lang.String">string</Value>
</Feature>
</Annotation>
<Annotation Id="36" Type="protected" StartNode="564" EndNode="569">
<Feature>
  <Name className="java.lang.String">type</Name>
  <Value className="java.lang.String">boolean</Value>
</Feature>
</Annotation>
<Annotation Id="37" Type="screen_name" StartNode="570" EndNode="581">
<Feature>
  <Name className="java.lang.String">type</Name>
  <Value className="java.lang.String">string</Value>
</Feature>
</Annotation>
<Annotation Id="42" Type="verified" StartNode="656" EndNode="661">
<Feature>
  <Name className="java.lang.String">type</Name>
  <Value className="java.lang.String">boolean</Value>
</Feature>
</Annotation>
<Annotation Id="40" Type="url" StartNode="613" EndNode="648">
<Feature>
  <Name className="java.lang.String">type</Name>
  <Value className="java.lang.String">string</Value>
</Feature>
</Annotation>
<Annotation Id="41" Type="utc_offset" StartNode="649" EndNode="655">
<Feature>
  <Name className="java.lang.String">type</Name>
  <Value className="java.lang.String">number</Value>
</Feature>
</Annotation>
</AnnotationSet>

</GateDocument>
