<?xml version="1.0" encoding="UTF-8"?>
<o><contributors class="object" null="true"/><coordinates class="object" null="true"/><created_at type="string">Thu Mar 25 20:54:45 +0000 2010</created_at><favorited type="boolean">false</favorited><geo class="object" null="true"/><id type="number">11052846303</id><in_reply_to_screen_name class="object" null="true"/><in_reply_to_status_id class="object" null="true"/><in_reply_to_user_id class="object" null="true"/><place class="object" null="true"/><source type="string">&lt;a href="http://twitterrific.com" rel="nofollow"&gt;Twitterrific&lt;/a&gt;</source><text type="string">RT @GMA Feeling Trapped in Your #Job? Check out this AM's @ToryJohnson Segment. A Must Read &amp; Tory is THE BEST! http://bit.ly/9eHjCs</text><truncated type="boolean">false</truncated><user class="object"><contributors_enabled type="boolean">false</contributors_enabled><created_at type="string">Wed Mar 04 03:54:31 +0000 2009</created_at><description type="string">Wardrobe Stylist  for TV, Films, and 1 on 1 clients. Special rates for  Twitter followers. Check out my website www.scotfontaine.com</description><favourites_count type="number">27</favourites_count><followers_count type="number">133</followers_count><following class="object" null="true"/><friends_count type="number">313</friends_count><geo_enabled type="boolean">true</geo_enabled><id type="number">22729781</id><lang type="string">en</lang><location type="string">Chicago, IL, USA</location><name type="string">Scot Fontaine</name><notifications class="object" null="true"/><profile_background_color type="string">B2DFDA</profile_background_color><profile_background_image_url type="string">http://s.twimg.com/a/1269387398/images/themes/theme13/bg.gif</profile_background_image_url><profile_background_tile type="boolean">false</profile_background_tile><profile_image_url type="string">http://a1.twimg.com/profile_images/527892118/Cropped_Suit_normal.jpg</profile_image_url><profile_link_color type="string">93A644</profile_link_color><profile_sidebar_border_color type="string">eeeeee</profile_sidebar_border_color><profile_sidebar_fill_color type="string">ffffff</profile_sidebar_fill_color><profile_text_color type="string">333333</profile_text_color><protected type="boolean">false</protected><screen_name type="string">sHopSCOTch</screen_name><statuses_count type="number">334</statuses_count><time_zone type="string">Central Time (US &amp; Canada)</time_zone><url type="string">http://www.scotfontaine.com</url><utc_offset type="number">-21600</utc_offset><verified type="boolean">false</verified></user></o>
