<?xml version='1.0' encoding='UTF-8'?>
<GateDocument>
<!-- The document's features-->

<GateDocumentFeatures>
<Feature>
  <Name className="java.lang.String">kind</Name>
  <Value className="java.lang.String">irrelevant</Value>
</Feature>
<Feature>
  <Name className="java.lang.String">MimeType</Name>
  <Value className="java.lang.String">text/xml</Value>
</Feature>
<Feature>
  <Name className="java.lang.String">gate.SourceURL</Name>
  <Value className="java.lang.String">file:/home/diana/gate-extras/sentiment/testdocs/politwits/politwits-5000/politwits-5000_00007.xml</Value>
</Feature>
</GateDocumentFeatures>
<!-- The document content area with serialized nodes -->

<TextWithNodes><Node id="0" />Thu Mar 25 20:06:21 +0000 2010<Node id="30" /> <Node id="31" />false<Node id="36" /> <Node id="37" />11050946857<Node id="48" /> <Node id="49" />alnicholl77<Node id="60" /> <Node id="61" />11048093121<Node id="72" /> <Node id="73" />85643319<Node id="81" /> <Node id="82" />web<Node id="85" /> <Node id="86" />@<Node id="87" />alnicholl<Node id="96" />77<Node id="98" /> <Node id="99" />you<Node id="102" /> <Node id="103" />have<Node id="107" /> <Node id="108" />to<Node id="110" /> <Node id="111" />practise<Node id="119" /> <Node id="120" />running<Node id="127" /> <Node id="128" />red<Node id="131" /> <Node id="132" />lights<Node id="138" /> <Node id="139" />for<Node id="142" /> <Node id="143" />when<Node id="147" /> <Node id="148" />your<Node id="152" /> <Node id="153" />lady<Node id="157" /> <Node id="158" />goes<Node id="162" /> <Node id="163" />into<Node id="167" /> <Node id="168" />labour<Node id="174" />!<Node id="175" />!<Node id="176" /> <Node id="177" />lol<Node id="180" /> <Node id="181" />kidding<Node id="188" /> <Node id="189" />false<Node id="194" /> <Node id="195" />false<Node id="200" /> <Node id="201" />Sun Oct 12 12:08:12 +0000 2008<Node id="231" /> <Node id="232" />Live to create, I make jewellery<Node id="264" /> <Node id="265" />46<Node id="267" /> <Node id="268" />985<Node id="271" /> <Node id="272" />502<Node id="275" /> <Node id="276" />false<Node id="281" /> <Node id="282" />16706965<Node id="290" /> <Node id="291" />en<Node id="293" /> <Node id="294" />littlebeadsville<Node id="310" /> <Node id="311" />littlebead<Node id="321" /> <Node id="322" />0099B9<Node id="328" /> <Node id="329" />http://a3.twimg.com/profile_background_images/3721685/B0000022.JPG<Node id="395" /> <Node id="396" />true<Node id="400" /> <Node id="401" />http://a1.twimg.com/profile_images/602322446/avatar_normal.jpg<Node id="463" /> <Node id="464" />00b969<Node id="470" /> <Node id="471" />c7dc5e<Node id="477" /> <Node id="478" />95ecaa<Node id="484" /> <Node id="485" />4a4a4a<Node id="491" /> <Node id="492" />false<Node id="497" /> <Node id="498" />littlebead<Node id="508" /> <Node id="509" />18365<Node id="514" /> <Node id="515" />London<Node id="521" /> <Node id="522" />0<Node id="523" /> <Node id="524" />false<Node id="529" /></TextWithNodes>
<!-- The default annotation set -->

<AnnotationSet>
<Annotation Id="1153" Type="SpaceToken" StartNode="127" EndNode="128">
<Feature>
  <Name className="java.lang.String">length</Name>
  <Value className="java.lang.String">1</Value>
</Feature>
<Feature>
  <Name className="java.lang.String">kind</Name>
  <Value className="java.lang.String">space</Value>
</Feature>
<Feature>
  <Name className="java.lang.String">string</Name>
  <Value className="java.lang.String"> </Value>
</Feature>
</Annotation>
<Annotation Id="1152" Type="Token" StartNode="120" EndNode="127">
<Feature>
  <Name className="java.lang.String">orth</Name>
  <Value className="java.lang.String">lowercase</Value>
</Feature>
<Feature>
  <Name className="java.lang.String">category</Name>
  <Value className="java.lang.String">VBG</Value>
</Feature>
<Feature>
  <Name className="java.lang.String">root</Name>
  <Value className="java.lang.String">run</Value>
</Feature>
<Feature>
  <Name className="java.lang.String">string</Name>
  <Value className="java.lang.String">running</Value>
</Feature>
<Feature>
  <Name className="java.lang.String">length</Name>
  <Value className="java.lang.String">7</Value>
</Feature>
<Feature>
  <Name className="java.lang.String">affix</Name>
  <Value className="java.lang.String">ing</Value>
</Feature>
<Feature>
  <Name className="java.lang.String">kind</Name>
  <Value className="java.lang.String">word</Value>
</Feature>
</Annotation>
<Annotation Id="1155" Type="SpaceToken" StartNode="131" EndNode="132">
<Feature>
  <Name className="java.lang.String">length</Name>
  <Value className="java.lang.String">1</Value>
</Feature>
<Feature>
  <Name className="java.lang.String">kind</Name>
  <Value className="java.lang.String">space</Value>
</Feature>
<Feature>
  <Name className="java.lang.String">string</Name>
  <Value className="java.lang.String"> </Value>
</Feature>
</Annotation>
<Annotation Id="1154" Type="Token" StartNode="128" EndNode="131">
<Feature>
  <Name className="java.lang.String">length</Name>
  <Value className="java.lang.String">3</Value>
</Feature>
<Feature>
  <Name className="java.lang.String">category</Name>
  <Value className="java.lang.String">JJ</Value>
</Feature>
<Feature>
  <Name className="java.lang.String">orth</Name>
  <Value className="java.lang.String">lowercase</Value>
</Feature>
<Feature>
  <Name className="java.lang.String">root</Name>
  <Value className="java.lang.String">red</Value>
</Feature>
<Feature>
  <Name className="java.lang.String">kind</Name>
  <Value className="java.lang.String">word</Value>
</Feature>
<Feature>
  <Name className="java.lang.String">string</Name>
  <Value className="java.lang.String">red</Value>
</Feature>
</Annotation>
<Annotation Id="1157" Type="SpaceToken" StartNode="138" EndNode="139">
<Feature>
  <Name className="java.lang.String">length</Name>
  <Value className="java.lang.String">1</Value>
</Feature>
<Feature>
  <Name className="java.lang.String">kind</Name>
  <Value className="java.lang.String">space</Value>
</Feature>
<Feature>
  <Name className="java.lang.String">string</Name>
  <Value className="java.lang.String"> </Value>
</Feature>
</Annotation>
<Annotation Id="1156" Type="Token" StartNode="132" EndNode="138">
<Feature>
  <Name className="java.lang.String">orth</Name>
  <Value className="java.lang.String">lowercase</Value>
</Feature>
<Feature>
  <Name className="java.lang.String">category</Name>
  <Value className="java.lang.String">NNS</Value>
</Feature>
<Feature>
  <Name className="java.lang.String">root</Name>
  <Value className="java.lang.String">light</Value>
</Feature>
<Feature>
  <Name className="java.lang.String">string</Name>
  <Value className="java.lang.String">lights</Value>
</Feature>
<Feature>
  <Name className="java.lang.String">length</Name>
  <Value className="java.lang.String">6</Value>
</Feature>
<Feature>
  <Name className="java.lang.String">affix</Name>
  <Value className="java.lang.String">s</Value>
</Feature>
<Feature>
  <Name className="java.lang.String">kind</Name>
  <Value className="java.lang.String">word</Value>
</Feature>
</Annotation>
<Annotation Id="1159" Type="SpaceToken" StartNode="142" EndNode="143">
<Feature>
  <Name className="java.lang.String">length</Name>
  <Value className="java.lang.String">1</Value>
</Feature>
<Feature>
  <Name className="java.lang.String">kind</Name>
  <Value className="java.lang.String">space</Value>
</Feature>
<Feature>
  <Name className="java.lang.String">string</Name>
  <Value className="java.lang.String"> </Value>
</Feature>
</Annotation>
<Annotation Id="1158" Type="Token" StartNode="139" EndNode="142">
<Feature>
  <Name className="java.lang.String">length</Name>
  <Value className="java.lang.String">3</Value>
</Feature>
<Feature>
  <Name className="java.lang.String">category</Name>
  <Value className="java.lang.String">IN</Value>
</Feature>
<Feature>
  <Name className="java.lang.String">orth</Name>
  <Value className="java.lang.String">lowercase</Value>
</Feature>
<Feature>
  <Name className="java.lang.String">root</Name>
  <Value className="java.lang.String">for</Value>
</Feature>
<Feature>
  <Name className="java.lang.String">kind</Name>
  <Value className="java.lang.String">word</Value>
</Feature>
<Feature>
  <Name className="java.lang.String">string</Name>
  <Value className="java.lang.String">for</Value>
</Feature>
</Annotation>
<Annotation Id="1161" Type="SpaceToken" StartNode="147" EndNode="148">
<Feature>
  <Name className="java.lang.String">length</Name>
  <Value className="java.lang.String">1</Value>
</Feature>
<Feature>
  <Name className="java.lang.String">kind</Name>
  <Value className="java.lang.String">space</Value>
</Feature>
<Feature>
  <Name className="java.lang.String">string</Name>
  <Value className="java.lang.String"> </Value>
</Feature>
</Annotation>
<Annotation Id="1160" Type="Token" StartNode="143" EndNode="147">
<Feature>
  <Name className="java.lang.String">length</Name>
  <Value className="java.lang.String">4</Value>
</Feature>
<Feature>
  <Name className="java.lang.String">category</Name>
  <Value className="java.lang.String">WRB</Value>
</Feature>
<Feature>
  <Name className="java.lang.String">orth</Name>
  <Value className="java.lang.String">lowercase</Value>
</Feature>
<Feature>
  <Name className="java.lang.String">root</Name>
  <Value className="java.lang.String">when</Value>
</Feature>
<Feature>
  <Name className="java.lang.String">kind</Name>
  <Value className="java.lang.String">word</Value>
</Feature>
<Feature>
  <Name className="java.lang.String">string</Name>
  <Value className="java.lang.String">when</Value>
</Feature>
</Annotation>
<Annotation Id="1163" Type="SpaceToken" StartNode="152" EndNode="153">
<Feature>
  <Name className="java.lang.String">length</Name>
  <Value className="java.lang.String">1</Value>
</Feature>
<Feature>
  <Name className="java.lang.String">kind</Name>
  <Value className="java.lang.String">space</Value>
</Feature>
<Feature>
  <Name className="java.lang.String">string</Name>
  <Value className="java.lang.String"> </Value>
</Feature>
</Annotation>
<Annotation Id="1162" Type="Token" StartNode="148" EndNode="152">
<Feature>
  <Name className="java.lang.String">length</Name>
  <Value className="java.lang.String">4</Value>
</Feature>
<Feature>
  <Name className="java.lang.String">category</Name>
  <Value className="java.lang.String">PRP$</Value>
</Feature>
<Feature>
  <Name className="java.lang.String">orth</Name>
  <Value className="java.lang.String">lowercase</Value>
</Feature>
<Feature>
  <Name className="java.lang.String">root</Name>
  <Value className="java.lang.String">your</Value>
</Feature>
<Feature>
  <Name className="java.lang.String">kind</Name>
  <Value className="java.lang.String">word</Value>
</Feature>
<Feature>
  <Name className="java.lang.String">string</Name>
  <Value className="java.lang.String">your</Value>
</Feature>
</Annotation>
<Annotation Id="1165" Type="SpaceToken" StartNode="157" EndNode="158">
<Feature>
  <Name className="java.lang.String">length</Name>
  <Value className="java.lang.String">1</Value>
</Feature>
<Feature>
  <Name className="java.lang.String">kind</Name>
  <Value className="java.lang.String">space</Value>
</Feature>
<Feature>
  <Name className="java.lang.String">string</Name>
  <Value className="java.lang.String"> </Value>
</Feature>
</Annotation>
<Annotation Id="1164" Type="Token" StartNode="153" EndNode="157">
<Feature>
  <Name className="java.lang.String">length</Name>
  <Value className="java.lang.String">4</Value>
</Feature>
<Feature>
  <Name className="java.lang.String">category</Name>
  <Value className="java.lang.String">NN</Value>
</Feature>
<Feature>
  <Name className="java.lang.String">orth</Name>
  <Value className="java.lang.String">lowercase</Value>
</Feature>
<Feature>
  <Name className="java.lang.String">root</Name>
  <Value className="java.lang.String">lady</Value>
</Feature>
<Feature>
  <Name className="java.lang.String">kind</Name>
  <Value className="java.lang.String">word</Value>
</Feature>
<Feature>
  <Name className="java.lang.String">string</Name>
  <Value className="java.lang.String">lady</Value>
</Feature>
</Annotation>
<Annotation Id="1167" Type="SpaceToken" StartNode="162" EndNode="163">
<Feature>
  <Name className="java.lang.String">length</Name>
  <Value className="java.lang.String">1</Value>
</Feature>
<Feature>
  <Name className="java.lang.String">kind</Name>
  <Value className="java.lang.String">space</Value>
</Feature>
<Feature>
  <Name className="java.lang.String">string</Name>
  <Value className="java.lang.String"> </Value>
</Feature>
</Annotation>
<Annotation Id="1166" Type="Token" StartNode="158" EndNode="162">
<Feature>
  <Name className="java.lang.String">orth</Name>
  <Value className="java.lang.String">lowercase</Value>
</Feature>
<Feature>
  <Name className="java.lang.String">category</Name>
  <Value className="java.lang.String">VBZ</Value>
</Feature>
<Feature>
  <Name className="java.lang.String">root</Name>
  <Value className="java.lang.String">go</Value>
</Feature>
<Feature>
  <Name className="java.lang.String">string</Name>
  <Value className="java.lang.String">goes</Value>
</Feature>
<Feature>
  <Name className="java.lang.String">length</Name>
  <Value className="java.lang.String">4</Value>
</Feature>
<Feature>
  <Name className="java.lang.String">affix</Name>
  <Value className="java.lang.String">es</Value>
</Feature>
<Feature>
  <Name className="java.lang.String">kind</Name>
  <Value className="java.lang.String">word</Value>
</Feature>
</Annotation>
<Annotation Id="1168" Type="Token" StartNode="163" EndNode="167">
<Feature>
  <Name className="java.lang.String">length</Name>
  <Value className="java.lang.String">4</Value>
</Feature>
<Feature>
  <Name className="java.lang.String">category</Name>
  <Value className="java.lang.String">IN</Value>
</Feature>
<Feature>
  <Name className="java.lang.String">orth</Name>
  <Value className="java.lang.String">lowercase</Value>
</Feature>
<Feature>
  <Name className="java.lang.String">root</Name>
  <Value className="java.lang.String">into</Value>
</Feature>
<Feature>
  <Name className="java.lang.String">kind</Name>
  <Value className="java.lang.String">word</Value>
</Feature>
<Feature>
  <Name className="java.lang.String">string</Name>
  <Value className="java.lang.String">into</Value>
</Feature>
</Annotation>
<Annotation Id="1169" Type="SpaceToken" StartNode="167" EndNode="168">
<Feature>
  <Name className="java.lang.String">length</Name>
  <Value className="java.lang.String">1</Value>
</Feature>
<Feature>
  <Name className="java.lang.String">kind</Name>
  <Value className="java.lang.String">space</Value>
</Feature>
<Feature>
  <Name className="java.lang.String">string</Name>
  <Value className="java.lang.String"> </Value>
</Feature>
</Annotation>
<Annotation Id="1170" Type="Token" StartNode="168" EndNode="174">
<Feature>
  <Name className="java.lang.String">length</Name>
  <Value className="java.lang.String">6</Value>
</Feature>
<Feature>
  <Name className="java.lang.String">category</Name>
  <Value className="java.lang.String">NN</Value>
</Feature>
<Feature>
  <Name className="java.lang.String">orth</Name>
  <Value className="java.lang.String">lowercase</Value>
</Feature>
<Feature>
  <Name className="java.lang.String">root</Name>
  <Value className="java.lang.String">labour</Value>
</Feature>
<Feature>
  <Name className="java.lang.String">kind</Name>
  <Value className="java.lang.String">word</Value>
</Feature>
<Feature>
  <Name className="java.lang.String">string</Name>
  <Value className="java.lang.String">labour</Value>
</Feature>
</Annotation>
<Annotation Id="1171" Type="Token" StartNode="174" EndNode="175">
<Feature>
  <Name className="java.lang.String">length</Name>
  <Value className="java.lang.String">1</Value>
</Feature>
<Feature>
  <Name className="java.lang.String">category</Name>
  <Value className="java.lang.String">.</Value>
</Feature>
<Feature>
  <Name className="java.lang.String">root</Name>
  <Value className="java.lang.String">!</Value>
</Feature>
<Feature>
  <Name className="java.lang.String">kind</Name>
  <Value className="java.lang.String">punctuation</Value>
</Feature>
<Feature>
  <Name className="java.lang.String">string</Name>
  <Value className="java.lang.String">!</Value>
</Feature>
</Annotation>
<Annotation Id="1172" Type="Token" StartNode="175" EndNode="176">
<Feature>
  <Name className="java.lang.String">length</Name>
  <Value className="java.lang.String">1</Value>
</Feature>
<Feature>
  <Name className="java.lang.String">category</Name>
  <Value className="java.lang.String">.</Value>
</Feature>
<Feature>
  <Name className="java.lang.String">root</Name>
  <Value className="java.lang.String">!</Value>
</Feature>
<Feature>
  <Name className="java.lang.String">kind</Name>
  <Value className="java.lang.String">punctuation</Value>
</Feature>
<Feature>
  <Name className="java.lang.String">string</Name>
  <Value className="java.lang.String">!</Value>
</Feature>
</Annotation>
<Annotation Id="1173" Type="SpaceToken" StartNode="176" EndNode="177">
<Feature>
  <Name className="java.lang.String">length</Name>
  <Value className="java.lang.String">1</Value>
</Feature>
<Feature>
  <Name className="java.lang.String">kind</Name>
  <Value className="java.lang.String">space</Value>
</Feature>
<Feature>
  <Name className="java.lang.String">string</Name>
  <Value className="java.lang.String"> </Value>
</Feature>
</Annotation>
<Annotation Id="1174" Type="Token" StartNode="177" EndNode="180">
<Feature>
  <Name className="java.lang.String">length</Name>
  <Value className="java.lang.String">3</Value>
</Feature>
<Feature>
  <Name className="java.lang.String">category</Name>
  <Value className="java.lang.String">NN</Value>
</Feature>
<Feature>
  <Name className="java.lang.String">orth</Name>
  <Value className="java.lang.String">lowercase</Value>
</Feature>
<Feature>
  <Name className="java.lang.String">root</Name>
  <Value className="java.lang.String">lol</Value>
</Feature>
<Feature>
  <Name className="java.lang.String">kind</Name>
  <Value className="java.lang.String">word</Value>
</Feature>
<Feature>
  <Name className="java.lang.String">string</Name>
  <Value className="java.lang.String">lol</Value>
</Feature>
</Annotation>
<Annotation Id="1175" Type="SpaceToken" StartNode="180" EndNode="181">
<Feature>
  <Name className="java.lang.String">length</Name>
  <Value className="java.lang.String">1</Value>
</Feature>
<Feature>
  <Name className="java.lang.String">kind</Name>
  <Value className="java.lang.String">space</Value>
</Feature>
<Feature>
  <Name className="java.lang.String">string</Name>
  <Value className="java.lang.String"> </Value>
</Feature>
</Annotation>
<Annotation Id="1176" Type="Token" StartNode="181" EndNode="188">
<Feature>
  <Name className="java.lang.String">orth</Name>
  <Value className="java.lang.String">lowercase</Value>
</Feature>
<Feature>
  <Name className="java.lang.String">category</Name>
  <Value className="java.lang.String">VBG</Value>
</Feature>
<Feature>
  <Name className="java.lang.String">root</Name>
  <Value className="java.lang.String">kid</Value>
</Feature>
<Feature>
  <Name className="java.lang.String">string</Name>
  <Value className="java.lang.String">kidding</Value>
</Feature>
<Feature>
  <Name className="java.lang.String">length</Name>
  <Value className="java.lang.String">7</Value>
</Feature>
<Feature>
  <Name className="java.lang.String">affix</Name>
  <Value className="java.lang.String">ing</Value>
</Feature>
<Feature>
  <Name className="java.lang.String">kind</Name>
  <Value className="java.lang.String">word</Value>
</Feature>
</Annotation>
<Annotation Id="1177" Type="Split" StartNode="174" EndNode="176">
<Feature>
  <Name className="java.lang.String">kind</Name>
  <Value className="java.lang.String">internal</Value>
</Feature>
</Annotation>
<Annotation Id="1178" Type="Sentence" StartNode="87" EndNode="176">
</Annotation>
<Annotation Id="1179" Type="Sentence" StartNode="177" EndNode="188">
</Annotation>
<Annotation Id="1180" Type="Lookup" StartNode="168" EndNode="174">
<Feature>
  <Name className="java.lang.String">type</Name>
  <Value className="java.lang.String">Lab</Value>
</Feature>
<Feature>
  <Name className="java.lang.String">majorType</Name>
  <Value className="java.lang.String">party</Value>
</Feature>
</Annotation>
<Annotation Id="1181" Type="Party" StartNode="168" EndNode="174">
<Feature>
  <Name className="java.lang.String">kind</Name>
  <Value className="java.lang.String">Lab</Value>
</Feature>
</Annotation>
<Annotation Id="1151" Type="SpaceToken" StartNode="119" EndNode="120">
<Feature>
  <Name className="java.lang.String">length</Name>
  <Value className="java.lang.String">1</Value>
</Feature>
<Feature>
  <Name className="java.lang.String">kind</Name>
  <Value className="java.lang.String">space</Value>
</Feature>
<Feature>
  <Name className="java.lang.String">string</Name>
  <Value className="java.lang.String"> </Value>
</Feature>
</Annotation>
<Annotation Id="1150" Type="Token" StartNode="111" EndNode="119">
<Feature>
  <Name className="java.lang.String">length</Name>
  <Value className="java.lang.String">8</Value>
</Feature>
<Feature>
  <Name className="java.lang.String">category</Name>
  <Value className="java.lang.String">NN</Value>
</Feature>
<Feature>
  <Name className="java.lang.String">orth</Name>
  <Value className="java.lang.String">lowercase</Value>
</Feature>
<Feature>
  <Name className="java.lang.String">root</Name>
  <Value className="java.lang.String">practise</Value>
</Feature>
<Feature>
  <Name className="java.lang.String">kind</Name>
  <Value className="java.lang.String">word</Value>
</Feature>
<Feature>
  <Name className="java.lang.String">string</Name>
  <Value className="java.lang.String">practise</Value>
</Feature>
</Annotation>
<Annotation Id="1149" Type="SpaceToken" StartNode="110" EndNode="111">
<Feature>
  <Name className="java.lang.String">length</Name>
  <Value className="java.lang.String">1</Value>
</Feature>
<Feature>
  <Name className="java.lang.String">kind</Name>
  <Value className="java.lang.String">space</Value>
</Feature>
<Feature>
  <Name className="java.lang.String">string</Name>
  <Value className="java.lang.String"> </Value>
</Feature>
</Annotation>
<Annotation Id="1148" Type="Token" StartNode="108" EndNode="110">
<Feature>
  <Name className="java.lang.String">length</Name>
  <Value className="java.lang.String">2</Value>
</Feature>
<Feature>
  <Name className="java.lang.String">category</Name>
  <Value className="java.lang.String">TO</Value>
</Feature>
<Feature>
  <Name className="java.lang.String">orth</Name>
  <Value className="java.lang.String">lowercase</Value>
</Feature>
<Feature>
  <Name className="java.lang.String">root</Name>
  <Value className="java.lang.String">to</Value>
</Feature>
<Feature>
  <Name className="java.lang.String">kind</Name>
  <Value className="java.lang.String">word</Value>
</Feature>
<Feature>
  <Name className="java.lang.String">string</Name>
  <Value className="java.lang.String">to</Value>
</Feature>
</Annotation>
<Annotation Id="1147" Type="SpaceToken" StartNode="107" EndNode="108">
<Feature>
  <Name className="java.lang.String">length</Name>
  <Value className="java.lang.String">1</Value>
</Feature>
<Feature>
  <Name className="java.lang.String">kind</Name>
  <Value className="java.lang.String">space</Value>
</Feature>
<Feature>
  <Name className="java.lang.String">string</Name>
  <Value className="java.lang.String"> </Value>
</Feature>
</Annotation>
<Annotation Id="1146" Type="Token" StartNode="103" EndNode="107">
<Feature>
  <Name className="java.lang.String">length</Name>
  <Value className="java.lang.String">4</Value>
</Feature>
<Feature>
  <Name className="java.lang.String">category</Name>
  <Value className="java.lang.String">VBP</Value>
</Feature>
<Feature>
  <Name className="java.lang.String">orth</Name>
  <Value className="java.lang.String">lowercase</Value>
</Feature>
<Feature>
  <Name className="java.lang.String">root</Name>
  <Value className="java.lang.String">have</Value>
</Feature>
<Feature>
  <Name className="java.lang.String">kind</Name>
  <Value className="java.lang.String">word</Value>
</Feature>
<Feature>
  <Name className="java.lang.String">string</Name>
  <Value className="java.lang.String">have</Value>
</Feature>
</Annotation>
<Annotation Id="1145" Type="SpaceToken" StartNode="102" EndNode="103">
<Feature>
  <Name className="java.lang.String">length</Name>
  <Value className="java.lang.String">1</Value>
</Feature>
<Feature>
  <Name className="java.lang.String">kind</Name>
  <Value className="java.lang.String">space</Value>
</Feature>
<Feature>
  <Name className="java.lang.String">string</Name>
  <Value className="java.lang.String"> </Value>
</Feature>
</Annotation>
<Annotation Id="1144" Type="Token" StartNode="99" EndNode="102">
<Feature>
  <Name className="java.lang.String">length</Name>
  <Value className="java.lang.String">3</Value>
</Feature>
<Feature>
  <Name className="java.lang.String">category</Name>
  <Value className="java.lang.String">PRP</Value>
</Feature>
<Feature>
  <Name className="java.lang.String">orth</Name>
  <Value className="java.lang.String">lowercase</Value>
</Feature>
<Feature>
  <Name className="java.lang.String">root</Name>
  <Value className="java.lang.String">you</Value>
</Feature>
<Feature>
  <Name className="java.lang.String">kind</Name>
  <Value className="java.lang.String">word</Value>
</Feature>
<Feature>
  <Name className="java.lang.String">string</Name>
  <Value className="java.lang.String">you</Value>
</Feature>
</Annotation>
<Annotation Id="1143" Type="SpaceToken" StartNode="98" EndNode="99">
<Feature>
  <Name className="java.lang.String">length</Name>
  <Value className="java.lang.String">1</Value>
</Feature>
<Feature>
  <Name className="java.lang.String">kind</Name>
  <Value className="java.lang.String">space</Value>
</Feature>
<Feature>
  <Name className="java.lang.String">string</Name>
  <Value className="java.lang.String"> </Value>
</Feature>
</Annotation>
<Annotation Id="1142" Type="Token" StartNode="96" EndNode="98">
<Feature>
  <Name className="java.lang.String">length</Name>
  <Value className="java.lang.String">2</Value>
</Feature>
<Feature>
  <Name className="java.lang.String">category</Name>
  <Value className="java.lang.String">CD</Value>
</Feature>
<Feature>
  <Name className="java.lang.String">root</Name>
  <Value className="java.lang.String">77</Value>
</Feature>
<Feature>
  <Name className="java.lang.String">kind</Name>
  <Value className="java.lang.String">number</Value>
</Feature>
<Feature>
  <Name className="java.lang.String">string</Name>
  <Value className="java.lang.String">77</Value>
</Feature>
</Annotation>
<Annotation Id="1141" Type="Token" StartNode="87" EndNode="96">
<Feature>
  <Name className="java.lang.String">length</Name>
  <Value className="java.lang.String">9</Value>
</Feature>
<Feature>
  <Name className="java.lang.String">category</Name>
  <Value className="java.lang.String">NN</Value>
</Feature>
<Feature>
  <Name className="java.lang.String">orth</Name>
  <Value className="java.lang.String">lowercase</Value>
</Feature>
<Feature>
  <Name className="java.lang.String">root</Name>
  <Value className="java.lang.String">alnicholl</Value>
</Feature>
<Feature>
  <Name className="java.lang.String">kind</Name>
  <Value className="java.lang.String">word</Value>
</Feature>
<Feature>
  <Name className="java.lang.String">string</Name>
  <Value className="java.lang.String">alnicholl</Value>
</Feature>
</Annotation>
<Annotation Id="1140" Type="Token" StartNode="86" EndNode="87">
<Feature>
  <Name className="java.lang.String">length</Name>
  <Value className="java.lang.String">1</Value>
</Feature>
<Feature>
  <Name className="java.lang.String">category</Name>
  <Value className="java.lang.String">IN</Value>
</Feature>
<Feature>
  <Name className="java.lang.String">root</Name>
  <Value className="java.lang.String">@</Value>
</Feature>
<Feature>
  <Name className="java.lang.String">kind</Name>
  <Value className="java.lang.String">punctuation</Value>
</Feature>
<Feature>
  <Name className="java.lang.String">string</Name>
  <Value className="java.lang.String">@</Value>
</Feature>
</Annotation>
</AnnotationSet>

<!-- Named annotation set -->

<AnnotationSet Name="Original markups">
<Annotation Id="0" Type="o" StartNode="0" EndNode="529">
</Annotation>
<Annotation Id="1" Type="contributors" StartNode="0" EndNode="0">
<Feature>
  <Name className="java.lang.String">class</Name>
  <Value className="java.lang.String">object</Value>
</Feature>
<Feature>
  <Name className="java.lang.String">isEmptyAndSpan</Name>
  <Value className="java.lang.String">true</Value>
</Feature>
<Feature>
  <Name className="java.lang.String">null</Name>
  <Value className="java.lang.String">true</Value>
</Feature>
</Annotation>
<Annotation Id="2" Type="coordinates" StartNode="0" EndNode="0">
<Feature>
  <Name className="java.lang.String">class</Name>
  <Value className="java.lang.String">object</Value>
</Feature>
<Feature>
  <Name className="java.lang.String">isEmptyAndSpan</Name>
  <Value className="java.lang.String">true</Value>
</Feature>
<Feature>
  <Name className="java.lang.String">null</Name>
  <Value className="java.lang.String">true</Value>
</Feature>
</Annotation>
<Annotation Id="3" Type="created_at" StartNode="0" EndNode="30">
<Feature>
  <Name className="java.lang.String">type</Name>
  <Value className="java.lang.String">string</Value>
</Feature>
</Annotation>
<Annotation Id="4" Type="favorited" StartNode="31" EndNode="36">
<Feature>
  <Name className="java.lang.String">type</Name>
  <Value className="java.lang.String">boolean</Value>
</Feature>
</Annotation>
<Annotation Id="5" Type="geo" StartNode="36" EndNode="36">
<Feature>
  <Name className="java.lang.String">class</Name>
  <Value className="java.lang.String">object</Value>
</Feature>
<Feature>
  <Name className="java.lang.String">isEmptyAndSpan</Name>
  <Value className="java.lang.String">true</Value>
</Feature>
<Feature>
  <Name className="java.lang.String">null</Name>
  <Value className="java.lang.String">true</Value>
</Feature>
</Annotation>
<Annotation Id="6" Type="id" StartNode="37" EndNode="48">
<Feature>
  <Name className="java.lang.String">type</Name>
  <Value className="java.lang.String">number</Value>
</Feature>
</Annotation>
<Annotation Id="7" Type="in_reply_to_screen_name" StartNode="49" EndNode="60">
<Feature>
  <Name className="java.lang.String">type</Name>
  <Value className="java.lang.String">string</Value>
</Feature>
</Annotation>
<Annotation Id="8" Type="in_reply_to_status_id" StartNode="61" EndNode="72">
<Feature>
  <Name className="java.lang.String">type</Name>
  <Value className="java.lang.String">number</Value>
</Feature>
</Annotation>
<Annotation Id="9" Type="in_reply_to_user_id" StartNode="73" EndNode="81">
<Feature>
  <Name className="java.lang.String">type</Name>
  <Value className="java.lang.String">number</Value>
</Feature>
</Annotation>
<Annotation Id="10" Type="place" StartNode="81" EndNode="81">
<Feature>
  <Name className="java.lang.String">class</Name>
  <Value className="java.lang.String">object</Value>
</Feature>
<Feature>
  <Name className="java.lang.String">isEmptyAndSpan</Name>
  <Value className="java.lang.String">true</Value>
</Feature>
<Feature>
  <Name className="java.lang.String">null</Name>
  <Value className="java.lang.String">true</Value>
</Feature>
</Annotation>
<Annotation Id="11" Type="source" StartNode="82" EndNode="85">
<Feature>
  <Name className="java.lang.String">type</Name>
  <Value className="java.lang.String">string</Value>
</Feature>
</Annotation>
<Annotation Id="12" Type="text" StartNode="86" EndNode="188">
<Feature>
  <Name className="java.lang.String">type</Name>
  <Value className="java.lang.String">string</Value>
</Feature>
</Annotation>
<Annotation Id="13" Type="truncated" StartNode="189" EndNode="194">
<Feature>
  <Name className="java.lang.String">type</Name>
  <Value className="java.lang.String">boolean</Value>
</Feature>
</Annotation>
<Annotation Id="14" Type="user" StartNode="195" EndNode="529">
<Feature>
  <Name className="java.lang.String">class</Name>
  <Value className="java.lang.String">object</Value>
</Feature>
</Annotation>
<Annotation Id="15" Type="contributors_enabled" StartNode="195" EndNode="200">
<Feature>
  <Name className="java.lang.String">type</Name>
  <Value className="java.lang.String">boolean</Value>
</Feature>
</Annotation>
<Annotation Id="17" Type="description" StartNode="232" EndNode="264">
<Feature>
  <Name className="java.lang.String">type</Name>
  <Value className="java.lang.String">string</Value>
</Feature>
</Annotation>
<Annotation Id="16" Type="created_at" StartNode="201" EndNode="231">
<Feature>
  <Name className="java.lang.String">type</Name>
  <Value className="java.lang.String">string</Value>
</Feature>
</Annotation>
<Annotation Id="19" Type="followers_count" StartNode="268" EndNode="271">
<Feature>
  <Name className="java.lang.String">type</Name>
  <Value className="java.lang.String">number</Value>
</Feature>
</Annotation>
<Annotation Id="18" Type="favourites_count" StartNode="265" EndNode="267">
<Feature>
  <Name className="java.lang.String">type</Name>
  <Value className="java.lang.String">number</Value>
</Feature>
</Annotation>
<Annotation Id="21" Type="friends_count" StartNode="272" EndNode="275">
<Feature>
  <Name className="java.lang.String">type</Name>
  <Value className="java.lang.String">number</Value>
</Feature>
</Annotation>
<Annotation Id="20" Type="following" StartNode="271" EndNode="271">
<Feature>
  <Name className="java.lang.String">class</Name>
  <Value className="java.lang.String">object</Value>
</Feature>
<Feature>
  <Name className="java.lang.String">isEmptyAndSpan</Name>
  <Value className="java.lang.String">true</Value>
</Feature>
<Feature>
  <Name className="java.lang.String">null</Name>
  <Value className="java.lang.String">true</Value>
</Feature>
</Annotation>
<Annotation Id="23" Type="id" StartNode="282" EndNode="290">
<Feature>
  <Name className="java.lang.String">type</Name>
  <Value className="java.lang.String">number</Value>
</Feature>
</Annotation>
<Annotation Id="22" Type="geo_enabled" StartNode="276" EndNode="281">
<Feature>
  <Name className="java.lang.String">type</Name>
  <Value className="java.lang.String">boolean</Value>
</Feature>
</Annotation>
<Annotation Id="25" Type="location" StartNode="294" EndNode="310">
<Feature>
  <Name className="java.lang.String">type</Name>
  <Value className="java.lang.String">string</Value>
</Feature>
</Annotation>
<Annotation Id="24" Type="lang" StartNode="291" EndNode="293">
<Feature>
  <Name className="java.lang.String">type</Name>
  <Value className="java.lang.String">string</Value>
</Feature>
</Annotation>
<Annotation Id="27" Type="notifications" StartNode="321" EndNode="321">
<Feature>
  <Name className="java.lang.String">class</Name>
  <Value className="java.lang.String">object</Value>
</Feature>
<Feature>
  <Name className="java.lang.String">isEmptyAndSpan</Name>
  <Value className="java.lang.String">true</Value>
</Feature>
<Feature>
  <Name className="java.lang.String">null</Name>
  <Value className="java.lang.String">true</Value>
</Feature>
</Annotation>
<Annotation Id="26" Type="name" StartNode="311" EndNode="321">
<Feature>
  <Name className="java.lang.String">type</Name>
  <Value className="java.lang.String">string</Value>
</Feature>
</Annotation>
<Annotation Id="29" Type="profile_background_image_url" StartNode="329" EndNode="395">
<Feature>
  <Name className="java.lang.String">type</Name>
  <Value className="java.lang.String">string</Value>
</Feature>
</Annotation>
<Annotation Id="28" Type="profile_background_color" StartNode="322" EndNode="328">
<Feature>
  <Name className="java.lang.String">type</Name>
  <Value className="java.lang.String">string</Value>
</Feature>
</Annotation>
<Annotation Id="31" Type="profile_image_url" StartNode="401" EndNode="463">
<Feature>
  <Name className="java.lang.String">type</Name>
  <Value className="java.lang.String">string</Value>
</Feature>
</Annotation>
<Annotation Id="30" Type="profile_background_tile" StartNode="396" EndNode="400">
<Feature>
  <Name className="java.lang.String">type</Name>
  <Value className="java.lang.String">boolean</Value>
</Feature>
</Annotation>
<Annotation Id="34" Type="profile_sidebar_fill_color" StartNode="478" EndNode="484">
<Feature>
  <Name className="java.lang.String">type</Name>
  <Value className="java.lang.String">string</Value>
</Feature>
</Annotation>
<Annotation Id="35" Type="profile_text_color" StartNode="485" EndNode="491">
<Feature>
  <Name className="java.lang.String">type</Name>
  <Value className="java.lang.String">string</Value>
</Feature>
</Annotation>
<Annotation Id="32" Type="profile_link_color" StartNode="464" EndNode="470">
<Feature>
  <Name className="java.lang.String">type</Name>
  <Value className="java.lang.String">string</Value>
</Feature>
</Annotation>
<Annotation Id="33" Type="profile_sidebar_border_color" StartNode="471" EndNode="477">
<Feature>
  <Name className="java.lang.String">type</Name>
  <Value className="java.lang.String">string</Value>
</Feature>
</Annotation>
<Annotation Id="38" Type="statuses_count" StartNode="509" EndNode="514">
<Feature>
  <Name className="java.lang.String">type</Name>
  <Value className="java.lang.String">number</Value>
</Feature>
</Annotation>
<Annotation Id="39" Type="time_zone" StartNode="515" EndNode="521">
<Feature>
  <Name className="java.lang.String">type</Name>
  <Value className="java.lang.String">string</Value>
</Feature>
</Annotation>
<Annotation Id="36" Type="protected" StartNode="492" EndNode="497">
<Feature>
  <Name className="java.lang.String">type</Name>
  <Value className="java.lang.String">boolean</Value>
</Feature>
</Annotation>
<Annotation Id="37" Type="screen_name" StartNode="498" EndNode="508">
<Feature>
  <Name className="java.lang.String">type</Name>
  <Value className="java.lang.String">string</Value>
</Feature>
</Annotation>
<Annotation Id="42" Type="verified" StartNode="524" EndNode="529">
<Feature>
  <Name className="java.lang.String">type</Name>
  <Value className="java.lang.String">boolean</Value>
</Feature>
</Annotation>
<Annotation Id="40" Type="url" StartNode="521" EndNode="521">
<Feature>
  <Name className="java.lang.String">class</Name>
  <Value className="java.lang.String">object</Value>
</Feature>
<Feature>
  <Name className="java.lang.String">isEmptyAndSpan</Name>
  <Value className="java.lang.String">true</Value>
</Feature>
<Feature>
  <Name className="java.lang.String">null</Name>
  <Value className="java.lang.String">true</Value>
</Feature>
</Annotation>
<Annotation Id="41" Type="utc_offset" StartNode="522" EndNode="523">
<Feature>
  <Name className="java.lang.String">type</Name>
  <Value className="java.lang.String">number</Value>
</Feature>
</Annotation>
</AnnotationSet>

</GateDocument>
