<?xml version="1.0" encoding="UTF-8"?>
<o><contributors class="object" null="true"/><coordinates class="object" null="true"/><created_at type="string">Thu Mar 25 20:52:45 +0000 2010</created_at><favorited type="boolean">false</favorited><geo class="object" null="true"/><id type="number">11052768758</id><in_reply_to_screen_name class="object" null="true"/><in_reply_to_status_id class="object" null="true"/><in_reply_to_user_id class="object" null="true"/><place class="object" null="true"/><source type="string">&lt;a href="http://twitterfeed.com" rel="nofollow"&gt;twitterfeed&lt;/a&gt;</source><text type="string">RT @vnalfred  : Tory election win would cost Britain 10000 jobs - Mirror.co.uk http://url4.eu/1zsxY: Mark Ellis (b... http://bit.ly/d0xHI2</text><truncated type="boolean">false</truncated><user class="object"><contributors_enabled type="boolean">false</contributors_enabled><created_at type="string">Thu Jul 03 19:25:15 +0000 2008</created_at><description type="string">TheUKlad living in the states.Struggling with the meaning of life, world peace and the age old eternal question Tea or Coffee?  </description><favourites_count type="number">5</favourites_count><followers_count type="number">449</followers_count><following class="object" null="true"/><friends_count type="number">535</friends_count><geo_enabled type="boolean">true</geo_enabled><id type="number">15311623</id><lang type="string">en</lang><location type="string">sometimes I wonder</location><name type="string">mike carroll</name><notifications class="object" null="true"/><profile_background_color type="string">022330</profile_background_color><profile_background_image_url type="string">http://s.twimg.com/a/1269387398/images/themes/theme15/bg.png</profile_background_image_url><profile_background_tile type="boolean">false</profile_background_tile><profile_image_url type="string">http://a3.twimg.com/profile_images/764096339/mike1_-_Copy_normal.jpg</profile_image_url><profile_link_color type="string">0084B4</profile_link_color><profile_sidebar_border_color type="string">a8c7f7</profile_sidebar_border_color><profile_sidebar_fill_color type="string">C0DFEC</profile_sidebar_fill_color><profile_text_color type="string">333333</profile_text_color><protected type="boolean">false</protected><screen_name type="string">mikecarrol</screen_name><statuses_count type="number">8269</statuses_count><time_zone type="string">Central Time (US &amp; Canada)</time_zone><url class="object" null="true"/><utc_offset type="number">-21600</utc_offset><verified type="boolean">false</verified></user></o>
