<?xml version="1.0" encoding="UTF-8"?>
<o><contributors class="object" null="true"/><coordinates class="object" null="true"/><created_at type="string">Thu Mar 25 20:41:28 +0000 2010</created_at><favorited type="boolean">false</favorited><geo class="object" null="true"/><id type="number">11052331000</id><in_reply_to_screen_name class="object" null="true"/><in_reply_to_status_id class="object" null="true"/><in_reply_to_user_id class="object" null="true"/><place class="object" null="true"/><source type="string">&lt;a href="http://www.tweetdeck.com" rel="nofollow"&gt;TweetDeck&lt;/a&gt;</source><text type="string">RT @TelePolitics: Budget 2010: Labour is stealing from our children's future to buy votes http://bit.ly/d0h11k</text><truncated type="boolean">false</truncated><user class="object"><contributors_enabled type="boolean">false</contributors_enabled><created_at type="string">Thu Dec 31 22:35:32 +0000 2009</created_at><description type="string">Reminding us all why we can't accept another 5 years of Gordon Brown &amp; Labour.&#x0D;
 saynotolabour@alexpainter.co.uk&#x0D;
or my personal twitter @alexpainter</description><favourites_count type="number">0</favourites_count><followers_count type="number">49</followers_count><following class="object" null="true"/><friends_count type="number">51</friends_count><geo_enabled type="boolean">false</geo_enabled><id type="number">100856465</id><lang type="string">en</lang><location type="string">Essex, UK</location><name type="string">Say No To Labour</name><notifications class="object" null="true"/><profile_background_color type="string">C0DEED</profile_background_color><profile_background_image_url type="string">http://a3.twimg.com/profile_background_images/63341043/tory_logo.jpg</profile_background_image_url><profile_background_tile type="boolean">true</profile_background_tile><profile_image_url type="string">http://a1.twimg.com/profile_images/755031152/gordon_1_normal.jpg</profile_image_url><profile_link_color type="string">0084B4</profile_link_color><profile_sidebar_border_color type="string">C0DEED</profile_sidebar_border_color><profile_sidebar_fill_color type="string">DDEEF6</profile_sidebar_fill_color><profile_text_color type="string">333333</profile_text_color><protected type="boolean">false</protected><screen_name type="string">saynotolabour</screen_name><statuses_count type="number">102</statuses_count><time_zone type="string">London</time_zone><url class="object" null="true"/><utc_offset type="number">0</utc_offset><verified type="boolean">false</verified></user></o>
