<?xml version="1.0" encoding="UTF-8"?>
<o><contributors class="object" null="true"/><coordinates class="object" null="true"/><created_at type="string">Thu Mar 25 20:11:45 +0000 2010</created_at><favorited type="boolean">false</favorited><geo class="object" null="true"/><id type="number">11051155020</id><in_reply_to_screen_name class="object" null="true"/><in_reply_to_status_id class="object" null="true"/><in_reply_to_user_id class="object" null="true"/><place class="object" null="true"/><source type="string">&lt;a href="http://www.atebits.com/" rel="nofollow"&gt;Tweetie&lt;/a&gt;</source><text type="string">Just been informed, via Facebook, that Freddo's now cost 17p. Look what the UK is coming to under Labour...</text><truncated type="boolean">false</truncated><user class="object"><contributors_enabled type="boolean">false</contributors_enabled><created_at type="string">Wed Feb 11 21:59:14 +0000 2009</created_at><description type="string"/><favourites_count type="number">288</favourites_count><followers_count type="number">980</followers_count><following class="object" null="true"/><friends_count type="number">388</friends_count><geo_enabled type="boolean">false</geo_enabled><id type="number">20632819</id><lang type="string">en</lang><location type="string">Peterborough, England</location><name type="string">Nicholas Myers</name><notifications class="object" null="true"/><profile_background_color type="string">1A1B1F</profile_background_color><profile_background_image_url type="string">http://s.twimg.com/a/1269020849/images/themes/theme9/bg.gif</profile_background_image_url><profile_background_tile type="boolean">false</profile_background_tile><profile_image_url type="string">http://a3.twimg.com/profile_images/763671035/twitpicnew_normal.jpg</profile_image_url><profile_link_color type="string">2FC2EF</profile_link_color><profile_sidebar_border_color type="string">181A1E</profile_sidebar_border_color><profile_sidebar_fill_color type="string">252429</profile_sidebar_fill_color><profile_text_color type="string">666666</profile_text_color><protected type="boolean">false</protected><screen_name type="string">nmyers89</screen_name><statuses_count type="number">12492</statuses_count><time_zone type="string">London</time_zone><url type="string">http://www.nicholasmyers.co.uk</url><utc_offset type="number">0</utc_offset><verified type="boolean">false</verified></user></o>
