<?xml version="1.0" encoding="UTF-8"?>
<o><contributors class="object" null="true"/><coordinates class="object" null="true"/><created_at type="string">Thu Mar 25 21:02:28 +0000 2010</created_at><favorited type="boolean">false</favorited><geo class="object" null="true"/><id type="number">11053157305</id><in_reply_to_screen_name class="object" null="true"/><in_reply_to_status_id class="object" null="true"/><in_reply_to_user_id class="object" null="true"/><place class="object" null="true"/><source type="string">&lt;a href="http://publicize.wp.com/" rel="nofollow"&gt;WordPress.com&lt;/a&gt;</source><text type="string">Labour fights lobbying after expose - mirror.co.uk: http://wp.me/pOan1-4t</text><truncated type="boolean">false</truncated><user class="object"><contributors_enabled type="boolean">false</contributors_enabled><created_at type="string">Fri Oct 17 08:54:28 +0000 2008</created_at><description type="string">Celebrating the human spirit</description><favourites_count type="number">3</favourites_count><followers_count type="number">234</followers_count><following class="object" null="true"/><friends_count type="number">1162</friends_count><geo_enabled type="boolean">false</geo_enabled><id type="number">16822219</id><lang type="string">en</lang><location type="string">Treacle Bumstead UK</location><name type="string">Roger</name><notifications class="object" null="true"/><profile_background_color type="string">B2DFDA</profile_background_color><profile_background_image_url type="string">http://a1.twimg.com/profile_background_images/76054928/sunwalk-logo.jpg</profile_background_image_url><profile_background_tile type="boolean">false</profile_background_tile><profile_image_url type="string">http://a3.twimg.com/profile_images/258359495/sunwalk-logo_normal.jpg</profile_image_url><profile_link_color type="string">93A644</profile_link_color><profile_sidebar_border_color type="string">eeeeee</profile_sidebar_border_color><profile_sidebar_fill_color type="string">ffffff</profile_sidebar_fill_color><profile_text_color type="string">333333</profile_text_color><protected type="boolean">false</protected><screen_name type="string">onesummit</screen_name><statuses_count type="number">855</statuses_count><time_zone type="string">London</time_zone><url type="string">http://sunwalked.wordpress.com/</url><utc_offset type="number">0</utc_offset><verified type="boolean">false</verified></user></o>
