<?xml version="1.0" encoding="UTF-8"?>
<o><contributors class="object" null="true"/><coordinates class="object" null="true"/><created_at type="string">Thu Mar 25 21:01:39 +0000 2010</created_at><favorited type="boolean">false</favorited><geo class="object" null="true"/><id type="number">11053124171</id><in_reply_to_screen_name type="string">gedrobinson</in_reply_to_screen_name><in_reply_to_status_id type="number">11052605680</in_reply_to_status_id><in_reply_to_user_id type="number">19682709</in_reply_to_user_id><place class="object" null="true"/><source type="string">web</source><text type="string">@gedrobinson True - in which case wont Unite's victory be beneficial to Labour?</text><truncated type="boolean">false</truncated><user class="object"><contributors_enabled type="boolean">false</contributors_enabled><created_at type="string">Sat May 30 14:40:09 +0000 2009</created_at><description type="string">Student @ Staffs, Stoke Campus' Local Students Officer-Elect, Vegan, Socialist, Geek and Gleek. Hey xD</description><favourites_count type="number">67</favourites_count><followers_count type="number">317</followers_count><following class="object" null="true"/><friends_count type="number">527</friends_count><geo_enabled type="boolean">false</geo_enabled><id type="number">43536274</id><lang type="string">en</lang><location type="string">Stoke-on-Trent</location><name type="string">Liat Norris</name><notifications class="object" null="true"/><profile_background_color type="string">352726</profile_background_color><profile_background_image_url type="string">http://s.twimg.com/a/1269281712/images/themes/theme5/bg.gif</profile_background_image_url><profile_background_tile type="boolean">false</profile_background_tile><profile_image_url type="string">http://a1.twimg.com/profile_images/738151112/twitterProfilePhoto_normal.jpg</profile_image_url><profile_link_color type="string">D02B55</profile_link_color><profile_sidebar_border_color type="string">829D5E</profile_sidebar_border_color><profile_sidebar_fill_color type="string">99CC33</profile_sidebar_fill_color><profile_text_color type="string">3E4415</profile_text_color><protected type="boolean">false</protected><screen_name type="string">sirrontail</screen_name><statuses_count type="number">2634</statuses_count><time_zone type="string">London</time_zone><url type="string">http://www.facebook.com/liat.norris</url><utc_offset type="number">0</utc_offset><verified type="boolean">false</verified></user></o>
