<?xml version="1.0" encoding="UTF-8"?>
<o><contributors class="object" null="true"/><coordinates class="object" null="true"/><created_at type="string">Thu Mar 25 21:31:18 +0000 2010</created_at><favorited type="boolean">false</favorited><geo class="object" null="true"/><id type="number">11054317552</id><in_reply_to_screen_name class="object" null="true"/><in_reply_to_status_id class="object" null="true"/><in_reply_to_user_id class="object" null="true"/><place class="object" null="true"/><source type="string">&lt;a href="http://www.tweetdeck.com" rel="nofollow"&gt;TweetDeck&lt;/a&gt;</source><text type="string">RT @GroundswellBlog: Schemin' on the conditions of free labour in the cultural sector, the Carrotworks Collective http://bit.ly/1mfdWZ</text><truncated type="boolean">false</truncated><user class="object"><contributors_enabled type="boolean">false</contributors_enabled><created_at type="string">Sat Feb 20 20:30:57 +0000 2010</created_at><description type="string">time-based art.&#x0D;
sustainability for artists.&#x0D;
swimming (when possible).</description><favourites_count type="number">0</favourites_count><followers_count type="number">15</followers_count><following class="object" null="true"/><friends_count type="number">24</friends_count><geo_enabled type="boolean">false</geo_enabled><id type="number">116013635</id><lang type="string">en</lang><location type="string">philadelphia</location><name type="string">Andrew Simonet</name><notifications class="object" null="true"/><profile_background_color type="string">352726</profile_background_color><profile_background_image_url type="string">http://s.twimg.com/a/1269281712/images/themes/theme5/bg.gif</profile_background_image_url><profile_background_tile type="boolean">false</profile_background_tile><profile_image_url type="string">http://a3.twimg.com/profile_images/709560359/DSCN6478_normal.jpg</profile_image_url><profile_link_color type="string">D02B55</profile_link_color><profile_sidebar_border_color type="string">829D5E</profile_sidebar_border_color><profile_sidebar_fill_color type="string">99CC33</profile_sidebar_fill_color><profile_text_color type="string">3E4415</profile_text_color><protected type="boolean">false</protected><screen_name type="string">andrewSimonet</screen_name><statuses_count type="number">33</statuses_count><time_zone type="string">Eastern Time (US &amp; Canada)</time_zone><url type="string">http://www.headlong.org</url><utc_offset type="number">-18000</utc_offset><verified type="boolean">false</verified></user></o>
