<?xml version="1.0" encoding="UTF-8"?>
<o><contributors class="object" null="true"/><coordinates class="object" null="true"/><created_at type="string">Thu Mar 25 21:18:52 +0000 2010</created_at><favorited type="boolean">false</favorited><geo class="object" null="true"/><id type="number">11053811333</id><in_reply_to_screen_name class="object" null="true"/><in_reply_to_status_id class="object" null="true"/><in_reply_to_user_id class="object" null="true"/><place class="object" null="true"/><source type="string">web</source><text type="string">I just constantly said "Vote Labour" in a tourettes kinda way apparently...</text><truncated type="boolean">false</truncated><user class="object"><contributors_enabled type="boolean">false</contributors_enabled><created_at type="string">Wed Mar 25 09:27:15 +0000 2009</created_at><description type="string">Love music  American Political history, cricket, Labour Party and someone who thinks Marx was about the very long term socio economic view</description><favourites_count type="number">2</favourites_count><followers_count type="number">212</followers_count><following class="object" null="true"/><friends_count type="number">318</friends_count><geo_enabled type="boolean">false</geo_enabled><id type="number">26462304</id><lang type="string">en</lang><location type="string">Newport Wales / London</location><name type="string">Josh Worrad</name><notifications class="object" null="true"/><profile_background_color type="string">1A1B1F</profile_background_color><profile_background_image_url type="string">http://s.twimg.com/a/1269387398/images/themes/theme9/bg.gif</profile_background_image_url><profile_background_tile type="boolean">false</profile_background_tile><profile_image_url type="string">http://a3.twimg.com/profile_images/754645971/twitterProfilePhoto_normal.jpg</profile_image_url><profile_link_color type="string">2FC2EF</profile_link_color><profile_sidebar_border_color type="string">181A1E</profile_sidebar_border_color><profile_sidebar_fill_color type="string">252429</profile_sidebar_fill_color><profile_text_color type="string">666666</profile_text_color><protected type="boolean">false</protected><screen_name type="string">jakemottas</screen_name><statuses_count type="number">1622</statuses_count><time_zone type="string">London</time_zone><url class="object" null="true"/><utc_offset type="number">0</utc_offset><verified type="boolean">false</verified></user></o>
