<?xml version="1.0" encoding="UTF-8"?>
<o><contributors class="object" null="true"/><coordinates class="object" null="true"/><created_at type="string">Thu Mar 25 20:40:24 +0000 2010</created_at><favorited type="boolean">false</favorited><geo class="object" null="true"/><id type="number">11052289874</id><in_reply_to_screen_name class="object" null="true"/><in_reply_to_status_id class="object" null="true"/><in_reply_to_user_id class="object" null="true"/><place class="object" null="true"/><retweeted_status class="object"><contributors class="object" null="true"/><coordinates class="object" null="true"/><created_at type="string">Thu Mar 25 00:35:11 +0000 2010</created_at><favorited type="boolean">false</favorited><geo class="object" null="true"/><id type="number">11007484991</id><in_reply_to_screen_name class="object" null="true"/><in_reply_to_status_id class="object" null="true"/><in_reply_to_user_id class="object" null="true"/><place class="object" null="true"/><source type="string">web</source><text type="string">What we think of tonight's Panorama on child labour and chocolate http://bit.ly/bTmVVL and Harriet Lamb's response at http://bit.ly/cAGjNG</text><truncated type="boolean">false</truncated><user class="object"><contributors_enabled type="boolean">false</contributors_enabled><created_at type="string">Sun Nov 30 23:12:58 +0000 2008</created_at><description type="string">independent non-profit organisation that licenses use of the FAIRTRADE Mark on products in the UK in accordance with internationally agreed Fairtrade standards.</description><favourites_count type="number">0</favourites_count><followers_count type="number">5728</followers_count><following class="object" null="true"/><friends_count type="number">47</friends_count><geo_enabled type="boolean">false</geo_enabled><id type="number">17765323</id><lang type="string">en</lang><location type="string">London</location><name type="string">Fairtrade Foundation</name><notifications class="object" null="true"/><profile_background_color type="string">ffffff</profile_background_color><profile_background_image_url type="string">http://a3.twimg.com/profile_background_images/75372099/F14_wallpaper.jpg</profile_background_image_url><profile_background_tile type="boolean">false</profile_background_tile><profile_image_url type="string">http://a3.twimg.com/profile_images/658571955/facebook_logo_normal.jpg</profile_image_url><profile_link_color type="string">323402</profile_link_color><profile_sidebar_border_color type="string">000000</profile_sidebar_border_color><profile_sidebar_fill_color type="string">00bae4</profile_sidebar_fill_color><profile_text_color type="string">000000</profile_text_color><protected type="boolean">false</protected><screen_name type="string">FairtradeUK</screen_name><statuses_count type="number">413</statuses_count><time_zone type="string">London</time_zone><url type="string">http://www.fairtrade.org.uk</url><utc_offset type="number">0</utc_offset><verified type="boolean">false</verified></user></retweeted_status><source type="string">web</source><text type="string">RT @FairtradeUK: What we think of tonight's Panorama on child labour and chocolate http://bit.ly/bTmVVL and Harriet Lamb's response at h ...</text><truncated type="boolean">true</truncated><user class="object"><contributors_enabled type="boolean">false</contributors_enabled><created_at type="string">Thu Dec 17 23:13:39 +0000 2009</created_at><description type="string">ultra &amp; marathon running, fairtrade, mentoring, justice... </description><favourites_count type="number">0</favourites_count><followers_count type="number">41</followers_count><following class="object" null="true"/><friends_count type="number">47</friends_count><geo_enabled type="boolean">false</geo_enabled><id type="number">97547360</id><lang type="string">en</lang><location type="string">here and there</location><name type="string">chris spriggs</name><notifications class="object" null="true"/><profile_background_color type="string">022330</profile_background_color><profile_background_image_url type="string">http://s.twimg.com/a/1269281712/images/themes/theme15/bg.png</profile_background_image_url><profile_background_tile type="boolean">false</profile_background_tile><profile_image_url type="string">http://a1.twimg.com/profile_images/579803748/chris_normal.JPG</profile_image_url><profile_link_color type="string">0084B4</profile_link_color><profile_sidebar_border_color type="string">a8c7f7</profile_sidebar_border_color><profile_sidebar_fill_color type="string">C0DFEC</profile_sidebar_fill_color><profile_text_color type="string">333333</profile_text_color><protected type="boolean">false</protected><screen_name type="string">chrisrunsultra</screen_name><statuses_count type="number">103</statuses_count><time_zone type="string">London</time_zone><url type="string">http://www.lifespace.org.uk</url><utc_offset type="number">0</utc_offset><verified type="boolean">false</verified></user></o>
