<?xml version="1.0" encoding="UTF-8"?>
<o><contributors class="object" null="true"/><coordinates class="object" null="true"/><created_at type="string">Thu Mar 25 20:36:58 +0000 2010</created_at><favorited type="boolean">false</favorited><geo class="object" null="true"/><id type="number">11052156996</id><in_reply_to_screen_name class="object" null="true"/><in_reply_to_status_id class="object" null="true"/><in_reply_to_user_id class="object" null="true"/><place class="object" null="true"/><retweeted_status class="object"><contributors class="object" null="true"/><coordinates class="object" null="true"/><created_at type="string">Thu Mar 25 10:48:43 +0000 2010</created_at><favorited type="boolean">false</favorited><geo class="object" null="true"/><id type="number">11028224118</id><in_reply_to_screen_name class="object" null="true"/><in_reply_to_status_id class="object" null="true"/><in_reply_to_user_id class="object" null="true"/><place class="object" null="true"/><source type="string">&lt;a href="http://twitpic.com/" rel="nofollow"&gt;TwitPic&lt;/a&gt;</source><text type="string">http://twitpic.com/1ashlm - @labourbeagle happily gets rid of the tory rubbish that came through the letter box today #dogsvotelabour</text><truncated type="boolean">false</truncated><user class="object"><contributors_enabled type="boolean">false</contributors_enabled><created_at type="string">Sat Jan 30 12:23:23 +0000 2010</created_at><description type="string">Twitters leading left wing dog&#x0D;
Providing political insight from a dogs point of view.&#x0D;
Would one day like to see dogs represented in PLP&#x0D;
</description><favourites_count type="number">0</favourites_count><followers_count type="number">310</followers_count><following class="object" null="true"/><friends_count type="number">406</friends_count><geo_enabled type="boolean">false</geo_enabled><id type="number">109831179</id><lang type="string">en</lang><location type="string"/><name type="string">labourbeagle</name><notifications class="object" null="true"/><profile_background_color type="string">9ae4e8</profile_background_color><profile_background_image_url type="string">http://s.twimg.com/a/1269020849/images/themes/theme1/bg.png</profile_background_image_url><profile_background_tile type="boolean">false</profile_background_tile><profile_image_url type="string">http://a1.twimg.com/profile_images/767895282/twitterProfilePhoto_normal.jpg</profile_image_url><profile_link_color type="string">0000ff</profile_link_color><profile_sidebar_border_color type="string">87bc44</profile_sidebar_border_color><profile_sidebar_fill_color type="string">e0ff92</profile_sidebar_fill_color><profile_text_color type="string">000000</profile_text_color><protected type="boolean">false</protected><screen_name type="string">labourbeagle</screen_name><statuses_count type="number">62</statuses_count><time_zone type="string">London</time_zone><url class="object" null="true"/><utc_offset type="number">0</utc_offset><verified type="boolean">false</verified></user></retweeted_status><source type="string">web</source><text type="string">RT @labourbeagle: http://twitpic.com/1ashlm - @labourbeagle happily gets rid of the tory rubbish that came through the letter box today  ...</text><truncated type="boolean">true</truncated><user class="object"><contributors_enabled type="boolean">false</contributors_enabled><created_at type="string">Sun Jan 25 16:24:50 +0000 2009</created_at><description type="string">progressive left, wannabe globe trotter, blogger (above), sociology + news journalism student, volunteer, and champagne waitress when short of pennies.</description><favourites_count type="number">7</favourites_count><followers_count type="number">641</followers_count><following class="object" null="true"/><friends_count type="number">1204</friends_count><geo_enabled type="boolean">true</geo_enabled><id type="number">19493491</id><lang type="string">en</lang><location type="string">East Sussex, UK</location><name type="string">Claire French</name><notifications class="object" null="true"/><profile_background_color type="string">ffffff</profile_background_color><profile_background_image_url type="string">http://a3.twimg.com/profile_background_images/76674343/dubai-towers.jpg</profile_background_image_url><profile_background_tile type="boolean">true</profile_background_tile><profile_image_url type="string">http://a3.twimg.com/profile_images/728155621/Scan_1_normal.jpeg</profile_image_url><profile_link_color type="string">000000</profile_link_color><profile_sidebar_border_color type="string">050000</profile_sidebar_border_color><profile_sidebar_fill_color type="string">9e73fa</profile_sidebar_fill_color><profile_text_color type="string">000000</profile_text_color><protected type="boolean">false</protected><screen_name type="string">clairee_french</screen_name><statuses_count type="number">3382</statuses_count><time_zone type="string">London</time_zone><url type="string">http://clairefrench.wordpress.com/</url><utc_offset type="number">0</utc_offset><verified type="boolean">false</verified></user></o>
