<?xml version="1.0" encoding="UTF-8"?>
<o><contributors class="object" null="true"/><coordinates class="object" null="true"/><created_at type="string">Thu Mar 25 21:46:20 +0000 2010</created_at><favorited type="boolean">false</favorited><geo class="object" null="true"/><id type="number">11054927071</id><in_reply_to_screen_name type="string">natashadouglasc</in_reply_to_screen_name><in_reply_to_status_id class="object" null="true"/><in_reply_to_user_id type="number">69317494</in_reply_to_user_id><place class="object" null="true"/><source type="string">web</source><text type="string">@natashadouglasc u will soon see the fruits of your labour! and it will all be worth your tiredness when u rest in your palace!</text><truncated type="boolean">false</truncated><user class="object"><contributors_enabled type="boolean">false</contributors_enabled><created_at type="string">Fri Jun 26 09:34:51 +0000 2009</created_at><description type="string"/><favourites_count type="number">0</favourites_count><followers_count type="number">55</followers_count><following class="object" null="true"/><friends_count type="number">69</friends_count><geo_enabled type="boolean">false</geo_enabled><id type="number">50993168</id><lang type="string">en</lang><location type="string">Where i'm supposed to be!</location><name type="string">Red Rose</name><notifications class="object" null="true"/><profile_background_color type="string">022330</profile_background_color><profile_background_image_url type="string">http://a3.twimg.com/profile_background_images/85753443/009.JPG</profile_background_image_url><profile_background_tile type="boolean">false</profile_background_tile><profile_image_url type="string">http://a3.twimg.com/profile_images/772321337/005_normal.JPG</profile_image_url><profile_link_color type="string">0084B4</profile_link_color><profile_sidebar_border_color type="string">a8c7f7</profile_sidebar_border_color><profile_sidebar_fill_color type="string">C0DFEC</profile_sidebar_fill_color><profile_text_color type="string">333333</profile_text_color><protected type="boolean">false</protected><screen_name type="string">RoseRedz</screen_name><statuses_count type="number">1180</statuses_count><time_zone class="object" null="true"/><url type="string">http://null</url><utc_offset class="object" null="true"/><verified type="boolean">false</verified></user></o>
