<?xml version="1.0" encoding="UTF-8"?>
<o><contributors class="object" null="true"/><coordinates class="object" null="true"/><created_at type="string">Thu Mar 25 20:54:38 +0000 2010</created_at><favorited type="boolean">false</favorited><geo class="object" null="true"/><id type="number">11052841829</id><in_reply_to_screen_name class="object" null="true"/><in_reply_to_status_id class="object" null="true"/><in_reply_to_user_id class="object" null="true"/><place class="object" null="true"/><source type="string">&lt;a href="http://tinyurl.com/tweetcaster" rel="nofollow"&gt;TweetCaster&lt;/a&gt;</source><text type="string">Its about that time. Manual labour and Emmy worthy acting all for minimum wage.</text><truncated type="boolean">false</truncated><user class="object"><contributors_enabled type="boolean">false</contributors_enabled><created_at type="string">Sat Mar 14 06:36:57 +0000 2009</created_at><description type="string">I live for music and trying to experience everything I can.</description><favourites_count type="number">20</favourites_count><followers_count type="number">195</followers_count><following class="object" null="true"/><friends_count type="number">146</friends_count><geo_enabled type="boolean">false</geo_enabled><id type="number">24341450</id><lang type="string">en</lang><location type="string">Long Island</location><name type="string">Skylar Greene</name><notifications class="object" null="true"/><profile_background_color type="string">000000</profile_background_color><profile_background_image_url type="string">http://a3.twimg.com/profile_background_images/67087285/graphiceverywhere_sidebar.png</profile_background_image_url><profile_background_tile type="boolean">false</profile_background_tile><profile_image_url type="string">http://a3.twimg.com/profile_images/661221695/Photo_454_normal.jpg</profile_image_url><profile_link_color type="string">c8286d</profile_link_color><profile_sidebar_border_color type="string">0c5f83</profile_sidebar_border_color><profile_sidebar_fill_color type="string">a19fa1</profile_sidebar_fill_color><profile_text_color type="string">0c5f83</profile_text_color><protected type="boolean">false</protected><screen_name type="string">frequencyskye</screen_name><statuses_count type="number">3471</statuses_count><time_zone type="string">Eastern Time (US &amp; Canada)</time_zone><url type="string">http://skyeg.tumblr.com</url><utc_offset type="number">-18000</utc_offset><verified type="boolean">false</verified></user></o>
