<?xml version='1.0' encoding='UTF-8'?>
<GateDocument>
<!-- The document's features-->

<GateDocumentFeatures>
<Feature>
  <Name className="java.lang.String">kind</Name>
  <Value className="java.lang.String"></Value>
</Feature>
<Feature>
  <Name className="java.lang.String">MimeType</Name>
  <Value className="java.lang.String">text/xml</Value>
</Feature>
<Feature>
  <Name className="java.lang.String">gate.SourceURL</Name>
  <Value className="java.lang.String">file:/home/diana/gate-extras/sentiment/testdocs/politwits/politwits-5000/politwits-5000_00012.xml</Value>
</Feature>
</GateDocumentFeatures>
<!-- The document content area with serialized nodes -->

<TextWithNodes><Node id="0" />Thu Mar 25 20:07:51 +0000 2010<Node id="30" /> <Node id="31" />false<Node id="36" /> <Node id="37" />11051003679<Node id="48" /> <Node id="49" />peacockpete<Node id="60" /> <Node id="61" />11048707813<Node id="72" /> <Node id="73" />35074521<Node id="81" /> <Node id="82" />&lt;a href="http://www.tweetdeck.com" rel="nofollow">TweetDeck&lt;/a><Node id="145" />@<Node id="146" />peacockpete<Node id="157" /> <Node id="158" />of<Node id="160" /> <Node id="161" />course<Node id="167" />,<Node id="168" /> <Node id="169" />hot<Node id="172" /> <Node id="173" />men<Node id="176" /> <Node id="177" />with<Node id="181" /> <Node id="182" />no<Node id="184" /> <Node id="185" />shirts<Node id="191" /> <Node id="192" />on<Node id="194" /> <Node id="195" />doing<Node id="200" /> <Node id="201" />manual<Node id="207" /> <Node id="208" />labour<Node id="214" /> <Node id="215" />whilst<Node id="221" /> <Node id="222" />i<Node id="223" /> <Node id="224" />sip<Node id="227" /> <Node id="228" />my<Node id="230" /> <Node id="231" />cosmo<Node id="236" />.<Node id="237" /> <Node id="238" />Whats<Node id="243" /> <Node id="244" />the<Node id="247" /> <Node id="248" />problem<Node id="255" />?<Node id="256" /> <Node id="257" />false<Node id="262" /> <Node id="263" />false<Node id="268" /> <Node id="269" />Wed Jan 21 16:12:44 +0000 2009<Node id="299" /> <Node id="300" />Surrealist theatre academic with loose grasp on reality, number 1 Shaggy impersonator and all round pug aficionado <Node id="415" />8<Node id="416" /> <Node id="417" />383<Node id="420" /> <Node id="421" />485<Node id="424" /> <Node id="425" />false<Node id="430" /> <Node id="431" />19293438<Node id="439" /> <Node id="440" />en<Node id="442" /> <Node id="443" />Under the sink<Node id="457" /> <Node id="458" />Mr Ed.<Node id="464" /> <Node id="465" />C0DEED<Node id="471" /> <Node id="472" />http://a3.twimg.com/profile_background_images/65784597/cherry-blossoms.jpg<Node id="546" /> <Node id="547" />true<Node id="551" /> <Node id="552" />http://a3.twimg.com/profile_images/744698389/18960_252580108429_592723429_3133781_8115388_n_normal.jpg<Node id="654" /> <Node id="655" />0084B4<Node id="661" /> <Node id="662" />C0DEED<Node id="668" /> <Node id="669" />DDEEF6<Node id="675" /> <Node id="676" />333333<Node id="682" /> <Node id="683" />false<Node id="688" /> <Node id="689" />dawniepants<Node id="700" /> <Node id="701" />7642<Node id="705" /> <Node id="706" />Dublin<Node id="712" /> <Node id="713" />http://dawniepants.wordpress.com/<Node id="746" /> <Node id="747" />0<Node id="748" /> <Node id="749" />false<Node id="754" /></TextWithNodes>
<!-- The default annotation set -->

<AnnotationSet>
<Annotation Id="1373" Type="Party" StartNode="208" EndNode="214">
<Feature>
  <Name className="java.lang.String">kind</Name>
  <Value className="java.lang.String">Lab</Value>
</Feature>
</Annotation>
<Annotation Id="1372" Type="Unknown" StartNode="238" EndNode="243">
<Feature>
  <Name className="java.lang.String">kind</Name>
  <Value className="java.lang.String">PN</Value>
</Feature>
<Feature>
  <Name className="java.lang.String">rule</Name>
  <Value className="java.lang.String">Unknown</Value>
</Feature>
</Annotation>
<Annotation Id="1371" Type="Unknown" StartNode="222" EndNode="223">
<Feature>
  <Name className="java.lang.String">kind</Name>
  <Value className="java.lang.String">PN</Value>
</Feature>
<Feature>
  <Name className="java.lang.String">rule</Name>
  <Value className="java.lang.String">Unknown</Value>
</Feature>
</Annotation>
<Annotation Id="1370" Type="Lookup" StartNode="208" EndNode="214">
<Feature>
  <Name className="java.lang.String">type</Name>
  <Value className="java.lang.String">Lab</Value>
</Feature>
<Feature>
  <Name className="java.lang.String">majorType</Name>
  <Value className="java.lang.String">party</Value>
</Feature>
</Annotation>
<Annotation Id="1369" Type="Sentence" StartNode="238" EndNode="256">
</Annotation>
<Annotation Id="1368" Type="Sentence" StartNode="146" EndNode="237">
</Annotation>
<Annotation Id="1367" Type="Split" StartNode="255" EndNode="256">
<Feature>
  <Name className="java.lang.String">kind</Name>
  <Value className="java.lang.String">internal</Value>
</Feature>
</Annotation>
<Annotation Id="1366" Type="Split" StartNode="236" EndNode="237">
<Feature>
  <Name className="java.lang.String">kind</Name>
  <Value className="java.lang.String">internal</Value>
</Feature>
</Annotation>
<Annotation Id="1365" Type="Token" StartNode="255" EndNode="256">
<Feature>
  <Name className="java.lang.String">length</Name>
  <Value className="java.lang.String">1</Value>
</Feature>
<Feature>
  <Name className="java.lang.String">category</Name>
  <Value className="java.lang.String">.</Value>
</Feature>
<Feature>
  <Name className="java.lang.String">root</Name>
  <Value className="java.lang.String">?</Value>
</Feature>
<Feature>
  <Name className="java.lang.String">kind</Name>
  <Value className="java.lang.String">punctuation</Value>
</Feature>
<Feature>
  <Name className="java.lang.String">string</Name>
  <Value className="java.lang.String">?</Value>
</Feature>
</Annotation>
<Annotation Id="1364" Type="Token" StartNode="248" EndNode="255">
<Feature>
  <Name className="java.lang.String">length</Name>
  <Value className="java.lang.String">7</Value>
</Feature>
<Feature>
  <Name className="java.lang.String">category</Name>
  <Value className="java.lang.String">NN</Value>
</Feature>
<Feature>
  <Name className="java.lang.String">orth</Name>
  <Value className="java.lang.String">lowercase</Value>
</Feature>
<Feature>
  <Name className="java.lang.String">root</Name>
  <Value className="java.lang.String">problem</Value>
</Feature>
<Feature>
  <Name className="java.lang.String">kind</Name>
  <Value className="java.lang.String">word</Value>
</Feature>
<Feature>
  <Name className="java.lang.String">string</Name>
  <Value className="java.lang.String">problem</Value>
</Feature>
</Annotation>
<Annotation Id="1363" Type="SpaceToken" StartNode="247" EndNode="248">
<Feature>
  <Name className="java.lang.String">length</Name>
  <Value className="java.lang.String">1</Value>
</Feature>
<Feature>
  <Name className="java.lang.String">kind</Name>
  <Value className="java.lang.String">space</Value>
</Feature>
<Feature>
  <Name className="java.lang.String">string</Name>
  <Value className="java.lang.String"> </Value>
</Feature>
</Annotation>
<Annotation Id="1362" Type="Token" StartNode="244" EndNode="247">
<Feature>
  <Name className="java.lang.String">length</Name>
  <Value className="java.lang.String">3</Value>
</Feature>
<Feature>
  <Name className="java.lang.String">category</Name>
  <Value className="java.lang.String">DT</Value>
</Feature>
<Feature>
  <Name className="java.lang.String">orth</Name>
  <Value className="java.lang.String">lowercase</Value>
</Feature>
<Feature>
  <Name className="java.lang.String">root</Name>
  <Value className="java.lang.String">the</Value>
</Feature>
<Feature>
  <Name className="java.lang.String">kind</Name>
  <Value className="java.lang.String">word</Value>
</Feature>
<Feature>
  <Name className="java.lang.String">string</Name>
  <Value className="java.lang.String">the</Value>
</Feature>
</Annotation>
<Annotation Id="1361" Type="SpaceToken" StartNode="243" EndNode="244">
<Feature>
  <Name className="java.lang.String">length</Name>
  <Value className="java.lang.String">1</Value>
</Feature>
<Feature>
  <Name className="java.lang.String">kind</Name>
  <Value className="java.lang.String">space</Value>
</Feature>
<Feature>
  <Name className="java.lang.String">string</Name>
  <Value className="java.lang.String"> </Value>
</Feature>
</Annotation>
<Annotation Id="1360" Type="Token" StartNode="238" EndNode="243">
<Feature>
  <Name className="java.lang.String">length</Name>
  <Value className="java.lang.String">5</Value>
</Feature>
<Feature>
  <Name className="java.lang.String">category</Name>
  <Value className="java.lang.String">NNP</Value>
</Feature>
<Feature>
  <Name className="java.lang.String">orth</Name>
  <Value className="java.lang.String">upperInitial</Value>
</Feature>
<Feature>
  <Name className="java.lang.String">root</Name>
  <Value className="java.lang.String">whats</Value>
</Feature>
<Feature>
  <Name className="java.lang.String">kind</Name>
  <Value className="java.lang.String">word</Value>
</Feature>
<Feature>
  <Name className="java.lang.String">string</Name>
  <Value className="java.lang.String">Whats</Value>
</Feature>
</Annotation>
<Annotation Id="1358" Type="Token" StartNode="236" EndNode="237">
<Feature>
  <Name className="java.lang.String">length</Name>
  <Value className="java.lang.String">1</Value>
</Feature>
<Feature>
  <Name className="java.lang.String">category</Name>
  <Value className="java.lang.String">.</Value>
</Feature>
<Feature>
  <Name className="java.lang.String">root</Name>
  <Value className="java.lang.String">.</Value>
</Feature>
<Feature>
  <Name className="java.lang.String">kind</Name>
  <Value className="java.lang.String">punctuation</Value>
</Feature>
<Feature>
  <Name className="java.lang.String">string</Name>
  <Value className="java.lang.String">.</Value>
</Feature>
</Annotation>
<Annotation Id="1359" Type="SpaceToken" StartNode="237" EndNode="238">
<Feature>
  <Name className="java.lang.String">length</Name>
  <Value className="java.lang.String">1</Value>
</Feature>
<Feature>
  <Name className="java.lang.String">kind</Name>
  <Value className="java.lang.String">space</Value>
</Feature>
<Feature>
  <Name className="java.lang.String">string</Name>
  <Value className="java.lang.String"> </Value>
</Feature>
</Annotation>
<Annotation Id="1356" Type="SpaceToken" StartNode="230" EndNode="231">
<Feature>
  <Name className="java.lang.String">length</Name>
  <Value className="java.lang.String">1</Value>
</Feature>
<Feature>
  <Name className="java.lang.String">kind</Name>
  <Value className="java.lang.String">space</Value>
</Feature>
<Feature>
  <Name className="java.lang.String">string</Name>
  <Value className="java.lang.String"> </Value>
</Feature>
</Annotation>
<Annotation Id="1357" Type="Token" StartNode="231" EndNode="236">
<Feature>
  <Name className="java.lang.String">length</Name>
  <Value className="java.lang.String">5</Value>
</Feature>
<Feature>
  <Name className="java.lang.String">category</Name>
  <Value className="java.lang.String">NN</Value>
</Feature>
<Feature>
  <Name className="java.lang.String">orth</Name>
  <Value className="java.lang.String">lowercase</Value>
</Feature>
<Feature>
  <Name className="java.lang.String">root</Name>
  <Value className="java.lang.String">cosmo</Value>
</Feature>
<Feature>
  <Name className="java.lang.String">kind</Name>
  <Value className="java.lang.String">word</Value>
</Feature>
<Feature>
  <Name className="java.lang.String">string</Name>
  <Value className="java.lang.String">cosmo</Value>
</Feature>
</Annotation>
<Annotation Id="1354" Type="SpaceToken" StartNode="227" EndNode="228">
<Feature>
  <Name className="java.lang.String">length</Name>
  <Value className="java.lang.String">1</Value>
</Feature>
<Feature>
  <Name className="java.lang.String">kind</Name>
  <Value className="java.lang.String">space</Value>
</Feature>
<Feature>
  <Name className="java.lang.String">string</Name>
  <Value className="java.lang.String"> </Value>
</Feature>
</Annotation>
<Annotation Id="1355" Type="Token" StartNode="228" EndNode="230">
<Feature>
  <Name className="java.lang.String">length</Name>
  <Value className="java.lang.String">2</Value>
</Feature>
<Feature>
  <Name className="java.lang.String">category</Name>
  <Value className="java.lang.String">PRP$</Value>
</Feature>
<Feature>
  <Name className="java.lang.String">orth</Name>
  <Value className="java.lang.String">lowercase</Value>
</Feature>
<Feature>
  <Name className="java.lang.String">root</Name>
  <Value className="java.lang.String">my</Value>
</Feature>
<Feature>
  <Name className="java.lang.String">kind</Name>
  <Value className="java.lang.String">word</Value>
</Feature>
<Feature>
  <Name className="java.lang.String">string</Name>
  <Value className="java.lang.String">my</Value>
</Feature>
</Annotation>
<Annotation Id="1352" Type="SpaceToken" StartNode="223" EndNode="224">
<Feature>
  <Name className="java.lang.String">length</Name>
  <Value className="java.lang.String">1</Value>
</Feature>
<Feature>
  <Name className="java.lang.String">kind</Name>
  <Value className="java.lang.String">space</Value>
</Feature>
<Feature>
  <Name className="java.lang.String">string</Name>
  <Value className="java.lang.String"> </Value>
</Feature>
</Annotation>
<Annotation Id="1353" Type="Token" StartNode="224" EndNode="227">
<Feature>
  <Name className="java.lang.String">length</Name>
  <Value className="java.lang.String">3</Value>
</Feature>
<Feature>
  <Name className="java.lang.String">category</Name>
  <Value className="java.lang.String">NN</Value>
</Feature>
<Feature>
  <Name className="java.lang.String">orth</Name>
  <Value className="java.lang.String">lowercase</Value>
</Feature>
<Feature>
  <Name className="java.lang.String">root</Name>
  <Value className="java.lang.String">sip</Value>
</Feature>
<Feature>
  <Name className="java.lang.String">kind</Name>
  <Value className="java.lang.String">word</Value>
</Feature>
<Feature>
  <Name className="java.lang.String">string</Name>
  <Value className="java.lang.String">sip</Value>
</Feature>
</Annotation>
<Annotation Id="1350" Type="SpaceToken" StartNode="221" EndNode="222">
<Feature>
  <Name className="java.lang.String">length</Name>
  <Value className="java.lang.String">1</Value>
</Feature>
<Feature>
  <Name className="java.lang.String">kind</Name>
  <Value className="java.lang.String">space</Value>
</Feature>
<Feature>
  <Name className="java.lang.String">string</Name>
  <Value className="java.lang.String"> </Value>
</Feature>
</Annotation>
<Annotation Id="1351" Type="Token" StartNode="222" EndNode="223">
<Feature>
  <Name className="java.lang.String">length</Name>
  <Value className="java.lang.String">1</Value>
</Feature>
<Feature>
  <Name className="java.lang.String">category</Name>
  <Value className="java.lang.String">NNP</Value>
</Feature>
<Feature>
  <Name className="java.lang.String">orth</Name>
  <Value className="java.lang.String">lowercase</Value>
</Feature>
<Feature>
  <Name className="java.lang.String">root</Name>
  <Value className="java.lang.String">i</Value>
</Feature>
<Feature>
  <Name className="java.lang.String">kind</Name>
  <Value className="java.lang.String">word</Value>
</Feature>
<Feature>
  <Name className="java.lang.String">string</Name>
  <Value className="java.lang.String">i</Value>
</Feature>
</Annotation>
<Annotation Id="1348" Type="SpaceToken" StartNode="214" EndNode="215">
<Feature>
  <Name className="java.lang.String">length</Name>
  <Value className="java.lang.String">1</Value>
</Feature>
<Feature>
  <Name className="java.lang.String">kind</Name>
  <Value className="java.lang.String">space</Value>
</Feature>
<Feature>
  <Name className="java.lang.String">string</Name>
  <Value className="java.lang.String"> </Value>
</Feature>
</Annotation>
<Annotation Id="1349" Type="Token" StartNode="215" EndNode="221">
<Feature>
  <Name className="java.lang.String">length</Name>
  <Value className="java.lang.String">6</Value>
</Feature>
<Feature>
  <Name className="java.lang.String">category</Name>
  <Value className="java.lang.String">NN</Value>
</Feature>
<Feature>
  <Name className="java.lang.String">orth</Name>
  <Value className="java.lang.String">lowercase</Value>
</Feature>
<Feature>
  <Name className="java.lang.String">root</Name>
  <Value className="java.lang.String">whilst</Value>
</Feature>
<Feature>
  <Name className="java.lang.String">kind</Name>
  <Value className="java.lang.String">word</Value>
</Feature>
<Feature>
  <Name className="java.lang.String">string</Name>
  <Value className="java.lang.String">whilst</Value>
</Feature>
</Annotation>
<Annotation Id="1346" Type="SpaceToken" StartNode="207" EndNode="208">
<Feature>
  <Name className="java.lang.String">length</Name>
  <Value className="java.lang.String">1</Value>
</Feature>
<Feature>
  <Name className="java.lang.String">kind</Name>
  <Value className="java.lang.String">space</Value>
</Feature>
<Feature>
  <Name className="java.lang.String">string</Name>
  <Value className="java.lang.String"> </Value>
</Feature>
</Annotation>
<Annotation Id="1347" Type="Token" StartNode="208" EndNode="214">
<Feature>
  <Name className="java.lang.String">length</Name>
  <Value className="java.lang.String">6</Value>
</Feature>
<Feature>
  <Name className="java.lang.String">category</Name>
  <Value className="java.lang.String">NN</Value>
</Feature>
<Feature>
  <Name className="java.lang.String">orth</Name>
  <Value className="java.lang.String">lowercase</Value>
</Feature>
<Feature>
  <Name className="java.lang.String">root</Name>
  <Value className="java.lang.String">labour</Value>
</Feature>
<Feature>
  <Name className="java.lang.String">kind</Name>
  <Value className="java.lang.String">word</Value>
</Feature>
<Feature>
  <Name className="java.lang.String">string</Name>
  <Value className="java.lang.String">labour</Value>
</Feature>
</Annotation>
<Annotation Id="1344" Type="SpaceToken" StartNode="200" EndNode="201">
<Feature>
  <Name className="java.lang.String">length</Name>
  <Value className="java.lang.String">1</Value>
</Feature>
<Feature>
  <Name className="java.lang.String">kind</Name>
  <Value className="java.lang.String">space</Value>
</Feature>
<Feature>
  <Name className="java.lang.String">string</Name>
  <Value className="java.lang.String"> </Value>
</Feature>
</Annotation>
<Annotation Id="1345" Type="Token" StartNode="201" EndNode="207">
<Feature>
  <Name className="java.lang.String">length</Name>
  <Value className="java.lang.String">6</Value>
</Feature>
<Feature>
  <Name className="java.lang.String">category</Name>
  <Value className="java.lang.String">JJ</Value>
</Feature>
<Feature>
  <Name className="java.lang.String">orth</Name>
  <Value className="java.lang.String">lowercase</Value>
</Feature>
<Feature>
  <Name className="java.lang.String">root</Name>
  <Value className="java.lang.String">manual</Value>
</Feature>
<Feature>
  <Name className="java.lang.String">kind</Name>
  <Value className="java.lang.String">word</Value>
</Feature>
<Feature>
  <Name className="java.lang.String">string</Name>
  <Value className="java.lang.String">manual</Value>
</Feature>
</Annotation>
<Annotation Id="1337" Type="Token" StartNode="182" EndNode="184">
<Feature>
  <Name className="java.lang.String">length</Name>
  <Value className="java.lang.String">2</Value>
</Feature>
<Feature>
  <Name className="java.lang.String">category</Name>
  <Value className="java.lang.String">DT</Value>
</Feature>
<Feature>
  <Name className="java.lang.String">orth</Name>
  <Value className="java.lang.String">lowercase</Value>
</Feature>
<Feature>
  <Name className="java.lang.String">root</Name>
  <Value className="java.lang.String">no</Value>
</Feature>
<Feature>
  <Name className="java.lang.String">kind</Name>
  <Value className="java.lang.String">word</Value>
</Feature>
<Feature>
  <Name className="java.lang.String">string</Name>
  <Value className="java.lang.String">no</Value>
</Feature>
</Annotation>
<Annotation Id="1336" Type="SpaceToken" StartNode="181" EndNode="182">
<Feature>
  <Name className="java.lang.String">length</Name>
  <Value className="java.lang.String">1</Value>
</Feature>
<Feature>
  <Name className="java.lang.String">kind</Name>
  <Value className="java.lang.String">space</Value>
</Feature>
<Feature>
  <Name className="java.lang.String">string</Name>
  <Value className="java.lang.String"> </Value>
</Feature>
</Annotation>
<Annotation Id="1339" Type="Token" StartNode="185" EndNode="191">
<Feature>
  <Name className="java.lang.String">orth</Name>
  <Value className="java.lang.String">lowercase</Value>
</Feature>
<Feature>
  <Name className="java.lang.String">category</Name>
  <Value className="java.lang.String">NNS</Value>
</Feature>
<Feature>
  <Name className="java.lang.String">root</Name>
  <Value className="java.lang.String">shirt</Value>
</Feature>
<Feature>
  <Name className="java.lang.String">string</Name>
  <Value className="java.lang.String">shirts</Value>
</Feature>
<Feature>
  <Name className="java.lang.String">length</Name>
  <Value className="java.lang.String">6</Value>
</Feature>
<Feature>
  <Name className="java.lang.String">affix</Name>
  <Value className="java.lang.String">s</Value>
</Feature>
<Feature>
  <Name className="java.lang.String">kind</Name>
  <Value className="java.lang.String">word</Value>
</Feature>
</Annotation>
<Annotation Id="1338" Type="SpaceToken" StartNode="184" EndNode="185">
<Feature>
  <Name className="java.lang.String">length</Name>
  <Value className="java.lang.String">1</Value>
</Feature>
<Feature>
  <Name className="java.lang.String">kind</Name>
  <Value className="java.lang.String">space</Value>
</Feature>
<Feature>
  <Name className="java.lang.String">string</Name>
  <Value className="java.lang.String"> </Value>
</Feature>
</Annotation>
<Annotation Id="1341" Type="Token" StartNode="192" EndNode="194">
<Feature>
  <Name className="java.lang.String">length</Name>
  <Value className="java.lang.String">2</Value>
</Feature>
<Feature>
  <Name className="java.lang.String">category</Name>
  <Value className="java.lang.String">IN</Value>
</Feature>
<Feature>
  <Name className="java.lang.String">orth</Name>
  <Value className="java.lang.String">lowercase</Value>
</Feature>
<Feature>
  <Name className="java.lang.String">root</Name>
  <Value className="java.lang.String">on</Value>
</Feature>
<Feature>
  <Name className="java.lang.String">kind</Name>
  <Value className="java.lang.String">word</Value>
</Feature>
<Feature>
  <Name className="java.lang.String">string</Name>
  <Value className="java.lang.String">on</Value>
</Feature>
</Annotation>
<Annotation Id="1340" Type="SpaceToken" StartNode="191" EndNode="192">
<Feature>
  <Name className="java.lang.String">length</Name>
  <Value className="java.lang.String">1</Value>
</Feature>
<Feature>
  <Name className="java.lang.String">kind</Name>
  <Value className="java.lang.String">space</Value>
</Feature>
<Feature>
  <Name className="java.lang.String">string</Name>
  <Value className="java.lang.String"> </Value>
</Feature>
</Annotation>
<Annotation Id="1343" Type="Token" StartNode="195" EndNode="200">
<Feature>
  <Name className="java.lang.String">orth</Name>
  <Value className="java.lang.String">lowercase</Value>
</Feature>
<Feature>
  <Name className="java.lang.String">category</Name>
  <Value className="java.lang.String">VBG</Value>
</Feature>
<Feature>
  <Name className="java.lang.String">root</Name>
  <Value className="java.lang.String">do</Value>
</Feature>
<Feature>
  <Name className="java.lang.String">string</Name>
  <Value className="java.lang.String">doing</Value>
</Feature>
<Feature>
  <Name className="java.lang.String">length</Name>
  <Value className="java.lang.String">5</Value>
</Feature>
<Feature>
  <Name className="java.lang.String">affix</Name>
  <Value className="java.lang.String">ing</Value>
</Feature>
<Feature>
  <Name className="java.lang.String">kind</Name>
  <Value className="java.lang.String">word</Value>
</Feature>
</Annotation>
<Annotation Id="1342" Type="SpaceToken" StartNode="194" EndNode="195">
<Feature>
  <Name className="java.lang.String">length</Name>
  <Value className="java.lang.String">1</Value>
</Feature>
<Feature>
  <Name className="java.lang.String">kind</Name>
  <Value className="java.lang.String">space</Value>
</Feature>
<Feature>
  <Name className="java.lang.String">string</Name>
  <Value className="java.lang.String"> </Value>
</Feature>
</Annotation>
<Annotation Id="1329" Type="Token" StartNode="167" EndNode="168">
<Feature>
  <Name className="java.lang.String">length</Name>
  <Value className="java.lang.String">1</Value>
</Feature>
<Feature>
  <Name className="java.lang.String">category</Name>
  <Value className="java.lang.String">,</Value>
</Feature>
<Feature>
  <Name className="java.lang.String">root</Name>
  <Value className="java.lang.String">,</Value>
</Feature>
<Feature>
  <Name className="java.lang.String">kind</Name>
  <Value className="java.lang.String">punctuation</Value>
</Feature>
<Feature>
  <Name className="java.lang.String">string</Name>
  <Value className="java.lang.String">,</Value>
</Feature>
</Annotation>
<Annotation Id="1328" Type="Token" StartNode="161" EndNode="167">
<Feature>
  <Name className="java.lang.String">length</Name>
  <Value className="java.lang.String">6</Value>
</Feature>
<Feature>
  <Name className="java.lang.String">category</Name>
  <Value className="java.lang.String">NN</Value>
</Feature>
<Feature>
  <Name className="java.lang.String">orth</Name>
  <Value className="java.lang.String">lowercase</Value>
</Feature>
<Feature>
  <Name className="java.lang.String">root</Name>
  <Value className="java.lang.String">course</Value>
</Feature>
<Feature>
  <Name className="java.lang.String">kind</Name>
  <Value className="java.lang.String">word</Value>
</Feature>
<Feature>
  <Name className="java.lang.String">string</Name>
  <Value className="java.lang.String">course</Value>
</Feature>
</Annotation>
<Annotation Id="1331" Type="Token" StartNode="169" EndNode="172">
<Feature>
  <Name className="java.lang.String">length</Name>
  <Value className="java.lang.String">3</Value>
</Feature>
<Feature>
  <Name className="java.lang.String">category</Name>
  <Value className="java.lang.String">JJ</Value>
</Feature>
<Feature>
  <Name className="java.lang.String">orth</Name>
  <Value className="java.lang.String">lowercase</Value>
</Feature>
<Feature>
  <Name className="java.lang.String">root</Name>
  <Value className="java.lang.String">hot</Value>
</Feature>
<Feature>
  <Name className="java.lang.String">kind</Name>
  <Value className="java.lang.String">word</Value>
</Feature>
<Feature>
  <Name className="java.lang.String">string</Name>
  <Value className="java.lang.String">hot</Value>
</Feature>
</Annotation>
<Annotation Id="1330" Type="SpaceToken" StartNode="168" EndNode="169">
<Feature>
  <Name className="java.lang.String">length</Name>
  <Value className="java.lang.String">1</Value>
</Feature>
<Feature>
  <Name className="java.lang.String">kind</Name>
  <Value className="java.lang.String">space</Value>
</Feature>
<Feature>
  <Name className="java.lang.String">string</Name>
  <Value className="java.lang.String"> </Value>
</Feature>
</Annotation>
<Annotation Id="1333" Type="Token" StartNode="173" EndNode="176">
<Feature>
  <Name className="java.lang.String">orth</Name>
  <Value className="java.lang.String">lowercase</Value>
</Feature>
<Feature>
  <Name className="java.lang.String">category</Name>
  <Value className="java.lang.String">NNS</Value>
</Feature>
<Feature>
  <Name className="java.lang.String">root</Name>
  <Value className="java.lang.String">man</Value>
</Feature>
<Feature>
  <Name className="java.lang.String">string</Name>
  <Value className="java.lang.String">men</Value>
</Feature>
<Feature>
  <Name className="java.lang.String">length</Name>
  <Value className="java.lang.String">3</Value>
</Feature>
<Feature>
  <Name className="java.lang.String">affix</Name>
  <Value className="java.lang.String">s</Value>
</Feature>
<Feature>
  <Name className="java.lang.String">kind</Name>
  <Value className="java.lang.String">word</Value>
</Feature>
</Annotation>
<Annotation Id="1332" Type="SpaceToken" StartNode="172" EndNode="173">
<Feature>
  <Name className="java.lang.String">length</Name>
  <Value className="java.lang.String">1</Value>
</Feature>
<Feature>
  <Name className="java.lang.String">kind</Name>
  <Value className="java.lang.String">space</Value>
</Feature>
<Feature>
  <Name className="java.lang.String">string</Name>
  <Value className="java.lang.String"> </Value>
</Feature>
</Annotation>
<Annotation Id="1335" Type="Token" StartNode="177" EndNode="181">
<Feature>
  <Name className="java.lang.String">length</Name>
  <Value className="java.lang.String">4</Value>
</Feature>
<Feature>
  <Name className="java.lang.String">category</Name>
  <Value className="java.lang.String">IN</Value>
</Feature>
<Feature>
  <Name className="java.lang.String">orth</Name>
  <Value className="java.lang.String">lowercase</Value>
</Feature>
<Feature>
  <Name className="java.lang.String">root</Name>
  <Value className="java.lang.String">with</Value>
</Feature>
<Feature>
  <Name className="java.lang.String">kind</Name>
  <Value className="java.lang.String">word</Value>
</Feature>
<Feature>
  <Name className="java.lang.String">string</Name>
  <Value className="java.lang.String">with</Value>
</Feature>
</Annotation>
<Annotation Id="1334" Type="SpaceToken" StartNode="176" EndNode="177">
<Feature>
  <Name className="java.lang.String">length</Name>
  <Value className="java.lang.String">1</Value>
</Feature>
<Feature>
  <Name className="java.lang.String">kind</Name>
  <Value className="java.lang.String">space</Value>
</Feature>
<Feature>
  <Name className="java.lang.String">string</Name>
  <Value className="java.lang.String"> </Value>
</Feature>
</Annotation>
<Annotation Id="1323" Type="Token" StartNode="145" EndNode="146">
<Feature>
  <Name className="java.lang.String">length</Name>
  <Value className="java.lang.String">1</Value>
</Feature>
<Feature>
  <Name className="java.lang.String">category</Name>
  <Value className="java.lang.String">IN</Value>
</Feature>
<Feature>
  <Name className="java.lang.String">root</Name>
  <Value className="java.lang.String">@</Value>
</Feature>
<Feature>
  <Name className="java.lang.String">kind</Name>
  <Value className="java.lang.String">punctuation</Value>
</Feature>
<Feature>
  <Name className="java.lang.String">string</Name>
  <Value className="java.lang.String">@</Value>
</Feature>
</Annotation>
<Annotation Id="1324" Type="Token" StartNode="146" EndNode="157">
<Feature>
  <Name className="java.lang.String">length</Name>
  <Value className="java.lang.String">11</Value>
</Feature>
<Feature>
  <Name className="java.lang.String">category</Name>
  <Value className="java.lang.String">NN</Value>
</Feature>
<Feature>
  <Name className="java.lang.String">orth</Name>
  <Value className="java.lang.String">lowercase</Value>
</Feature>
<Feature>
  <Name className="java.lang.String">root</Name>
  <Value className="java.lang.String">peacockpete</Value>
</Feature>
<Feature>
  <Name className="java.lang.String">kind</Name>
  <Value className="java.lang.String">word</Value>
</Feature>
<Feature>
  <Name className="java.lang.String">string</Name>
  <Value className="java.lang.String">peacockpete</Value>
</Feature>
</Annotation>
<Annotation Id="1325" Type="SpaceToken" StartNode="157" EndNode="158">
<Feature>
  <Name className="java.lang.String">length</Name>
  <Value className="java.lang.String">1</Value>
</Feature>
<Feature>
  <Name className="java.lang.String">kind</Name>
  <Value className="java.lang.String">space</Value>
</Feature>
<Feature>
  <Name className="java.lang.String">string</Name>
  <Value className="java.lang.String"> </Value>
</Feature>
</Annotation>
<Annotation Id="1326" Type="Token" StartNode="158" EndNode="160">
<Feature>
  <Name className="java.lang.String">length</Name>
  <Value className="java.lang.String">2</Value>
</Feature>
<Feature>
  <Name className="java.lang.String">category</Name>
  <Value className="java.lang.String">IN</Value>
</Feature>
<Feature>
  <Name className="java.lang.String">orth</Name>
  <Value className="java.lang.String">lowercase</Value>
</Feature>
<Feature>
  <Name className="java.lang.String">root</Name>
  <Value className="java.lang.String">of</Value>
</Feature>
<Feature>
  <Name className="java.lang.String">kind</Name>
  <Value className="java.lang.String">word</Value>
</Feature>
<Feature>
  <Name className="java.lang.String">string</Name>
  <Value className="java.lang.String">of</Value>
</Feature>
</Annotation>
<Annotation Id="1327" Type="SpaceToken" StartNode="160" EndNode="161">
<Feature>
  <Name className="java.lang.String">length</Name>
  <Value className="java.lang.String">1</Value>
</Feature>
<Feature>
  <Name className="java.lang.String">kind</Name>
  <Value className="java.lang.String">space</Value>
</Feature>
<Feature>
  <Name className="java.lang.String">string</Name>
  <Value className="java.lang.String"> </Value>
</Feature>
</Annotation>
</AnnotationSet>

<!-- Named annotation set -->

<AnnotationSet Name="Original markups">
<Annotation Id="0" Type="o" StartNode="0" EndNode="754">
</Annotation>
<Annotation Id="1" Type="contributors" StartNode="0" EndNode="0">
<Feature>
  <Name className="java.lang.String">class</Name>
  <Value className="java.lang.String">object</Value>
</Feature>
<Feature>
  <Name className="java.lang.String">isEmptyAndSpan</Name>
  <Value className="java.lang.String">true</Value>
</Feature>
<Feature>
  <Name className="java.lang.String">null</Name>
  <Value className="java.lang.String">true</Value>
</Feature>
</Annotation>
<Annotation Id="2" Type="coordinates" StartNode="0" EndNode="0">
<Feature>
  <Name className="java.lang.String">class</Name>
  <Value className="java.lang.String">object</Value>
</Feature>
<Feature>
  <Name className="java.lang.String">isEmptyAndSpan</Name>
  <Value className="java.lang.String">true</Value>
</Feature>
<Feature>
  <Name className="java.lang.String">null</Name>
  <Value className="java.lang.String">true</Value>
</Feature>
</Annotation>
<Annotation Id="3" Type="created_at" StartNode="0" EndNode="30">
<Feature>
  <Name className="java.lang.String">type</Name>
  <Value className="java.lang.String">string</Value>
</Feature>
</Annotation>
<Annotation Id="4" Type="favorited" StartNode="31" EndNode="36">
<Feature>
  <Name className="java.lang.String">type</Name>
  <Value className="java.lang.String">boolean</Value>
</Feature>
</Annotation>
<Annotation Id="5" Type="geo" StartNode="36" EndNode="36">
<Feature>
  <Name className="java.lang.String">class</Name>
  <Value className="java.lang.String">object</Value>
</Feature>
<Feature>
  <Name className="java.lang.String">isEmptyAndSpan</Name>
  <Value className="java.lang.String">true</Value>
</Feature>
<Feature>
  <Name className="java.lang.String">null</Name>
  <Value className="java.lang.String">true</Value>
</Feature>
</Annotation>
<Annotation Id="6" Type="id" StartNode="37" EndNode="48">
<Feature>
  <Name className="java.lang.String">type</Name>
  <Value className="java.lang.String">number</Value>
</Feature>
</Annotation>
<Annotation Id="7" Type="in_reply_to_screen_name" StartNode="49" EndNode="60">
<Feature>
  <Name className="java.lang.String">type</Name>
  <Value className="java.lang.String">string</Value>
</Feature>
</Annotation>
<Annotation Id="8" Type="in_reply_to_status_id" StartNode="61" EndNode="72">
<Feature>
  <Name className="java.lang.String">type</Name>
  <Value className="java.lang.String">number</Value>
</Feature>
</Annotation>
<Annotation Id="9" Type="in_reply_to_user_id" StartNode="73" EndNode="81">
<Feature>
  <Name className="java.lang.String">type</Name>
  <Value className="java.lang.String">number</Value>
</Feature>
</Annotation>
<Annotation Id="10" Type="place" StartNode="81" EndNode="81">
<Feature>
  <Name className="java.lang.String">class</Name>
  <Value className="java.lang.String">object</Value>
</Feature>
<Feature>
  <Name className="java.lang.String">isEmptyAndSpan</Name>
  <Value className="java.lang.String">true</Value>
</Feature>
<Feature>
  <Name className="java.lang.String">null</Name>
  <Value className="java.lang.String">true</Value>
</Feature>
</Annotation>
<Annotation Id="11" Type="source" StartNode="82" EndNode="145">
<Feature>
  <Name className="java.lang.String">type</Name>
  <Value className="java.lang.String">string</Value>
</Feature>
</Annotation>
<Annotation Id="12" Type="text" StartNode="145" EndNode="256">
<Feature>
  <Name className="java.lang.String">type</Name>
  <Value className="java.lang.String">string</Value>
</Feature>
</Annotation>
<Annotation Id="13" Type="truncated" StartNode="257" EndNode="262">
<Feature>
  <Name className="java.lang.String">type</Name>
  <Value className="java.lang.String">boolean</Value>
</Feature>
</Annotation>
<Annotation Id="14" Type="user" StartNode="263" EndNode="754">
<Feature>
  <Name className="java.lang.String">class</Name>
  <Value className="java.lang.String">object</Value>
</Feature>
</Annotation>
<Annotation Id="15" Type="contributors_enabled" StartNode="263" EndNode="268">
<Feature>
  <Name className="java.lang.String">type</Name>
  <Value className="java.lang.String">boolean</Value>
</Feature>
</Annotation>
<Annotation Id="17" Type="description" StartNode="300" EndNode="415">
<Feature>
  <Name className="java.lang.String">type</Name>
  <Value className="java.lang.String">string</Value>
</Feature>
</Annotation>
<Annotation Id="16" Type="created_at" StartNode="269" EndNode="299">
<Feature>
  <Name className="java.lang.String">type</Name>
  <Value className="java.lang.String">string</Value>
</Feature>
</Annotation>
<Annotation Id="19" Type="followers_count" StartNode="417" EndNode="420">
<Feature>
  <Name className="java.lang.String">type</Name>
  <Value className="java.lang.String">number</Value>
</Feature>
</Annotation>
<Annotation Id="18" Type="favourites_count" StartNode="415" EndNode="416">
<Feature>
  <Name className="java.lang.String">type</Name>
  <Value className="java.lang.String">number</Value>
</Feature>
</Annotation>
<Annotation Id="21" Type="friends_count" StartNode="421" EndNode="424">
<Feature>
  <Name className="java.lang.String">type</Name>
  <Value className="java.lang.String">number</Value>
</Feature>
</Annotation>
<Annotation Id="20" Type="following" StartNode="420" EndNode="420">
<Feature>
  <Name className="java.lang.String">class</Name>
  <Value className="java.lang.String">object</Value>
</Feature>
<Feature>
  <Name className="java.lang.String">isEmptyAndSpan</Name>
  <Value className="java.lang.String">true</Value>
</Feature>
<Feature>
  <Name className="java.lang.String">null</Name>
  <Value className="java.lang.String">true</Value>
</Feature>
</Annotation>
<Annotation Id="23" Type="id" StartNode="431" EndNode="439">
<Feature>
  <Name className="java.lang.String">type</Name>
  <Value className="java.lang.String">number</Value>
</Feature>
</Annotation>
<Annotation Id="22" Type="geo_enabled" StartNode="425" EndNode="430">
<Feature>
  <Name className="java.lang.String">type</Name>
  <Value className="java.lang.String">boolean</Value>
</Feature>
</Annotation>
<Annotation Id="25" Type="location" StartNode="443" EndNode="457">
<Feature>
  <Name className="java.lang.String">type</Name>
  <Value className="java.lang.String">string</Value>
</Feature>
</Annotation>
<Annotation Id="24" Type="lang" StartNode="440" EndNode="442">
<Feature>
  <Name className="java.lang.String">type</Name>
  <Value className="java.lang.String">string</Value>
</Feature>
</Annotation>
<Annotation Id="27" Type="notifications" StartNode="464" EndNode="464">
<Feature>
  <Name className="java.lang.String">class</Name>
  <Value className="java.lang.String">object</Value>
</Feature>
<Feature>
  <Name className="java.lang.String">isEmptyAndSpan</Name>
  <Value className="java.lang.String">true</Value>
</Feature>
<Feature>
  <Name className="java.lang.String">null</Name>
  <Value className="java.lang.String">true</Value>
</Feature>
</Annotation>
<Annotation Id="26" Type="name" StartNode="458" EndNode="464">
<Feature>
  <Name className="java.lang.String">type</Name>
  <Value className="java.lang.String">string</Value>
</Feature>
</Annotation>
<Annotation Id="29" Type="profile_background_image_url" StartNode="472" EndNode="546">
<Feature>
  <Name className="java.lang.String">type</Name>
  <Value className="java.lang.String">string</Value>
</Feature>
</Annotation>
<Annotation Id="28" Type="profile_background_color" StartNode="465" EndNode="471">
<Feature>
  <Name className="java.lang.String">type</Name>
  <Value className="java.lang.String">string</Value>
</Feature>
</Annotation>
<Annotation Id="31" Type="profile_image_url" StartNode="552" EndNode="654">
<Feature>
  <Name className="java.lang.String">type</Name>
  <Value className="java.lang.String">string</Value>
</Feature>
</Annotation>
<Annotation Id="30" Type="profile_background_tile" StartNode="547" EndNode="551">
<Feature>
  <Name className="java.lang.String">type</Name>
  <Value className="java.lang.String">boolean</Value>
</Feature>
</Annotation>
<Annotation Id="34" Type="profile_sidebar_fill_color" StartNode="669" EndNode="675">
<Feature>
  <Name className="java.lang.String">type</Name>
  <Value className="java.lang.String">string</Value>
</Feature>
</Annotation>
<Annotation Id="35" Type="profile_text_color" StartNode="676" EndNode="682">
<Feature>
  <Name className="java.lang.String">type</Name>
  <Value className="java.lang.String">string</Value>
</Feature>
</Annotation>
<Annotation Id="32" Type="profile_link_color" StartNode="655" EndNode="661">
<Feature>
  <Name className="java.lang.String">type</Name>
  <Value className="java.lang.String">string</Value>
</Feature>
</Annotation>
<Annotation Id="33" Type="profile_sidebar_border_color" StartNode="662" EndNode="668">
<Feature>
  <Name className="java.lang.String">type</Name>
  <Value className="java.lang.String">string</Value>
</Feature>
</Annotation>
<Annotation Id="38" Type="statuses_count" StartNode="701" EndNode="705">
<Feature>
  <Name className="java.lang.String">type</Name>
  <Value className="java.lang.String">number</Value>
</Feature>
</Annotation>
<Annotation Id="39" Type="time_zone" StartNode="706" EndNode="712">
<Feature>
  <Name className="java.lang.String">type</Name>
  <Value className="java.lang.String">string</Value>
</Feature>
</Annotation>
<Annotation Id="36" Type="protected" StartNode="683" EndNode="688">
<Feature>
  <Name className="java.lang.String">type</Name>
  <Value className="java.lang.String">boolean</Value>
</Feature>
</Annotation>
<Annotation Id="37" Type="screen_name" StartNode="689" EndNode="700">
<Feature>
  <Name className="java.lang.String">type</Name>
  <Value className="java.lang.String">string</Value>
</Feature>
</Annotation>
<Annotation Id="42" Type="verified" StartNode="749" EndNode="754">
<Feature>
  <Name className="java.lang.String">type</Name>
  <Value className="java.lang.String">boolean</Value>
</Feature>
</Annotation>
<Annotation Id="40" Type="url" StartNode="713" EndNode="746">
<Feature>
  <Name className="java.lang.String">type</Name>
  <Value className="java.lang.String">string</Value>
</Feature>
</Annotation>
<Annotation Id="41" Type="utc_offset" StartNode="747" EndNode="748">
<Feature>
  <Name className="java.lang.String">type</Name>
  <Value className="java.lang.String">number</Value>
</Feature>
</Annotation>
</AnnotationSet>

</GateDocument>
