<?xml version="1.0" encoding="UTF-8"?>
<o><contributors class="object" null="true"/><coordinates class="object" null="true"/><created_at type="string">Thu Mar 25 21:40:36 +0000 2010</created_at><favorited type="boolean">false</favorited><geo class="object" null="true"/><id type="number">11054693964</id><in_reply_to_screen_name type="string">leebo</in_reply_to_screen_name><in_reply_to_status_id type="number">11054582231</in_reply_to_status_id><in_reply_to_user_id type="number">657553</in_reply_to_user_id><place class="object" null="true"/><source type="string">web</source><text type="string">@leebo @theboygeorge sed theres no such thing as a gay tory</text><truncated type="boolean">false</truncated><user class="object"><contributors_enabled type="boolean">false</contributors_enabled><created_at type="string">Fri Sep 26 18:02:08 +0000 2008</created_at><description type="string">scouseaholic media junkie once known as the tokoroa tearaway! moved from nz to uk in '87, herts to merseyside in '06. obsessed with footballer fernando torres:)</description><favourites_count type="number">7</favourites_count><followers_count type="number">1293</followers_count><following class="object" null="true"/><friends_count type="number">2001</friends_count><geo_enabled type="boolean">true</geo_enabled><id type="number">16471355</id><lang type="string">en</lang><location type="string">people's republic of liverpool</location><name type="string">michelle mckay</name><notifications class="object" null="true"/><profile_background_color type="string">0099B9</profile_background_color><profile_background_image_url type="string">http://a1.twimg.com/profile_background_images/85185908/eddie_cochran_in_colour.jpg</profile_background_image_url><profile_background_tile type="boolean">true</profile_background_tile><profile_image_url type="string">http://a3.twimg.com/profile_images/635164665/twitterProfilePhoto_normal.jpg</profile_image_url><profile_link_color type="string">f7459e</profile_link_color><profile_sidebar_border_color type="string">c77bc2</profile_sidebar_border_color><profile_sidebar_fill_color type="string">c2aed1</profile_sidebar_fill_color><profile_text_color type="string">c757bc</profile_text_color><protected type="boolean">false</protected><screen_name type="string">westderby</screen_name><statuses_count type="number">9090</statuses_count><time_zone type="string">London</time_zone><url type="string">http://www.facebook.com/michellejanemckay</url><utc_offset type="number">0</utc_offset><verified type="boolean">false</verified></user></o>
