<?xml version="1.0" encoding="UTF-8"?>
<o><contributors class="object" null="true"/><coordinates class="object" null="true"/><created_at type="string">Thu Mar 25 21:41:21 +0000 2010</created_at><favorited type="boolean">false</favorited><geo class="object" null="true"/><id type="number">11054723591</id><in_reply_to_screen_name class="object" null="true"/><in_reply_to_status_id class="object" null="true"/><in_reply_to_user_id class="object" null="true"/><place class="object" null="true"/><source type="string">&lt;a href="http://www.tweetdeck.com" rel="nofollow"&gt;TweetDeck&lt;/a&gt;</source><text type="string">OK, I thought this was a widely accepted name now.. "Boy George"= Osborne. THE Boy George = Labour!</text><truncated type="boolean">false</truncated><user class="object"><contributors_enabled type="boolean">false</contributors_enabled><created_at type="string">Sun Mar 01 23:24:45 +0000 2009</created_at><description type="string">I love the Labour Party and Polly Toynbee's columns make me cry (in a good way). So does this http://www.youtube.com/watch?v=WA3H07Se0ZQ</description><favourites_count type="number">10</favourites_count><followers_count type="number">2734</followers_count><following class="object" null="true"/><friends_count type="number">1042</friends_count><geo_enabled type="boolean">false</geo_enabled><id type="number">22421548</id><lang type="string">en</lang><location type="string">In between London and Bristol</location><name type="string">Ellie Gellard</name><notifications class="object" null="true"/><profile_background_color type="string">C6E2EE</profile_background_color><profile_background_image_url type="string">http://a1.twimg.com/profile_background_images/5039762/labour_poster_1966.jpg</profile_background_image_url><profile_background_tile type="boolean">true</profile_background_tile><profile_image_url type="string">http://a3.twimg.com/profile_images/770780771/twitterProfilePhoto_normal.jpg</profile_image_url><profile_link_color type="string">cf0c15</profile_link_color><profile_sidebar_border_color type="string">C6E2EE</profile_sidebar_border_color><profile_sidebar_fill_color type="string">DAECF4</profile_sidebar_fill_color><profile_text_color type="string">391a51</profile_text_color><protected type="boolean">false</protected><screen_name type="string">BevaniteEllie</screen_name><statuses_count type="number">17578</statuses_count><time_zone type="string">London</time_zone><url type="string">http://stilettoedsocialist.wordpress.com/</url><utc_offset type="number">0</utc_offset><verified type="boolean">false</verified></user></o>
