<?xml version="1.0" encoding="UTF-8"?>
<o><contributors class="object" null="true"/><coordinates class="object" null="true"/><created_at type="string">Thu Mar 25 20:52:26 +0000 2010</created_at><favorited type="boolean">false</favorited><geo class="object" null="true"/><id type="number">11052756322</id><in_reply_to_screen_name class="object" null="true"/><in_reply_to_status_id class="object" null="true"/><in_reply_to_user_id class="object" null="true"/><place class="object" null="true"/><source type="string">&lt;a href="http://www.hootsuite.com" rel="nofollow"&gt;HootSuite&lt;/a&gt;</source><text type="string">Not my Darling - Down with the Labour Cider Tax! http://ciderpunk.com/blog/not-my-darling-down-with-labour-cider-tax</text><truncated type="boolean">false</truncated><user class="object"><contributors_enabled type="boolean">false</contributors_enabled><created_at type="string">Thu Feb 05 21:14:55 +0000 2009</created_at><description type="string">Selling artisan cider online</description><favourites_count type="number">0</favourites_count><followers_count type="number">108</followers_count><following class="object" null="true"/><friends_count type="number">23</friends_count><geo_enabled type="boolean">false</geo_enabled><id type="number">20189123</id><lang type="string">en</lang><location type="string">South West England</location><name type="string">CiderPunk</name><notifications class="object" null="true"/><profile_background_color type="string">C6E2EE</profile_background_color><profile_background_image_url type="string">http://a1.twimg.com/profile_background_images/7428524/dsc_0032_sm.jpg</profile_background_image_url><profile_background_tile type="boolean">true</profile_background_tile><profile_image_url type="string">http://a1.twimg.com/profile_images/120556744/logo_tiny_sq_normal.jpg</profile_image_url><profile_link_color type="string">1F98C7</profile_link_color><profile_sidebar_border_color type="string">C6E2EE</profile_sidebar_border_color><profile_sidebar_fill_color type="string">DAECF4</profile_sidebar_fill_color><profile_text_color type="string">663B12</profile_text_color><protected type="boolean">false</protected><screen_name type="string">CiderpunkDotCom</screen_name><statuses_count type="number">184</statuses_count><time_zone type="string">London</time_zone><url type="string">http://ciderpunk.com</url><utc_offset type="number">0</utc_offset><verified type="boolean">false</verified></user></o>
