<?xml version="1.0" encoding="UTF-8"?>
<o><contributors class="object" null="true"/><coordinates class="object" null="true"/><created_at type="string">Thu Mar 25 20:16:53 +0000 2010</created_at><favorited type="boolean">false</favorited><geo class="object" null="true"/><id type="number">11051353984</id><in_reply_to_screen_name class="object" null="true"/><in_reply_to_status_id class="object" null="true"/><in_reply_to_user_id class="object" null="true"/><place class="object" null="true"/><source type="string">web</source><text type="string">Somerset people are NOT happy about the Labour Government making our CIDER much more expensive &amp; singling us out for extra tax rises!!</text><truncated type="boolean">false</truncated><user class="object"><contributors_enabled type="boolean">false</contributors_enabled><created_at type="string">Sun Jan 31 14:31:45 +0000 2010</created_at><description type="string">Bridgwater, Somerset, Westcountry, South West England, UK.</description><favourites_count type="number">0</favourites_count><followers_count type="number">70</followers_count><following class="object" null="true"/><friends_count type="number">65</friends_count><geo_enabled type="boolean">false</geo_enabled><id type="number">110150078</id><lang type="string">en</lang><location type="string">Bridgwater, Somerset</location><name type="string">Bridgwater Somerset</name><notifications class="object" null="true"/><profile_background_color type="string">EBEBEB</profile_background_color><profile_background_image_url type="string">http://a3.twimg.com/profile_background_images/71397577/Cimg3689_BRIDGE_Twitter1000.jpg</profile_background_image_url><profile_background_tile type="boolean">true</profile_background_tile><profile_image_url type="string">http://a3.twimg.com/profile_images/667645467/Cimg3689_BRIDGE_Twitter250_normal.jpg</profile_image_url><profile_link_color type="string">587817</profile_link_color><profile_sidebar_border_color type="string">994c4c</profile_sidebar_border_color><profile_sidebar_fill_color type="string">d97373</profile_sidebar_fill_color><profile_text_color type="string">21450b</profile_text_color><protected type="boolean">false</protected><screen_name type="string">BridgwaterUK</screen_name><statuses_count type="number">24</statuses_count><time_zone type="string">London</time_zone><url class="object" null="true"/><utc_offset type="number">0</utc_offset><verified type="boolean">false</verified></user></o>
