<?xml version="1.0" encoding="UTF-8"?>
<o><contributors class="object" null="true"/><coordinates class="object" null="true"/><created_at type="string">Thu Mar 25 21:21:21 +0000 2010</created_at><favorited type="boolean">false</favorited><geo class="object" null="true"/><id type="number">11053913099</id><in_reply_to_screen_name class="object" null="true"/><in_reply_to_status_id class="object" null="true"/><in_reply_to_user_id class="object" null="true"/><place class="object" null="true"/><source type="string">&lt;a href="http://twitterfeed.com" rel="nofollow"&gt;twitterfeed&lt;/a&gt;</source><text type="string">ViaTV3Video Baby elephant named 'Miracle':  
      The baby elephant, that experts thought had died during labour,... http://bit.ly/dqG8GS</text><truncated type="boolean">false</truncated><user class="object"><contributors_enabled type="boolean">false</contributors_enabled><created_at type="string">Thu Feb 25 17:49:18 +0000 2010</created_at><description type="string"/><favourites_count type="number">0</favourites_count><followers_count type="number">22</followers_count><following class="object" null="true"/><friends_count type="number">2</friends_count><geo_enabled type="boolean">true</geo_enabled><id type="number">117477602</id><lang type="string">en</lang><location type="string">New Zealand</location><name type="string">DownUnder Updates</name><notifications class="object" null="true"/><profile_background_color type="string">022330</profile_background_color><profile_background_image_url type="string">http://a1.twimg.com/profile_background_images/78422510/downunder-updates-side.png</profile_background_image_url><profile_background_tile type="boolean">false</profile_background_tile><profile_image_url type="string">http://a1.twimg.com/profile_images/717915280/D-Updates_normal.png</profile_image_url><profile_link_color type="string">0084B4</profile_link_color><profile_sidebar_border_color type="string">a8c7f7</profile_sidebar_border_color><profile_sidebar_fill_color type="string">C0DFEC</profile_sidebar_fill_color><profile_text_color type="string">333333</profile_text_color><protected type="boolean">false</protected><screen_name type="string">DownUnder_NZ</screen_name><statuses_count type="number">292</statuses_count><time_zone type="string">Wellington</time_zone><url class="object" null="true"/><utc_offset type="number">43200</utc_offset><verified type="boolean">false</verified></user></o>
