<?xml version="1.0" encoding="UTF-8"?>
<o><contributors class="object" null="true"/><coordinates class="object" null="true"/><created_at type="string">Thu Mar 25 20:18:46 +0000 2010</created_at><favorited type="boolean">false</favorited><geo class="object" null="true"/><id type="number">11051427635</id><in_reply_to_screen_name type="string">MythBusters</in_reply_to_screen_name><in_reply_to_status_id type="number">11041548888</in_reply_to_status_id><in_reply_to_user_id type="number">52146755</in_reply_to_user_id><place class="object" null="true"/><source type="string">&lt;a href="http://www.tweetdeck.com" rel="nofollow"&gt;TweetDeck&lt;/a&gt;</source><text type="string">@MythBusters: Great show last night! Although now I want a blue slushy.  I hope Tory's better.</text><truncated type="boolean">false</truncated><user class="object"><contributors_enabled type="boolean">false</contributors_enabled><created_at type="string">Tue Mar 02 19:37:08 +0000 2010</created_at><description type="string">Dodger fan, Ubuntu user and news junky. I'll post things I find that I don't want to hold until I can blog them.</description><favourites_count type="number">971</favourites_count><followers_count type="number">44</followers_count><following class="object" null="true"/><friends_count type="number">155</friends_count><geo_enabled type="boolean">false</geo_enabled><id type="number">119135252</id><lang type="string">en</lang><location type="string">Boston (Jamaica Plain/Malden)</location><name type="string">J.M. 'Peng' Hardin</name><notifications class="object" null="true"/><profile_background_color type="string">9ae4e8</profile_background_color><profile_background_image_url type="string">http://s.twimg.com/a/1269387398/images/themes/theme1/bg.png</profile_background_image_url><profile_background_tile type="boolean">false</profile_background_tile><profile_image_url type="string">http://a1.twimg.com/profile_images/768557744/twitterProfilePhoto_normal.jpg</profile_image_url><profile_link_color type="string">0000ff</profile_link_color><profile_sidebar_border_color type="string">87bc44</profile_sidebar_border_color><profile_sidebar_fill_color type="string">e0ff92</profile_sidebar_fill_color><profile_text_color type="string">000000</profile_text_color><protected type="boolean">false</protected><screen_name type="string">BostonPeng</screen_name><statuses_count type="number">1056</statuses_count><time_zone class="object" null="true"/><url type="string">http://nancib.wordpress.com</url><utc_offset class="object" null="true"/><verified type="boolean">false</verified></user></o>
