<?xml version="1.0" encoding="UTF-8"?>
<o><contributors class="object" null="true"/><coordinates class="object" null="true"/><created_at type="string">Thu Mar 25 20:06:25 +0000 2010</created_at><favorited type="boolean">false</favorited><geo class="object" null="true"/><id type="number">11050949281</id><in_reply_to_screen_name type="string">ToryLandlord</in_reply_to_screen_name><in_reply_to_status_id type="number">11050868469</in_reply_to_status_id><in_reply_to_user_id type="number">92551033</in_reply_to_user_id><place class="object" null="true"/><source type="string">&lt;a href="http://www.tweetdeck.com" rel="nofollow"&gt;TweetDeck&lt;/a&gt;</source><text type="string">@ToryLandlord Interesting. What do you think would happen internally in the Tory party, and in particular to Cameron if that happened?</text><truncated type="boolean">false</truncated><user class="object"><contributors_enabled type="boolean">false</contributors_enabled><created_at type="string">Mon May 25 09:50:58 +0000 2009</created_at><description type="string">Love politics, love friends . . . LOVE LIFE. Into art, literature, people, film &amp; music (both good &amp; bad) ;-) x</description><favourites_count type="number">0</favourites_count><followers_count type="number">771</followers_count><following class="object" null="true"/><friends_count type="number">1708</friends_count><geo_enabled type="boolean">false</geo_enabled><id type="number">42381453</id><lang type="string">en</lang><location type="string">Portsmouth, UK</location><name type="string">James Shaddock</name><notifications class="object" null="true"/><profile_background_color type="string">ffffff</profile_background_color><profile_background_image_url type="string">http://a3.twimg.com/profile_background_images/68055637/23upfrr.jpg</profile_background_image_url><profile_background_tile type="boolean">true</profile_background_tile><profile_image_url type="string">http://a1.twimg.com/profile_images/656874702/twitterProfilePhoto_normal.jpg</profile_image_url><profile_link_color type="string">5e1d1e</profile_link_color><profile_sidebar_border_color type="string">000205</profile_sidebar_border_color><profile_sidebar_fill_color type="string">d3cec5</profile_sidebar_fill_color><profile_text_color type="string">000000</profile_text_color><protected type="boolean">false</protected><screen_name type="string">jpshaddock</screen_name><statuses_count type="number">4754</statuses_count><time_zone type="string">London</time_zone><url class="object" null="true"/><utc_offset type="number">0</utc_offset><verified type="boolean">false</verified></user></o>
