<?xml version="1.0" encoding="UTF-8"?>
<o><contributors class="object" null="true"/><coordinates class="object" null="true"/><created_at type="string">Thu Mar 25 21:07:39 +0000 2010</created_at><favorited type="boolean">false</favorited><geo class="object" null="true"/><id type="number">11053363832</id><in_reply_to_screen_name class="object" null="true"/><in_reply_to_status_id class="object" null="true"/><in_reply_to_user_id class="object" null="true"/><place class="object" null="true"/><source type="string">&lt;a href="http://ubertwitter.com" rel="nofollow"&gt;UberTwitter&lt;/a&gt;</source><text type="string">RT @leongreen: Conservatives trail Labour in marginal seats, poll shows - at http://bit.ly/aIYYnp</text><truncated type="boolean">false</truncated><user class="object"><contributors_enabled type="boolean">false</contributors_enabled><created_at type="string">Thu Feb 05 09:47:25 +0000 2009</created_at><description type="string">A Yorkshireman, A Brit, A Sikh, A Punjabi, A social entrepreneur, An entrepreneur and a generally all round good guy :)</description><favourites_count type="number">1</favourites_count><followers_count type="number">159</followers_count><following class="object" null="true"/><friends_count type="number">106</friends_count><geo_enabled type="boolean">false</geo_enabled><id type="number">20132454</id><lang type="string">en</lang><location type="string">London</location><name type="string">Harinder</name><notifications class="object" null="true"/><profile_background_color type="string">642D8B</profile_background_color><profile_background_image_url type="string">http://a3.twimg.com/profile_background_images/68157637/j0430519.jpg</profile_background_image_url><profile_background_tile type="boolean">true</profile_background_tile><profile_image_url type="string">http://a3.twimg.com/profile_images/587020707/GetAttachment_normal.jpg</profile_image_url><profile_link_color type="string">cc2b4b</profile_link_color><profile_sidebar_border_color type="string">65B0DA</profile_sidebar_border_color><profile_sidebar_fill_color type="string">23c443</profile_sidebar_fill_color><profile_text_color type="string">0c080f</profile_text_color><protected type="boolean">false</protected><screen_name type="string">harindermann</screen_name><statuses_count type="number">780</statuses_count><time_zone type="string">London</time_zone><url type="string">http://harindermann.blogspot.com/</url><utc_offset type="number">0</utc_offset><verified type="boolean">false</verified></user></o>
