<?xml version="1.0" encoding="UTF-8"?>
<o><contributors class="object" null="true"/><coordinates class="object" null="true"/><created_at type="string">Thu Mar 25 20:56:42 +0000 2010</created_at><favorited type="boolean">false</favorited><geo class="object" null="true"/><id type="number">11052924189</id><in_reply_to_screen_name type="string">power2010</in_reply_to_screen_name><in_reply_to_status_id class="object" null="true"/><in_reply_to_user_id type="number">30448424</in_reply_to_user_id><place class="object" null="true"/><source type="string">&lt;a href="http://www.tweetdeck.com/" rel="nofollow"&gt;TweetDeck&lt;/a&gt;</source><text type="string">@power2010 leaflets accuse tory mp of failing democracy http://news.bbc.co.uk/1/hi/england/somerset/8586768.stm  #uksenate</text><truncated type="boolean">false</truncated><user class="object"><contributors_enabled type="boolean">false</contributors_enabled><created_at type="string">Sun Mar 14 20:00:18 +0000 2010</created_at><description type="string">Join the campaign for an elected upper house.&#x0D;
www.senateforbritain.org</description><favourites_count type="number">0</favourites_count><followers_count type="number">214</followers_count><following class="object" null="true"/><friends_count type="number">1445</friends_count><geo_enabled type="boolean">false</geo_enabled><id type="number">123042184</id><lang type="string">en</lang><location type="string">London, UK</location><name type="string">SenateforBritain.org</name><notifications class="object" null="true"/><profile_background_color type="string">C0DEED</profile_background_color><profile_background_image_url type="string">http://a3.twimg.com/profile_background_images/83146345/House_of_Lords_chamber_-_toward_throne.jpg</profile_background_image_url><profile_background_tile type="boolean">true</profile_background_tile><profile_image_url type="string">http://a1.twimg.com/profile_images/752648758/House_of_Lords_chamber_-_toward_throne_normal.jpg</profile_image_url><profile_link_color type="string">0084B4</profile_link_color><profile_sidebar_border_color type="string">C0DEED</profile_sidebar_border_color><profile_sidebar_fill_color type="string">DDEEF6</profile_sidebar_fill_color><profile_text_color type="string">333333</profile_text_color><protected type="boolean">false</protected><screen_name type="string">Senate4Britain</screen_name><statuses_count type="number">58</statuses_count><time_zone class="object" null="true"/><url type="string">http://www.senateforbritain.org</url><utc_offset class="object" null="true"/><verified type="boolean">false</verified></user></o>
