<?xml version="1.0" encoding="UTF-8"?>
<o><contributors class="object" null="true"/><coordinates class="object" null="true"/><created_at type="string">Thu Mar 25 21:06:19 +0000 2010</created_at><favorited type="boolean">false</favorited><geo class="object" null="true"/><id type="number">11053311319</id><in_reply_to_screen_name class="object" null="true"/><in_reply_to_status_id class="object" null="true"/><in_reply_to_user_id class="object" null="true"/><place class="object" null="true"/><source type="string">&lt;a href="http://www.tweetdeck.com/" rel="nofollow"&gt;TweetDeck&lt;/a&gt;</source><text type="string">OMFSM! Mythbusters 08x01! Poor Tory. Like the bike faceplant wasn't enough.</text><truncated type="boolean">false</truncated><user class="object"><contributors_enabled type="boolean">false</contributors_enabled><created_at type="string">Mon May 12 08:20:39 +0000 2008</created_at><description type="string">fanatičen ateist. realist. skeptik.</description><favourites_count type="number">17</favourites_count><followers_count type="number">77</followers_count><following class="object" null="true"/><friends_count type="number">90</friends_count><geo_enabled type="boolean">false</geo_enabled><id type="number">14741884</id><lang type="string">en</lang><location type="string">Domžale, Slovenia</location><name type="string">davey007</name><notifications class="object" null="true"/><profile_background_color type="string">EBEBEB</profile_background_color><profile_background_image_url type="string">http://s.twimg.com/a/1269281712/images/themes/theme7/bg.gif</profile_background_image_url><profile_background_tile type="boolean">false</profile_background_tile><profile_image_url type="string">http://a1.twimg.com/profile_images/179072568/DSC00666-twit_normal.jpg</profile_image_url><profile_link_color type="string">990000</profile_link_color><profile_sidebar_border_color type="string">DFDFDF</profile_sidebar_border_color><profile_sidebar_fill_color type="string">F3F3F3</profile_sidebar_fill_color><profile_text_color type="string">333333</profile_text_color><protected type="boolean">false</protected><screen_name type="string">davey007</screen_name><statuses_count type="number">2037</statuses_count><time_zone type="string">Ljubljana</time_zone><url class="object" null="true"/><utc_offset type="number">3600</utc_offset><verified type="boolean">false</verified></user></o>
