<?xml version="1.0" encoding="UTF-8"?>
<o><contributors class="object" null="true"/><coordinates class="object" null="true"/><created_at type="string">Thu Mar 25 21:33:04 +0000 2010</created_at><favorited type="boolean">false</favorited><geo class="object" null="true"/><id type="number">11054389737</id><in_reply_to_screen_name type="string">lauramcbride</in_reply_to_screen_name><in_reply_to_status_id type="number">11054154416</in_reply_to_status_id><in_reply_to_user_id type="number">46433381</in_reply_to_user_id><place class="object" null="true"/><source type="string">&lt;a href="http://www.tweetdeck.com/" rel="nofollow"&gt;TweetDeck&lt;/a&gt;</source><text type="string">@lauramcbride You voted TORY?!</text><truncated type="boolean">false</truncated><user class="object"><contributors_enabled type="boolean">false</contributors_enabled><created_at type="string">Thu Oct 23 22:35:07 +0000 2008</created_at><description type="string"/><favourites_count type="number">1</favourites_count><followers_count type="number">56</followers_count><following class="object" null="true"/><friends_count type="number">141</friends_count><geo_enabled type="boolean">false</geo_enabled><id type="number">16937318</id><lang type="string">en</lang><location type="string">United Kingdom</location><name type="string">Beth Mathias</name><notifications class="object" null="true"/><profile_background_color type="string">BADFCD</profile_background_color><profile_background_image_url type="string">http://a1.twimg.com/profile_background_images/5770690/AndersonCooper372.jpg</profile_background_image_url><profile_background_tile type="boolean">false</profile_background_tile><profile_image_url type="string">http://a1.twimg.com/profile_images/219344498/Me_and_Amy_normal.jpg</profile_image_url><profile_link_color type="string">FF0000</profile_link_color><profile_sidebar_border_color type="string">F2E195</profile_sidebar_border_color><profile_sidebar_fill_color type="string">FFF7CC</profile_sidebar_fill_color><profile_text_color type="string">0C3E53</profile_text_color><protected type="boolean">false</protected><screen_name type="string">therealtwin2</screen_name><statuses_count type="number">2075</statuses_count><time_zone type="string">London</time_zone><url class="object" null="true"/><utc_offset type="number">0</utc_offset><verified type="boolean">false</verified></user></o>
