<?xml version="1.0" encoding="UTF-8"?>
<o><contributors class="object" null="true"/><coordinates class="object" null="true"/><created_at type="string">Thu Mar 25 20:05:54 +0000 2010</created_at><favorited type="boolean">false</favorited><geo class="object" null="true"/><id type="number">11050929316</id><in_reply_to_screen_name class="object" null="true"/><in_reply_to_status_id class="object" null="true"/><in_reply_to_user_id class="object" null="true"/><place class="object" null="true"/><source type="string">&lt;a href="http://www.atebits.com/" rel="nofollow"&gt;Tweetie&lt;/a&gt;</source><text type="string">Willmott has gone. He's off to a Labour fundraiser. Joy of being a backbencher: you can scarper early.</text><truncated type="boolean">false</truncated><user class="object"><contributors_enabled type="boolean">false</contributors_enabled><created_at type="string">Sun Feb 07 13:11:39 +0000 2010</created_at><description type="string">Leicester Mercury Political Correspondent.</description><favourites_count type="number">55</favourites_count><followers_count type="number">85</followers_count><following class="object" null="true"/><friends_count type="number">118</friends_count><geo_enabled type="boolean">false</geo_enabled><id type="number">112162734</id><lang type="string">en</lang><location type="string">Leicester, UK</location><name type="string">David MacLean</name><notifications class="object" null="true"/><profile_background_color type="string">272725</profile_background_color><profile_background_image_url type="string">http://a1.twimg.com/profile_background_images/83978894/nixon-elvis-714453.jpg</profile_background_image_url><profile_background_tile type="boolean">true</profile_background_tile><profile_image_url type="string">http://a1.twimg.com/profile_images/759029360/photo_normal.jpg</profile_image_url><profile_link_color type="string">ff6600</profile_link_color><profile_sidebar_border_color type="string">b18e5e</profile_sidebar_border_color><profile_sidebar_fill_color type="string">e8e6da</profile_sidebar_fill_color><profile_text_color type="string">000000</profile_text_color><protected type="boolean">false</protected><screen_name type="string">David_MacLean</screen_name><statuses_count type="number">213</statuses_count><time_zone type="string">London</time_zone><url type="string">http://www.davidmaclean.eu</url><utc_offset type="number">0</utc_offset><verified type="boolean">false</verified></user></o>
