<?xml version="1.0" encoding="UTF-8"?>
<o><contributors class="object" null="true"/><coordinates class="object" null="true"/><created_at type="string">Thu Mar 25 20:17:32 +0000 2010</created_at><favorited type="boolean">false</favorited><geo class="object" null="true"/><id type="number">11051378743</id><in_reply_to_screen_name class="object" null="true"/><in_reply_to_status_id class="object" null="true"/><in_reply_to_user_id class="object" null="true"/><place class="object" null="true"/><source type="string">&lt;a href="http://twitterfeed.com" rel="nofollow"&gt;twitterfeed&lt;/a&gt;</source><text type="string">Fatisha Imo eyes Miss Caribbean World in Tortola - The Labour Spokesman http://bit.ly/9hykse #Carnival #Trinidad</text><truncated type="boolean">false</truncated><user class="object"><contributors_enabled type="boolean">false</contributors_enabled><created_at type="string">Fri Mar 23 16:19:52 +0000 2007</created_at><description type="string">Custom Trini T-Shirts, A woman passionate about Trinidad &amp; Tobago and a strong desire to share any and everything about my beautiful twin island republic.</description><favourites_count type="number">65</favourites_count><followers_count type="number">1492</followers_count><following class="object" null="true"/><friends_count type="number">792</friends_count><geo_enabled type="boolean">false</geo_enabled><id type="number">2026431</id><lang type="string">en</lang><location type="string">Miami via Trinidad &amp; Tobago</location><name type="string">izatrini.com</name><notifications class="object" null="true"/><profile_background_color type="string">000000</profile_background_color><profile_background_image_url type="string">http://a1.twimg.com/profile_background_images/9848708/250x600_Twitterbg.jpg</profile_background_image_url><profile_background_tile type="boolean">false</profile_background_tile><profile_image_url type="string">http://a1.twimg.com/profile_images/726849046/TnT_CircleFlag_izatrini_normal.jpg</profile_image_url><profile_link_color type="string">CD0000</profile_link_color><profile_sidebar_border_color type="string">CD0000</profile_sidebar_border_color><profile_sidebar_fill_color type="string">FFFFFF</profile_sidebar_fill_color><profile_text_color type="string">000000</profile_text_color><protected type="boolean">false</protected><screen_name type="string">izatrini</screen_name><statuses_count type="number">14042</statuses_count><time_zone type="string">Eastern Time (US &amp; Canada)</time_zone><url type="string">http://www.izatrini.com</url><utc_offset type="number">-18000</utc_offset><verified type="boolean">false</verified></user></o>
