<?xml version="1.0" encoding="UTF-8"?>
<o><contributors class="object" null="true"/><coordinates class="object" null="true"/><created_at type="string">Thu Mar 25 20:17:27 +0000 2010</created_at><favorited type="boolean">false</favorited><geo class="object" null="true"/><id type="number">11051375629</id><in_reply_to_screen_name class="object" null="true"/><in_reply_to_status_id class="object" null="true"/><in_reply_to_user_id class="object" null="true"/><place class="object" null="true"/><source type="string">&lt;a href="http://github.com/cezarsa/chromed_bird" rel="nofollow"&gt;Chromed Bird&lt;/a&gt;</source><text type="string">So many ways a Labour Party MP could go with that headline - RT @samharrelson: "Ancient Fossil Found in England"</text><truncated type="boolean">false</truncated><user class="object"><contributors_enabled type="boolean">false</contributors_enabled><created_at type="string">Sun Mar 22 11:54:08 +0000 2009</created_at><description type="string">Swear Twitter's so like H.S. Full of rules but no Rule Book ... And I so want to be Popular. Ad Guy. Ski Bum. Finding My Own Road w/my Palm PRE</description><favourites_count type="number">0</favourites_count><followers_count type="number">414</followers_count><following class="object" null="true"/><friends_count type="number">301</friends_count><geo_enabled type="boolean">false</geo_enabled><id type="number">25809254</id><lang type="string">en</lang><location type="string">New York City, NY  USA</location><name type="string">J.R. McGrail</name><notifications class="object" null="true"/><profile_background_color type="string">ACDED6</profile_background_color><profile_background_image_url type="string">http://a1.twimg.com/profile_background_images/76174920/me_-_facebook_wide.jpg</profile_background_image_url><profile_background_tile type="boolean">true</profile_background_tile><profile_image_url type="string">http://a1.twimg.com/profile_images/702457514/me_-_facebook_wide_normal.jpg</profile_image_url><profile_link_color type="string">038543</profile_link_color><profile_sidebar_border_color type="string">EEEEEE</profile_sidebar_border_color><profile_sidebar_fill_color type="string">F6F6F6</profile_sidebar_fill_color><profile_text_color type="string">333333</profile_text_color><protected type="boolean">false</protected><screen_name type="string">JRMcGrail</screen_name><statuses_count type="number">7690</statuses_count><time_zone type="string">Eastern Time (US &amp; Canada)</time_zone><url type="string">http://www.facebook.com/JRMcGrail</url><utc_offset type="number">-18000</utc_offset><verified type="boolean">false</verified></user></o>
