<?xml version="1.0" encoding="UTF-8"?>
<o><contributors class="object" null="true"/><coordinates class="object" null="true"/><created_at type="string">Thu Mar 25 21:07:12 +0000 2010</created_at><favorited type="boolean">false</favorited><geo class="object" null="true"/><id type="number">11053345741</id><in_reply_to_screen_name class="object" null="true"/><in_reply_to_status_id class="object" null="true"/><in_reply_to_user_id class="object" null="true"/><place class="object" null="true"/><source type="string">&lt;a href="http://www.tweetdeck.com" rel="nofollow"&gt;TweetDeck&lt;/a&gt;</source><text type="string">RT @LabourList: The fierce ideological battle around yesterday's budget must be won by Labour, writes Ann Pettifor http://bit.ly/cTjZbD</text><truncated type="boolean">false</truncated><user class="object"><contributors_enabled type="boolean">false</contributors_enabled><created_at type="string">Fri Feb 20 15:48:13 +0000 2009</created_at><description type="string">Working with think and do tank Chamberlain Forum &amp; Chair of the Brum Fabian Society. Also a fine human being. Ask around.</description><favourites_count type="number">1</favourites_count><followers_count type="number">1221</followers_count><following class="object" null="true"/><friends_count type="number">1671</friends_count><geo_enabled type="boolean">false</geo_enabled><id type="number">21406735</id><lang type="string">en</lang><location type="string">Birmingham UK</location><name type="string">Claire Spencer</name><notifications class="object" null="true"/><profile_background_color type="string">B2DFDA</profile_background_color><profile_background_image_url type="string">http://s.twimg.com/a/1269020849/images/themes/theme13/bg.gif</profile_background_image_url><profile_background_tile type="boolean">false</profile_background_tile><profile_image_url type="string">http://a3.twimg.com/profile_images/337860575/twitterProfilePhoto_normal.jpg</profile_image_url><profile_link_color type="string">93A644</profile_link_color><profile_sidebar_border_color type="string">eeeeee</profile_sidebar_border_color><profile_sidebar_fill_color type="string">ffffff</profile_sidebar_fill_color><profile_text_color type="string">333333</profile_text_color><protected type="boolean">false</protected><screen_name type="string">thedancingflea</screen_name><statuses_count type="number">14269</statuses_count><time_zone type="string">London</time_zone><url class="object" null="true"/><utc_offset type="number">0</utc_offset><verified type="boolean">false</verified></user></o>
