<?xml version="1.0" encoding="UTF-8"?>
<o><contributors class="object" null="true"/><coordinates class="object" null="true"/><created_at type="string">Thu Mar 25 21:47:11 +0000 2010</created_at><favorited type="boolean">false</favorited><geo class="object" null="true"/><id type="number">11054961057</id><in_reply_to_screen_name class="object" null="true"/><in_reply_to_status_id class="object" null="true"/><in_reply_to_user_id class="object" null="true"/><place class="object" null="true"/><source type="string">&lt;a href="http://www.tweetdeck.com" rel="nofollow"&gt;TweetDeck&lt;/a&gt;</source><text type="string">If I hear the term "red tory" again I shall scream</text><truncated type="boolean">false</truncated><user class="object"><contributors_enabled type="boolean">false</contributors_enabled><created_at type="string">Wed Jan 21 15:45:41 +0000 2009</created_at><description type="string">Politician (-ish), trainee regeneration guru, mad keen cook, mushroom lover, street and farmers markets fan </description><favourites_count type="number">11</favourites_count><followers_count type="number">1257</followers_count><following class="object" null="true"/><friends_count type="number">982</friends_count><geo_enabled type="boolean">false</geo_enabled><id type="number">19292264</id><lang type="string">en</lang><location type="string">Bradford</location><name type="string">Simon Cooke</name><notifications class="object" null="true"/><profile_background_color type="string">BADFCD</profile_background_color><profile_background_image_url type="string">http://s.twimg.com/a/1269387398/images/themes/theme12/bg.gif</profile_background_image_url><profile_background_tile type="boolean">false</profile_background_tile><profile_image_url type="string">http://a1.twimg.com/profile_images/526154804/IMG00161-20090930-1232_normal.jpg</profile_image_url><profile_link_color type="string">FF0000</profile_link_color><profile_sidebar_border_color type="string">F2E195</profile_sidebar_border_color><profile_sidebar_fill_color type="string">FFF7CC</profile_sidebar_fill_color><profile_text_color type="string">0C3E53</profile_text_color><protected type="boolean">false</protected><screen_name type="string">SimonMagus</screen_name><statuses_count type="number">15873</statuses_count><time_zone type="string">London</time_zone><url type="string">http://theviewfromcullingworth.blogspot.com/</url><utc_offset type="number">0</utc_offset><verified type="boolean">false</verified></user></o>
