<?xml version="1.0" encoding="UTF-8"?>
<o><contributors class="object" null="true"/><coordinates class="object" null="true"/><created_at type="string">Thu Mar 25 20:56:26 +0000 2010</created_at><favorited type="boolean">false</favorited><geo class="object" null="true"/><id type="number">11052913879</id><in_reply_to_screen_name type="string">CllrDaisyBenson</in_reply_to_screen_name><in_reply_to_status_id type="number">11052378827</in_reply_to_status_id><in_reply_to_user_id type="number">19497653</in_reply_to_user_id><place class="object" null="true"/><source type="string">web</source><text type="string">@CllrDaisyBenson I'd like to see a party offer: proportional representation, trying the labour government for war crimes, taxing the rich!</text><truncated type="boolean">false</truncated><user class="object"><contributors_enabled type="boolean">false</contributors_enabled><created_at type="string">Wed Feb 24 17:45:11 +0000 2010</created_at><description type="string">Love Music; Hate Coldplay.</description><favourites_count type="number">0</favourites_count><followers_count type="number">58</followers_count><following class="object" null="true"/><friends_count type="number">115</friends_count><geo_enabled type="boolean">false</geo_enabled><id type="number">117146020</id><lang type="string">en</lang><location type="string"/><name type="string">Elly </name><notifications class="object" null="true"/><profile_background_color type="string">9AE4E8</profile_background_color><profile_background_image_url type="string">http://s.twimg.com/a/1269387398/images/themes/theme16/bg.gif</profile_background_image_url><profile_background_tile type="boolean">false</profile_background_tile><profile_image_url type="string">http://a1.twimg.com/profile_images/716103406/833146670_980e4f2582_normal.jpg</profile_image_url><profile_link_color type="string">0084B4</profile_link_color><profile_sidebar_border_color type="string">BDDCAD</profile_sidebar_border_color><profile_sidebar_fill_color type="string">DDFFCC</profile_sidebar_fill_color><profile_text_color type="string">333333</profile_text_color><protected type="boolean">false</protected><screen_name type="string">quietriot_girl</screen_name><statuses_count type="number">397</statuses_count><time_zone class="object" null="true"/><url type="string">http://quietriotgirlelly.blogspot.com</url><utc_offset class="object" null="true"/><verified type="boolean">false</verified></user></o>
