<?xml version="1.0" encoding="UTF-8"?>
<o><contributors class="object" null="true"/><coordinates class="object" null="true"/><created_at type="string">Thu Mar 25 21:01:59 +0000 2010</created_at><favorited type="boolean">false</favorited><geo class="object" null="true"/><id type="number">11053137687</id><in_reply_to_screen_name type="string">ellacakes</in_reply_to_screen_name><in_reply_to_status_id type="number">11052968474</in_reply_to_status_id><in_reply_to_user_id type="number">20377896</in_reply_to_user_id><place class="object" null="true"/><source type="string">&lt;a href="http://www.tweetdeck.com" rel="nofollow"&gt;TweetDeck&lt;/a&gt;</source><text type="string">@ellacakes Argh! It's making me feel I should vote Tory to stop all these pointless stikes. please don't make me do this!</text><truncated type="boolean">false</truncated><user class="object"><contributors_enabled type="boolean">false</contributors_enabled><created_at type="string">Sun Jun 10 19:02:58 +0000 2007</created_at><description type="string">French &amp; Music student from the UK. Study at Keele University. Interested in Music, Current affairs, America and anything else really!</description><favourites_count type="number">2</favourites_count><followers_count type="number">191</followers_count><following class="object" null="true"/><friends_count type="number">179</friends_count><geo_enabled type="boolean">true</geo_enabled><id type="number">6720082</id><lang type="string">en</lang><location type="string">Keele, Staffordshire, UK</location><name type="string">Adrian Rushton</name><notifications class="object" null="true"/><profile_background_color type="string">000000</profile_background_color><profile_background_image_url type="string">http://a1.twimg.com/profile_background_images/76574800/nvseasonlights.br.jpg</profile_background_image_url><profile_background_tile type="boolean">false</profile_background_tile><profile_image_url type="string">http://a1.twimg.com/profile_images/696808778/IMG_5016_3__normal.jpg</profile_image_url><profile_link_color type="string">ff9400</profile_link_color><profile_sidebar_border_color type="string">000000</profile_sidebar_border_color><profile_sidebar_fill_color type="string">bc3a01</profile_sidebar_fill_color><profile_text_color type="string">000000</profile_text_color><protected type="boolean">false</protected><screen_name type="string">aiderushton</screen_name><statuses_count type="number">2170</statuses_count><time_zone type="string">London</time_zone><url type="string">http://aiderushton.wordpress.com</url><utc_offset type="number">0</utc_offset><verified type="boolean">false</verified></user></o>
