<?xml version="1.0" encoding="UTF-8"?>
<o><contributors class="object" null="true"/><coordinates class="object" null="true"/><created_at type="string">Thu Mar 25 21:38:53 +0000 2010</created_at><favorited type="boolean">false</favorited><geo class="object" null="true"/><id type="number">11054624471</id><in_reply_to_screen_name class="object" null="true"/><in_reply_to_status_id class="object" null="true"/><in_reply_to_user_id class="object" null="true"/><place class="object" null="true"/><source type="string">&lt;a href="http://www.tweetdeck.com" rel="nofollow"&gt;TweetDeck&lt;/a&gt;</source><text type="string">Overheard political debate today. Outcome: Labour = shit, Tories = shit. No-one wants or trusts either. Hung Parliament = bad. Sums it up.</text><truncated type="boolean">false</truncated><user class="object"><contributors_enabled type="boolean">false</contributors_enabled><created_at type="string">Fri Sep 18 02:27:48 +0000 2009</created_at><description type="string">In bullet points: Industrial music; Travelling; Law; Law Student; Rugby Union; Full-time job; Accountancy; Leasehold; Books; Terry Pratchett</description><favourites_count type="number">0</favourites_count><followers_count type="number">19</followers_count><following class="object" null="true"/><friends_count type="number">38</friends_count><geo_enabled type="boolean">false</geo_enabled><id type="number">75178954</id><lang type="string">en</lang><location type="string">Ankh-Morpork aka Newcastle</location><name type="string">Adora Belle</name><notifications class="object" null="true"/><profile_background_color type="string">C0DEED</profile_background_color><profile_background_image_url type="string">http://a1.twimg.com/profile_background_images/54606732/Muffin.jpg</profile_background_image_url><profile_background_tile type="boolean">true</profile_background_tile><profile_image_url type="string">http://a3.twimg.com/profile_images/764520139/DSC00371blursquare_normal.jpg</profile_image_url><profile_link_color type="string">0084B4</profile_link_color><profile_sidebar_border_color type="string">C0DEED</profile_sidebar_border_color><profile_sidebar_fill_color type="string">DDEEF6</profile_sidebar_fill_color><profile_text_color type="string">333333</profile_text_color><protected type="boolean">false</protected><screen_name type="string">adora_belle</screen_name><statuses_count type="number">614</statuses_count><time_zone type="string">London</time_zone><url class="object" null="true"/><utc_offset type="number">0</utc_offset><verified type="boolean">false</verified></user></o>
