<?xml version="1.0" encoding="UTF-8"?>
<o><contributors class="object" null="true"/><coordinates class="object" null="true"/><created_at type="string">Thu Mar 25 20:11:43 +0000 2010</created_at><favorited type="boolean">false</favorited><geo class="object" null="true"/><id type="number">11051153956</id><in_reply_to_screen_name type="string">CheshireTory</in_reply_to_screen_name><in_reply_to_status_id class="object" null="true"/><in_reply_to_user_id type="number">18758727</in_reply_to_user_id><place class="object" null="true"/><source type="string">web</source><text type="string">@CheshireTory No thats a #futurefreeforall as the unions lose patience with whats left of new Labour, and return to a mlitant tendancy</text><truncated type="boolean">false</truncated><user class="object"><contributors_enabled type="boolean">false</contributors_enabled><created_at type="string">Tue Jun 23 22:56:04 +0000 2009</created_at><description type="string">Politics right of Dave not hard,arsenal,likes wine,food,travel,sunshine/hot weather,taking photos,and the mick driving,living</description><favourites_count type="number">8</favourites_count><followers_count type="number">112</followers_count><following class="object" null="true"/><friends_count type="number">60</friends_count><geo_enabled type="boolean">false</geo_enabled><id type="number">50130965</id><lang type="string">en</lang><location type="string">north london</location><name type="string">chris lee</name><notifications class="object" null="true"/><profile_background_color type="string">1A1B1F</profile_background_color><profile_background_image_url type="string">http://s.twimg.com/a/1269387398/images/themes/theme9/bg.gif</profile_background_image_url><profile_background_tile type="boolean">false</profile_background_tile><profile_image_url type="string">http://a3.twimg.com/profile_images/562414701/T_SHIRTS__3__normal.JPG</profile_image_url><profile_link_color type="string">e04e00</profile_link_color><profile_sidebar_border_color type="string">06193d</profile_sidebar_border_color><profile_sidebar_fill_color type="string">3e3c40</profile_sidebar_fill_color><profile_text_color type="string">000000</profile_text_color><protected type="boolean">false</protected><screen_name type="string">heckmonwyke</screen_name><statuses_count type="number">4724</statuses_count><time_zone type="string">London</time_zone><url type="string">http://425415.spreadshirt.net/en/GB/shop</url><utc_offset type="number">0</utc_offset><verified type="boolean">false</verified></user></o>
