<?xml version="1.0" encoding="UTF-8"?>
<o><contributors class="object" null="true"/><coordinates class="object" null="true"/><created_at type="string">Thu Mar 25 21:02:26 +0000 2010</created_at><favorited type="boolean">false</favorited><geo class="object" null="true"/><id type="number">11053155914</id><in_reply_to_screen_name class="object" null="true"/><in_reply_to_status_id class="object" null="true"/><in_reply_to_user_id class="object" null="true"/><place class="object" null="true"/><source type="string">web</source><text type="string">Labour's nakedly cynical and scorched earth Budget being rightly ripped to shreds by the media</text><truncated type="boolean">false</truncated><user class="object"><contributors_enabled type="boolean">false</contributors_enabled><created_at type="string">Tue Mar 02 09:18:54 +0000 2010</created_at><description type="string">Conservative Member of Parliament for Peterborough</description><favourites_count type="number">0</favourites_count><followers_count type="number">265</followers_count><following class="object" null="true"/><friends_count type="number">110</friends_count><geo_enabled type="boolean">false</geo_enabled><id type="number">118984824</id><lang type="string">en</lang><location type="string">Peterborough</location><name type="string">Stewart Jackson MP</name><notifications class="object" null="true"/><profile_background_color type="string">C0DEED</profile_background_color><profile_background_image_url type="string">http://a1.twimg.com/profile_background_images/85785436/pbo_cath.jpg</profile_background_image_url><profile_background_tile type="boolean">true</profile_background_tile><profile_image_url type="string">http://a1.twimg.com/profile_images/772548838/twitterProfilePhoto_normal.jpg</profile_image_url><profile_link_color type="string">0084B4</profile_link_color><profile_sidebar_border_color type="string">C0DEED</profile_sidebar_border_color><profile_sidebar_fill_color type="string">DDEEF6</profile_sidebar_fill_color><profile_text_color type="string">333333</profile_text_color><protected type="boolean">false</protected><screen_name type="string">Stewart4MP</screen_name><statuses_count type="number">121</statuses_count><time_zone type="string">Hawaii</time_zone><url type="string">http://www.stewartjackson.org.uk</url><utc_offset type="number">-36000</utc_offset><verified type="boolean">false</verified></user></o>
