<?xml version="1.0" encoding="UTF-8"?>
<o><contributors class="object" null="true"/><coordinates class="object" null="true"/><created_at type="string">Thu Mar 25 20:15:40 +0000 2010</created_at><favorited type="boolean">false</favorited><geo class="object" null="true"/><id type="number">11051306932</id><in_reply_to_screen_name class="object" null="true"/><in_reply_to_status_id class="object" null="true"/><in_reply_to_user_id class="object" null="true"/><place class="object" null="true"/><source type="string">web</source><text type="string">Somerset people are NOT happy about the Labour Government making our CIDER much more expensive &amp; singling us out for extra tax rises!!</text><truncated type="boolean">false</truncated><user class="object"><contributors_enabled type="boolean">false</contributors_enabled><created_at type="string">Tue Dec 08 20:28:40 +0000 2009</created_at><description type="string">Taunton Singles</description><favourites_count type="number">0</favourites_count><followers_count type="number">55</followers_count><following class="object" null="true"/><friends_count type="number">156</friends_count><geo_enabled type="boolean">false</geo_enabled><id type="number">95495832</id><lang type="string">en</lang><location type="string">Taunton, Somerset, England</location><name type="string">TauntonSingles</name><notifications class="object" null="true"/><profile_background_color type="string">96cc4a</profile_background_color><profile_background_image_url type="string">http://a1.twimg.com/profile_background_images/58577540/0_Somerset_Taunton_Town_500.jpg</profile_background_image_url><profile_background_tile type="boolean">true</profile_background_tile><profile_image_url type="string">http://a3.twimg.com/profile_images/565292565/0_Somerset_Taunton_Town_170_normal.jpg</profile_image_url><profile_link_color type="string">b3007d</profile_link_color><profile_sidebar_border_color type="string">deda04</profile_sidebar_border_color><profile_sidebar_fill_color type="string">e5f5dc</profile_sidebar_fill_color><profile_text_color type="string">0c0a66</profile_text_color><protected type="boolean">false</protected><screen_name type="string">TauntonSingles</screen_name><statuses_count type="number">84</statuses_count><time_zone type="string">London</time_zone><url class="object" null="true"/><utc_offset type="number">0</utc_offset><verified type="boolean">false</verified></user></o>
