<?xml version="1.0" encoding="UTF-8"?>
<o><contributors class="object" null="true"/><coordinates class="object" null="true"/><created_at type="string">Thu Mar 25 20:22:42 +0000 2010</created_at><favorited type="boolean">false</favorited><geo class="object" null="true"/><id type="number">11051583228</id><in_reply_to_screen_name class="object" null="true"/><in_reply_to_status_id class="object" null="true"/><in_reply_to_user_id class="object" null="true"/><place class="object" null="true"/><source type="string">&lt;a href="/devices" rel="nofollow"&gt;txt&lt;/a&gt;</source><text type="string">Labour to cut deeper than Maggie!?</text><truncated type="boolean">false</truncated><user class="object"><contributors_enabled type="boolean">false</contributors_enabled><created_at type="string">Tue Jul 14 08:51:42 +0000 2009</created_at><description type="string">Essex boy interested in Politics, West Ham and all things Middle East. In my spare time I help spread Liberal Democracy</description><favourites_count type="number">0</favourites_count><followers_count type="number">36</followers_count><following class="object" null="true"/><friends_count type="number">17</friends_count><geo_enabled type="boolean">false</geo_enabled><id type="number">56647735</id><lang type="string">en</lang><location type="string">London</location><name type="string">Paul Maloney</name><notifications class="object" null="true"/><profile_background_color type="string">9AE4E8</profile_background_color><profile_background_image_url type="string">http://s.twimg.com/a/1269281712/images/themes/theme1/bg.png</profile_background_image_url><profile_background_tile type="boolean">false</profile_background_tile><profile_image_url type="string">http://a3.twimg.com/profile_images/312895761/PM_normal.bmp</profile_image_url><profile_link_color type="string">0084B4</profile_link_color><profile_sidebar_border_color type="string">BDDCAD</profile_sidebar_border_color><profile_sidebar_fill_color type="string">DDFFCC</profile_sidebar_fill_color><profile_text_color type="string">333333</profile_text_color><protected type="boolean">false</protected><screen_name type="string">paul_maloney</screen_name><statuses_count type="number">70</statuses_count><time_zone type="string">London</time_zone><url class="object" null="true"/><utc_offset type="number">0</utc_offset><verified type="boolean">false</verified></user></o>
