<?xml version="1.0" encoding="UTF-8"?>
<o><contributors class="object" null="true"/><coordinates class="object" null="true"/><created_at type="string">Thu Mar 25 20:43:18 +0000 2010</created_at><favorited type="boolean">false</favorited><geo class="object" null="true"/><id type="number">11052401078</id><in_reply_to_screen_name class="object" null="true"/><in_reply_to_status_id class="object" null="true"/><in_reply_to_user_id class="object" null="true"/><place class="object" null="true"/><source type="string">&lt;a href="http://rss2twitter.com/" rel="nofollow"&gt;RSS2Twitter&lt;/a&gt;</source><text type="string">Tory Burch Debuts a Grateful Dead Homage: Tory Burch; Herb Greene, 710 Ashbury Street, San Francisco, CA, 1966. http://url4.eu/1zsVv</text><truncated type="boolean">false</truncated><user class="object"><contributors_enabled type="boolean">false</contributors_enabled><created_at type="string">Wed Oct 14 07:56:24 +0000 2009</created_at><description type="string">The fashion &amp; style news aggregator that feeds the latest news,videos and pictures: By @urlsnetwork </description><favourites_count type="number">0</favourites_count><followers_count type="number">635</followers_count><following class="object" null="true"/><friends_count type="number">151</friends_count><geo_enabled type="boolean">true</geo_enabled><id type="number">82305926</id><lang type="string">en</lang><location type="string">Los Angeles</location><name type="string">Style Urls</name><notifications class="object" null="true"/><profile_background_color type="string">ffffff</profile_background_color><profile_background_image_url type="string">http://a1.twimg.com/profile_background_images/78310686/styleurls-twitter-bg2.jpg</profile_background_image_url><profile_background_tile type="boolean">false</profile_background_tile><profile_image_url type="string">http://a1.twimg.com/profile_images/748650384/styleurls-pic_normal.png</profile_image_url><profile_link_color type="string">00b0e6</profile_link_color><profile_sidebar_border_color type="string">c9c9c9</profile_sidebar_border_color><profile_sidebar_fill_color type="string">e0e0e0</profile_sidebar_fill_color><profile_text_color type="string">333333</profile_text_color><protected type="boolean">false</protected><screen_name type="string">styleurls</screen_name><statuses_count type="number">8828</statuses_count><time_zone type="string">Pacific Time (US &amp; Canada)</time_zone><url type="string">http://styleurls.com</url><utc_offset type="number">-28800</utc_offset><verified type="boolean">false</verified></user></o>
