<?xml version="1.0" encoding="UTF-8"?>
<o><contributors class="object" null="true"/><coordinates class="object" null="true"/><created_at type="string">Thu Mar 25 20:17:15 +0000 2010</created_at><favorited type="boolean">false</favorited><geo class="object" null="true"/><id type="number">11051367846</id><in_reply_to_screen_name class="object" null="true"/><in_reply_to_status_id class="object" null="true"/><in_reply_to_user_id class="object" null="true"/><place class="object" null="true"/><retweeted_status class="object"><contributors class="object" null="true"/><coordinates class="object" null="true"/><created_at type="string">Thu Mar 25 20:16:20 +0000 2010</created_at><favorited type="boolean">false</favorited><geo class="object" null="true"/><id type="number">11051332725</id><in_reply_to_screen_name class="object" null="true"/><in_reply_to_status_id class="object" null="true"/><in_reply_to_user_id class="object" null="true"/><place class="object" null="true"/><source type="string">web</source><text type="string">Somerset people are NOT happy about the Labour Government making our CIDER much more expensive &amp; singling us out for extra tax rises!!</text><truncated type="boolean">false</truncated><user class="object"><contributors_enabled type="boolean">false</contributors_enabled><created_at type="string">Fri Dec 11 16:00:15 +0000 2009</created_at><description type="string">Weston Super Mare Online, Living In Weston Super Mare, What's On Weston Super Mare, Events Weston Super Mare, Social Networking Weston Super Mare, WSM Blog</description><favourites_count type="number">0</favourites_count><followers_count type="number">105</followers_count><following class="object" null="true"/><friends_count type="number">164</friends_count><geo_enabled type="boolean">false</geo_enabled><id type="number">96152817</id><lang type="string">en</lang><location type="string">Weston Super Mare, Westcountry</location><name type="string">Weston Super Mare</name><notifications class="object" null="true"/><profile_background_color type="string">000508</profile_background_color><profile_background_image_url type="string">http://a1.twimg.com/profile_background_images/59139476/0_WSM_Twitter_FX1_500.jpg</profile_background_image_url><profile_background_tile type="boolean">true</profile_background_tile><profile_image_url type="string">http://a1.twimg.com/profile_images/569784558/0_WSM_Twitter_FX1_170_normal.jpg</profile_image_url><profile_link_color type="string">b3002a</profile_link_color><profile_sidebar_border_color type="string">f7ef0a</profile_sidebar_border_color><profile_sidebar_fill_color type="string">f7e999</profile_sidebar_fill_color><profile_text_color type="string">6e1382</profile_text_color><protected type="boolean">false</protected><screen_name type="string">SuperWeston</screen_name><statuses_count type="number">127</statuses_count><time_zone type="string">London</time_zone><url class="object" null="true"/><utc_offset type="number">0</utc_offset><verified type="boolean">false</verified></user></retweeted_status><source type="string">&lt;a href="http://www.tweetdeck.com" rel="nofollow"&gt;TweetDeck&lt;/a&gt;</source><text type="string">RT @SuperWeston: Somerset people are NOT happy about the Labour Government making our CIDER much more expensive &amp; singling us out for ex ...</text><truncated type="boolean">true</truncated><user class="object"><contributors_enabled type="boolean">false</contributors_enabled><created_at type="string">Mon Mar 30 18:20:24 +0000 2009</created_at><description type="string">UK plotholder and blogger . Avid Veg grower but not vegetarian!</description><favourites_count type="number">5</favourites_count><followers_count type="number">302</followers_count><following class="object" null="true"/><friends_count type="number">244</friends_count><geo_enabled type="boolean">false</geo_enabled><id type="number">27696409</id><lang type="string">en</lang><location type="string">ÜT: 51.338394,-2.977048</location><name type="string">Chris Knight</name><notifications class="object" null="true"/><profile_background_color type="string">000000</profile_background_color><profile_background_image_url type="string">http://a3.twimg.com/profile_background_images/54017217/DSC00654.JPG</profile_background_image_url><profile_background_tile type="boolean">true</profile_background_tile><profile_image_url type="string">http://a3.twimg.com/profile_images/550050483/FountainFullcrop_normal.jpg</profile_image_url><profile_link_color type="string">ff7c00</profile_link_color><profile_sidebar_border_color type="string">000000</profile_sidebar_border_color><profile_sidebar_fill_color type="string">222222</profile_sidebar_fill_color><profile_text_color type="string">777777</profile_text_color><protected type="boolean">false</protected><screen_name type="string">WestonGreenMan</screen_name><statuses_count type="number">3723</statuses_count><time_zone type="string">London</time_zone><url type="string">http://chocomylittleplot.blogspot.com/</url><utc_offset type="number">0</utc_offset><verified type="boolean">false</verified></user></o>
