<?xml version="1.0" encoding="UTF-8"?>
<o><contributors class="object" null="true"/><coordinates class="object" null="true"/><created_at type="string">Thu Mar 25 21:44:36 +0000 2010</created_at><favorited type="boolean">false</favorited><geo class="object" null="true"/><id type="number">11054856059</id><in_reply_to_screen_name class="object" null="true"/><in_reply_to_status_id class="object" null="true"/><in_reply_to_user_id class="object" null="true"/><place class="object" null="true"/><source type="string">web</source><text type="string">The Tories have accused the Labour Party of stealing their policies. Which is like one clown accusing another of stealing his custard pies.</text><truncated type="boolean">false</truncated><user class="object"><contributors_enabled type="boolean">false</contributors_enabled><created_at type="string">Thu May 14 02:19:14 +0000 2009</created_at><description type="string">We are disconnected beings floundering in a void, like crabs sinking in bottomless custard.</description><favourites_count type="number">3122</favourites_count><followers_count type="number">1191</followers_count><following class="object" null="true"/><friends_count type="number">1362</friends_count><geo_enabled type="boolean">false</geo_enabled><id type="number">39904006</id><lang type="string">en</lang><location type="string">South West England</location><name type="string">Petherwin</name><notifications class="object" null="true"/><profile_background_color type="string">C6E2EE</profile_background_color><profile_background_image_url type="string">http://a1.twimg.com/profile_background_images/49443188/tile.jpg</profile_background_image_url><profile_background_tile type="boolean">true</profile_background_tile><profile_image_url type="string">http://a1.twimg.com/profile_images/607392916/ss_normal.jpg</profile_image_url><profile_link_color type="string">db2828</profile_link_color><profile_sidebar_border_color type="string">f2d683</profile_sidebar_border_color><profile_sidebar_fill_color type="string">ebe2eb</profile_sidebar_fill_color><profile_text_color type="string">0f0f54</profile_text_color><protected type="boolean">false</protected><screen_name type="string">Petherwin</screen_name><statuses_count type="number">2797</statuses_count><time_zone type="string">London</time_zone><url class="object" null="true"/><utc_offset type="number">0</utc_offset><verified type="boolean">false</verified></user></o>
