<?xml version="1.0" encoding="UTF-8"?>
<o><contributors class="object" null="true"/><coordinates class="object" null="true"/><created_at type="string">Thu Mar 25 20:29:31 +0000 2010</created_at><favorited type="boolean">false</favorited><geo class="object" null="true"/><id type="number">11051852845</id><in_reply_to_screen_name class="object" null="true"/><in_reply_to_status_id class="object" null="true"/><in_reply_to_user_id class="object" null="true"/><place class="object" null="true"/><source type="string">web</source><text type="string">Are you going to vote Tory, Tories in red rosettes, or for the party of liberals and social democrats? Theres only one choice: @libdems</text><truncated type="boolean">false</truncated><user class="object"><contributors_enabled type="boolean">false</contributors_enabled><created_at type="string">Fri Nov 27 20:20:48 +0000 2009</created_at><description type="string">Mental health, comedy, observations and still trying to work out what the point of twitter is.</description><favourites_count type="number">1</favourites_count><followers_count type="number">180</followers_count><following class="object" null="true"/><friends_count type="number">165</friends_count><geo_enabled type="boolean">false</geo_enabled><id type="number">93040337</id><lang type="string">en</lang><location type="string">England</location><name type="string">John Edginton</name><notifications class="object" null="true"/><profile_background_color type="string">642D8B</profile_background_color><profile_background_image_url type="string">http://a1.twimg.com/profile_background_images/56489852/iceland1_058.jpg</profile_background_image_url><profile_background_tile type="boolean">true</profile_background_tile><profile_image_url type="string">http://a1.twimg.com/profile_images/745063766/Snapshot_20100228_1_normal.jpg</profile_image_url><profile_link_color type="string">FF0000</profile_link_color><profile_sidebar_border_color type="string">65B0DA</profile_sidebar_border_color><profile_sidebar_fill_color type="string">7AC3EE</profile_sidebar_fill_color><profile_text_color type="string">3D1957</profile_text_color><protected type="boolean">false</protected><screen_name type="string">JohnEdginton</screen_name><statuses_count type="number">3434</statuses_count><time_zone type="string">London</time_zone><url class="object" null="true"/><utc_offset type="number">0</utc_offset><verified type="boolean">false</verified></user></o>
