<?xml version="1.0" encoding="UTF-8"?>
<o><contributors class="object" null="true"/><coordinates class="object" null="true"/><created_at type="string">Thu Mar 25 21:04:00 +0000 2010</created_at><favorited type="boolean">false</favorited><geo class="object" null="true"/><id type="number">11053218366</id><in_reply_to_screen_name class="object" null="true"/><in_reply_to_status_id class="object" null="true"/><in_reply_to_user_id class="object" null="true"/><place class="object" null="true"/><source type="string">&lt;a href="http://www.myspace.com/sync" rel="nofollow"&gt;MySpace&lt;/a&gt;</source><text type="string">For therefore we both labour and suffer reproach, because we trust in the living God, who is the Saviour of all men, sp… http://lnk.ms/7RNr7</text><truncated type="boolean">false</truncated><user class="object"><contributors_enabled type="boolean">false</contributors_enabled><created_at type="string">Sat Jan 10 03:43:41 +0000 2009</created_at><description type="string">I'm just me.</description><favourites_count type="number">0</favourites_count><followers_count type="number">9</followers_count><following class="object" null="true"/><friends_count type="number">2</friends_count><geo_enabled type="boolean">false</geo_enabled><id type="number">18825835</id><lang type="string">en</lang><location type="string">South Carolina</location><name type="string">theocraticwolf</name><notifications class="object" null="true"/><profile_background_color type="string">9ae4e8</profile_background_color><profile_background_image_url type="string">http://s.twimg.com/a/1269387398/images/themes/theme1/bg.png</profile_background_image_url><profile_background_tile type="boolean">false</profile_background_tile><profile_image_url type="string">http://a1.twimg.com/profile_images/70456394/21509wolf_normal.jpg</profile_image_url><profile_link_color type="string">0000ff</profile_link_color><profile_sidebar_border_color type="string">87bc44</profile_sidebar_border_color><profile_sidebar_fill_color type="string">e0ff92</profile_sidebar_fill_color><profile_text_color type="string">000000</profile_text_color><protected type="boolean">false</protected><screen_name type="string">theocraticwolf</screen_name><statuses_count type="number">35</statuses_count><time_zone type="string">Eastern Time (US &amp; Canada)</time_zone><url type="string">http://www.myspace.com/revjefflusk</url><utc_offset type="number">-18000</utc_offset><verified type="boolean">false</verified></user></o>
