<?xml version="1.0" encoding="UTF-8"?>
<o><contributors class="object" null="true"/><coordinates class="object" null="true"/><created_at type="string">Thu Mar 25 20:57:02 +0000 2010</created_at><favorited type="boolean">false</favorited><geo class="object" null="true"/><id type="number">11052937190</id><in_reply_to_screen_name class="object" null="true"/><in_reply_to_status_id class="object" null="true"/><in_reply_to_user_id class="object" null="true"/><place class="object" null="true"/><source type="string">&lt;a href="http://www.tweetdeck.com" rel="nofollow"&gt;TweetDeck&lt;/a&gt;</source><text type="string">Netanyahu defiant over Jerusalem settlements http://bit.ly/9NzVzK &amp;lt;labour not standing up to Israel on this is it! Only dodgy passports!</text><truncated type="boolean">false</truncated><user class="object"><contributors_enabled type="boolean">false</contributors_enabled><created_at type="string">Thu Feb 19 22:30:05 +0000 2009</created_at><description type="string">Cricket fan, music fan, screaming leftie and skeptical of many things and intrigued by science and a born again atheist</description><favourites_count type="number">7</favourites_count><followers_count type="number">398</followers_count><following class="object" null="true"/><friends_count type="number">420</friends_count><geo_enabled type="boolean">false</geo_enabled><id type="number">21347133</id><lang type="string">en</lang><location type="string">newcastle upon tyne</location><name type="string">Danny Strickland</name><notifications class="object" null="true"/><profile_background_color type="string">642D8B</profile_background_color><profile_background_image_url type="string">http://s.twimg.com/a/1269281712/images/themes/theme10/bg.gif</profile_background_image_url><profile_background_tile type="boolean">true</profile_background_tile><profile_image_url type="string">http://a1.twimg.com/profile_images/750048874/242_normal.JPG</profile_image_url><profile_link_color type="string">FF0000</profile_link_color><profile_sidebar_border_color type="string">65B0DA</profile_sidebar_border_color><profile_sidebar_fill_color type="string">7AC3EE</profile_sidebar_fill_color><profile_text_color type="string">3D1957</profile_text_color><protected type="boolean">false</protected><screen_name type="string">dts1970</screen_name><statuses_count type="number">4968</statuses_count><time_zone type="string">London</time_zone><url type="string">http://www.flickr.com/photos/dts1970/ </url><utc_offset type="number">0</utc_offset><verified type="boolean">false</verified></user></o>
