<?xml version="1.0" encoding="UTF-8"?>
<o><contributors class="object" null="true"/><coordinates class="object" null="true"/><created_at type="string">Thu Mar 25 20:24:40 +0000 2010</created_at><favorited type="boolean">false</favorited><geo class="object" null="true"/><id type="number">11051660735</id><in_reply_to_screen_name class="object" null="true"/><in_reply_to_status_id class="object" null="true"/><in_reply_to_user_id class="object" null="true"/><place class="object" null="true"/><source type="string">&lt;a href="http://www.tweets60.com" rel="nofollow"&gt;Tweets60&lt;/a&gt;</source><text type="string">Greenwich Tory Giggle #2: proposing to move one station in the ward from Zone 3 to 2, but not the other. I feel slighted. Uncosted, too.</text><truncated type="boolean">false</truncated><user class="object"><contributors_enabled type="boolean">false</contributors_enabled><created_at type="string">Thu Jul 23 17:38:45 +0000 2009</created_at><description type="string">Ex-Parliament, Ex-City Hall, now leftist, guinea-pig and cat owning, Greenwich-dwelling local government officer</description><favourites_count type="number">0</favourites_count><followers_count type="number">569</followers_count><following class="object" null="true"/><friends_count type="number">486</friends_count><geo_enabled type="boolean">false</geo_enabled><id type="number">59532544</id><lang type="string">en</lang><location type="string">London</location><name type="string">Political Animal</name><notifications class="object" null="true"/><profile_background_color type="string">9AE4E8</profile_background_color><profile_background_image_url type="string">http://a1.twimg.com/profile_background_images/51558232/Svalbard.jpg</profile_background_image_url><profile_background_tile type="boolean">true</profile_background_tile><profile_image_url type="string">http://a3.twimg.com/profile_images/534465495/Ebony_for_Twitter_normal.jpg</profile_image_url><profile_link_color type="string">0084B4</profile_link_color><profile_sidebar_border_color type="string">BDDCAD</profile_sidebar_border_color><profile_sidebar_fill_color type="string">DDFFCC</profile_sidebar_fill_color><profile_text_color type="string">333333</profile_text_color><protected type="boolean">false</protected><screen_name type="string">politic_animal</screen_name><statuses_count type="number">4825</statuses_count><time_zone type="string">London</time_zone><url type="string">http://politicalanimals.wordpress.com</url><utc_offset type="number">0</utc_offset><verified type="boolean">false</verified></user></o>
