<?xml version="1.0" encoding="UTF-8"?>
<o><contributors class="object" null="true"/><coordinates class="object" null="true"/><created_at type="string">Thu Mar 25 20:31:46 +0000 2010</created_at><favorited type="boolean">false</favorited><geo class="object" null="true"/><id type="number">11051947001</id><in_reply_to_screen_name class="object" null="true"/><in_reply_to_status_id class="object" null="true"/><in_reply_to_user_id class="object" null="true"/><place class="object" null="true"/><source type="string">&lt;a href="http://twitterfeed.com" rel="nofollow"&gt;twitterfeed&lt;/a&gt;</source><text type="string">Parties draw Budget battle lines (source: BBC): The shadow chancellor attacks Labour's "empty" Budget as the parti... http://bit.ly/ciJ32W</text><truncated type="boolean">false</truncated><user class="object"><contributors_enabled type="boolean">false</contributors_enabled><created_at type="string">Tue Sep 22 15:07:43 +0000 2009</created_at><description type="string">Helping government engage with the public with new media</description><favourites_count type="number">0</favourites_count><followers_count type="number">635</followers_count><following class="object" null="true"/><friends_count type="number">909</friends_count><geo_enabled type="boolean">false</geo_enabled><id type="number">76355780</id><lang type="string">en</lang><location type="string">London</location><name type="string">Jim Webster</name><notifications class="object" null="true"/><profile_background_color type="string">C0DEED</profile_background_color><profile_background_image_url type="string">http://a3.twimg.com/profile_background_images/39202089/heart3.jpg</profile_background_image_url><profile_background_tile type="boolean">false</profile_background_tile><profile_image_url type="string">http://a1.twimg.com/profile_images/429549704/jw100_normal.jpg</profile_image_url><profile_link_color type="string">0084B4</profile_link_color><profile_sidebar_border_color type="string">C0DEED</profile_sidebar_border_color><profile_sidebar_fill_color type="string">DDEEF6</profile_sidebar_fill_color><profile_text_color type="string">333333</profile_text_color><protected type="boolean">false</protected><screen_name type="string">NewMediaGovUK</screen_name><statuses_count type="number">3105</statuses_count><time_zone type="string">London</time_zone><url type="string">http://www.heartnewmedia.com/blog/</url><utc_offset type="number">0</utc_offset><verified type="boolean">false</verified></user></o>
