<?xml version="1.0" encoding="UTF-8"?>
<o><contributors class="object" null="true"/><coordinates class="object" null="true"/><created_at type="string">Thu Mar 25 20:22:52 +0000 2010</created_at><favorited type="boolean">false</favorited><geo class="object" null="true"/><id type="number">11051590201</id><in_reply_to_screen_name class="object" null="true"/><in_reply_to_status_id class="object" null="true"/><in_reply_to_user_id class="object" null="true"/><place class="object" null="true"/><source type="string">&lt;a href="http://www.tweetdeck.com/" rel="nofollow"&gt;TweetDeck&lt;/a&gt;</source><text type="string">The Guardian and the Tory glossy leaflet are all the same to Cat (who is currently stretched out on both)</text><truncated type="boolean">false</truncated><user class="object"><contributors_enabled type="boolean">false</contributors_enabled><created_at type="string">Sun Jan 25 18:12:33 +0000 2009</created_at><description type="string">Lib Dem Councillor&#x0D;
Lib Dem PPC Reading West</description><favourites_count type="number">6</favourites_count><followers_count type="number">1073</followers_count><following class="object" null="true"/><friends_count type="number">932</friends_count><geo_enabled type="boolean">false</geo_enabled><id type="number">19497653</id><lang type="string">en</lang><location type="string">Reading</location><name type="string">Daisy Benson</name><notifications class="object" null="true"/><profile_background_color type="string">B2DFDA</profile_background_color><profile_background_image_url type="string">http://s.twimg.com/a/1269387398/images/themes/theme13/bg.gif</profile_background_image_url><profile_background_tile type="boolean">false</profile_background_tile><profile_image_url type="string">http://a3.twimg.com/profile_images/637952175/Conf_pic_2009_normal.jpg</profile_image_url><profile_link_color type="string">93A644</profile_link_color><profile_sidebar_border_color type="string">eeeeee</profile_sidebar_border_color><profile_sidebar_fill_color type="string">ffffff</profile_sidebar_fill_color><profile_text_color type="string">333333</profile_text_color><protected type="boolean">false</protected><screen_name type="string">CllrDaisyBenson</screen_name><statuses_count type="number">7837</statuses_count><time_zone type="string">London</time_zone><url type="string">http://www.daisybenson.com</url><utc_offset type="number">0</utc_offset><verified type="boolean">false</verified></user></o>
