<?xml version="1.0" encoding="UTF-8"?>
<o><contributors class="object" null="true"/><coordinates class="object" null="true"/><created_at type="string">Thu Mar 25 21:45:43 +0000 2010</created_at><favorited type="boolean">false</favorited><geo class="object" null="true"/><id type="number">11054902307</id><in_reply_to_screen_name class="object" null="true"/><in_reply_to_status_id class="object" null="true"/><in_reply_to_user_id class="object" null="true"/><place class="object" null="true"/><source type="string">&lt;a href="http://apiwiki.twitter.com/" rel="nofollow"&gt;API&lt;/a&gt;</source><text type="string">Tory Burch likes the Grateful Dead. We never would have suspected it, though we kind of love the pairing.... http://zmarter.com/231360</text><truncated type="boolean">false</truncated><user class="object"><contributors_enabled type="boolean">false</contributors_enabled><created_at type="string">Thu Feb 25 03:38:01 +0000 2010</created_at><description type="string">Hi, follow us on www.ZMARTER.com!</description><favourites_count type="number">0</favourites_count><followers_count type="number">292</followers_count><following class="object" null="true"/><friends_count type="number">0</friends_count><geo_enabled type="boolean">false</geo_enabled><id type="number">117286212</id><lang type="string">en</lang><location type="string">WORLD!</location><name type="string">ZMARTER Music News</name><notifications class="object" null="true"/><profile_background_color type="string">131516</profile_background_color><profile_background_image_url type="string">http://s.twimg.com/a/1269020849/images/themes/theme14/bg.gif</profile_background_image_url><profile_background_tile type="boolean">true</profile_background_tile><profile_image_url type="string">http://a1.twimg.com/profile_images/717903812/Z_Music_normal.png</profile_image_url><profile_link_color type="string">009999</profile_link_color><profile_sidebar_border_color type="string">eeeeee</profile_sidebar_border_color><profile_sidebar_fill_color type="string">efefef</profile_sidebar_fill_color><profile_text_color type="string">333333</profile_text_color><protected type="boolean">false</protected><screen_name type="string">Z_MusicNews</screen_name><statuses_count type="number">5586</statuses_count><time_zone class="object" null="true"/><url type="string">http://ZMARTER.COM</url><utc_offset class="object" null="true"/><verified type="boolean">false</verified></user></o>
