<?xml version="1.0" encoding="UTF-8"?>
<o><contributors class="object" null="true"/><coordinates class="object" null="true"/><created_at type="string">Thu Mar 25 20:08:46 +0000 2010</created_at><favorited type="boolean">false</favorited><geo class="object" null="true"/><id type="number">11051039089</id><in_reply_to_screen_name class="object" null="true"/><in_reply_to_status_id class="object" null="true"/><in_reply_to_user_id class="object" null="true"/><place class="object" null="true"/><source type="string">&lt;a href="http://ubertwitter.com" rel="nofollow"&gt;UberTwitter&lt;/a&gt;</source><text type="string">RT @TomHarris4MP RT @henrymacrory Since last General Election,the striking TSSA rail union has given Labour£350,905&amp;lt;Good for them!&amp;lt;Seconded!</text><truncated type="boolean">false</truncated><user class="object"><contributors_enabled type="boolean">false</contributors_enabled><created_at type="string">Fri Jan 23 17:08:48 +0000 2009</created_at><description type="string">Love my fiance Dan, friends, family and Wolfgang the Cat. Labour supporter and I love wine. </description><favourites_count type="number">2</favourites_count><followers_count type="number">806</followers_count><following class="object" null="true"/><friends_count type="number">799</friends_count><geo_enabled type="boolean">false</geo_enabled><id type="number">19402797</id><lang type="string">en</lang><location type="string">ÜT: 51.508836,-0.117504</location><name type="string">gemma tumelty </name><notifications class="object" null="true"/><profile_background_color type="string">709397</profile_background_color><profile_background_image_url type="string">http://s.twimg.com/a/1268699350/images/themes/theme10/bg.gif</profile_background_image_url><profile_background_tile type="boolean">true</profile_background_tile><profile_image_url type="string">http://a1.twimg.com/profile_images/696908010/twitterProfilePhoto_normal.jpg</profile_image_url><profile_link_color type="string">FF3300</profile_link_color><profile_sidebar_border_color type="string">86A4A6</profile_sidebar_border_color><profile_sidebar_fill_color type="string">A0C5C7</profile_sidebar_fill_color><profile_text_color type="string">333333</profile_text_color><protected type="boolean">false</protected><screen_name type="string">gemmatumelty</screen_name><statuses_count type="number">3042</statuses_count><time_zone type="string">London</time_zone><url class="object" null="true"/><utc_offset type="number">0</utc_offset><verified type="boolean">false</verified></user></o>
