<?xml version="1.0" encoding="UTF-8"?>
<o><contributors class="object" null="true"/><coordinates class="object" null="true"/><created_at type="string">Thu Mar 25 21:38:46 +0000 2010</created_at><favorited type="boolean">false</favorited><geo class="object" null="true"/><id type="number">11054619930</id><in_reply_to_screen_name type="string">richardpbacon</in_reply_to_screen_name><in_reply_to_status_id type="number">11051379849</in_reply_to_status_id><in_reply_to_user_id type="number">18764841</in_reply_to_user_id><place class="object" null="true"/><source type="string">web</source><text type="string">@richardpbacon should have been 39p given the inflation and the cuts you will have to make under the dismal labour budget!</text><truncated type="boolean">false</truncated><user class="object"><contributors_enabled type="boolean">false</contributors_enabled><created_at type="string">Tue Apr 28 14:45:33 +0000 2009</created_at><description class="object" null="true"/><favourites_count type="number">0</favourites_count><followers_count type="number">44</followers_count><following class="object" null="true"/><friends_count type="number">75</friends_count><geo_enabled type="boolean">false</geo_enabled><id type="number">36082241</id><lang type="string">en</lang><location class="object" null="true"/><name type="string">Konstance Hill</name><notifications class="object" null="true"/><profile_background_color type="string">9ae4e8</profile_background_color><profile_background_image_url type="string">http://s.twimg.com/a/1269387398/images/themes/theme1/bg.png</profile_background_image_url><profile_background_tile type="boolean">false</profile_background_tile><profile_image_url type="string">http://s.twimg.com/a/1269387398/images/default_profile_6_normal.png</profile_image_url><profile_link_color type="string">0000ff</profile_link_color><profile_sidebar_border_color type="string">87bc44</profile_sidebar_border_color><profile_sidebar_fill_color type="string">e0ff92</profile_sidebar_fill_color><profile_text_color type="string">000000</profile_text_color><protected type="boolean">false</protected><screen_name type="string">ridefree248</screen_name><statuses_count type="number">1854</statuses_count><time_zone class="object" null="true"/><url class="object" null="true"/><utc_offset class="object" null="true"/><verified type="boolean">false</verified></user></o>
