<?xml version="1.0" encoding="UTF-8"?>
<o><contributors class="object" null="true"/><coordinates class="object" null="true"/><created_at type="string">Thu Mar 25 20:05:40 +0000 2010</created_at><favorited type="boolean">false</favorited><geo class="object" null="true"/><id type="number">11050919918</id><in_reply_to_screen_name class="object" null="true"/><in_reply_to_status_id class="object" null="true"/><in_reply_to_user_id class="object" null="true"/><place class="object" null="true"/><source type="string">&lt;a href="http://ping.fm/" rel="nofollow"&gt;Ping.fm&lt;/a&gt;</source><text type="string">Budget 2010: Labour is stealing from our children's future to buy votes http://bit.ly/aVjtqC #Politics #Telegraph</text><truncated type="boolean">false</truncated><user class="object"><contributors_enabled type="boolean">false</contributors_enabled><created_at type="string">Mon Jul 06 20:05:44 +0000 2009</created_at><description type="string">My interests are baseball, pcs, world news, football, politics, philanthropy, and technology.  I tweet a lot. Consider yourself forewarned.</description><favourites_count type="number">3</favourites_count><followers_count type="number">1930</followers_count><following class="object" null="true"/><friends_count type="number">674</friends_count><geo_enabled type="boolean">false</geo_enabled><id type="number">54315816</id><lang type="string">en</lang><location type="string">Cincinnati, Ohio</location><name type="string">Rob Madden</name><notifications class="object" null="true"/><profile_background_color type="string">cc6600</profile_background_color><profile_background_image_url type="string">http://a3.twimg.com/profile_background_images/85159705/background.png</profile_background_image_url><profile_background_tile type="boolean">false</profile_background_tile><profile_image_url type="string">http://a1.twimg.com/profile_images/747141784/171331_normal.jpg</profile_image_url><profile_link_color type="string">5e3a15</profile_link_color><profile_sidebar_border_color type="string">5e391c</profile_sidebar_border_color><profile_sidebar_fill_color type="string">e37704</profile_sidebar_fill_color><profile_text_color type="string">333333</profile_text_color><protected type="boolean">false</protected><screen_name type="string">Rob_Madden</screen_name><statuses_count type="number">131223</statuses_count><time_zone type="string">Eastern Time (US &amp; Canada)</time_zone><url type="string">http://RedsZone.com</url><utc_offset type="number">-18000</utc_offset><verified type="boolean">false</verified></user></o>
