<?xml version="1.0" encoding="UTF-8"?>
<o><contributors class="object" null="true"/><coordinates class="object" null="true"/><created_at type="string">Thu Mar 25 21:01:40 +0000 2010</created_at><favorited type="boolean">false</favorited><geo class="object" null="true"/><id type="number">11053124502</id><in_reply_to_screen_name class="object" null="true"/><in_reply_to_status_id class="object" null="true"/><in_reply_to_user_id class="object" null="true"/><place class="object" null="true"/><source type="string">web</source><text type="string">Labour cuts tougher than 1980s http://www.gasta.com/s/7c7</text><truncated type="boolean">false</truncated><user class="object"><contributors_enabled type="boolean">false</contributors_enabled><created_at type="string">Thu Jun 12 17:11:07 +0000 2008</created_at><description type="string">Snr Director of Gasta Search Network operators of 350+ commercial Internet Search Engines across Europe. </description><favourites_count type="number">7</favourites_count><followers_count type="number">1793</followers_count><following class="object" null="true"/><friends_count type="number">2024</friends_count><geo_enabled type="boolean">false</geo_enabled><id type="number">15098639</id><lang type="string">en</lang><location type="string">Belfast NI</location><name type="string">FrankieHiggins</name><notifications class="object" null="true"/><profile_background_color type="string">f7f4f4</profile_background_color><profile_background_image_url type="string">http://a1.twimg.com/profile_background_images/82841948/gastasky.gif</profile_background_image_url><profile_background_tile type="boolean">false</profile_background_tile><profile_image_url type="string">http://a1.twimg.com/profile_images/531436632/franc_jpg_normal.jpg</profile_image_url><profile_link_color type="string">0084B4</profile_link_color><profile_sidebar_border_color type="string">C0DEED</profile_sidebar_border_color><profile_sidebar_fill_color type="string">DDEEF6</profile_sidebar_fill_color><profile_text_color type="string">333333</profile_text_color><protected type="boolean">false</protected><screen_name type="string">FrankieHiggin3</screen_name><statuses_count type="number">12685</statuses_count><time_zone type="string">London</time_zone><url type="string">http://www.europasearch.com</url><utc_offset type="number">0</utc_offset><verified type="boolean">false</verified></user></o>
