<?xml version="1.0" encoding="UTF-8"?>
<o><contributors class="object" null="true"/><coordinates class="object" null="true"/><created_at type="string">Thu Mar 25 20:14:55 +0000 2010</created_at><favorited type="boolean">false</favorited><geo class="object" null="true"/><id type="number">11051275767</id><in_reply_to_screen_name class="object" null="true"/><in_reply_to_status_id class="object" null="true"/><in_reply_to_user_id class="object" null="true"/><place class="object" null="true"/><source type="string">&lt;a href="http://www.tweetdeck.com" rel="nofollow"&gt;TweetDeck&lt;/a&gt;</source><text type="string">RT @IntelBM: RT @TheTrentonian: Tory MP leaks details on unsigned contract: A company that may be vying ... http://bit.ly/9woRBy</text><truncated type="boolean">false</truncated><user class="object"><contributors_enabled type="boolean">false</contributors_enabled><created_at type="string">Tue May 12 14:34:17 +0000 2009</created_at><description type="string">Very random musings about Belleville, Quinte and surrounding area from New Media specialist who actually HAS job experience working in Web 2.0 companies.</description><favourites_count type="number">0</favourites_count><followers_count type="number">4157</followers_count><following class="object" null="true"/><friends_count type="number">4073</friends_count><geo_enabled type="boolean">false</geo_enabled><id type="number">39511351</id><lang type="string">en</lang><location type="string">Belleville, Ontario</location><name type="string">Bella LaVille</name><notifications class="object" null="true"/><profile_background_color type="string">b58224</profile_background_color><profile_background_image_url type="string">http://a1.twimg.com/profile_background_images/38569504/obv2.jpg</profile_background_image_url><profile_background_tile type="boolean">false</profile_background_tile><profile_image_url type="string">http://a3.twimg.com/profile_images/523430129/scream_normal.jpg</profile_image_url><profile_link_color type="string">ad8936</profile_link_color><profile_sidebar_border_color type="string">521b23</profile_sidebar_border_color><profile_sidebar_fill_color type="string">63313c</profile_sidebar_fill_color><profile_text_color type="string">030505</profile_text_color><protected type="boolean">false</protected><screen_name type="string">OhBelleville</screen_name><statuses_count type="number">5713</statuses_count><time_zone type="string">Eastern Time (US &amp; Canada)</time_zone><url class="object" null="true"/><utc_offset type="number">-18000</utc_offset><verified type="boolean">false</verified></user></o>
