<?xml version="1.0" encoding="UTF-8"?>
<o><contributors class="object" null="true"/><coordinates class="object" null="true"/><created_at type="string">Thu Mar 25 21:07:43 +0000 2010</created_at><favorited type="boolean">false</favorited><geo class="object" null="true"/><id type="number">11053366336</id><in_reply_to_screen_name class="object" null="true"/><in_reply_to_status_id class="object" null="true"/><in_reply_to_user_id class="object" null="true"/><place class="object" null="true"/><source type="string">&lt;a href="http://www.tweetdeck.com/" rel="nofollow"&gt;TweetDeck&lt;/a&gt;</source><text type="string">RT @LouiseBagshawe: Had a half of traditional British cider at lunchtime in Lowick - stuff Labour's 10% rise! &amp;lt;support our national drink</text><truncated type="boolean">false</truncated><user class="object"><contributors_enabled type="boolean">false</contributors_enabled><created_at type="string">Wed Sep 02 10:43:44 +0000 2009</created_at><description type="string">A man in the street, with Conservative values</description><favourites_count type="number">0</favourites_count><followers_count type="number">149</followers_count><following class="object" null="true"/><friends_count type="number">109</friends_count><geo_enabled type="boolean">false</geo_enabled><id type="number">70934742</id><lang type="string">en</lang><location type="string">Northamptonshire</location><name type="string">Alan Wicks</name><notifications class="object" null="true"/><profile_background_color type="string">293070</profile_background_color><profile_background_image_url type="string">http://a1.twimg.com/profile_background_images/50550730/mqseattleatdawn.br.jpg</profile_background_image_url><profile_background_tile type="boolean">false</profile_background_tile><profile_image_url type="string">http://a1.twimg.com/profile_images/523948834/twitterProfilePhoto_normal.jpg</profile_image_url><profile_link_color type="string">ff0300</profile_link_color><profile_sidebar_border_color type="string">ff0300</profile_sidebar_border_color><profile_sidebar_fill_color type="string">293070</profile_sidebar_fill_color><profile_text_color type="string">000000</profile_text_color><protected type="boolean">false</protected><screen_name type="string">WicksieSnr</screen_name><statuses_count type="number">1857</statuses_count><time_zone type="string">London</time_zone><url type="string">http://www.towntwinning.org.uk</url><utc_offset type="number">0</utc_offset><verified type="boolean">false</verified></user></o>
