<?xml version='1.0' encoding='UTF-8'?>
<GateDocument>
<!-- The document's features-->

<GateDocumentFeatures>
<Feature>
  <Name className="java.lang.String">sentiment</Name>
  <Value className="java.lang.String"></Value>
</Feature>
<Feature>
  <Name className="java.lang.String">MimeType</Name>
  <Value className="java.lang.String">text/xml</Value>
</Feature>
<Feature>
  <Name className="java.lang.String">gate.SourceURL</Name>
  <Value className="java.lang.String">file:/home/diana/gate-extras/sentiment/testdocs/politwits/politwits-5000/politwits-5000_00006.xml</Value>
</Feature>
</GateDocumentFeatures>
<!-- The document content area with serialized nodes -->

<TextWithNodes><Node id="0" />Thu Mar 25 20:06:19 +0000 2010<Node id="30" /> <Node id="31" />false<Node id="36" /> <Node id="37" />11050945227<Node id="48" /> <Node id="49" />&lt;a href="http://www.twaitter.com" rel="nofollow">Twaitter&lt;/a><Node id="110" />http<Node id="114" />:<Node id="115" />/<Node id="116" />/<Node id="117" />www<Node id="120" />.<Node id="121" />aboutmyvote<Node id="132" />.<Node id="133" />co<Node id="135" />.<Node id="136" />uk<Node id="138" />/<Node id="139" />PDF<Node id="142" />/<Node id="143" />EC<Node id="145" />28<Node id="147" />.<Node id="148" />3<Node id="149" />-<Node id="150" />cropped<Node id="157" />.<Node id="158" />pdf<Node id="161" /> <Node id="162" />blank<Node id="167" /> <Node id="168" />student<Node id="175" /> <Node id="176" />voter<Node id="181" /> <Node id="182" />registration<Node id="194" /> <Node id="195" />form<Node id="199" /> <Node id="200" />register<Node id="208" /> <Node id="209" />to<Node id="211" /> <Node id="212" />vote<Node id="216" /> <Node id="217" />today<Node id="222" /> <Node id="223" />for<Node id="226" /> <Node id="227" />labour<Node id="233" /> <Node id="234" />false<Node id="239" /> <Node id="240" />false<Node id="245" /> <Node id="246" />Sun Jan 10 19:22:10 +0000 2010<Node id="276" /> <Node id="277" />http://www.labour.org.uk Vote labour in 2010 general election. Follow votelabour2010. vote labour. follow to be followed back join the facebook page.<Node id="426" /> <Node id="427" />0<Node id="428" /> <Node id="429" />723<Node id="432" /> <Node id="433" />924<Node id="436" /> <Node id="437" />false<Node id="442" /> <Node id="443" />103643898<Node id="452" /> <Node id="453" />en<Node id="455" /> <Node id="456" />london, uk<Node id="466" /> <Node id="467" />salman jafri<Node id="479" /> <Node id="480" />C0DEED<Node id="486" /> <Node id="487" />http://a3.twimg.com/profile_background_images/83674345/labourtwitter3.jpg<Node id="560" /> <Node id="561" />true<Node id="565" /> <Node id="566" />http://a1.twimg.com/profile_images/756632406/labourvote_normal.jpg<Node id="632" /> <Node id="633" />0084B4<Node id="639" /> <Node id="640" />C0DEED<Node id="646" /> <Node id="647" />DDEEF6<Node id="653" /> <Node id="654" />333333<Node id="660" /> <Node id="661" />false<Node id="666" /> <Node id="667" />votelabour2010<Node id="681" /> <Node id="682" />8660<Node id="686" /> <Node id="687" />London<Node id="693" /> <Node id="694" />http://www.facebook.com/pages/Vote-Labour-2010-General-Election/246563734786?ref=ts<Node id="777" /> <Node id="778" />0<Node id="779" /> <Node id="780" />false<Node id="785" /></TextWithNodes>
<!-- The default annotation set -->

<AnnotationSet>
<Annotation Id="1729" Type="Token" StartNode="217" EndNode="222">
<Feature>
  <Name className="java.lang.String">length</Name>
  <Value className="java.lang.String">5</Value>
</Feature>
<Feature>
  <Name className="java.lang.String">category</Name>
  <Value className="java.lang.String">NN</Value>
</Feature>
<Feature>
  <Name className="java.lang.String">orth</Name>
  <Value className="java.lang.String">lowercase</Value>
</Feature>
<Feature>
  <Name className="java.lang.String">root</Name>
  <Value className="java.lang.String">today</Value>
</Feature>
<Feature>
  <Name className="java.lang.String">kind</Name>
  <Value className="java.lang.String">word</Value>
</Feature>
<Feature>
  <Name className="java.lang.String">string</Name>
  <Value className="java.lang.String">today</Value>
</Feature>
</Annotation>
<Annotation Id="1728" Type="SpaceToken" StartNode="216" EndNode="217">
<Feature>
  <Name className="java.lang.String">length</Name>
  <Value className="java.lang.String">1</Value>
</Feature>
<Feature>
  <Name className="java.lang.String">kind</Name>
  <Value className="java.lang.String">space</Value>
</Feature>
<Feature>
  <Name className="java.lang.String">string</Name>
  <Value className="java.lang.String"> </Value>
</Feature>
</Annotation>
<Annotation Id="1731" Type="Token" StartNode="223" EndNode="226">
<Feature>
  <Name className="java.lang.String">length</Name>
  <Value className="java.lang.String">3</Value>
</Feature>
<Feature>
  <Name className="java.lang.String">category</Name>
  <Value className="java.lang.String">IN</Value>
</Feature>
<Feature>
  <Name className="java.lang.String">orth</Name>
  <Value className="java.lang.String">lowercase</Value>
</Feature>
<Feature>
  <Name className="java.lang.String">root</Name>
  <Value className="java.lang.String">for</Value>
</Feature>
<Feature>
  <Name className="java.lang.String">kind</Name>
  <Value className="java.lang.String">word</Value>
</Feature>
<Feature>
  <Name className="java.lang.String">string</Name>
  <Value className="java.lang.String">for</Value>
</Feature>
</Annotation>
<Annotation Id="1730" Type="SpaceToken" StartNode="222" EndNode="223">
<Feature>
  <Name className="java.lang.String">length</Name>
  <Value className="java.lang.String">1</Value>
</Feature>
<Feature>
  <Name className="java.lang.String">kind</Name>
  <Value className="java.lang.String">space</Value>
</Feature>
<Feature>
  <Name className="java.lang.String">string</Name>
  <Value className="java.lang.String"> </Value>
</Feature>
</Annotation>
<Annotation Id="1733" Type="Token" StartNode="227" EndNode="233">
<Feature>
  <Name className="java.lang.String">length</Name>
  <Value className="java.lang.String">6</Value>
</Feature>
<Feature>
  <Name className="java.lang.String">category</Name>
  <Value className="java.lang.String">NN</Value>
</Feature>
<Feature>
  <Name className="java.lang.String">orth</Name>
  <Value className="java.lang.String">lowercase</Value>
</Feature>
<Feature>
  <Name className="java.lang.String">root</Name>
  <Value className="java.lang.String">labour</Value>
</Feature>
<Feature>
  <Name className="java.lang.String">kind</Name>
  <Value className="java.lang.String">word</Value>
</Feature>
<Feature>
  <Name className="java.lang.String">string</Name>
  <Value className="java.lang.String">labour</Value>
</Feature>
</Annotation>
<Annotation Id="1732" Type="SpaceToken" StartNode="226" EndNode="227">
<Feature>
  <Name className="java.lang.String">length</Name>
  <Value className="java.lang.String">1</Value>
</Feature>
<Feature>
  <Name className="java.lang.String">kind</Name>
  <Value className="java.lang.String">space</Value>
</Feature>
<Feature>
  <Name className="java.lang.String">string</Name>
  <Value className="java.lang.String"> </Value>
</Feature>
</Annotation>
<Annotation Id="1735" Type="Lookup" StartNode="217" EndNode="222">
<Feature>
  <Name className="java.lang.String">majorType</Name>
  <Value className="java.lang.String">date_key</Value>
</Feature>
</Annotation>
<Annotation Id="1734" Type="Lookup" StartNode="143" EndNode="145">
<Feature>
  <Name className="java.lang.String">majorType</Name>
  <Value className="java.lang.String">organization</Value>
</Feature>
</Annotation>
<Annotation Id="1737" Type="Lookup" StartNode="227" EndNode="233">
<Feature>
  <Name className="java.lang.String">type</Name>
  <Value className="java.lang.String">Lab</Value>
</Feature>
<Feature>
  <Name className="java.lang.String">majorType</Name>
  <Value className="java.lang.String">party</Value>
</Feature>
</Annotation>
<Annotation Id="1736" Type="Lookup" StartNode="212" EndNode="216">
<Feature>
  <Name className="java.lang.String">majorType</Name>
  <Value className="java.lang.String">vote</Value>
</Feature>
</Annotation>
<Annotation Id="1738" Type="TempOrganization" StartNode="143" EndNode="145">
<Feature>
  <Name className="java.lang.String">rule</Name>
  <Value className="java.lang.String">GazOrganization</Value>
</Feature>
</Annotation>
<Annotation Id="1741" Type="UrlPre" StartNode="117" EndNode="121">
<Feature>
  <Name className="java.lang.String">rule</Name>
  <Value className="java.lang.String">UrlPre</Value>
</Feature>
</Annotation>
<Annotation Id="1740" Type="UrlPre" StartNode="110" EndNode="117">
<Feature>
  <Name className="java.lang.String">rule</Name>
  <Value className="java.lang.String">UrlPre</Value>
</Feature>
</Annotation>
<Annotation Id="1744" Type="Address" StartNode="110" EndNode="161">
<Feature>
  <Name className="java.lang.String">rule1</Name>
  <Value className="java.lang.String">Url1</Value>
</Feature>
<Feature>
  <Name className="java.lang.String">kind</Name>
  <Value className="java.lang.String">url</Value>
</Feature>
<Feature>
  <Name className="java.lang.String">rule2</Name>
  <Value className="java.lang.String">UrlFinal</Value>
</Feature>
</Annotation>
<Annotation Id="1745" Type="Date" StartNode="217" EndNode="222">
<Feature>
  <Name className="java.lang.String">rule1</Name>
  <Value className="java.lang.String">GazDateWords</Value>
</Feature>
<Feature>
  <Name className="java.lang.String">kind</Name>
  <Value className="java.lang.String">date</Value>
</Feature>
<Feature>
  <Name className="java.lang.String">rule2</Name>
  <Value className="java.lang.String">DateOnlyFinal</Value>
</Feature>
</Annotation>
<Annotation Id="1746" Type="Vote" StartNode="212" EndNode="216">
<Feature>
  <Name className="java.lang.String">rule</Name>
  <Value className="java.lang.String">LookupVote</Value>
</Feature>
</Annotation>
<Annotation Id="1747" Type="Party" StartNode="227" EndNode="233">
<Feature>
  <Name className="java.lang.String">kind</Name>
  <Value className="java.lang.String">Lab</Value>
</Feature>
</Annotation>
<Annotation Id="1703" Type="Token" StartNode="142" EndNode="143">
<Feature>
  <Name className="java.lang.String">length</Name>
  <Value className="java.lang.String">1</Value>
</Feature>
<Feature>
  <Name className="java.lang.String">category</Name>
  <Value className="java.lang.String">NN</Value>
</Feature>
<Feature>
  <Name className="java.lang.String">root</Name>
  <Value className="java.lang.String">/</Value>
</Feature>
<Feature>
  <Name className="java.lang.String">kind</Name>
  <Value className="java.lang.String">punctuation</Value>
</Feature>
<Feature>
  <Name className="java.lang.String">string</Name>
  <Value className="java.lang.String">/</Value>
</Feature>
</Annotation>
<Annotation Id="1702" Type="Token" StartNode="139" EndNode="142">
<Feature>
  <Name className="java.lang.String">length</Name>
  <Value className="java.lang.String">3</Value>
</Feature>
<Feature>
  <Name className="java.lang.String">category</Name>
  <Value className="java.lang.String">NNP</Value>
</Feature>
<Feature>
  <Name className="java.lang.String">orth</Name>
  <Value className="java.lang.String">allCaps</Value>
</Feature>
<Feature>
  <Name className="java.lang.String">root</Name>
  <Value className="java.lang.String">pdf</Value>
</Feature>
<Feature>
  <Name className="java.lang.String">kind</Name>
  <Value className="java.lang.String">word</Value>
</Feature>
<Feature>
  <Name className="java.lang.String">string</Name>
  <Value className="java.lang.String">PDF</Value>
</Feature>
</Annotation>
<Annotation Id="1701" Type="Token" StartNode="138" EndNode="139">
<Feature>
  <Name className="java.lang.String">length</Name>
  <Value className="java.lang.String">1</Value>
</Feature>
<Feature>
  <Name className="java.lang.String">category</Name>
  <Value className="java.lang.String">NN</Value>
</Feature>
<Feature>
  <Name className="java.lang.String">root</Name>
  <Value className="java.lang.String">/</Value>
</Feature>
<Feature>
  <Name className="java.lang.String">kind</Name>
  <Value className="java.lang.String">punctuation</Value>
</Feature>
<Feature>
  <Name className="java.lang.String">string</Name>
  <Value className="java.lang.String">/</Value>
</Feature>
</Annotation>
<Annotation Id="1700" Type="Token" StartNode="136" EndNode="138">
<Feature>
  <Name className="java.lang.String">length</Name>
  <Value className="java.lang.String">2</Value>
</Feature>
<Feature>
  <Name className="java.lang.String">category</Name>
  <Value className="java.lang.String">NN</Value>
</Feature>
<Feature>
  <Name className="java.lang.String">orth</Name>
  <Value className="java.lang.String">lowercase</Value>
</Feature>
<Feature>
  <Name className="java.lang.String">root</Name>
  <Value className="java.lang.String">uk</Value>
</Feature>
<Feature>
  <Name className="java.lang.String">kind</Name>
  <Value className="java.lang.String">word</Value>
</Feature>
<Feature>
  <Name className="java.lang.String">string</Name>
  <Value className="java.lang.String">uk</Value>
</Feature>
</Annotation>
<Annotation Id="1699" Type="Token" StartNode="135" EndNode="136">
<Feature>
  <Name className="java.lang.String">length</Name>
  <Value className="java.lang.String">1</Value>
</Feature>
<Feature>
  <Name className="java.lang.String">category</Name>
  <Value className="java.lang.String">.</Value>
</Feature>
<Feature>
  <Name className="java.lang.String">root</Name>
  <Value className="java.lang.String">.</Value>
</Feature>
<Feature>
  <Name className="java.lang.String">kind</Name>
  <Value className="java.lang.String">punctuation</Value>
</Feature>
<Feature>
  <Name className="java.lang.String">string</Name>
  <Value className="java.lang.String">.</Value>
</Feature>
</Annotation>
<Annotation Id="1698" Type="Token" StartNode="133" EndNode="135">
<Feature>
  <Name className="java.lang.String">length</Name>
  <Value className="java.lang.String">2</Value>
</Feature>
<Feature>
  <Name className="java.lang.String">category</Name>
  <Value className="java.lang.String">NN</Value>
</Feature>
<Feature>
  <Name className="java.lang.String">orth</Name>
  <Value className="java.lang.String">lowercase</Value>
</Feature>
<Feature>
  <Name className="java.lang.String">root</Name>
  <Value className="java.lang.String">co</Value>
</Feature>
<Feature>
  <Name className="java.lang.String">kind</Name>
  <Value className="java.lang.String">word</Value>
</Feature>
<Feature>
  <Name className="java.lang.String">string</Name>
  <Value className="java.lang.String">co</Value>
</Feature>
</Annotation>
<Annotation Id="1697" Type="Token" StartNode="132" EndNode="133">
<Feature>
  <Name className="java.lang.String">length</Name>
  <Value className="java.lang.String">1</Value>
</Feature>
<Feature>
  <Name className="java.lang.String">category</Name>
  <Value className="java.lang.String">.</Value>
</Feature>
<Feature>
  <Name className="java.lang.String">root</Name>
  <Value className="java.lang.String">.</Value>
</Feature>
<Feature>
  <Name className="java.lang.String">kind</Name>
  <Value className="java.lang.String">punctuation</Value>
</Feature>
<Feature>
  <Name className="java.lang.String">string</Name>
  <Value className="java.lang.String">.</Value>
</Feature>
</Annotation>
<Annotation Id="1696" Type="Token" StartNode="121" EndNode="132">
<Feature>
  <Name className="java.lang.String">length</Name>
  <Value className="java.lang.String">11</Value>
</Feature>
<Feature>
  <Name className="java.lang.String">category</Name>
  <Value className="java.lang.String">NN</Value>
</Feature>
<Feature>
  <Name className="java.lang.String">orth</Name>
  <Value className="java.lang.String">lowercase</Value>
</Feature>
<Feature>
  <Name className="java.lang.String">root</Name>
  <Value className="java.lang.String">aboutmyvote</Value>
</Feature>
<Feature>
  <Name className="java.lang.String">kind</Name>
  <Value className="java.lang.String">word</Value>
</Feature>
<Feature>
  <Name className="java.lang.String">string</Name>
  <Value className="java.lang.String">aboutmyvote</Value>
</Feature>
</Annotation>
<Annotation Id="1711" Type="Token" StartNode="158" EndNode="161">
<Feature>
  <Name className="java.lang.String">length</Name>
  <Value className="java.lang.String">3</Value>
</Feature>
<Feature>
  <Name className="java.lang.String">category</Name>
  <Value className="java.lang.String">NN</Value>
</Feature>
<Feature>
  <Name className="java.lang.String">orth</Name>
  <Value className="java.lang.String">lowercase</Value>
</Feature>
<Feature>
  <Name className="java.lang.String">root</Name>
  <Value className="java.lang.String">pdf</Value>
</Feature>
<Feature>
  <Name className="java.lang.String">kind</Name>
  <Value className="java.lang.String">word</Value>
</Feature>
<Feature>
  <Name className="java.lang.String">string</Name>
  <Value className="java.lang.String">pdf</Value>
</Feature>
</Annotation>
<Annotation Id="1710" Type="Token" StartNode="157" EndNode="158">
<Feature>
  <Name className="java.lang.String">length</Name>
  <Value className="java.lang.String">1</Value>
</Feature>
<Feature>
  <Name className="java.lang.String">category</Name>
  <Value className="java.lang.String">.</Value>
</Feature>
<Feature>
  <Name className="java.lang.String">root</Name>
  <Value className="java.lang.String">.</Value>
</Feature>
<Feature>
  <Name className="java.lang.String">kind</Name>
  <Value className="java.lang.String">punctuation</Value>
</Feature>
<Feature>
  <Name className="java.lang.String">string</Name>
  <Value className="java.lang.String">.</Value>
</Feature>
</Annotation>
<Annotation Id="1709" Type="Token" StartNode="150" EndNode="157">
<Feature>
  <Name className="java.lang.String">orth</Name>
  <Value className="java.lang.String">lowercase</Value>
</Feature>
<Feature>
  <Name className="java.lang.String">category</Name>
  <Value className="java.lang.String">VBN</Value>
</Feature>
<Feature>
  <Name className="java.lang.String">root</Name>
  <Value className="java.lang.String">crop</Value>
</Feature>
<Feature>
  <Name className="java.lang.String">string</Name>
  <Value className="java.lang.String">cropped</Value>
</Feature>
<Feature>
  <Name className="java.lang.String">length</Name>
  <Value className="java.lang.String">7</Value>
</Feature>
<Feature>
  <Name className="java.lang.String">affix</Name>
  <Value className="java.lang.String">ed</Value>
</Feature>
<Feature>
  <Name className="java.lang.String">kind</Name>
  <Value className="java.lang.String">word</Value>
</Feature>
</Annotation>
<Annotation Id="1708" Type="Token" StartNode="149" EndNode="150">
<Feature>
  <Name className="java.lang.String">subkind</Name>
  <Value className="java.lang.String">dashpunct</Value>
</Feature>
<Feature>
  <Name className="java.lang.String">length</Name>
  <Value className="java.lang.String">1</Value>
</Feature>
<Feature>
  <Name className="java.lang.String">category</Name>
  <Value className="java.lang.String">:</Value>
</Feature>
<Feature>
  <Name className="java.lang.String">root</Name>
  <Value className="java.lang.String">-</Value>
</Feature>
<Feature>
  <Name className="java.lang.String">kind</Name>
  <Value className="java.lang.String">punctuation</Value>
</Feature>
<Feature>
  <Name className="java.lang.String">string</Name>
  <Value className="java.lang.String">-</Value>
</Feature>
</Annotation>
<Annotation Id="1707" Type="Token" StartNode="148" EndNode="149">
<Feature>
  <Name className="java.lang.String">length</Name>
  <Value className="java.lang.String">1</Value>
</Feature>
<Feature>
  <Name className="java.lang.String">category</Name>
  <Value className="java.lang.String">CD</Value>
</Feature>
<Feature>
  <Name className="java.lang.String">root</Name>
  <Value className="java.lang.String">3</Value>
</Feature>
<Feature>
  <Name className="java.lang.String">kind</Name>
  <Value className="java.lang.String">number</Value>
</Feature>
<Feature>
  <Name className="java.lang.String">string</Name>
  <Value className="java.lang.String">3</Value>
</Feature>
</Annotation>
<Annotation Id="1706" Type="Token" StartNode="147" EndNode="148">
<Feature>
  <Name className="java.lang.String">length</Name>
  <Value className="java.lang.String">1</Value>
</Feature>
<Feature>
  <Name className="java.lang.String">category</Name>
  <Value className="java.lang.String">.</Value>
</Feature>
<Feature>
  <Name className="java.lang.String">root</Name>
  <Value className="java.lang.String">.</Value>
</Feature>
<Feature>
  <Name className="java.lang.String">kind</Name>
  <Value className="java.lang.String">punctuation</Value>
</Feature>
<Feature>
  <Name className="java.lang.String">string</Name>
  <Value className="java.lang.String">.</Value>
</Feature>
</Annotation>
<Annotation Id="1705" Type="Token" StartNode="145" EndNode="147">
<Feature>
  <Name className="java.lang.String">length</Name>
  <Value className="java.lang.String">2</Value>
</Feature>
<Feature>
  <Name className="java.lang.String">category</Name>
  <Value className="java.lang.String">CD</Value>
</Feature>
<Feature>
  <Name className="java.lang.String">root</Name>
  <Value className="java.lang.String">28</Value>
</Feature>
<Feature>
  <Name className="java.lang.String">kind</Name>
  <Value className="java.lang.String">number</Value>
</Feature>
<Feature>
  <Name className="java.lang.String">string</Name>
  <Value className="java.lang.String">28</Value>
</Feature>
</Annotation>
<Annotation Id="1704" Type="Token" StartNode="143" EndNode="145">
<Feature>
  <Name className="java.lang.String">length</Name>
  <Value className="java.lang.String">2</Value>
</Feature>
<Feature>
  <Name className="java.lang.String">category</Name>
  <Value className="java.lang.String">NNP</Value>
</Feature>
<Feature>
  <Name className="java.lang.String">orth</Name>
  <Value className="java.lang.String">allCaps</Value>
</Feature>
<Feature>
  <Name className="java.lang.String">root</Name>
  <Value className="java.lang.String">ec</Value>
</Feature>
<Feature>
  <Name className="java.lang.String">kind</Name>
  <Value className="java.lang.String">word</Value>
</Feature>
<Feature>
  <Name className="java.lang.String">string</Name>
  <Value className="java.lang.String">EC</Value>
</Feature>
</Annotation>
<Annotation Id="1718" Type="SpaceToken" StartNode="181" EndNode="182">
<Feature>
  <Name className="java.lang.String">length</Name>
  <Value className="java.lang.String">1</Value>
</Feature>
<Feature>
  <Name className="java.lang.String">kind</Name>
  <Value className="java.lang.String">space</Value>
</Feature>
<Feature>
  <Name className="java.lang.String">string</Name>
  <Value className="java.lang.String"> </Value>
</Feature>
</Annotation>
<Annotation Id="1719" Type="Token" StartNode="182" EndNode="194">
<Feature>
  <Name className="java.lang.String">length</Name>
  <Value className="java.lang.String">12</Value>
</Feature>
<Feature>
  <Name className="java.lang.String">category</Name>
  <Value className="java.lang.String">NN</Value>
</Feature>
<Feature>
  <Name className="java.lang.String">orth</Name>
  <Value className="java.lang.String">lowercase</Value>
</Feature>
<Feature>
  <Name className="java.lang.String">root</Name>
  <Value className="java.lang.String">registration</Value>
</Feature>
<Feature>
  <Name className="java.lang.String">kind</Name>
  <Value className="java.lang.String">word</Value>
</Feature>
<Feature>
  <Name className="java.lang.String">string</Name>
  <Value className="java.lang.String">registration</Value>
</Feature>
</Annotation>
<Annotation Id="1716" Type="SpaceToken" StartNode="175" EndNode="176">
<Feature>
  <Name className="java.lang.String">length</Name>
  <Value className="java.lang.String">1</Value>
</Feature>
<Feature>
  <Name className="java.lang.String">kind</Name>
  <Value className="java.lang.String">space</Value>
</Feature>
<Feature>
  <Name className="java.lang.String">string</Name>
  <Value className="java.lang.String"> </Value>
</Feature>
</Annotation>
<Annotation Id="1717" Type="Token" StartNode="176" EndNode="181">
<Feature>
  <Name className="java.lang.String">length</Name>
  <Value className="java.lang.String">5</Value>
</Feature>
<Feature>
  <Name className="java.lang.String">category</Name>
  <Value className="java.lang.String">NN</Value>
</Feature>
<Feature>
  <Name className="java.lang.String">orth</Name>
  <Value className="java.lang.String">lowercase</Value>
</Feature>
<Feature>
  <Name className="java.lang.String">root</Name>
  <Value className="java.lang.String">voter</Value>
</Feature>
<Feature>
  <Name className="java.lang.String">kind</Name>
  <Value className="java.lang.String">word</Value>
</Feature>
<Feature>
  <Name className="java.lang.String">string</Name>
  <Value className="java.lang.String">voter</Value>
</Feature>
</Annotation>
<Annotation Id="1714" Type="SpaceToken" StartNode="167" EndNode="168">
<Feature>
  <Name className="java.lang.String">length</Name>
  <Value className="java.lang.String">1</Value>
</Feature>
<Feature>
  <Name className="java.lang.String">kind</Name>
  <Value className="java.lang.String">space</Value>
</Feature>
<Feature>
  <Name className="java.lang.String">string</Name>
  <Value className="java.lang.String"> </Value>
</Feature>
</Annotation>
<Annotation Id="1715" Type="Token" StartNode="168" EndNode="175">
<Feature>
  <Name className="java.lang.String">length</Name>
  <Value className="java.lang.String">7</Value>
</Feature>
<Feature>
  <Name className="java.lang.String">category</Name>
  <Value className="java.lang.String">NN</Value>
</Feature>
<Feature>
  <Name className="java.lang.String">orth</Name>
  <Value className="java.lang.String">lowercase</Value>
</Feature>
<Feature>
  <Name className="java.lang.String">root</Name>
  <Value className="java.lang.String">student</Value>
</Feature>
<Feature>
  <Name className="java.lang.String">kind</Name>
  <Value className="java.lang.String">word</Value>
</Feature>
<Feature>
  <Name className="java.lang.String">string</Name>
  <Value className="java.lang.String">student</Value>
</Feature>
</Annotation>
<Annotation Id="1712" Type="SpaceToken" StartNode="161" EndNode="162">
<Feature>
  <Name className="java.lang.String">length</Name>
  <Value className="java.lang.String">1</Value>
</Feature>
<Feature>
  <Name className="java.lang.String">kind</Name>
  <Value className="java.lang.String">space</Value>
</Feature>
<Feature>
  <Name className="java.lang.String">string</Name>
  <Value className="java.lang.String"> </Value>
</Feature>
</Annotation>
<Annotation Id="1713" Type="Token" StartNode="162" EndNode="167">
<Feature>
  <Name className="java.lang.String">length</Name>
  <Value className="java.lang.String">5</Value>
</Feature>
<Feature>
  <Name className="java.lang.String">category</Name>
  <Value className="java.lang.String">JJ</Value>
</Feature>
<Feature>
  <Name className="java.lang.String">orth</Name>
  <Value className="java.lang.String">lowercase</Value>
</Feature>
<Feature>
  <Name className="java.lang.String">root</Name>
  <Value className="java.lang.String">blank</Value>
</Feature>
<Feature>
  <Name className="java.lang.String">kind</Name>
  <Value className="java.lang.String">word</Value>
</Feature>
<Feature>
  <Name className="java.lang.String">string</Name>
  <Value className="java.lang.String">blank</Value>
</Feature>
</Annotation>
<Annotation Id="1726" Type="SpaceToken" StartNode="211" EndNode="212">
<Feature>
  <Name className="java.lang.String">length</Name>
  <Value className="java.lang.String">1</Value>
</Feature>
<Feature>
  <Name className="java.lang.String">kind</Name>
  <Value className="java.lang.String">space</Value>
</Feature>
<Feature>
  <Name className="java.lang.String">string</Name>
  <Value className="java.lang.String"> </Value>
</Feature>
</Annotation>
<Annotation Id="1727" Type="Token" StartNode="212" EndNode="216">
<Feature>
  <Name className="java.lang.String">length</Name>
  <Value className="java.lang.String">4</Value>
</Feature>
<Feature>
  <Name className="java.lang.String">category</Name>
  <Value className="java.lang.String">VB</Value>
</Feature>
<Feature>
  <Name className="java.lang.String">orth</Name>
  <Value className="java.lang.String">lowercase</Value>
</Feature>
<Feature>
  <Name className="java.lang.String">root</Name>
  <Value className="java.lang.String">vote</Value>
</Feature>
<Feature>
  <Name className="java.lang.String">kind</Name>
  <Value className="java.lang.String">word</Value>
</Feature>
<Feature>
  <Name className="java.lang.String">string</Name>
  <Value className="java.lang.String">vote</Value>
</Feature>
</Annotation>
<Annotation Id="1724" Type="SpaceToken" StartNode="208" EndNode="209">
<Feature>
  <Name className="java.lang.String">length</Name>
  <Value className="java.lang.String">1</Value>
</Feature>
<Feature>
  <Name className="java.lang.String">kind</Name>
  <Value className="java.lang.String">space</Value>
</Feature>
<Feature>
  <Name className="java.lang.String">string</Name>
  <Value className="java.lang.String"> </Value>
</Feature>
</Annotation>
<Annotation Id="1725" Type="Token" StartNode="209" EndNode="211">
<Feature>
  <Name className="java.lang.String">length</Name>
  <Value className="java.lang.String">2</Value>
</Feature>
<Feature>
  <Name className="java.lang.String">category</Name>
  <Value className="java.lang.String">TO</Value>
</Feature>
<Feature>
  <Name className="java.lang.String">orth</Name>
  <Value className="java.lang.String">lowercase</Value>
</Feature>
<Feature>
  <Name className="java.lang.String">root</Name>
  <Value className="java.lang.String">to</Value>
</Feature>
<Feature>
  <Name className="java.lang.String">kind</Name>
  <Value className="java.lang.String">word</Value>
</Feature>
<Feature>
  <Name className="java.lang.String">string</Name>
  <Value className="java.lang.String">to</Value>
</Feature>
</Annotation>
<Annotation Id="1722" Type="SpaceToken" StartNode="199" EndNode="200">
<Feature>
  <Name className="java.lang.String">length</Name>
  <Value className="java.lang.String">1</Value>
</Feature>
<Feature>
  <Name className="java.lang.String">kind</Name>
  <Value className="java.lang.String">space</Value>
</Feature>
<Feature>
  <Name className="java.lang.String">string</Name>
  <Value className="java.lang.String"> </Value>
</Feature>
</Annotation>
<Annotation Id="1723" Type="Token" StartNode="200" EndNode="208">
<Feature>
  <Name className="java.lang.String">length</Name>
  <Value className="java.lang.String">8</Value>
</Feature>
<Feature>
  <Name className="java.lang.String">category</Name>
  <Value className="java.lang.String">NN</Value>
</Feature>
<Feature>
  <Name className="java.lang.String">orth</Name>
  <Value className="java.lang.String">lowercase</Value>
</Feature>
<Feature>
  <Name className="java.lang.String">root</Name>
  <Value className="java.lang.String">register</Value>
</Feature>
<Feature>
  <Name className="java.lang.String">kind</Name>
  <Value className="java.lang.String">word</Value>
</Feature>
<Feature>
  <Name className="java.lang.String">string</Name>
  <Value className="java.lang.String">register</Value>
</Feature>
</Annotation>
<Annotation Id="1720" Type="SpaceToken" StartNode="194" EndNode="195">
<Feature>
  <Name className="java.lang.String">length</Name>
  <Value className="java.lang.String">1</Value>
</Feature>
<Feature>
  <Name className="java.lang.String">kind</Name>
  <Value className="java.lang.String">space</Value>
</Feature>
<Feature>
  <Name className="java.lang.String">string</Name>
  <Value className="java.lang.String"> </Value>
</Feature>
</Annotation>
<Annotation Id="1721" Type="Token" StartNode="195" EndNode="199">
<Feature>
  <Name className="java.lang.String">length</Name>
  <Value className="java.lang.String">4</Value>
</Feature>
<Feature>
  <Name className="java.lang.String">category</Name>
  <Value className="java.lang.String">NN</Value>
</Feature>
<Feature>
  <Name className="java.lang.String">orth</Name>
  <Value className="java.lang.String">lowercase</Value>
</Feature>
<Feature>
  <Name className="java.lang.String">root</Name>
  <Value className="java.lang.String">form</Value>
</Feature>
<Feature>
  <Name className="java.lang.String">kind</Name>
  <Value className="java.lang.String">word</Value>
</Feature>
<Feature>
  <Name className="java.lang.String">string</Name>
  <Value className="java.lang.String">form</Value>
</Feature>
</Annotation>
<Annotation Id="1692" Type="Token" StartNode="115" EndNode="116">
<Feature>
  <Name className="java.lang.String">length</Name>
  <Value className="java.lang.String">1</Value>
</Feature>
<Feature>
  <Name className="java.lang.String">category</Name>
  <Value className="java.lang.String">NN</Value>
</Feature>
<Feature>
  <Name className="java.lang.String">root</Name>
  <Value className="java.lang.String">/</Value>
</Feature>
<Feature>
  <Name className="java.lang.String">kind</Name>
  <Value className="java.lang.String">punctuation</Value>
</Feature>
<Feature>
  <Name className="java.lang.String">string</Name>
  <Value className="java.lang.String">/</Value>
</Feature>
</Annotation>
<Annotation Id="1693" Type="Token" StartNode="116" EndNode="117">
<Feature>
  <Name className="java.lang.String">length</Name>
  <Value className="java.lang.String">1</Value>
</Feature>
<Feature>
  <Name className="java.lang.String">category</Name>
  <Value className="java.lang.String">NN</Value>
</Feature>
<Feature>
  <Name className="java.lang.String">root</Name>
  <Value className="java.lang.String">/</Value>
</Feature>
<Feature>
  <Name className="java.lang.String">kind</Name>
  <Value className="java.lang.String">punctuation</Value>
</Feature>
<Feature>
  <Name className="java.lang.String">string</Name>
  <Value className="java.lang.String">/</Value>
</Feature>
</Annotation>
<Annotation Id="1694" Type="Token" StartNode="117" EndNode="120">
<Feature>
  <Name className="java.lang.String">length</Name>
  <Value className="java.lang.String">3</Value>
</Feature>
<Feature>
  <Name className="java.lang.String">category</Name>
  <Value className="java.lang.String">NN</Value>
</Feature>
<Feature>
  <Name className="java.lang.String">orth</Name>
  <Value className="java.lang.String">lowercase</Value>
</Feature>
<Feature>
  <Name className="java.lang.String">root</Name>
  <Value className="java.lang.String">www</Value>
</Feature>
<Feature>
  <Name className="java.lang.String">kind</Name>
  <Value className="java.lang.String">word</Value>
</Feature>
<Feature>
  <Name className="java.lang.String">string</Name>
  <Value className="java.lang.String">www</Value>
</Feature>
</Annotation>
<Annotation Id="1695" Type="Token" StartNode="120" EndNode="121">
<Feature>
  <Name className="java.lang.String">length</Name>
  <Value className="java.lang.String">1</Value>
</Feature>
<Feature>
  <Name className="java.lang.String">category</Name>
  <Value className="java.lang.String">.</Value>
</Feature>
<Feature>
  <Name className="java.lang.String">root</Name>
  <Value className="java.lang.String">.</Value>
</Feature>
<Feature>
  <Name className="java.lang.String">kind</Name>
  <Value className="java.lang.String">punctuation</Value>
</Feature>
<Feature>
  <Name className="java.lang.String">string</Name>
  <Value className="java.lang.String">.</Value>
</Feature>
</Annotation>
<Annotation Id="1690" Type="Token" StartNode="110" EndNode="114">
<Feature>
  <Name className="java.lang.String">length</Name>
  <Value className="java.lang.String">4</Value>
</Feature>
<Feature>
  <Name className="java.lang.String">category</Name>
  <Value className="java.lang.String">NN</Value>
</Feature>
<Feature>
  <Name className="java.lang.String">orth</Name>
  <Value className="java.lang.String">lowercase</Value>
</Feature>
<Feature>
  <Name className="java.lang.String">root</Name>
  <Value className="java.lang.String">http</Value>
</Feature>
<Feature>
  <Name className="java.lang.String">kind</Name>
  <Value className="java.lang.String">word</Value>
</Feature>
<Feature>
  <Name className="java.lang.String">string</Name>
  <Value className="java.lang.String">http</Value>
</Feature>
</Annotation>
<Annotation Id="1691" Type="Token" StartNode="114" EndNode="115">
<Feature>
  <Name className="java.lang.String">length</Name>
  <Value className="java.lang.String">1</Value>
</Feature>
<Feature>
  <Name className="java.lang.String">category</Name>
  <Value className="java.lang.String">:</Value>
</Feature>
<Feature>
  <Name className="java.lang.String">root</Name>
  <Value className="java.lang.String">:</Value>
</Feature>
<Feature>
  <Name className="java.lang.String">kind</Name>
  <Value className="java.lang.String">punctuation</Value>
</Feature>
<Feature>
  <Name className="java.lang.String">string</Name>
  <Value className="java.lang.String">:</Value>
</Feature>
</Annotation>
</AnnotationSet>

<!-- Named annotation set -->

<AnnotationSet Name="Original markups">
<Annotation Id="0" Type="o" StartNode="0" EndNode="785">
</Annotation>
<Annotation Id="1" Type="contributors" StartNode="0" EndNode="0">
<Feature>
  <Name className="java.lang.String">class</Name>
  <Value className="java.lang.String">object</Value>
</Feature>
<Feature>
  <Name className="java.lang.String">isEmptyAndSpan</Name>
  <Value className="java.lang.String">true</Value>
</Feature>
<Feature>
  <Name className="java.lang.String">null</Name>
  <Value className="java.lang.String">true</Value>
</Feature>
</Annotation>
<Annotation Id="2" Type="coordinates" StartNode="0" EndNode="0">
<Feature>
  <Name className="java.lang.String">class</Name>
  <Value className="java.lang.String">object</Value>
</Feature>
<Feature>
  <Name className="java.lang.String">isEmptyAndSpan</Name>
  <Value className="java.lang.String">true</Value>
</Feature>
<Feature>
  <Name className="java.lang.String">null</Name>
  <Value className="java.lang.String">true</Value>
</Feature>
</Annotation>
<Annotation Id="3" Type="created_at" StartNode="0" EndNode="30">
<Feature>
  <Name className="java.lang.String">type</Name>
  <Value className="java.lang.String">string</Value>
</Feature>
</Annotation>
<Annotation Id="4" Type="favorited" StartNode="31" EndNode="36">
<Feature>
  <Name className="java.lang.String">type</Name>
  <Value className="java.lang.String">boolean</Value>
</Feature>
</Annotation>
<Annotation Id="5" Type="geo" StartNode="36" EndNode="36">
<Feature>
  <Name className="java.lang.String">class</Name>
  <Value className="java.lang.String">object</Value>
</Feature>
<Feature>
  <Name className="java.lang.String">isEmptyAndSpan</Name>
  <Value className="java.lang.String">true</Value>
</Feature>
<Feature>
  <Name className="java.lang.String">null</Name>
  <Value className="java.lang.String">true</Value>
</Feature>
</Annotation>
<Annotation Id="6" Type="id" StartNode="37" EndNode="48">
<Feature>
  <Name className="java.lang.String">type</Name>
  <Value className="java.lang.String">number</Value>
</Feature>
</Annotation>
<Annotation Id="7" Type="in_reply_to_screen_name" StartNode="48" EndNode="48">
<Feature>
  <Name className="java.lang.String">class</Name>
  <Value className="java.lang.String">object</Value>
</Feature>
<Feature>
  <Name className="java.lang.String">isEmptyAndSpan</Name>
  <Value className="java.lang.String">true</Value>
</Feature>
<Feature>
  <Name className="java.lang.String">null</Name>
  <Value className="java.lang.String">true</Value>
</Feature>
</Annotation>
<Annotation Id="8" Type="in_reply_to_status_id" StartNode="48" EndNode="48">
<Feature>
  <Name className="java.lang.String">class</Name>
  <Value className="java.lang.String">object</Value>
</Feature>
<Feature>
  <Name className="java.lang.String">isEmptyAndSpan</Name>
  <Value className="java.lang.String">true</Value>
</Feature>
<Feature>
  <Name className="java.lang.String">null</Name>
  <Value className="java.lang.String">true</Value>
</Feature>
</Annotation>
<Annotation Id="9" Type="in_reply_to_user_id" StartNode="48" EndNode="48">
<Feature>
  <Name className="java.lang.String">class</Name>
  <Value className="java.lang.String">object</Value>
</Feature>
<Feature>
  <Name className="java.lang.String">isEmptyAndSpan</Name>
  <Value className="java.lang.String">true</Value>
</Feature>
<Feature>
  <Name className="java.lang.String">null</Name>
  <Value className="java.lang.String">true</Value>
</Feature>
</Annotation>
<Annotation Id="10" Type="place" StartNode="48" EndNode="48">
<Feature>
  <Name className="java.lang.String">class</Name>
  <Value className="java.lang.String">object</Value>
</Feature>
<Feature>
  <Name className="java.lang.String">isEmptyAndSpan</Name>
  <Value className="java.lang.String">true</Value>
</Feature>
<Feature>
  <Name className="java.lang.String">null</Name>
  <Value className="java.lang.String">true</Value>
</Feature>
</Annotation>
<Annotation Id="11" Type="source" StartNode="49" EndNode="110">
<Feature>
  <Name className="java.lang.String">type</Name>
  <Value className="java.lang.String">string</Value>
</Feature>
</Annotation>
<Annotation Id="12" Type="text" StartNode="110" EndNode="233">
<Feature>
  <Name className="java.lang.String">type</Name>
  <Value className="java.lang.String">string</Value>
</Feature>
</Annotation>
<Annotation Id="13" Type="truncated" StartNode="234" EndNode="239">
<Feature>
  <Name className="java.lang.String">type</Name>
  <Value className="java.lang.String">boolean</Value>
</Feature>
</Annotation>
<Annotation Id="14" Type="user" StartNode="240" EndNode="785">
<Feature>
  <Name className="java.lang.String">class</Name>
  <Value className="java.lang.String">object</Value>
</Feature>
</Annotation>
<Annotation Id="15" Type="contributors_enabled" StartNode="240" EndNode="245">
<Feature>
  <Name className="java.lang.String">type</Name>
  <Value className="java.lang.String">boolean</Value>
</Feature>
</Annotation>
<Annotation Id="17" Type="description" StartNode="277" EndNode="426">
<Feature>
  <Name className="java.lang.String">type</Name>
  <Value className="java.lang.String">string</Value>
</Feature>
</Annotation>
<Annotation Id="16" Type="created_at" StartNode="246" EndNode="276">
<Feature>
  <Name className="java.lang.String">type</Name>
  <Value className="java.lang.String">string</Value>
</Feature>
</Annotation>
<Annotation Id="19" Type="followers_count" StartNode="429" EndNode="432">
<Feature>
  <Name className="java.lang.String">type</Name>
  <Value className="java.lang.String">number</Value>
</Feature>
</Annotation>
<Annotation Id="18" Type="favourites_count" StartNode="427" EndNode="428">
<Feature>
  <Name className="java.lang.String">type</Name>
  <Value className="java.lang.String">number</Value>
</Feature>
</Annotation>
<Annotation Id="21" Type="friends_count" StartNode="433" EndNode="436">
<Feature>
  <Name className="java.lang.String">type</Name>
  <Value className="java.lang.String">number</Value>
</Feature>
</Annotation>
<Annotation Id="20" Type="following" StartNode="432" EndNode="432">
<Feature>
  <Name className="java.lang.String">class</Name>
  <Value className="java.lang.String">object</Value>
</Feature>
<Feature>
  <Name className="java.lang.String">isEmptyAndSpan</Name>
  <Value className="java.lang.String">true</Value>
</Feature>
<Feature>
  <Name className="java.lang.String">null</Name>
  <Value className="java.lang.String">true</Value>
</Feature>
</Annotation>
<Annotation Id="23" Type="id" StartNode="443" EndNode="452">
<Feature>
  <Name className="java.lang.String">type</Name>
  <Value className="java.lang.String">number</Value>
</Feature>
</Annotation>
<Annotation Id="22" Type="geo_enabled" StartNode="437" EndNode="442">
<Feature>
  <Name className="java.lang.String">type</Name>
  <Value className="java.lang.String">boolean</Value>
</Feature>
</Annotation>
<Annotation Id="25" Type="location" StartNode="456" EndNode="466">
<Feature>
  <Name className="java.lang.String">type</Name>
  <Value className="java.lang.String">string</Value>
</Feature>
</Annotation>
<Annotation Id="24" Type="lang" StartNode="453" EndNode="455">
<Feature>
  <Name className="java.lang.String">type</Name>
  <Value className="java.lang.String">string</Value>
</Feature>
</Annotation>
<Annotation Id="27" Type="notifications" StartNode="479" EndNode="479">
<Feature>
  <Name className="java.lang.String">class</Name>
  <Value className="java.lang.String">object</Value>
</Feature>
<Feature>
  <Name className="java.lang.String">isEmptyAndSpan</Name>
  <Value className="java.lang.String">true</Value>
</Feature>
<Feature>
  <Name className="java.lang.String">null</Name>
  <Value className="java.lang.String">true</Value>
</Feature>
</Annotation>
<Annotation Id="26" Type="name" StartNode="467" EndNode="479">
<Feature>
  <Name className="java.lang.String">type</Name>
  <Value className="java.lang.String">string</Value>
</Feature>
</Annotation>
<Annotation Id="29" Type="profile_background_image_url" StartNode="487" EndNode="560">
<Feature>
  <Name className="java.lang.String">type</Name>
  <Value className="java.lang.String">string</Value>
</Feature>
</Annotation>
<Annotation Id="28" Type="profile_background_color" StartNode="480" EndNode="486">
<Feature>
  <Name className="java.lang.String">type</Name>
  <Value className="java.lang.String">string</Value>
</Feature>
</Annotation>
<Annotation Id="31" Type="profile_image_url" StartNode="566" EndNode="632">
<Feature>
  <Name className="java.lang.String">type</Name>
  <Value className="java.lang.String">string</Value>
</Feature>
</Annotation>
<Annotation Id="30" Type="profile_background_tile" StartNode="561" EndNode="565">
<Feature>
  <Name className="java.lang.String">type</Name>
  <Value className="java.lang.String">boolean</Value>
</Feature>
</Annotation>
<Annotation Id="34" Type="profile_sidebar_fill_color" StartNode="647" EndNode="653">
<Feature>
  <Name className="java.lang.String">type</Name>
  <Value className="java.lang.String">string</Value>
</Feature>
</Annotation>
<Annotation Id="35" Type="profile_text_color" StartNode="654" EndNode="660">
<Feature>
  <Name className="java.lang.String">type</Name>
  <Value className="java.lang.String">string</Value>
</Feature>
</Annotation>
<Annotation Id="32" Type="profile_link_color" StartNode="633" EndNode="639">
<Feature>
  <Name className="java.lang.String">type</Name>
  <Value className="java.lang.String">string</Value>
</Feature>
</Annotation>
<Annotation Id="33" Type="profile_sidebar_border_color" StartNode="640" EndNode="646">
<Feature>
  <Name className="java.lang.String">type</Name>
  <Value className="java.lang.String">string</Value>
</Feature>
</Annotation>
<Annotation Id="38" Type="statuses_count" StartNode="682" EndNode="686">
<Feature>
  <Name className="java.lang.String">type</Name>
  <Value className="java.lang.String">number</Value>
</Feature>
</Annotation>
<Annotation Id="39" Type="time_zone" StartNode="687" EndNode="693">
<Feature>
  <Name className="java.lang.String">type</Name>
  <Value className="java.lang.String">string</Value>
</Feature>
</Annotation>
<Annotation Id="36" Type="protected" StartNode="661" EndNode="666">
<Feature>
  <Name className="java.lang.String">type</Name>
  <Value className="java.lang.String">boolean</Value>
</Feature>
</Annotation>
<Annotation Id="37" Type="screen_name" StartNode="667" EndNode="681">
<Feature>
  <Name className="java.lang.String">type</Name>
  <Value className="java.lang.String">string</Value>
</Feature>
</Annotation>
<Annotation Id="42" Type="verified" StartNode="780" EndNode="785">
<Feature>
  <Name className="java.lang.String">type</Name>
  <Value className="java.lang.String">boolean</Value>
</Feature>
</Annotation>
<Annotation Id="40" Type="url" StartNode="694" EndNode="777">
<Feature>
  <Name className="java.lang.String">type</Name>
  <Value className="java.lang.String">string</Value>
</Feature>
</Annotation>
<Annotation Id="41" Type="utc_offset" StartNode="778" EndNode="779">
<Feature>
  <Name className="java.lang.String">type</Name>
  <Value className="java.lang.String">number</Value>
</Feature>
</Annotation>
</AnnotationSet>

</GateDocument>
