<?xml version="1.0" encoding="UTF-8"?>
<o><contributors class="object" null="true"/><coordinates class="object" null="true"/><created_at type="string">Thu Mar 25 21:06:47 +0000 2010</created_at><favorited type="boolean">false</favorited><geo class="object" null="true"/><id type="number">11053329685</id><in_reply_to_screen_name class="object" null="true"/><in_reply_to_status_id class="object" null="true"/><in_reply_to_user_id class="object" null="true"/><place class="object" null="true"/><source type="string">&lt;a href="http://www.tweetdeck.com" rel="nofollow"&gt;TweetDeck&lt;/a&gt;</source><text type="string">You couldn't make this up... http://wp.me/pIghu-1m Another Liverpool Labour whoopsie daisy</text><truncated type="boolean">false</truncated><user class="object"><contributors_enabled type="boolean">false</contributors_enabled><created_at type="string">Thu Mar 13 20:34:29 +0000 2008</created_at><description type="string">42yr old gay blogging Scottish Lib Dem Director of Campaigns, big bro, fave son &amp; amazing boyfriend. Chelsea fan, sport &amp; political nut, living in Newhaven, EH6</description><favourites_count type="number">4</favourites_count><followers_count type="number">1210</followers_count><following class="object" null="true"/><friends_count type="number">1399</friends_count><geo_enabled type="boolean">false</geo_enabled><id type="number">14142269</id><lang type="string">en</lang><location type="string">Edinburgh</location><name type="string">Andrew Reeves</name><notifications class="object" null="true"/><profile_background_color type="string">FFF04D</profile_background_color><profile_background_image_url type="string">http://a1.twimg.com/profile_background_images/72771784/twilk_background.jpg</profile_background_image_url><profile_background_tile type="boolean">true</profile_background_tile><profile_image_url type="string">http://a1.twimg.com/profile_images/583315338/andrew_1_.reeves2_normal.JPG</profile_image_url><profile_link_color type="string">0099CC</profile_link_color><profile_sidebar_border_color type="string">fff8ad</profile_sidebar_border_color><profile_sidebar_fill_color type="string">f6ffd1</profile_sidebar_fill_color><profile_text_color type="string">333333</profile_text_color><protected type="boolean">false</protected><screen_name type="string">andyreeves</screen_name><statuses_count type="number">6058</statuses_count><time_zone type="string">Edinburgh</time_zone><url type="string">http://andrewrunning.blogspot.com</url><utc_offset type="number">0</utc_offset><verified type="boolean">false</verified></user></o>
