<?xml version="1.0" encoding="UTF-8"?>
<o><contributors class="object" null="true"/><coordinates class="object" null="true"/><created_at type="string">Thu Mar 25 21:27:19 +0000 2010</created_at><favorited type="boolean">false</favorited><geo class="object" null="true"/><id type="number">11054154725</id><in_reply_to_screen_name class="object" null="true"/><in_reply_to_status_id class="object" null="true"/><in_reply_to_user_id class="object" null="true"/><place class="object" null="true"/><source type="string">&lt;a href="http://www.hootsuite.com" rel="nofollow"&gt;HootSuite&lt;/a&gt;</source><text type="string">Gerry Brownlee&amp;#39;s date scone recipe « The Standard - The New Zealand labour movement used to have its own newspa... http://ow.ly/16TfAw</text><truncated type="boolean">false</truncated><user class="object"><contributors_enabled type="boolean">false</contributors_enabled><created_at type="string">Tue May 05 17:54:41 +0000 2009</created_at><description type="string">A recipe share site and local food blog</description><favourites_count type="number">0</favourites_count><followers_count type="number">161</followers_count><following class="object" null="true"/><friends_count type="number">57</friends_count><geo_enabled type="boolean">false</geo_enabled><id type="number">37977434</id><lang type="string">en</lang><location type="string">Seattle</location><name type="string">FoodNW</name><notifications class="object" null="true"/><profile_background_color type="string">ff6600</profile_background_color><profile_background_image_url type="string">http://a3.twimg.com/profile_background_images/50456071/foodnw_background.png</profile_background_image_url><profile_background_tile type="boolean">true</profile_background_tile><profile_image_url type="string">http://a3.twimg.com/profile_images/198876617/tomato_foodnw_normal.jpg</profile_image_url><profile_link_color type="string">ff6600</profile_link_color><profile_sidebar_border_color type="string">262626</profile_sidebar_border_color><profile_sidebar_fill_color type="string">ffffff</profile_sidebar_fill_color><profile_text_color type="string">006600</profile_text_color><protected type="boolean">false</protected><screen_name type="string">foodNW</screen_name><statuses_count type="number">710</statuses_count><time_zone type="string">Pacific Time (US &amp; Canada)</time_zone><url type="string">http://www.foodnw.com</url><utc_offset type="number">-28800</utc_offset><verified type="boolean">false</verified></user></o>
