<?xml version="1.0" encoding="UTF-8"?>
<o><contributors class="object" null="true"/><coordinates class="object" null="true"/><created_at type="string">Thu Mar 25 21:29:40 +0000 2010</created_at><favorited type="boolean">false</favorited><geo class="object" null="true"/><id type="number">11054248532</id><in_reply_to_screen_name class="object" null="true"/><in_reply_to_status_id class="object" null="true"/><in_reply_to_user_id class="object" null="true"/><place class="object" null="true"/><source type="string">&lt;a href="http://twitterfeed.com" rel="nofollow"&gt;twitterfeed&lt;/a&gt;</source><text type="string">WFP Liberals want probe into grant to firm with Tory MP on board: OTTAWA - A Tory MP who's chairman of a Calgary f... http://bit.ly/cztdH4</text><truncated type="boolean">false</truncated><user class="object"><contributors_enabled type="boolean">false</contributors_enabled><created_at type="string">Mon May 26 15:11:11 +0000 2008</created_at><description type="string">Reporter at Winnipeg Free Press. (I tell you, we're here on Earth to fart around, and don't let anybody tell you different. - Kurt Vonnegut)</description><favourites_count type="number">10</favourites_count><followers_count type="number">1165</followers_count><following class="object" null="true"/><friends_count type="number">1235</friends_count><geo_enabled type="boolean">false</geo_enabled><id type="number">14909903</id><lang type="string">en</lang><location type="string">Winnipeg</location><name type="string">Bruce Owen</name><notifications class="object" null="true"/><profile_background_color type="string">B2DFDA</profile_background_color><profile_background_image_url type="string">http://a1.twimg.com/profile_background_images/64031558/Leg26.jpg</profile_background_image_url><profile_background_tile type="boolean">true</profile_background_tile><profile_image_url type="string">http://a1.twimg.com/profile_images/511009230/takekid3_normal.jpeg</profile_image_url><profile_link_color type="string">ed3939</profile_link_color><profile_sidebar_border_color type="string">eeeeee</profile_sidebar_border_color><profile_sidebar_fill_color type="string">ffffff</profile_sidebar_fill_color><profile_text_color type="string">333333</profile_text_color><protected type="boolean">false</protected><screen_name type="string">fpbowen</screen_name><statuses_count type="number">17468</statuses_count><time_zone type="string">Central Time (US &amp; Canada)</time_zone><url type="string">http://www.winnipegfreepress.com/</url><utc_offset type="number">-21600</utc_offset><verified type="boolean">false</verified></user></o>
