<?xml version="1.0" encoding="UTF-8"?>
<o><contributors class="object" null="true"/><coordinates class="object" null="true"/><created_at type="string">Thu Mar 25 20:16:07 +0000 2010</created_at><favorited type="boolean">false</favorited><geo class="object" null="true"/><id type="number">11051324160</id><in_reply_to_screen_name class="object" null="true"/><in_reply_to_status_id class="object" null="true"/><in_reply_to_user_id class="object" null="true"/><place class="object" null="true"/><source type="string">web</source><text type="string">Very funny just now - PA wire testing system ahead of GE and ran spoof story saying Labour took N Cornwall from LDs. I did laugh.</text><truncated type="boolean">false</truncated><user class="object"><contributors_enabled type="boolean">false</contributors_enabled><created_at type="string">Thu Jan 01 16:31:38 +0000 2009</created_at><description type="string">Journalist for the Western Morning News (@WMN) and writer of the Foodies South West (@foodiesSW) blog.</description><favourites_count type="number">0</favourites_count><followers_count type="number">291</followers_count><following class="object" null="true"/><friends_count type="number">340</friends_count><geo_enabled type="boolean">false</geo_enabled><id type="number">18530449</id><lang type="string">en</lang><location type="string">Devon</location><name type="string">David Wilcock</name><notifications class="object" null="true"/><profile_background_color type="string">9AE4E8</profile_background_color><profile_background_image_url type="string">http://a1.twimg.com/profile_background_images/28931936/013.JPG</profile_background_image_url><profile_background_tile type="boolean">true</profile_background_tile><profile_image_url type="string">http://a1.twimg.com/profile_images/656458990/390_normal.JPG</profile_image_url><profile_link_color type="string">0084B4</profile_link_color><profile_sidebar_border_color type="string">BDDCAD</profile_sidebar_border_color><profile_sidebar_fill_color type="string">DDFFCC</profile_sidebar_fill_color><profile_text_color type="string">333333</profile_text_color><protected type="boolean">false</protected><screen_name type="string">davidwilcock</screen_name><statuses_count type="number">2277</statuses_count><time_zone type="string">London</time_zone><url type="string">http://foodiessouthwest.wordpress.com/</url><utc_offset type="number">0</utc_offset><verified type="boolean">false</verified></user></o>
