<?xml version="1.0" encoding="UTF-8"?>
<o><contributors class="object" null="true"/><coordinates class="object" null="true"/><created_at type="string">Thu Mar 25 21:17:37 +0000 2010</created_at><favorited type="boolean">false</favorited><geo class="object" null="true"/><id type="number">11053760265</id><in_reply_to_screen_name class="object" null="true"/><in_reply_to_status_id class="object" null="true"/><in_reply_to_user_id class="object" null="true"/><place class="object" null="true"/><source type="string">web</source><text type="string">RT @chris_aka_wally    Having some good old tory times with @elainebamford, Kevin and Dave :D &amp;lt; loved it! xx</text><truncated type="boolean">false</truncated><user class="object"><contributors_enabled type="boolean">false</contributors_enabled><created_at type="string">Thu Feb 26 18:06:02 +0000 2009</created_at><description type="string">Can be found campaigning, in the library or with tea. If you don't care for tea, you could at least make polite conversation</description><favourites_count type="number">4</favourites_count><followers_count type="number">175</followers_count><following class="object" null="true"/><friends_count type="number">79</friends_count><geo_enabled type="boolean">false</geo_enabled><id type="number">22039519</id><lang type="string">en</lang><location type="string">North West &amp; North East.</location><name type="string">Elaine Bamford</name><notifications class="object" null="true"/><profile_background_color type="string">EDECE9</profile_background_color><profile_background_image_url type="string">http://a3.twimg.com/profile_background_images/19099569/a2.bmp</profile_background_image_url><profile_background_tile type="boolean">false</profile_background_tile><profile_image_url type="string">http://a1.twimg.com/profile_images/761129008/11541_613573673518_223708118_8829486_7386771_n_normal.jpg</profile_image_url><profile_link_color type="string">419677</profile_link_color><profile_sidebar_border_color type="string">D3D2CF</profile_sidebar_border_color><profile_sidebar_fill_color type="string">E3E2DE</profile_sidebar_fill_color><profile_text_color type="string">bf6449</profile_text_color><protected type="boolean">false</protected><screen_name type="string">ElaineBamford</screen_name><statuses_count type="number">969</statuses_count><time_zone type="string">London</time_zone><url class="object" null="true"/><utc_offset type="number">0</utc_offset><verified type="boolean">false</verified></user></o>
