<?xml version="1.0" encoding="UTF-8"?>
<o><contributors class="object" null="true"/><coordinates class="object" null="true"/><created_at type="string">Thu Mar 25 20:15:32 +0000 2010</created_at><favorited type="boolean">false</favorited><geo class="object" null="true"/><id type="number">11051301527</id><in_reply_to_screen_name type="string">kiaCbaby</in_reply_to_screen_name><in_reply_to_status_id type="number">11039181456</in_reply_to_status_id><in_reply_to_user_id type="number">25515683</in_reply_to_user_id><place class="object" null="true"/><source type="string">web</source><text type="string">@kiaCbaby I am working at Tory's pre - school. I substitute there sometimes 2 - 4 days a week.</text><truncated type="boolean">false</truncated><user class="object"><contributors_enabled type="boolean">false</contributors_enabled><created_at type="string">Thu Apr 02 00:39:21 +0000 2009</created_at><description type="string"> I am 30 yrs old. I am enjoying life and love it. I come from a musical background. </description><favourites_count type="number">103</favourites_count><followers_count type="number">649</followers_count><following class="object" null="true"/><friends_count type="number">1101</friends_count><geo_enabled type="boolean">false</geo_enabled><id type="number">28238934</id><lang type="string">en</lang><location type="string">New Paltz,NY</location><name type="string"> Lyric  E. Randolph</name><notifications class="object" null="true"/><profile_background_color type="string">131516</profile_background_color><profile_background_image_url type="string">http://s.twimg.com/a/1269020849/images/themes/theme14/bg.gif</profile_background_image_url><profile_background_tile type="boolean">true</profile_background_tile><profile_image_url type="string">http://a1.twimg.com/profile_images/651192836/Lyric1580_normal.JPG</profile_image_url><profile_link_color type="string">009999</profile_link_color><profile_sidebar_border_color type="string">eeeeee</profile_sidebar_border_color><profile_sidebar_fill_color type="string">0c0a0d</profile_sidebar_fill_color><profile_text_color type="string">870fff</profile_text_color><protected type="boolean">false</protected><screen_name type="string">FabulousLyric1</screen_name><statuses_count type="number">6537</statuses_count><time_zone type="string">Central Time (US &amp; Canada)</time_zone><url type="string">http://www.myspace.com/lyricelizabeth480</url><utc_offset type="number">-21600</utc_offset><verified type="boolean">false</verified></user></o>
