<?xml version="1.0" encoding="UTF-8"?>
<o><contributors class="object" null="true"/><coordinates class="object" null="true"/><created_at type="string">Thu Mar 25 21:27:07 +0000 2010</created_at><favorited type="boolean">false</favorited><geo class="object" null="true"/><id type="number">11054146367</id><in_reply_to_screen_name class="object" null="true"/><in_reply_to_status_id class="object" null="true"/><in_reply_to_user_id class="object" null="true"/><place class="object" null="true"/><source type="string">web</source><text type="string">dear keith vaz MP i will not be voting for you ,matey labour mp</text><truncated type="boolean">false</truncated><user class="object"><contributors_enabled type="boolean">false</contributors_enabled><created_at type="string">Mon Mar 15 10:17:28 +0000 2010</created_at><description type="string">THE ONE AND ONLY MOGGY, RADIO ANORAK AND CAKE EATER</description><favourites_count type="number">0</favourites_count><followers_count type="number">45</followers_count><following class="object" null="true"/><friends_count type="number">93</friends_count><geo_enabled type="boolean">false</geo_enabled><id type="number">123207341</id><lang type="string">en</lang><location type="string">LEICESTER  UK</location><name type="string">ANDY MORRIS</name><notifications class="object" null="true"/><profile_background_color type="string">9ae4e8</profile_background_color><profile_background_image_url type="string">http://s.twimg.com/a/1269387398/images/themes/theme1/bg.png</profile_background_image_url><profile_background_tile type="boolean">false</profile_background_tile><profile_image_url type="string">http://a1.twimg.com/profile_images/760072768/Picture_313_normal.jpg</profile_image_url><profile_link_color type="string">0000ff</profile_link_color><profile_sidebar_border_color type="string">87bc44</profile_sidebar_border_color><profile_sidebar_fill_color type="string">e0ff92</profile_sidebar_fill_color><profile_text_color type="string">000000</profile_text_color><protected type="boolean">false</protected><screen_name type="string">M_O_GGY</screen_name><statuses_count type="number">912</statuses_count><time_zone class="object" null="true"/><url type="string">http://www.myspace.com/andy.morris</url><utc_offset class="object" null="true"/><verified type="boolean">false</verified></user></o>
