<?xml version="1.0" encoding="UTF-8"?>
<o><contributors class="object" null="true"/><coordinates class="object" null="true"/><created_at type="string">Thu Mar 25 20:36:17 +0000 2010</created_at><favorited type="boolean">false</favorited><geo class="object" null="true"/><id type="number">11052129406</id><in_reply_to_screen_name type="string">sereneclaire</in_reply_to_screen_name><in_reply_to_status_id type="number">11049940078</in_reply_to_status_id><in_reply_to_user_id type="number">21743157</in_reply_to_user_id><place class="object" null="true"/><source type="string">web</source><text type="string">@sereneclaire thanks - things are about as dire as i hope they ever get.  have no idea how i will survive labour on so little sleep. x</text><truncated type="boolean">false</truncated><user class="object"><contributors_enabled type="boolean">false</contributors_enabled><created_at type="string">Sun Dec 28 21:05:00 +0000 2008</created_at><description type="string">singer, mother, wife, ex-lawyer</description><favourites_count type="number">0</favourites_count><followers_count type="number">35</followers_count><following class="object" null="true"/><friends_count type="number">31</friends_count><geo_enabled type="boolean">false</geo_enabled><id type="number">18434235</id><lang type="string">en</lang><location type="string">iPhone: 55.861340,-4.261945</location><name type="string">emma harper</name><notifications class="object" null="true"/><profile_background_color type="string">BADFCD</profile_background_color><profile_background_image_url type="string">http://s.twimg.com/a/1268354287/images/themes/theme1/bg.png</profile_background_image_url><profile_background_tile type="boolean">true</profile_background_tile><profile_image_url type="string">http://a3.twimg.com/profile_images/288406331/elh_biogpic_normal.JPG</profile_image_url><profile_link_color type="string">FF0000</profile_link_color><profile_sidebar_border_color type="string">F2E195</profile_sidebar_border_color><profile_sidebar_fill_color type="string">FFF7CC</profile_sidebar_fill_color><profile_text_color type="string">0C3E53</profile_text_color><protected type="boolean">false</protected><screen_name type="string">emmaharper</screen_name><statuses_count type="number">683</statuses_count><time_zone type="string">Edinburgh</time_zone><url class="object" null="true"/><utc_offset type="number">0</utc_offset><verified type="boolean">false</verified></user></o>
