<?xml version="1.0" encoding="UTF-8"?>
<o><contributors class="object" null="true"/><coordinates class="object" null="true"/><created_at type="string">Thu Mar 25 20:35:41 +0000 2010</created_at><favorited type="boolean">false</favorited><geo class="object" null="true"/><id type="number">11052105435</id><in_reply_to_screen_name class="object" null="true"/><in_reply_to_status_id class="object" null="true"/><in_reply_to_user_id class="object" null="true"/><place class="object" null="true"/><source type="string">&lt;a href="http://rss2twitter.com/" rel="nofollow"&gt;RSS2Twitter&lt;/a&gt;</source><text type="string">#kynd Tory Burch Debuts a Grateful Dead Homage - New York Magazine http://url4.eu/1zsEq</text><truncated type="boolean">false</truncated><user class="object"><contributors_enabled type="boolean">false</contributors_enabled><created_at type="string">Wed Jan 06 19:17:33 +0000 2010</created_at><description type="string">News source of record for GOLDMAN MILL,  the Virtual Town of Peace</description><favourites_count type="number">0</favourites_count><followers_count type="number">355</followers_count><following class="object" null="true"/><friends_count type="number">18</friends_count><geo_enabled type="boolean">false</geo_enabled><id type="number">102454279</id><lang type="string">en</lang><location type="string">Goldman Mill</location><name type="string">Mill Messenger</name><notifications class="object" null="true"/><profile_background_color type="string">DBE9ED</profile_background_color><profile_background_image_url type="string">http://s.twimg.com/a/1269281712/images/themes/theme17/bg.gif</profile_background_image_url><profile_background_tile type="boolean">false</profile_background_tile><profile_image_url type="string">http://a1.twimg.com/profile_images/614342726/goldman_mill_logo_normal.png</profile_image_url><profile_link_color type="string">CC3366</profile_link_color><profile_sidebar_border_color type="string">DBE9ED</profile_sidebar_border_color><profile_sidebar_fill_color type="string">E6F6F9</profile_sidebar_fill_color><profile_text_color type="string">333333</profile_text_color><protected type="boolean">false</protected><screen_name type="string">MillMsgr</screen_name><statuses_count type="number">8498</statuses_count><time_zone type="string">Eastern Time (US &amp; Canada)</time_zone><url type="string">http://goldmanmill.wordpress.com</url><utc_offset type="number">-18000</utc_offset><verified type="boolean">false</verified></user></o>
