<?xml version="1.0" encoding="UTF-8"?>
<o><contributors class="object" null="true"/><coordinates class="object" null="true"/><created_at type="string">Thu Mar 25 20:03:56 +0000 2010</created_at><favorited type="boolean">false</favorited><geo class="object" null="true"/><id type="number">11050850463</id><in_reply_to_screen_name class="object" null="true"/><in_reply_to_status_id class="object" null="true"/><in_reply_to_user_id class="object" null="true"/><place class="object" null="true"/><source type="string">web</source><text type="string">Nice event with Conservative frontbenchers following a nice evening night before with Labour frontbenchers. How's that for political balance</text><truncated type="boolean">false</truncated><user class="object"><contributors_enabled type="boolean">false</contributors_enabled><created_at type="string">Sun Dec 20 08:31:09 +0000 2009</created_at><description type="string"/><favourites_count type="number">0</favourites_count><followers_count type="number">10</followers_count><following class="object" null="true"/><friends_count type="number">49</friends_count><geo_enabled type="boolean">false</geo_enabled><id type="number">98083290</id><lang type="string">en</lang><location type="string"/><name type="string">Alex Goldberg</name><notifications class="object" null="true"/><profile_background_color type="string">9ae4e8</profile_background_color><profile_background_image_url type="string">http://s.twimg.com/a/1268437273/images/themes/theme1/bg.png</profile_background_image_url><profile_background_tile type="boolean">false</profile_background_tile><profile_image_url type="string">http://a3.twimg.com/profile_images/751072235/Photo_270_normal.jpg</profile_image_url><profile_link_color type="string">0000ff</profile_link_color><profile_sidebar_border_color type="string">87bc44</profile_sidebar_border_color><profile_sidebar_fill_color type="string">e0ff92</profile_sidebar_fill_color><profile_text_color type="string">000000</profile_text_color><protected type="boolean">false</protected><screen_name type="string">alexgoldberg_eu</screen_name><statuses_count type="number">16</statuses_count><time_zone class="object" null="true"/><url type="string">http://www.alexgoldberg.eu</url><utc_offset class="object" null="true"/><verified type="boolean">false</verified></user></o>
