<?xml version="1.0" encoding="UTF-8"?>
<o><contributors class="object" null="true"/><coordinates class="object" null="true"/><created_at type="string">Thu Mar 25 21:14:24 +0000 2010</created_at><favorited type="boolean">false</favorited><geo class="object" null="true"/><id type="number">11053630984</id><in_reply_to_screen_name class="object" null="true"/><in_reply_to_status_id class="object" null="true"/><in_reply_to_user_id class="object" null="true"/><place class="object" null="true"/><retweeted_status class="object"><contributors class="object" null="true"/><coordinates class="object" null="true"/><created_at type="string">Thu Mar 25 19:33:49 +0000 2010</created_at><favorited type="boolean">false</favorited><geo class="object" null="true"/><id type="number">11049690103</id><in_reply_to_screen_name class="object" null="true"/><in_reply_to_status_id class="object" null="true"/><in_reply_to_user_id class="object" null="true"/><place class="object" null="true"/><source type="string">&lt;a href="http://twitter.digsby.com/" rel="nofollow"&gt;Digsby&lt;/a&gt;</source><text type="string">Digital Bill going to be pushed through into parliament despite anger from people.Thanks Labour&amp;Tories.Nice. http://digs.by/1nDT</text><truncated type="boolean">false</truncated><user class="object"><contributors_enabled type="boolean">false</contributors_enabled><created_at type="string">Thu Feb 19 22:45:12 +0000 2009</created_at><description type="string">Liberal individual who is creating, distributing and debating creative and political delights for those who care..</description><favourites_count type="number">21</favourites_count><followers_count type="number">311</followers_count><following class="object" null="true"/><friends_count type="number">387</friends_count><geo_enabled type="boolean">false</geo_enabled><id type="number">21348516</id><lang type="string">en</lang><location type="string">South East, U K</location><name type="string">irene rukerebuka </name><notifications class="object" null="true"/><profile_background_color type="string">9AE4E8</profile_background_color><profile_background_image_url type="string">http://a1.twimg.com/profile_background_images/75992566/Hubnovation_Website.jpg</profile_background_image_url><profile_background_tile type="boolean">true</profile_background_tile><profile_image_url type="string">http://a3.twimg.com/profile_images/637472095/GodsComputer_normal.jpg</profile_image_url><profile_link_color type="string">0084B4</profile_link_color><profile_sidebar_border_color type="string">BDDCAD</profile_sidebar_border_color><profile_sidebar_fill_color type="string">DDFFCC</profile_sidebar_fill_color><profile_text_color type="string">333333</profile_text_color><protected type="boolean">false</protected><screen_name type="string">rantersparadise</screen_name><statuses_count type="number">1880</statuses_count><time_zone type="string">London</time_zone><url type="string">http://www.hubnovation.org.uk</url><utc_offset type="number">0</utc_offset><verified type="boolean">false</verified></user></retweeted_status><source type="string">web</source><text type="string">RT @rantersparadise: Digital Bill going to be pushed through into parliament despite anger from people.Thanks Labour&amp;Tories.Nice. http:/ ...</text><truncated type="boolean">true</truncated><user class="object"><contributors_enabled type="boolean">false</contributors_enabled><created_at type="string">Sat Jul 25 23:30:00 +0000 2009</created_at><description type="string">Computing and Electronics with a dash of Local Government</description><favourites_count type="number">0</favourites_count><followers_count type="number">22</followers_count><following class="object" null="true"/><friends_count type="number">38</friends_count><geo_enabled type="boolean">false</geo_enabled><id type="number">60177086</id><lang type="string">en</lang><location type="string">Wolverhampton / Shrewsbury, UK</location><name type="string">Chris Ellis</name><notifications class="object" null="true"/><profile_background_color type="string">EDECE9</profile_background_color><profile_background_image_url type="string">http://s.twimg.com/a/1269387398/images/themes/theme4/bg.gif</profile_background_image_url><profile_background_tile type="boolean">false</profile_background_tile><profile_image_url type="string">http://a3.twimg.com/profile_images/346445799/user_normal.png</profile_image_url><profile_link_color type="string">d9980d</profile_link_color><profile_sidebar_border_color type="string">D3D2CF</profile_sidebar_border_color><profile_sidebar_fill_color type="string">E3E2DE</profile_sidebar_fill_color><profile_text_color type="string">1592eb</profile_text_color><protected type="boolean">false</protected><screen_name type="string">intrbiz</screen_name><statuses_count type="number">346</statuses_count><time_zone type="string">London</time_zone><url class="object" null="true"/><utc_offset type="number">0</utc_offset><verified type="boolean">false</verified></user></o>
